search_keyword,product_id,title,price,status_code,status,location,registered_at,product_url
쿠쿠 밥솥,231852820,쿠쿠 트윈프레셔 6인용 IH 밥솥 LHTR0610FGWM,90000,0,판매중,신암1동,2026-08-27 13:58:34,https://web.joongna.com/product/231852820
쿠쿠 밥솥,231622438,10인용 전기압력밥솥 쿠쿠CRP-R1015FBB,160000,0,판매중,,2026-08-27 13:37:12,https://web.joongna.com/product/231622438
쿠쿠 밥솥,231902968,쿠쿠 미니 에그밥솥 (상태좋음),50000,0,판매중,용호제1동,2026-08-27 13:25:19,https://web.joongna.com/product/231902968
쿠쿠 밥솥,231169887,쿠쿠 IH 압력밥솥 BHXB0660FB,0,0,판매중,신림동,2026-08-27 12:45:13,https://web.joongna.com/product/231169887
쿠쿠 밥솥,230668091,쿠쿠 압력밥솥 ccp-10 패킹 새제품 고무패킹,10000,0,판매중,화정1동,2026-08-27 11:45:13,https://web.joongna.com/product/230668091
쿠쿠 밥솥,231683476,쿠쿠 스마트 IH 전기압력밥솥 CRP-CHS108FD,85000,0,판매중,달안동,2026-08-27 11:28:26,https://web.joongna.com/product/231683476
쿠쿠 밥솥,230865560,<새 상품> 쿠쿠 정품 밥솥,275000,0,판매중,남산면,2026-08-27 10:21:45,https://web.joongna.com/product/230865560
쿠쿠 밥솥,230568207,쿠쿠 전기밥솥 6인용,125000,0,판매중,송도1동,2026-08-27 10:08:38,https://web.joongna.com/product/230568207
쿠쿠 밥솥,231896918,쿠쿠 10인용 압력밥솥,70000,0,판매중,상계1동,2026-08-27 09:37:47,https://web.joongna.com/product/231896918
쿠쿠 밥솥,231561014,쿠쿠 미니 에그밥솥(상태좋음),50000,0,판매중,용호제1동,2026-08-27 09:44:30,https://web.joongna.com/product/231561014
쿠쿠 밥솥,231808054,르젠멀티압력쿠커LZMPC-6300+사은품 스톤웨어내열냄비2개/주방가구가전소품인테리어 밥솥 쿠쿠 리첸 아이폰 삼성엘지,79900,0,판매중,상암동,2026-08-27 09:23:45,https://web.joongna.com/product/231808054
쿠쿠 밥솥,231895670,쿠쿠 10인용 압력밥솥 트윈프레셔 CRP-ST1010FW,30000,0,판매중,안성3동,2026-08-27 08:26:15,https://web.joongna.com/product/231895670
쿠쿠 밥솥,231895405,쿠쿠 6인용 압력밥솥 CRP-N068FR,20000,0,판매중,안성3동,2026-08-27 08:04:12,https://web.joongna.com/product/231895405
쿠쿠 밥솥,231398478,쿠쿠10인용 압력밥솥,39900,0,판매중,호평동,2026-08-27 07:08:57,https://web.joongna.com/product/231398478
쿠쿠 밥솥,231740565,쿠쿠 6인용 압력밥솥,90000,0,판매중,,2026-08-27 07:32:43,https://web.joongna.com/product/231740565
쿠쿠 밥솥,231881436,쿠쿠10인용 압력밥솥,49900,0,판매중,호평동,2026-08-27 07:08:20,https://web.joongna.com/product/231881436
쿠쿠 밥솥,231894420,쿠쿠 압력밥솥 6인용,4321,0,판매중,역삼1동,2026-08-27 04:48:41,https://web.joongna.com/product/231894420
쿠쿠 밥솥,231632764,쿠쿠 트윈프레셔 마스타쉐프 6인밥솥 LHTR0610FW,140000,0,판매중,,2026-08-27 01:33:57,https://web.joongna.com/product/231632764
쿠쿠 밥솥,231548352,쿠쿠 10인용 2기압 압력밥솥 FHR1010FG,90000,0,판매중,,2026-08-27 01:30:42,https://web.joongna.com/product/231548352
쿠쿠 밥솥,231883261,쿠쿠 10인용 IH압력밥솥 트윈프레셔 CRP-JHT1010FS,40000,1,예약중,안성3동,2026-08-26 18:43:45,https://web.joongna.com/product/231883261
쿠쿠 밥솥,231883038,쿠쿠 10인용 IH압력밥솥 CRP-HWXB108FR,25000,0,판매중,안성3동,2026-08-26 18:36:29,https://web.joongna.com/product/231883038
쿠쿠 밥솥,231882535,쿠쿠 10인용 압력밥솥 트윈프레셔 CRP-ST1010FW,30000,0,판매중,안성3동,2026-08-26 18:20:04,https://web.joongna.com/product/231882535
쿠쿠 밥솥,231880795,[전기압력밥솥] 쿠쿠 6인용 IH압력밥솥 CRP-DHB0660FDM 판매합니다.,150000,0,판매중,등촌제1동,2026-08-26 17:26:36,https://web.joongna.com/product/231880795
쿠쿠 밥솥,231880064,쿠쿠 2인용 마시멜로 밥솥 퓨어 핑크 CR-0215MP,35000,0,판매중,,2026-08-26 17:02:57,https://web.joongna.com/product/231880064
쿠쿠 밥솥,231879529,쿠쿠전기압력밥솥 10인용,80000,0,판매중,서초1동,2026-08-26 16:46:16,https://web.joongna.com/product/231879529
쿠쿠 밥솥,231529045,쿠쿠10인용 압력밥솥,59000,0,판매중,호평동,2026-08-26 15:41:11,https://web.joongna.com/product/231529045
쿠쿠 밥솥,231785463,쿠쿠6인용 압력밥솥 내솥,65000,0,판매중,호평동,2026-08-26 15:37:35,https://web.joongna.com/product/231785463
쿠쿠 밥솥,231877148,쿠쿠 전기밥솥 6인용,50000,1,예약중,부평5동,2026-08-26 15:31:12,https://web.joongna.com/product/231877148
쿠쿠 밥솥,231875136,쿠쿠 6인용 압력밥솥 CRP-N0680SSM,25000,3,판매완료,방화제1동,2026-08-26 14:20:53,https://web.joongna.com/product/231875136
쿠쿠 밥솥,231026107,쿠쿠 핑크 미니밥솥 1~2인용,42000,0,판매중,용호제1동,2026-08-26 11:43:18,https://web.joongna.com/product/231026107
쿠쿠 밥솥,225511159,쿠쿠 CRP-FA0661SP 6인용 전기압력밥솥,35000,0,판매중,,2026-08-26 10:54:03,https://web.joongna.com/product/225511159
쿠쿠 밥솥,231867033,밥솥부품(내솥)쿠쿠? 쿠첸? (5000원),5000,0,판매중,내당4동,2026-08-26 09:31:06,https://web.joongna.com/product/231867033
쿠쿠 밥솥,231281883,쿠쿠10인용 압력밥솥,39900,0,판매중,호평동,2026-08-26 08:37:14,https://web.joongna.com/product/231281883
쿠쿠 밥솥,231823591,쿠쿠6인용 전기밥솥,19000,0,판매중,호평동,2026-08-26 08:35:26,https://web.joongna.com/product/231823591
쿠쿠 밥솥,231785366,쿠쿠 IH 6인용 압력밥솥,99000,0,판매중,호평동,2026-08-26 07:23:19,https://web.joongna.com/product/231785366
쿠쿠 밥솥,231711226,쿠쿠 6인용 압력밥솥 CRP-N068FR,20000,0,판매중,안성3동,2026-08-26 07:53:38,https://web.joongna.com/product/231711226
쿠쿠 밥솥,231865464,쿠쿠 10인용 압력밥솥,70000,0,판매중,상계1동,2026-08-26 07:50:51,https://web.joongna.com/product/231865464
쿠쿠 밥솥,231845456,쿠쿠 IH압력밥솥 3~4인용,55000,0,판매중,용호제1동,2026-08-26 07:39:56,https://web.joongna.com/product/231845456
쿠쿠 밥솥,231846901,쿠쿠 10인용 내솥 무쇠가마 밥솥 내솥 A급,45000,0,판매중,,2026-08-26 01:14:29,https://web.joongna.com/product/231846901
쿠쿠 밥솥,230410942,쿠쿠 에코미니 3인용 IH밥솥 EHS0320FS,130000,0,판매중,,2026-08-25 21:40:42,https://web.joongna.com/product/230410942
쿠쿠 밥솥,231496272,쿠쿠 에코미니 3인용 밥솥 EHS0320FS,150000,0,판매중,,2026-08-25 21:41:44,https://web.joongna.com/product/231496272
쿠쿠 밥솥,231716420,쿠쿠 6인용 풀메탈 에코 밥솥 BHXB0660FB,130000,0,판매중,,2026-08-25 21:39:30,https://web.joongna.com/product/231716420
쿠쿠 밥솥,231602626,쿠쿠 트윈프레셔 10인용밥솥 KHTS1060FD,150000,0,판매중,,2026-08-25 21:39:12,https://web.joongna.com/product/231602626
쿠쿠 밥솥,231858123,쿠쿠 10인용 IH 압력밥솥 CRP-PW1085FD 판매합니다,70000,0,판매중,상도제1동,2026-08-25 21:27:59,https://web.joongna.com/product/231858123
쿠쿠 밥솥,231458341,(미사용) 쿠쿠 마스터셰프 사일런스 10인용 밥솥 화이트,350000,0,판매중,장호원읍,2026-08-25 20:52:49,https://web.joongna.com/product/231458341
쿠쿠 밥솥,229857311,(미사용) 쿠쿠 10인용 전기압력밥솥,250000,0,판매중,장호원읍,2026-08-25 20:53:04,https://web.joongna.com/product/229857311
쿠쿠 밥솥,230807868,쿠쿠 6인용 IH 압력밥솥 DHB0660FDM,88000,0,판매중,,2026-08-25 19:35:46,https://web.joongna.com/product/230807868
쿠쿠 밥솥,231850461,쿠쿠 10인용 압력밥솥 팝니다.(음성안내.내솥깨끗),80000,0,판매중,식사동,2026-08-25 17:13:42,https://web.joongna.com/product/231850461
쿠쿠 밥솥,231846034,쿠쿠 10인용 IH압력밥솥 CRP-HWXB108FR,25000,0,판매중,안성3동,2026-08-25 14:50:48,https://web.joongna.com/product/231846034
쿠쿠 밥솥,231845723,쿠쿠 스마트 IH 압력밥솥 6인용 CRP-FHS0610FD,60000,1,예약중,마산동,2026-08-25 14:41:30,https://web.joongna.com/product/231845723
쿠쿠 밥솥,231845627,쿠쿠 스마트 IH 압력밥솥 6인용 CRP-FHS0610FD,60000,1,예약중,마산동,2026-08-25 14:38:35,https://web.joongna.com/product/231845627
쿠쿠 밥솥,229925219,"미니 밥솥 루베크 RU-RC101W, 쿠쿠 CR-0255MW, 대웅모닝컴 DWM-C01M, 에브리빙 전기 그릴",70000,0,판매중,,2026-08-25 14:32:47,https://web.joongna.com/product/229925219
쿠쿠 밥솥,231725294,쿠쿠 IH압력밥솥 3~4인용,57000,0,판매중,,2026-08-25 08:35:50,https://web.joongna.com/product/231725294
쿠쿠 밥솥,218424502,쿠쿠 IH6인용압력밥솥,65000,0,판매중,도봉제2동,2026-08-25 07:40:30,https://web.joongna.com/product/218424502
쿠쿠 밥솥,227129073,쿠쿠 IH6인용압력밥솥,150000,0,판매중,도봉제2동,2026-08-25 07:44:23,https://web.joongna.com/product/227129073
쿠쿠 밥솥,227232317,쿠쿠6인용압력밥솥 트윈프레셔 (22년1월제품),98000,0,판매중,도봉제2동,2026-08-25 07:44:59,https://web.joongna.com/product/227232317
쿠쿠 밥솥,228505454,쿠쿠6인용압력밥솥,35000,0,판매중,도봉제2동,2026-08-25 07:44:19,https://web.joongna.com/product/228505454
쿠쿠 밥솥,228564895,쿠쿠6인용 압력밥솥,63000,0,판매중,도봉제2동,2026-08-25 07:41:41,https://web.joongna.com/product/228564895
쿠쿠 밥솥,217643595,"쿠쿠10인용압력밥솥 (트윈프레셔,20년제품)",85000,0,판매중,도봉제2동,2026-08-25 07:40:10,https://web.joongna.com/product/217643595
쿠쿠 밥솥,228054571,쿠쿠 6인용 압력밥솥,48000,0,판매중,도봉제2동,2026-08-25 07:45:42,https://web.joongna.com/product/228054571
쿠쿠 밥솥,226616385,쿠쿠 IH6인용압력밥솥,89000,0,판매중,도봉제2동,2026-08-25 07:43:59,https://web.joongna.com/product/226616385
쿠쿠 밥솥,231130819,쿠쿠6인용압력밥솥,130000,0,판매중,도봉제2동,2026-08-25 07:43:46,https://web.joongna.com/product/231130819
쿠쿠 밥솥,230952249,쿠쿠 IH6인용압력밥솥,105000,0,판매중,도봉제2동,2026-08-25 07:43:34,https://web.joongna.com/product/230952249
쿠쿠 밥솥,225764246,쿠쿠6인용압력밥솥,55000,0,판매중,도봉제2동,2026-08-25 07:41:23,https://web.joongna.com/product/225764246
쿠쿠 밥솥,218425190,쿠쿠6인용압력밥솥(22년3월제품),53000,0,판매중,도봉제2동,2026-08-25 07:40:47,https://web.joongna.com/product/218425190
쿠쿠 밥솥,229574854,쿠쿠 6인용 미니 에그밥솥,52000,0,판매중,용호제1동,2026-08-25 07:06:09,https://web.joongna.com/product/229574854
쿠쿠 밥솥,231725066,쿠쿠 X-wall 밥솥 내솥 10인용,33000,0,판매중,법1동,2026-08-25 01:30:05,https://web.joongna.com/product/231725066
쿠쿠 밥솥,230937552,쿠쿠 트윈 프레셔 6인용 밥솥 ( 신품 패킹 교체),100000,0,판매중,성복동,2026-08-24 19:33:37,https://web.joongna.com/product/230937552
쿠쿠 밥솥,230937796,쿠쿠 10인용 IH 압력밥솥 (신품 패킹 교체),50000,0,판매중,성복동,2026-08-24 19:33:25,https://web.joongna.com/product/230937796
쿠쿠 밥솥,231821742,전기압력밥솥 12인용 쿠쿠전자 IH전기압력밥솥 CRP-DHP0610FD 6인용 판매합니다~~,47000,3,판매완료,철산3동,2026-08-24 17:47:14,https://web.joongna.com/product/231821742
쿠쿠 밥솥,230347352,쿠쿠 압력밥솥 10인용 밥맛 좋기로 유명한,150000,0,판매중,서초1동,2026-08-24 09:05:35,https://web.joongna.com/product/230347352
쿠쿠 밥솥,229349217,쿠쿠 대용량 전기밥솥 35인용 업소용 CR-3555B 새제품,115000,0,판매중,신사제1동,2026-08-24 07:44:49,https://web.joongna.com/product/229349217
쿠쿠 밥솥,228001454,쿠쿠 10인용 밥솥 (우체국운포),56000,0,판매중,,2026-08-24 00:45:45,https://web.joongna.com/product/228001454
쿠쿠 밥솥,216843622,쿠쿠 압력밥솥 전기밥솥 6인용 올블랙스톤 전기압력밥솥 어제받았어요 반품안되서 팔아요,150000,0,판매중,,2026-08-23 21:51:07,https://web.joongna.com/product/216843622
쿠쿠 밥솥,231786631,3인용 밥솥쿠쿠(CR-0365FR),30000,1,예약중,,2026-08-23 13:54:18,https://web.joongna.com/product/231786631
쿠쿠 밥솥,231785371,쿠쿠 CR-3055B 전기보온밥솥 30인용,85000,0,판매중,,2026-08-23 13:08:27,https://web.joongna.com/product/231785371
쿠쿠 밥솥,228331519,쿠쿠 IH 압력밥솥 10인용 JHR1020FD,57000,0,판매중,지동,2026-08-23 12:12:50,https://web.joongna.com/product/228331519
쿠쿠 밥솥,230318383,쿠쿠 전기밥솥 6인용 레드,35000,0,판매중,지동,2026-08-23 12:12:53,https://web.joongna.com/product/230318383
쿠쿠 밥솥,230122885,쿠쿠 IH압력밥솥 3인용 EHS0320FW,85000,0,판매중,성현동,2026-08-23 10:08:21,https://web.joongna.com/product/230122885
쿠쿠 밥솥,231781148,쿠쿠 전기밥솥압력밥솥주방인덕션잔자렌지앰비프라이팬쿠첸,15000,0,판매중,방배2동,2026-08-23 10:21:49,https://web.joongna.com/product/231781148
쿠쿠 밥솥,231522344,쿠쿠 IH압력밥솥 3~4인용,57000,0,판매중,용호제1동,2026-08-23 09:32:02,https://web.joongna.com/product/231522344
쿠쿠 밥솥,231508485,쿠쿠 전기밥솥,8000,0,판매중,동삼제1동,2026-08-23 08:18:22,https://web.joongna.com/product/231508485
쿠쿠 밥솥,231508135,쿠쿠 IH 압력밥솥 3인용 레드,57000,0,판매중,용호제1동,2026-08-23 07:47:00,https://web.joongna.com/product/231508135
쿠쿠 밥솥,228283381,쿠쿠밥솥 2인분 CUCKOO CR-0215MW 팝니다 (1회사용),32000,0,판매중,수유1동,2026-08-22 23:07:06,https://web.joongna.com/product/228283381
쿠쿠 밥솥,216677214,쿠쿠 압력밥솥 전기밥솥 6인용 올블랙스톤 전기압력밥솥 어제받았어요 반품안되서 팔아요,150000,0,판매중,,2026-08-22 21:34:28,https://web.joongna.com/product/216677214
쿠쿠 밥솥,227966352,쿠쿠 ih 3인용 압력밥솥,79000,0,판매중,,2026-08-22 20:31:01,https://web.joongna.com/product/227966352
쿠쿠 밥솥,231770542,쿠쿠 IH 압력밥솥 HQXT0310FP,45000,0,판매중,동탄4동,2026-08-22 20:25:57,https://web.joongna.com/product/231770542
쿠쿠 밥솥,231512845,쿠쿠 밥솥 crp-rk0615fws 새상품,155000,3,판매완료,,2026-08-22 16:35:22,https://web.joongna.com/product/231512845
쿠쿠 밥솥,231758399,(고장)쿠쿠밥솥 IH전기압력밥솥 트윈프레셔 마스터셰프 CRP-LHTR1010 10인용,30000,3,판매완료,도담동,2026-08-22 13:18:58,https://web.joongna.com/product/231758399
쿠쿠 밥솥,231755948,쿠쿠 트윈프레셔 마스터 셰프 6인용 ih 밥솥 상태 좋고 밥 잘됩니다,100000,3,판매완료,선부3동,2026-08-22 11:44:58,https://web.joongna.com/product/231755948
쿠쿠 밥솥,231752605,쿠쿠IH압력밥솥 6인용,210000,3,판매완료,,2026-08-22 09:14:16,https://web.joongna.com/product/231752605
쿠쿠 밥솥,231542095,쿠쿠 마스터셰프 사일런스 6인용 압력밥솥 CRP-NHTR0610FGW,240000,0,판매중,송도1동,2026-08-21 23:11:33,https://web.joongna.com/product/231542095
쿠쿠 밥솥,231746031,쿠쿠내솥/6인용/일반밥솥내솥,10000,0,판매중,,2026-08-21 22:12:32,https://web.joongna.com/product/231746031
쿠쿠 밥솥,231734661,쿠쿠 스마트 IH 압력밥솥 3~4인용,57000,0,판매중,,2026-08-21 15:30:29,https://web.joongna.com/product/231734661
쿠쿠 밥솥,227970810,쿠쿠 ih 6인용 전기 밥솥 hzxb0670fc,50000,0,판매중,성현동,2026-08-21 11:15:59,https://web.joongna.com/product/227970810
쿠쿠 밥솥,231710427,쿠쿠 미니 에그밥솥(상태좋음),50000,0,판매중,용호제1동,2026-08-21 09:14:27,https://web.joongna.com/product/231710427
쿠쿠 밥솥,231721449,쿠쿠내솥/6인용/IH압력밥솥/쿠쿠밥솥,18000,3,판매완료,,2026-08-21 02:09:12,https://web.joongna.com/product/231721449
쿠쿠 밥솥,231219110,쿠쿠 CRP-R1010FC 전기압력밥솥,130000,0,판매중,구월3동,2026-08-20 22:50:33,https://web.joongna.com/product/231219110
쿠쿠 밥솥,231713365,쿠쿠 스마트 IH 전기압력밥솥 CRP-CHS108FD 10인용,55000,3,판매완료,,2026-08-20 20:12:32,https://web.joongna.com/product/231713365
쿠쿠 밥솥,231266163,쿠쿠 6인용 2기압 밥솥 FHR067FD,75000,3,판매완료,,2026-08-20 09:45:00,https://web.joongna.com/product/231266163
쿠쿠 밥솥,231470269,쿠쿠압력밥솥 6인용 새상품,210000,3,판매완료,명지1동,2026-08-12 09:38:45,https://web.joongna.com/product/231470269
쿠쿠 밥솥,229631902,쿠쿠 CR-0671V 밥솥 (화이트/퍼플),50000,0,판매중,봉덕1동,2026-08-12 09:58:36,https://web.joongna.com/product/229631902
쿠쿠 밥솥,231446566,쿠쿠 2인용 보온 밥솥 CR-0215MW,65000,0,판매중,별내동,2026-08-11 13:32:59,https://web.joongna.com/product/231446566
쿠쿠 밥솥,230743949,쿠쿠 6인용 전기압력밥솥 CRP-R069FS 팝니다,45000,0,판매중,용문동,2026-08-11 11:33:26,https://web.joongna.com/product/230743949
쿠쿠 밥솥,231414388,쿠쿠 트윈프레셔 쁘띠 3인용 IH 압력밥솥 / 깔끔한 상태,180000,3,판매완료,고척제2동,2026-08-10 12:24:57,https://web.joongna.com/product/231414388
쿠쿠 밥솥,231239191,쿠쿠 IH압력밥솥 10인용(새상품급),80000,1,예약중,용호제1동,2026-08-10 11:47:04,https://web.joongna.com/product/231239191
쿠쿠 밥솥,226329142,쿠쿠 10인용 압력밥솥,62000,3,판매완료,장안제1동,2026-08-09 10:40:25,https://web.joongna.com/product/226329142
쿠쿠 밥솥,230535822,쿠쿠 3인용 IH 밥솥 HQXT0311FG,55000,3,판매완료,,2026-08-09 01:20:31,https://web.joongna.com/product/230535822
쿠쿠 밥솥,231325196,쿠쿠 8인용 압력밥솥 FAX085FR,25000,3,판매완료,,2026-08-09 01:14:51,https://web.joongna.com/product/231325196
쿠쿠 밥솥,230880464,쿠쿠 6인용 미니 에그밥솥,55000,0,판매중,용호제1동,2026-08-08 21:13:33,https://web.joongna.com/product/230880464
쿠쿠 밥솥,231359568,쿠쿠 전기밥솥 퓨어 핑크 미개봉 팝니다,43000,3,판매완료,신현동,2026-08-08 13:31:08,https://web.joongna.com/product/231359568
쿠쿠 밥솥,231343520,IH 쿠쿠 10인용 압력밥솥,49900,3,판매완료,호평동,2026-08-08 10:09:27,https://web.joongna.com/product/231343520
쿠쿠 밥솥,231289980,쿠쿠 10인용 전기밥솥 내솥,28000,3,판매완료,법2동,2026-08-08 06:23:36,https://web.joongna.com/product/231289980
쿠쿠 밥솥,231344149,(미사용) 쿠쿠 마스터셰프 사일런스 10인용 밥솥 화이트,300000,3,판매완료,장호원읍,2026-08-07 19:07:21,https://web.joongna.com/product/231344149
쿠쿠 밥솥,230615589,쿠쿠밥솥 6인용 crp-hvb0680sr팝니다.,40000,0,판매중,신사동,2026-08-07 15:40:09,https://web.joongna.com/product/230615589
쿠쿠 밥솥,231336162,쿠쿠 트윈프레셔 더라이트 6인용 전기압력밥솥,145000,0,판매중,,2026-08-07 14:43:06,https://web.joongna.com/product/231336162
쿠쿠 밥솥,231325389,쿠쿠 10인용 IH 압력밥솥 HD1010FI,25000,3,판매완료,,2026-08-07 05:45:07,https://web.joongna.com/product/231325389
쿠쿠 밥솥,230838800,쿠쿠 3인용 ih 압력밥솥,75000,0,판매중,,2026-08-06 22:20:06,https://web.joongna.com/product/230838800
쿠쿠 밥솥,231317565,쿠쿠 Xwall 10인용 밥솥 내솥 모델명확인요,26800,3,판매완료,법2동,2026-08-06 20:29:23,https://web.joongna.com/product/231317565
쿠쿠 밥솥,231294515,쿠쿠 밥솥 물받이 (10인용) + 증기배출구 청소핀 (일괄판매),7000,0,판매중,상도제1동,2026-08-06 00:27:42,https://web.joongna.com/product/231294515
쿠쿠 밥솥,230614899,쿠쿠 6인용 압력밥솥 커브드 내솥,25000,3,판매완료,,2026-08-05 18:30:00,https://web.joongna.com/product/230614899
쿠쿠 밥솥,231284069,쿠쿠 IH전기압력밥솥 10인용 CRP-HWF1060FB,130000,0,판매중,가산동,2026-08-05 18:02:06,https://web.joongna.com/product/231284069
쿠쿠 밥솥,231275701,[밥솥] 쿠쿠 10인용 전기압력밥솥 CRP-QK1010BUG 어반그레이-002,80000,0,판매중,,2026-08-05 13:40:28,https://web.joongna.com/product/231275701
쿠쿠 밥솥,231264171,쿠쿠 IH압력밥솥 6인용,109000,0,판매중,소하2동,2026-08-05 00:04:31,https://web.joongna.com/product/231264171
쿠쿠 밥솥,231257123,쿠쿠 10인용 압력밥솥 CRP-1010FD (내솥2개/코팅),190000,0,판매중,역삼1동,2026-08-04 19:44:53,https://web.joongna.com/product/231257123
쿠쿠 밥솥,228840210,쿠쿠 6인용 밥솥입니다,33000,3,판매완료,미사1동,2026-08-03 16:47:38,https://web.joongna.com/product/228840210
쿠쿠 밥솥,231211192,쿠쿠 30인용 업소용 밥솥 CR-3021V,79000,0,판매중,,2026-08-03 08:42:22,https://web.joongna.com/product/231211192
쿠쿠 밥솥,231210797,쿠쿠압력밥솥10인용(트윈프레셔),42000,3,판매완료,,2026-08-03 08:07:43,https://web.joongna.com/product/231210797
쿠쿠 밥솥,231189228,쿠쿠 10인용 압력밥솥 패킹 새거,5000,3,판매완료,갈현제1동,2026-08-02 12:14:38,https://web.joongna.com/product/231189228
쿠쿠 밥솥,213452900,쿠쿠 IH압력밥솥 HRP-0660SR,80000,0,판매중,,2026-08-02 05:36:48,https://web.joongna.com/product/213452900
쿠쿠 밥솥,231179751,쿠쿠 업소용 밥솥,80000,3,판매완료,우제1동,2026-08-01 22:52:37,https://web.joongna.com/product/231179751
쿠쿠 밥솥,231084785,쿠쿠 에그 6인용 전기밥솥,20000,3,판매완료,,2026-08-01 09:19:52,https://web.joongna.com/product/231084785
쿠쿠 밥솥,229419274,미개봉 쿠쿠 CR-0655FR 6인용 밥솥,70000,0,판매중,서정동,2026-08-01 08:28:18,https://web.joongna.com/product/229419274
쿠쿠 밥솥,224076500,쿠쿠 전기 압력 밥솥 내솥만 A1091F,15000,0,판매중,관저1동,2026-07-31 18:26:58,https://web.joongna.com/product/224076500
쿠쿠 밥솥,230498095,IH 쿠쿠전기밥솥 hdt1063sr,10000,0,판매중,관저1동,2026-07-31 18:27:55,https://web.joongna.com/product/230498095
쿠쿠 밥솥,231089424,쿠쿠 10인용 IH밥솥,120000,3,판매완료,통진읍,2026-07-31 15:43:06,https://web.joongna.com/product/231089424
쿠쿠 밥솥,230107248,쿠쿠 전기압력밥솥 3인용,180000,0,판매중,조원2동,2026-07-31 14:29:30,https://web.joongna.com/product/230107248
쿠쿠 밥솥,228407409,쿠쿠 SMART IH 6인용 압력밥솥 ENERGY SAVER 부품용 (2만원),20000,0,판매중,동탄4동,2026-07-31 12:58:11,https://web.joongna.com/product/228407409
쿠쿠 밥솥,230146682,쿠쿠 IH 압력밥솥 10인용,47000,3,판매완료,,2026-07-30 14:34:26,https://web.joongna.com/product/230146682
쿠쿠 밥솥,231110756,쿠쿠 IH 전기 압력 밥솥 10인용 CRP-CHP1060FSM,200000,0,판매중,가산동,2026-07-30 14:35:45,https://web.joongna.com/product/231110756
쿠쿠 밥솥,231104470,완전 신제품급 쿠쿠 6인용 밥솥 CR-0685GWM 화이트,55000,0,판매중,비전2동,2026-07-30 10:48:50,https://web.joongna.com/product/231104470
쿠쿠 밥솥,231048055,[26년 4월 제품] 쿠쿠 전기 압력밥솥 10인용 CRP-QK1010BUG 어반그레이,110000,0,판매중,가산동,2026-07-28 12:26:55,https://web.joongna.com/product/231048055
쿠쿠 밥솥,231025036,쿠쿠 6인용 압력밥솥,53000,3,판매완료,용호제1동,2026-07-27 16:59:36,https://web.joongna.com/product/231025036
쿠쿠 밥솥,229431420,쿠쿠 6인용 IH압력밥솥 CRP-BHS0610FB,40000,3,판매완료,,2026-07-27 14:48:33,https://web.joongna.com/product/229431420
쿠쿠 밥솥,230368716,쿠쿠 IH 밥솥 6인용 (택포),65000,3,판매완료,,2026-07-27 14:38:57,https://web.joongna.com/product/230368716
쿠쿠 밥솥,231015909,쿠쿠 6인용 압력밥솥 내솥없음,22000,3,판매완료,운정2동,2026-07-27 12:20:51,https://web.joongna.com/product/231015909
쿠쿠 밥솥,230470046,쿠쿠6인용 ih 전기밥솥,75000,3,판매완료,,2026-07-27 07:46:23,https://web.joongna.com/product/230470046
쿠쿠 밥솥,231005508,쿠쿠 대용량 업소용 전기보온 밥솥 35인용,100000,0,판매중,주안1동,2026-07-26 23:52:52,https://web.joongna.com/product/231005508
쿠쿠 밥솥,230997517,전기밥솥 쿠쿠 10인용 이중모션 패킹,10000,3,판매완료,,2026-07-26 19:08:22,https://web.joongna.com/product/230997517
쿠쿠 밥솥,230746024,쿠쿠IH 10인용 압력밥솥 팝니다.(CHS1010FS),90000,3,판매완료,식사동,2026-07-26 17:26:40,https://web.joongna.com/product/230746024
쿠쿠 밥솥,231317565,쿠쿠 Xwall 10인용 밥솥 내솥 모델명확인요,26800,3,판매완료,법2동,2026-08-06 20:29:23,https://web.joongna.com/product/231317565
쿠쿠 밥솥,231294515,쿠쿠 밥솥 물받이 (10인용) + 증기배출구 청소핀 (일괄판매),7000,0,판매중,상도제1동,2026-08-06 00:27:42,https://web.joongna.com/product/231294515
쿠쿠 밥솥,230614899,쿠쿠 6인용 압력밥솥 커브드 내솥,25000,3,판매완료,,2026-08-05 18:30:00,https://web.joongna.com/product/230614899
쿠쿠 밥솥,231284069,쿠쿠 IH전기압력밥솥 10인용 CRP-HWF1060FB,130000,0,판매중,가산동,2026-08-05 18:02:06,https://web.joongna.com/product/231284069
쿠쿠 밥솥,231275701,[밥솥] 쿠쿠 10인용 전기압력밥솥 CRP-QK1010BUG 어반그레이-002,80000,0,판매중,,2026-08-05 13:40:28,https://web.joongna.com/product/231275701
쿠쿠 밥솥,231142631,쿠쿠10인용스마트IH압력밥솥HUXB109SB,37000,3,판매완료,,2026-08-05 12:36:10,https://web.joongna.com/product/231142631
쿠쿠 밥솥,231264171,쿠쿠 IH압력밥솥 6인용,109000,0,판매중,소하2동,2026-08-05 00:04:31,https://web.joongna.com/product/231264171
쿠쿠 밥솥,231257123,쿠쿠 10인용 압력밥솥 CRP-1010FD (내솥2개/코팅),190000,0,판매중,역삼1동,2026-08-04 19:44:53,https://web.joongna.com/product/231257123
쿠쿠 밥솥,231069231,쿠쿠전기압력밥솥,65000,0,판매중,,2026-08-04 13:35:51,https://web.joongna.com/product/231069231
쿠쿠 밥솥,231242858,완전 신제품급 쿠쿠 35인용 업소용 밥솥 CR-3515UG,110000,0,판매중,비전2동,2026-08-04 11:29:06,https://web.joongna.com/product/231242858
쿠쿠 밥솥,228840210,쿠쿠 6인용 밥솥입니다,33000,3,판매완료,미사1동,2026-08-03 16:47:38,https://web.joongna.com/product/228840210
쿠쿠 밥솥,231211192,쿠쿠 30인용 업소용 밥솥 CR-3021V,79000,0,판매중,,2026-08-03 08:42:22,https://web.joongna.com/product/231211192
쿠쿠 밥솥,231210797,쿠쿠압력밥솥10인용(트윈프레셔),42000,3,판매완료,,2026-08-03 08:07:43,https://web.joongna.com/product/231210797
쿠쿠 밥솥,230981529,(미사용) 쿠쿠 마스터셰프 사일런스 10인용 밥솥 화이트,350000,3,판매완료,장호원읍,2026-08-02 17:07:50,https://web.joongna.com/product/230981529
쿠쿠 밥솥,231189228,쿠쿠 10인용 압력밥솥 패킹 새거,5000,3,판매완료,갈현제1동,2026-08-02 12:14:38,https://web.joongna.com/product/231189228
쿠쿠 밥솥,213452900,쿠쿠 IH압력밥솥 HRP-0660SR,80000,0,판매중,,2026-08-02 05:36:48,https://web.joongna.com/product/213452900
쿠쿠 밥솥,231177926,쿠쿠 3인용 IH 압력밥솥 팝니다,35000,3,판매완료,화곡본동,2026-08-01 22:43:19,https://web.joongna.com/product/231177926
쿠쿠 밥솥,231179751,쿠쿠 업소용 밥솥,80000,3,판매완료,우제1동,2026-08-01 22:52:37,https://web.joongna.com/product/231179751
쿠쿠 밥솥,231084785,쿠쿠 에그 6인용 전기밥솥,20000,3,판매완료,,2026-08-01 09:19:52,https://web.joongna.com/product/231084785
쿠쿠 밥솥,231158078,쿠쿠 3인용 전기밥솥 : CR-0351FG,30000,0,판매중,노은1동,2026-08-01 08:39:44,https://web.joongna.com/product/231158078
쿠쿠 밥솥,229419274,미개봉 쿠쿠 CR-0655FR 6인용 밥솥,70000,0,판매중,서정동,2026-08-01 08:28:18,https://web.joongna.com/product/229419274
쿠쿠 밥솥,231030307,쿠쿠 IH압력밥솥 6인용,70000,3,판매완료,용호제1동,2026-08-01 07:37:38,https://web.joongna.com/product/231030307
쿠쿠 밥솥,224076500,쿠쿠 전기 압력 밥솥 내솥만 A1091F,15000,0,판매중,관저1동,2026-07-31 18:26:58,https://web.joongna.com/product/224076500
쿠쿠 밥솥,230498095,IH 쿠쿠전기밥솥 hdt1063sr,10000,0,판매중,관저1동,2026-07-31 18:27:55,https://web.joongna.com/product/230498095
쿠쿠 밥솥,231089424,쿠쿠 10인용 IH밥솥,120000,3,판매완료,통진읍,2026-07-31 15:43:06,https://web.joongna.com/product/231089424
쿠쿠 밥솥,230107248,쿠쿠 전기압력밥솥 3인용,180000,0,판매중,조원2동,2026-07-31 14:29:30,https://web.joongna.com/product/230107248
쿠쿠 밥솥,228407409,쿠쿠 SMART IH 6인용 압력밥솥 ENERGY SAVER 부품용 (2만원),20000,0,판매중,동탄4동,2026-07-31 12:58:11,https://web.joongna.com/product/228407409
쿠쿠 밥솥,230146682,쿠쿠 IH 압력밥솥 10인용,47000,3,판매완료,,2026-07-30 14:34:26,https://web.joongna.com/product/230146682
쿠쿠 밥솥,231110756,쿠쿠 IH 전기 압력 밥솥 10인용 CRP-CHP1060FSM,200000,0,판매중,가산동,2026-07-30 14:35:45,https://web.joongna.com/product/231110756
쿠쿠 밥솥,231104470,완전 신제품급 쿠쿠 6인용 밥솥 CR-0685GWM 화이트,55000,0,판매중,비전2동,2026-07-30 10:48:50,https://web.joongna.com/product/231104470
쿠쿠 밥솥,231048055,[26년 4월 제품] 쿠쿠 전기 압력밥솥 10인용 CRP-QK1010BUG 어반그레이,110000,0,판매중,가산동,2026-07-28 12:26:55,https://web.joongna.com/product/231048055
쿠쿠 밥솥,231025036,쿠쿠 6인용 압력밥솥,53000,3,판매완료,용호제1동,2026-07-27 16:59:36,https://web.joongna.com/product/231025036
쿠쿠 밥솥,229431420,쿠쿠 6인용 IH압력밥솥 CRP-BHS0610FB,40000,3,판매완료,,2026-07-27 14:48:33,https://web.joongna.com/product/229431420
쿠쿠 밥솥,230368716,쿠쿠 IH 밥솥 6인용 (택포),65000,3,판매완료,,2026-07-27 14:38:57,https://web.joongna.com/product/230368716
쿠쿠 밥솥,231015909,쿠쿠 6인용 압력밥솥 내솥없음,22000,3,판매완료,운정2동,2026-07-27 12:20:51,https://web.joongna.com/product/231015909
쿠쿠 밥솥,226828894,쿠쿠 6인용 IH압력밥솥 CRP-DHB0660FDM,30000,3,판매완료,동천동,2026-07-27 11:29:13,https://web.joongna.com/product/226828894
쿠쿠 밥솥,230470046,쿠쿠6인용 ih 전기밥솥,75000,3,판매완료,,2026-07-27 07:46:23,https://web.joongna.com/product/230470046
쿠쿠 밥솥,231005508,쿠쿠 대용량 업소용 전기보온 밥솥 35인용,100000,0,판매중,주안1동,2026-07-26 23:52:52,https://web.joongna.com/product/231005508
쿠쿠 밥솥,230997517,전기밥솥 쿠쿠 10인용 이중모션 패킹,10000,3,판매완료,,2026-07-26 19:08:22,https://web.joongna.com/product/230997517
쿠쿠 밥솥,230746024,쿠쿠IH 10인용 압력밥솥 팝니다.(CHS1010FS),90000,3,판매완료,식사동,2026-07-26 17:26:40,https://web.joongna.com/product/230746024
쿠쿠 밥솥,230986780,쿠쿠 트윈프레셔 6인용 밥솥 | 전기밥솥,123456,3,판매완료,신당동,2026-07-26 13:12:03,https://web.joongna.com/product/230986780
쿠쿠 밥솥,158992968,쿠쿠 압력밥솥 전기압력밥솥 10인용,170000,0,판매중,하계2동,2026-07-26 06:32:44,https://web.joongna.com/product/158992968
쿠쿠 밥솥,230968351,쿠쿠 IH압력밥솥 CRP-CHP1010FD 10인용 판매합니다~~,79000,3,판매완료,철산3동,2026-07-25 19:08:05,https://web.joongna.com/product/230968351
쿠쿠 밥솥,230965746,쿠쿠 IH 10인 압력밥솥 트윈프레셔,200000,0,판매중,간석1동,2026-07-25 17:37:24,https://web.joongna.com/product/230965746
쿠쿠 밥솥,229371568,쿠쿠 IH 압력밥솥 6인용 / 상태좋음,90000,3,판매완료,청담동,2026-07-24 22:19:15,https://web.joongna.com/product/229371568
쿠쿠 밥솥,230695091,새상품)*최저가 쿠쿠 순위상위권 마스터셰프 사일런스 밥솥,350000,3,판매완료,유림동,2026-07-24 20:05:08,https://web.joongna.com/product/230695091
쿠쿠 밥솥,215074928,쿠쿠 IH압력밥솥 6인용(택배포함),120000,0,판매중,,2026-07-24 16:50:56,https://web.joongna.com/product/215074928
쿠쿠 밥솥,230879418,쿠쿠 10인용 마스터셰프 트윈프레셔 전기압력밥솥 lhtr1010fgbm,120000,3,판매완료,,2026-07-24 11:52:16,https://web.joongna.com/product/230879418
쿠쿠 밥솥,230919012,쿠쿠 IH 압력밥솥 3인용,60000,3,판매완료,용호제1동,2026-07-24 07:47:36,https://web.joongna.com/product/230919012
쿠쿠 밥솥,230817420,중고 쿠쿠압력밥솥 10인용 음성지원 작동잘됩 무료배송,30000,3,판매완료,,2026-07-23 14:35:22,https://web.joongna.com/product/230817420
쿠쿠 밥솥,230884679,쿠쿠 밥솥 물받이 (10인용) + 증기배출구 청소핀 (일괄판매),7000,3,판매완료,상도제1동,2026-07-23 01:30:10,https://web.joongna.com/product/230884679
쿠쿠 밥솥,224076810,쿠쿠 전기 압력 밥솥 내솥만 1060FB,15000,3,판매완료,관저1동,2026-07-22 20:12:13,https://web.joongna.com/product/224076810
쿠쿠 밥솥,230864514,쿠쿠 10인용 2기압 압력밥솥 FHR1010FG,90000,3,판매완료,,2026-07-22 14:31:26,https://web.joongna.com/product/230864514
쿠쿠 밥솥,228977468,쿠쿠 전기 보온 밥솥 -새상품,20000,0,판매중,판암1동,2026-07-22 12:55:08,https://web.joongna.com/product/228977468
쿠쿠 밥솥,230383195,미개봉 새상품) 쿠쿠 트윈프레셔 IH압력밥솥 10인용(CRP-LHTAR1010FGI),320000,3,판매완료,산동읍,2026-07-22 10:52:13,https://web.joongna.com/product/230383195
쿠쿠 밥솥,230541848,쿠쿠 6인용 압력밥솥 입니다,50000,0,판매중,,2026-07-22 06:00:57,https://web.joongna.com/product/230541848
쿠쿠 밥솥,230361613,쿠쿠 전기밥솥 마스터셰프 사일런스 프로 화이트(미개봉) CRP-PHNLTR0610FGW,350000,3,판매완료,부성2동,2026-07-20 17:09:21,https://web.joongna.com/product/230361613
쿠쿠 밥솥,230800234,쿠쿠 IH 압력밥솥 10인용 HNXG1011FB,10000,3,판매완료,방화제1동,2026-07-20 15:47:41,https://web.joongna.com/product/230800234
쿠쿠 밥솥,230798916,쿠쿠밥솥 3인용 CR-0365FR,35000,3,판매완료,자양제4동,2026-07-20 15:09:58,https://web.joongna.com/product/230798916
쿠쿠 밥솥,229090622,쿠쿠IH스마트 압력밥솥10인용 CHS107FS,70000,3,판매완료,신암1동,2026-07-20 13:50:38,https://web.joongna.com/product/229090622
쿠쿠 밥솥,230289845,(새제품) 쿠쿠 마스터셰프 10인용 IH압력밥솥 CRP-LHTR1020FGW,340000,3,판매완료,상암동,2026-07-20 08:46:20,https://web.joongna.com/product/230289845
쿠쿠 밥솥,230776263,쿠쿠 SMART IH 압력밥솥 HZXB0660FR 6인용,35000,1,예약중,,2026-07-19 19:21:42,https://web.joongna.com/product/230776263
쿠쿠 밥솥,229997791,<새제품>쿠쿠 마스터셰프 사일런스 밥솥10인용,350000,3,판매완료,유림동,2026-07-19 16:58:45,https://web.joongna.com/product/229997791
쿠쿠 밥솥,230765858,쿠쿠 트윈프레셔 6인용 밥솥 CRP-OHTR0610FWM,330000,3,판매완료,고촌읍,2026-07-19 13:52:52,https://web.joongna.com/product/230765858
쿠쿠 밥솥,230619192,쿠쿠 10인용 밥솥,40000,3,판매완료,,2026-07-19 12:18:09,https://web.joongna.com/product/230619192
쿠쿠 밥솥,230762472,쿠쿠 10인용 압력밥솥 P107FR,40000,3,판매완료,,2026-07-19 11:59:01,https://web.joongna.com/product/230762472
쿠쿠 밥솥,230759000,[1회 사용] 쿠쿠 밥솥 10인용,339000,0,판매중,의정부1동,2026-07-19 09:43:24,https://web.joongna.com/product/230759000
쿠쿠 밥솥,230738191,쿠쿠 IH 압력밥솥 6인용 IH 압력 상태 좋고 밥 잘됩니다,50000,3,판매완료,선부3동,2026-07-18 15:01:12,https://web.joongna.com/product/230738191
쿠쿠 밥솥,228980773,쿠쿠 10인용 IH 압력밥솥,19000,3,판매완료,동삼제1동,2026-07-18 14:50:48,https://web.joongna.com/product/228980773
쿠쿠 밥솥,230732302,쿠쿠 10인용 분리형 풀스텐커버 음성지원 열판방식 압력밥솥 판매합니다,55000,3,판매완료,가음정동,2026-07-18 11:48:48,https://web.joongna.com/product/230732302
쿠쿠 밥솥,230731062,쿠쿠 10인용 압력밥솥 P107FR,40000,3,판매완료,,2026-07-18 11:06:54,https://web.joongna.com/product/230731062
쿠쿠 밥솥,229339160,쿠쿠 에코미니 2기압 밥솥 EHS0320FG,130000,3,판매완료,,2026-07-18 01:06:47,https://web.joongna.com/product/229339160
쿠쿠 밥솥,230536252,쿠쿠 6인용 압력밥솥 N0680SR,55000,3,판매완료,,2026-07-18 01:08:45,https://web.joongna.com/product/230536252
쿠쿠 밥솥,230703384,쿠쿠10인용풀스텐스마트IH압력밥솥CHP1010FD,57000,3,판매완료,,2026-07-17 12:42:19,https://web.joongna.com/product/230703384
쿠쿠 밥솥,229985940,쿠쿠압력밥솥 전기밥솥 10인용,30000,1,예약중,화정1동,2026-07-17 10:23:14,https://web.joongna.com/product/229985940
쿠쿠 밥솥,230685089,쿠쿠 CR-0375FW 3인용 밥솥,30000,3,판매완료,,2026-07-16 19:04:48,https://web.joongna.com/product/230685089
쿠쿠 밥솥,230234659,쿠쿠 6인용 밥솥 DHP0610FD 판매합니다.,60000,0,판매중,덕풍1동,2026-07-16 11:16:35,https://web.joongna.com/product/230234659
쿠쿠 밥솥,230669140,쿠쿠 트윈프레셔 3인용 밥솥,50000,3,판매완료,,2026-07-16 10:18:51,https://web.joongna.com/product/230669140
쿠쿠 밥솥,220491769,쿠쿠 IH압력밥솥 10인용(택배포함),180000,0,판매중,,2026-07-16 07:45:33,https://web.joongna.com/product/220491769
쿠쿠 밥솥,230136669,쿠쿠 밥솥(10인용) 1번 사용한 거 싸게 팝니다.,310000,0,판매중,탕정면,2026-07-15 13:05:36,https://web.joongna.com/product/230136669
쿠쿠 밥솥,230639579,쿠쿠 6인용 압력밥솥,40000,3,판매완료,,2026-07-15 11:55:03,https://web.joongna.com/product/230639579
쿠쿠 밥솥,230413042,쿠쿠6인용 압력밥솥,109000,3,판매완료,호평동,2026-07-15 09:10:43,https://web.joongna.com/product/230413042
쿠쿠 밥솥,230632783,쿠쿠밥솥(10인용),50000,3,판매완료,,2026-07-15 06:09:09,https://web.joongna.com/product/230632783
쿠쿠 밥솥,230632243,쿠쿠 10인용 압력밥솥 P107FR,40000,3,판매완료,,2026-07-15 03:54:13,https://web.joongna.com/product/230632243
쿠쿠 밥솥,230483461,쿠쿠 전기압력밥솥 6인용_DHB0660FDM,170000,3,판매완료,쌍용2동,2026-07-13 17:37:23,https://web.joongna.com/product/230483461
쿠쿠 밥솥,230495149,쿠쿠 6인용 전기밥솥 26년 3월생산제품.,40000,3,판매완료,신천동,2026-07-13 14:40:04,https://web.joongna.com/product/230495149
쿠쿠 밥솥,229947842,쿠쿠 35인용 밥솥,100000,3,판매완료,부량면,2026-07-13 13:41:21,https://web.joongna.com/product/229947842
쿠쿠 밥솥,230024953,쿠쿠 CRP-G1030MP 10인용 압력밥솥 판매합니다~~,29000,3,판매완료,철산3동,2026-07-12 11:23:47,https://web.joongna.com/product/230024953
쿠쿠 밥솥,230536250,쿠쿠 스마트IH압력밥솥 6인용,55000,3,판매완료,송천2동,2026-07-12 00:56:46,https://web.joongna.com/product/230536250
쿠쿠 밥솥,229665829,쿠쿠 3인용 IH밥솥 HQXT0311FG,75000,3,판매완료,,2026-07-11 17:42:04,https://web.joongna.com/product/229665829
쿠쿠 밥솥,229520401,쿠쿠 6인용 V라인 IH밥솥 HPXG0611FV,25000,3,판매완료,,2026-07-11 17:44:53,https://web.joongna.com/product/229520401
쿠쿠 밥솥,230519512,쿠쿠 트윈프레셔 IH 밥솥,80000,3,판매완료,대부동,2026-07-11 14:49:23,https://web.joongna.com/product/230519512
쿠쿠 밥솥,230458402,(미개봉)쿠쿠마스터셰프 사일런스 밥솥,350000,3,판매완료,유림동,2026-07-09 15:23:58,https://web.joongna.com/product/230458402
쿠쿠 밥솥,230446423,쿠쿠 10인용 풀스텐커버 열판방식 말하는 압력밥솥 CRP-QS1010FG 판매합니다,55000,3,판매완료,가음정동,2026-07-09 11:41:49,https://web.joongna.com/product/230446423
쿠쿠 밥솥,230443417,쿠쿠 IH압력밥솥 6인용 LHTR0610FWM,100000,3,판매완료,도봉제2동,2026-07-09 01:47:34,https://web.joongna.com/product/230443417
쿠쿠 밥솥,229516024,쿠쿠 6인용 압력밥솥 CRP-B067,23000,3,판매완료,,2026-07-08 03:31:17,https://web.joongna.com/product/229516024
쿠쿠 밥솥,229575649,쿠쿠 6인용 메탈릭 IH밥솥/DHB0660FE,65000,3,판매완료,,2026-07-08 03:29:36,https://web.joongna.com/product/229575649
쿠쿠 밥솥,230282354,쿠쿠 6인용 IH밥솥 블랙페블 HZXB0660FR,75000,3,판매완료,,2026-07-08 03:27:02,https://web.joongna.com/product/230282354
쿠쿠 밥솥,230163689,쿠쿠 큐티망고 6인용 전기밥솥 CR-0732FV,12000,3,판매완료,,2026-07-08 03:33:19,https://web.joongna.com/product/230163689
쿠쿠 밥솥,230022405,쿠쿠 3인용 에코미니 밥솥,140000,3,판매완료,,2026-07-08 03:31:52,https://web.joongna.com/product/230022405
쿠쿠 밥솥,230397452,6인용 IH압력밥솥쿠쿠전자 블랙스톤 CRP-R108FB 압력밭솥 10인용 판매합니다~~,37000,3,판매완료,철산3동,2026-07-07 18:04:35,https://web.joongna.com/product/230397452
쿠쿠 밥솥,230188182,쿠쿠10인용스마트IH압력밥솥HWF1060FB,36000,3,판매완료,,2026-07-07 10:55:39,https://web.joongna.com/product/230188182
쿠쿠 밥솥,230376047,쿠쿠 IH 압력밥솥 DHB0660FD 6인용,120000,0,판매중,흑석동,2026-07-07 00:49:03,https://web.joongna.com/product/230376047
쿠쿠 밥솥,229841336,쿠쿠IH압력밥솥 10인용 FHTS107FG,120000,0,판매중,,2026-07-06 22:32:07,https://web.joongna.com/product/229841336
쿠쿠 밥솥,230346902,쿠쿠 스마트 6인용 밥솥,130000,3,판매완료,통진읍,2026-07-06 09:51:24,https://web.joongna.com/product/230346902
쿠쿠 밥솥,229776695,쿠쿠 10인용 밥솥 미사용 @용인@,160000,3,판매완료,중앙동,2026-07-04 08:56:14,https://web.joongna.com/product/229776695
쿠쿠 밥솥,230086974,쿠쿠 10인용 압력밥솥 팝니다. CRP-QS1010FG,50000,3,판매완료,식사동,2026-07-03 21:08:58,https://web.joongna.com/product/230086974
쿠쿠 밥솥,228622460,쿠쿠 IH 압력밥솥 블랙페블 HZXB0610FB 6인용,50000,1,예약중,성현동,2026-07-03 08:59:20,https://web.joongna.com/product/228622460
쿠쿠 밥솥,230233537,쿠쿠 전기밥솥6인용,30000,0,판매중,발산제1동,2026-07-02 16:14:16,https://web.joongna.com/product/230233537
쿠쿠 밥솥,229563092,쿠쿠밥솥,10000,3,판매완료,신도림동,2026-07-02 10:02:15,https://web.joongna.com/product/229563092
쿠쿠 밥솥,230184295,쿠쿠 6인용 IH압력밥솥,50000,3,판매완료,상계1동,2026-07-01 08:10:15,https://web.joongna.com/product/230184295
쿠쿠 밥솥,229664735,쿠쿠 3인용 IH압력밥솥 HQXT0313FO,45000,3,판매완료,,2026-06-30 19:20:20,https://web.joongna.com/product/229664735
쿠쿠 밥솥,228796163,쿠쿠 트윈프레셔 더라이트 6인용밥솥 CRP-ST0610FG,69000,3,판매완료,,2026-06-30 19:19:41,https://web.joongna.com/product/228796163
쿠쿠 밥솥,230170036,IH압력밥솥 6인용 쿠쿠 IH압력밥솥 CRP-JHR1060 10인용 판매합니다~~,63000,3,판매완료,철산3동,2026-06-30 18:45:42,https://web.joongna.com/product/230170036
쿠쿠 밥솥,223898289,쿠쿠 30인용 업소용 전기밥솥 CR-NS6AB,90000,0,판매중,주교동,2026-06-30 16:29:22,https://web.joongna.com/product/223898289
쿠쿠 밥솥,230048649,쿠쿠전기압력밥솥 3인용 CRP-TT0310FGW,87000,3,판매완료,병점2동,2026-06-30 01:01:25,https://web.joongna.com/product/230048649
쿠쿠 밥솥,230142318,쿠쿠 CR-2235R 밥솥 업소용 22인용,50000,1,예약중,,2026-06-29 22:04:07,https://web.joongna.com/product/230142318
쿠쿠 밥솥,229629417,[S급/거의새것] 쿠쿠 트윈프레셔 10인용 압력밥솥 (CRP-ST1015FWSM),150000,3,판매완료,법1동,2026-06-29 16:00:56,https://web.joongna.com/product/229629417
쿠쿠 밥솥,230128130,쿠쿠 트윈프레셔 6인용 밥솥입니다!,220000,0,판매중,,2026-06-29 15:07:20,https://web.joongna.com/product/230128130
쿠쿠 밥솥,230113569,쿠쿠 IH압력밥솥 10인용 미개봉 새제품,250000,3,판매완료,포곡읍,2026-06-29 01:55:39,https://web.joongna.com/product/230113569
쿠쿠 밥솥,230051782,쿠쿠 전기압력밥솥 CRP-QS1020FSM 싸게 정리합니다,150000,3,판매완료,호암.직동,2026-06-27 19:29:04,https://web.joongna.com/product/230051782
쿠쿠 밥솥,230062831,쿠쿠 에그밥솥 6인용 화이트 상태최상 (사용 1개월),30000,3,판매완료,면목3동8동,2026-06-27 14:42:59,https://web.joongna.com/product/230062831
쿠쿠 밥솥,229804288,쿠쿠 10인용 메탈릭 2기압 IH밥솥 CHP1010FD,110000,3,판매완료,,2026-06-26 08:58:35,https://web.joongna.com/product/229804288
쿠쿠 밥솥,229850012,쿠쿠 트윈프레셔 6인용 밥솥 DHXB0610FS,80000,3,판매완료,,2026-06-26 08:53:14,https://web.joongna.com/product/229850012
쿠쿠 밥솥,229739964,쿠쿠 IH 압력밥솥 CRP-BCHF107FW 10인용,270000,0,판매중,,2026-06-25 15:13:44,https://web.joongna.com/product/229739964
쿠쿠 밥솥,199089735,쿠쿠밥솥 10인용,150000,0,판매중,,2026-06-25 13:47:53,https://web.joongna.com/product/199089735
쿠쿠 밥솥,229952525,쿠쿠 6인용스마트IH밥솥 35000원,35000,3,판매완료,,2026-06-25 08:55:05,https://web.joongna.com/product/229952525
쿠쿠 밥솥,229867398,쿠쿠 압력밥솥 FHTS0610FB 6인용(내솥 없음),39000,3,판매완료,갈현동,2026-06-23 22:12:12,https://web.joongna.com/product/229867398
쿠쿠 밥솥,229924427,쿠쿠밥솥 디스플레이/기판 CRP-R109FS 부품,30000,0,판매중,동면,2026-06-23 12:36:34,https://web.joongna.com/product/229924427
쿠쿠 밥솥,229052624,쿠쿠 스마트 IH 압력밥솥 6인용(택배포함),100000,0,판매중,,2026-06-22 09:35:17,https://web.joongna.com/product/229052624
쿠쿠 밥솥,228819591,쿠쿠 압력밥솥 10인용 밥맛 좋기로 유명한,150000,0,판매중,서초1동,2026-06-22 09:27:02,https://web.joongna.com/product/228819591
쿠쿠 밥솥,229750671,쿠쿠 트윈프레셔 마스터셰프 6인용 전기밥솥,270000,3,판매완료,,2026-06-22 07:46:59,https://web.joongna.com/product/229750671
쿠쿠 밥솥,229697691,쿠쿠 전기밥솥,70000,0,판매중,,2026-06-20 19:48:48,https://web.joongna.com/product/229697691
쿠쿠 밥솥,228410493,"미니 밥솥 루베크 RU-RC101W, 쿠쿠 CR-0255MW, 대웅모닝컴 DWM-C01M, 에브리빙 전기 그릴",70000,0,판매중,,2026-06-19 14:13:19,https://web.joongna.com/product/228410493
쿠쿠 밥솥,229177508,쿠쿠 10인용 ih 올스텐 내솥 1등급 전기 압력 밥솥 CHP1010FD,120000,0,판매중,성현동,2026-06-19 08:40:49,https://web.joongna.com/product/229177508
쿠쿠 밥솥,229652765,쿠쿠 트윈프레셔 IH 압력밥솥 6인용,185000,3,판매완료,교문1동,2026-06-19 06:15:29,https://web.joongna.com/product/229652765
쿠쿠 밥솥,229775073,쿠쿠6인용 밥솥,80000,3,판매완료,통진읍,2026-06-18 18:33:34,https://web.joongna.com/product/229775073
쿠쿠 밥솥,229763535,쿠쿠 IH압력밥솥 10인용,70000,0,판매중,신북면,2026-06-18 13:04:45,https://web.joongna.com/product/229763535
쿠쿠 밥솥,229700329,쿠쿠 3인용 스마트 IH 압력밥솥,55000,3,판매완료,용호제1동,2026-06-18 04:24:52,https://web.joongna.com/product/229700329
쿠쿠 밥솥,229752813,쿠쿠 밥솥 물받이 (6인용) + Over Flow Tube (일괄판매),7000,3,판매완료,상도제1동,2026-06-18 02:01:38,https://web.joongna.com/product/229752813
쿠쿠 밥솥,229483144,쿠쿠 마스터셰프 사일런스 6인용 밥솥 화이트,390000,3,판매완료,음봉면,2026-06-17 09:10:27,https://web.joongna.com/product/229483144
쿠쿠 밥솥,229711715,쿠쿠 6인용 에그 밥솥,19900,3,판매완료,공덕동,2026-06-16 21:18:58,https://web.joongna.com/product/229711715
쿠쿠 밥솥,229678852,관리 최상급 쿠쿠 6인용 IH 밥솥,150000,3,판매완료,영등포동,2026-06-15 21:28:35,https://web.joongna.com/product/229678852
쿠쿠 밥솥,229674497,cuckoo 쿠쿠 업소용 밥솥 CR-3031V,50000,0,판매중,방배2동,2026-06-15 19:18:37,https://web.joongna.com/product/229674497
쿠쿠 밥솥,229667804,쿠쿠 전기밥솥 내솥 (JHT0610FS),70000,0,판매중,,2026-06-15 16:07:20,https://web.joongna.com/product/229667804
쿠쿠 밥솥,229189331,르젠멀티압력쿠커LZMPC-6300+사은품 스톤웨어내열냄비2개/주방가구가전소품인테리어 밥솥 쿠쿠 리첸 아이폰 삼성엘지,75900,0,판매중,상암동,2026-06-14 11:17:29,https://web.joongna.com/product/229189331
쿠쿠 밥솥,229414404,[새상품] 쿠쿠 마스터셰프 사일런스 프로 6인용 밥솥,310000,0,판매중,풍산동,2026-06-13 19:15:17,https://web.joongna.com/product/229414404
쿠쿠 밥솥,229590451,고장난 쿠쿠 6인용 압력밥솥 JHR0660FD(부품용),12000,3,판매완료,,2026-06-13 08:57:14,https://web.joongna.com/product/229590451
쿠쿠 밥솥,227994570,쿠쿠 IH 6인용 압력 밥솥 (신품 고무 패킹 교체),50000,3,판매완료,성복동,2026-06-12 15:50:11,https://web.joongna.com/product/227994570
쿠쿠 밥솥,229129524,쿠쿠 트윈프레셔 IH 압력밥솥 10인용,135000,3,판매완료,지동,2026-06-12 07:33:36,https://web.joongna.com/product/229129524
쿠쿠 밥솥,223884694,쿠쿠대화력내솥+패킹/6인용/쿠쿠내솥/쿠투패킹/IH압력밥솥,35000,3,판매완료,,2026-06-11 21:11:19,https://web.joongna.com/product/223884694
쿠쿠 밥솥,228929793,쿠쿠 트윈프레셔IH 전기압력밥솥,170000,3,판매완료,,2026-06-11 11:47:42,https://web.joongna.com/product/228929793
쿠쿠 밥솥,229525993,쿠쿠 3인용 트윈프레셔 쁘띠 최상급 압력밥솥 10회 미만 사용,120000,3,판매완료,신내1동,2026-06-11 10:24:45,https://web.joongna.com/product/229525993
쿠쿠 밥솥,229525580,쿠쿠 6인용 IH 압력밥솥 (HSXB0630FB) 저렴하게 판매합니다[본문]쿠쿠 6인용 IH 압력밥솥 판매합니다.기,60000,0,판매중,상계9동,2026-06-11 10:10:40,https://web.joongna.com/product/229525580
쿠쿠 밥솥,229514081,쿠쿠 3인용 IH 압력밥솥,60000,3,판매완료,용호제1동,2026-06-11 07:22:00,https://web.joongna.com/product/229514081
쿠쿠 밥솥,229487155,쿠쿠 전기보온밥솥 30인용 CR-3055B 1460W,65000,3,판매완료,,2026-06-10 06:54:12,https://web.joongna.com/product/229487155
쿠쿠 밥솥,226337452,쿠쿠 전기밥솥 6인용 CR-0685GWM,30000,0,판매중,송산1동,2026-06-09 20:16:52,https://web.joongna.com/product/226337452
쿠쿠 밥솥,229447062,쿠쿠 6인용 전기압력밥솥 새상품,150000,3,판매완료,서부2동,2026-06-08 22:58:23,https://web.joongna.com/product/229447062
쿠쿠 밥솥,228723627,쿠쿠 10인용 전기압력밥솥 JHTS1060FS,70000,3,판매완료,,2026-06-08 10:49:57,https://web.joongna.com/product/228723627
쿠쿠 밥솥,229340335,[밥솥]쿠쿠 35인용 대용량 전기보온밥솥 CR-3515UG,90000,3,판매완료,등촌제1동,2026-06-05 18:14:03,https://web.joongna.com/product/229340335
쿠쿠 밥솥,229256487,쿠쿠 6인용 밥솥,70000,3,판매완료,통진읍,2026-06-04 21:08:25,https://web.joongna.com/product/229256487
쿠쿠 밥솥,229291576,쿠쿠 6인용 ih전기압력밥솥,40000,3,판매완료,세곡동,2026-06-04 10:54:57,https://web.joongna.com/product/229291576
쿠쿠 밥솥,229289474,전기압력밥솥 6인용 쿠쿠,60000,0,판매중,,2026-06-04 09:34:43,https://web.joongna.com/product/229289474
쿠쿠 밥솥,229286600,(미개봉 새제품) 쿠쿠 IH압력밥솥 CRP-BCHF107FW 화이트 10인용,250000,3,판매완료,잠원동,2026-06-04 04:38:27,https://web.joongna.com/product/229286600
쿠쿠 밥솥,229281395,쿠쿠 6인용 ih전기압력밥솥,40000,3,판매완료,세곡동,2026-06-03 22:11:47,https://web.joongna.com/product/229281395
쿠쿠 밥솥,229258431,쿠쿠 10인용 고급 IH 압력밥솥 판매합니다. (모델명: HNXT109FR)출시 당시 비쌋어요 좋은 제품입니다.고급,50000,0,판매중,상계9동,2026-06-03 10:38:49,https://web.joongna.com/product/229258431
쿠쿠 밥솥,227998524,쿠쿠 IH압력밥솥 FHS0610FD 6인용(급처분),105000,0,판매중,,2026-06-01 21:13:57,https://web.joongna.com/product/227998524
쿠쿠 밥솥,229205514,쿠쿠 트원 프레셔 마스터셰프 전기압력밥솥 10인용,180000,3,판매완료,,2026-06-01 18:09:37,https://web.joongna.com/product/229205514
쿠쿠 밥솥,229202756,쿠쿠 일렉트로맨 IH 압력밥솥 10인용 HUF1080SE,100000,0,판매중,오산면,2026-06-01 16:54:36,https://web.joongna.com/product/229202756
쿠쿠 밥솥,229194791,"에어프라이어, 쿠쿠 밥솥, 타코야키 팬, 미니오븐",99999,0,판매중,역삼2동,2026-06-01 12:56:44,https://web.joongna.com/product/229194791
쿠쿠 밥솥,229066963,쿠쿠 6인용 초고압 2기압 풀스텐4.0 밥솥 JHR0660FD,130000,3,판매완료,,2026-06-01 02:37:48,https://web.joongna.com/product/229066963
쿠쿠 밥솥,229176672,전기밥솥 쿠쿠 NHTR1010FGW,410000,0,판매중,송악읍,2026-05-31 21:01:51,https://web.joongna.com/product/229176672
쿠쿠 밥솥,229166925,쿠쿠 스마트 IH 압력밥솥 6인용,70000,3,판매완료,당진1동,2026-05-31 15:49:28,https://web.joongna.com/product/229166925
쿠쿠 밥솥,224883351,"쿠쿠 트윈프레셔 마스터셰프 IH 전기압력밥솥 10인용, CRP-LHTR1010FGBM",310000,3,판매완료,남영동,2026-05-31 08:52:50,https://web.joongna.com/product/224883351
쿠쿠 밥솥,229152308,10인용 쿠쿠 전기밥솥 내솥,28000,3,판매완료,법1동,2026-05-31 04:29:58,https://web.joongna.com/product/229152308
쿠쿠 밥솥,229079484,쿠쿠 IH 압력밥솥 6인용 CRP-HFG0615FI,15000,3,판매완료,방화제1동,2026-05-29 14:30:51,https://web.joongna.com/product/229079484
쿠쿠 밥솥,229072120,쿠쿠 전기밥솥 압력밥솥 IH 밥솥 CRP-FHXB0610FD,80000,0,판매중,대덕동,2026-05-28 17:41:53,https://web.joongna.com/product/229072120
쿠쿠 밥솥,228163489,쿠쿠 압력밥솥 10인용 2중 모션 고무패킹 CCP-DH10,14000,3,판매완료,,2026-05-28 11:15:01,https://web.joongna.com/product/228163489
쿠쿠 밥솥,224147330,쿠쿠 전기밥솥,350000,0,판매중,화곡제3동,2026-05-28 08:43:57,https://web.joongna.com/product/224147330
쿠쿠 밥솥,227855031,쿠쿠 35인용 밥솥,110000,3,판매완료,,2026-05-28 08:42:03,https://web.joongna.com/product/227855031
쿠쿠 밥솥,229035017,쿠쿠 CRP-R067FB 6인용 압력밥솥 (내솥깨끗. 잘됨),20000,3,판매완료,,2026-05-27 16:45:55,https://web.joongna.com/product/229035017
쿠쿠 밥솥,229032665,쿠쿠 ih 전기 압력밥솥,28000,3,판매완료,,2026-05-27 15:42:42,https://web.joongna.com/product/229032665
쿠쿠 밥솥,228717388,쿠쿠 전기밥솥 crp-ohtr0610fwm,400000,0,판매중,건천읍,2026-05-27 14:55:14,https://web.joongna.com/product/228717388
쿠쿠 밥솥,228765398,쿠쿠 전기압력밥솥,169000,0,판매중,삼송2동,2026-05-26 17:06:07,https://web.joongna.com/product/228765398
쿠쿠 밥솥,228988808,쿠쿠전자 압력밥솥 CRP-UT0610FGW 모델,230000,3,판매완료,금촌1동,2026-05-26 11:05:02,https://web.joongna.com/product/228988808
쿠쿠 밥솥,228960838,쿠쿠 10인용 전기압력밥솥 브라운 CRP-P1015FBB,150000,3,판매완료,,2026-05-25 14:08:42,https://web.joongna.com/product/228960838
쿠쿠 밥솥,228959530,쿠쿠 6인용 전기보온 에그밥솥 CR-0675FW,45000,0,판매중,,2026-05-25 13:28:53,https://web.joongna.com/product/228959530
쿠쿠 밥솥,228958288,쿠쿠6인용 압력밥솥 crp-p0610fd. 택포3만원에. 판매,30000,3,판매완료,,2026-05-25 12:55:02,https://web.joongna.com/product/228958288
쿠쿠 밥솥,228925410,쿠쿠 IH 전기압력밥솥 10인용,40000,3,판매완료,상대원1동,2026-05-25 10:05:01,https://web.joongna.com/product/228925410
쿠쿠 밥솥,227527761,쿠쿠 6인용 음성압력밥솥 2019년식,50000,3,판매완료,,2026-05-25 06:06:38,https://web.joongna.com/product/227527761
쿠쿠 밥솥,228943682,쿠쿠 압력밥솥,41000,0,판매중,내손1동,2026-05-24 22:26:03,https://web.joongna.com/product/228943682
쿠쿠 밥솥,228934162,[밥솥]쿠쿠 에그밥솥 6인용 CR-0675FW 판매합니다.,35000,3,판매완료,등촌제1동,2026-05-24 17:07:19,https://web.joongna.com/product/228934162
쿠쿠 밥솥,228287349,쿠쿠 전기압력밥솥 10인용 새상품,150000,3,판매완료,중앙동,2026-05-24 00:51:22,https://web.joongna.com/product/228287349
쿠쿠 밥솥,228910677,쿠쿠 전기압력밥솥 풀 스테인리스 내솥 10인용,100000,0,판매중,,2026-05-23 21:14:13,https://web.joongna.com/product/228910677
쿠쿠 밥솥,223099099,쿠쿠IH 올스텐전기압력밥솥 6인용새생품,255000,3,판매완료,상도제1동,2026-05-23 18:31:58,https://web.joongna.com/product/223099099
쿠쿠 밥솥,228903388,쿠쿠 10인용 밥솥 CR-1075S,50000,3,판매완료,자양제4동,2026-05-23 17:08:32,https://web.joongna.com/product/228903388
쿠쿠 밥솥,228787527,쿠쿠 음성인식 10인용 압력밥솥,45000,1,예약중,망원제2동,2026-05-23 10:54:05,https://web.joongna.com/product/228787527
쿠쿠 밥솥,228856365,쿠쿠 10인용 IH압력밥솥,100000,3,판매완료,상계1동,2026-05-22 10:07:45,https://web.joongna.com/product/228856365
쿠쿠 밥솥,228590762,쿠쿠 IH 압력밥솥 3인용 음성안내,30000,3,판매완료,정관읍,2026-05-22 08:39:04,https://web.joongna.com/product/228590762
쿠쿠 밥솥,228469069,쿠쿠6인용 압력밥솥,29900,1,예약중,호평동,2026-05-21 15:39:01,https://web.joongna.com/product/228469069
쿠쿠 밥솥,217177741,쿠쿠 밥솥(CR-0255MW) 팝니다,30000,0,판매중,,2026-05-21 14:59:40,https://web.joongna.com/product/217177741
쿠쿠 밥솥,228287725,쿠쿠 10인용 IH방식 풀스텐커버 말하는 압력밥솥 HUF105SS 판매 합니다,70000,3,판매완료,가음정동,2026-05-21 14:52:45,https://web.joongna.com/product/228287725
쿠쿠 밥솥,228670331,쿠쿠 6인용 열판방식 분리형 스텐커버 압력밥솥 CRP-N0680SSM 판매합니다,45000,3,판매완료,가음정동,2026-05-21 14:52:36,https://web.joongna.com/product/228670331
쿠쿠 밥솥,228818142,쿠쿠 압력밥솥 6인용,120000,0,판매중,,2026-05-21 07:19:33,https://web.joongna.com/product/228818142
쿠쿠 밥솥,228392557,쿠쿠 10인용 전기압력밥솥 CHP1010FW,90000,3,판매완료,,2026-05-20 18:03:51,https://web.joongna.com/product/228392557
쿠쿠 밥솥,228802521,"[밥솥] 쿠쿠 6인용 전기압력밥솥 화이트+웜실버, 깔끔한 상태",120000,0,판매중,,2026-05-20 17:36:17,https://web.joongna.com/product/228802521
쿠쿠 밥솥,228023906,쿠쿠10인용IH스마트풀스텐압력밥솥AHXB1060FD,51000,3,판매완료,,2026-05-20 09:10:51,https://web.joongna.com/product/228023906
쿠쿠 밥솥,228782592,쿠쿠 CR-3055B 전기보온밥솥 30인용 대용량 제품,80000,3,판매완료,,2026-05-20 06:18:18,https://web.joongna.com/product/228782592
쿠쿠 밥솥,228778291,"쿠쿠 CRP-R1025FBS 10인용 압력밥솥,무료배송",120000,0,판매중,,2026-05-19 23:07:10,https://web.joongna.com/product/228778291
쿠쿠 밥솥,228776957,"쿠쿠 3인용 트윈프레셔 미니 전기압력밥솥,무료배송",140000,3,판매완료,,2026-05-19 22:18:40,https://web.joongna.com/product/228776957
쿠쿠 밥솥,228777688,쿠쿠 6인용 IH압력밥솥 / CRP-DHR0610FS,40000,3,판매완료,,2026-05-19 22:45:08,https://web.joongna.com/product/228777688
쿠쿠 밥솥,228776260,"쿠쿠 트윈프레셔 더 라이트 10인용 전기압력밥솥 그레이스 아이보리, 무료배송",150000,0,판매중,,2026-05-19 21:57:05,https://web.joongna.com/product/228776260
쿠쿠 밥솥,228775102,"쿠쿠 6인용 전기압력밥솥 CRP-R0615FWS 화이트 웜실버,무료배송",120000,0,판매중,,2026-05-19 21:23:09,https://web.joongna.com/product/228775102
쿠쿠 밥솥,228769622,쿠쿠 10인용 전기밥솥 미개봉,150000,0,판매중,,2026-05-19 18:38:34,https://web.joongna.com/product/228769622
쿠쿠 밥솥,228466369,쿠쿠 IH압력밥솥 10인용(택배포함),100000,0,판매중,,2026-05-19 15:57:58,https://web.joongna.com/product/228466369
쿠쿠 밥솥,228743145,쿠쿠 미니 전기 밥솥 1~2인용 판매합니다,17000,3,판매완료,상계2동,2026-05-18 22:48:32,https://web.joongna.com/product/228743145
쿠쿠 밥솥,228702309,쿠쿠 트윈프레셔 IH 6인용 압력밥솥,100000,1,예약중,신중동,2026-05-17 19:47:12,https://web.joongna.com/product/228702309
쿠쿠 밥솥,227878027,쿠쿠 10인용 압력밥솥 PWE106FR,35000,3,판매완료,,2026-05-17 03:37:33,https://web.joongna.com/product/227878027
쿠쿠 밥솥,227911195,쿠쿠 미식 컬렉션 2기압밥솥 EHS0310FW,100000,3,판매완료,,2026-05-17 03:31:15,https://web.joongna.com/product/227911195
쿠쿠 밥솥,225987213,쿠쿠 CRP-ST0615FW 6인용 트 윈프레셔 전기압력밥솥,200000,0,판매중,,2026-05-16 20:00:51,https://web.joongna.com/product/225987213
쿠쿠 밥솥,228168523,[밥솥] 쿠쿠 CRP-P0620FDM 6인용 압력밥솥 / 다이아몬드 코팅 미식컬렉션,65000,1,예약중,가산동,2026-05-16 17:41:42,https://web.joongna.com/product/228168523
쿠쿠 밥솥,228239143,쿠쿠 스마트 IH 압력밥솥 FSH1010FD,45000,3,판매완료,동삼제1동,2026-05-15 23:39:20,https://web.joongna.com/product/228239143
쿠쿠 밥솥,228515454,쿠쿠 전기 밥솥 6인용 CR-06--라인 내솥,10000,3,판매완료,,2026-05-15 03:11:38,https://web.joongna.com/product/228515454
쿠쿠 밥솥,228160172,쿠쿠 밥솥 트윈프레셔 CRP-LHTR1010FGWM,330000,0,판매중,,2026-05-14 16:07:41,https://web.joongna.com/product/228160172
쿠쿠 밥솥,228578427,<새제품>쿠쿠 트윈프레셔 마스터셰프 사일런스 프로 저당밥솥,480000,0,판매중,원효로제2동,2026-05-14 08:48:18,https://web.joongna.com/product/228578427
쿠쿠 밥솥,228523875,전기압력밥솥 6인용 쿠쿠 트윈프레셔 전기압력밥솥 6인용 CRP-ST0610FC 판매합니다~~,81000,3,판매완료,철산3동,2026-05-12 18:02:06,https://web.joongna.com/product/228523875
쿠쿠 밥솥,228172202,쿠쿠 풀스테인레스 6인용 압력밥솥 음성안내,40000,3,판매완료,정관읍,2026-05-12 06:49:27,https://web.joongna.com/product/228172202
쿠쿠 밥솥,228490511,쿠쿠 전기압력밥솥 10인분 UT1010FGW,275000,0,판매중,,2026-05-11 19:29:53,https://web.joongna.com/product/228490511
쿠쿠 밥솥,228483675,쿠쿠 IH 압력밥솥 10인용 CRP-HMXF108SB 감사합니다~~,49000,3,판매완료,철산3동,2026-05-11 16:23:12,https://web.joongna.com/product/228483675
쿠쿠 밥솥,227589305,쿠쿠 6인용 압력밥솥,50000,3,판매완료,,2026-05-11 07:45:41,https://web.joongna.com/product/227589305
쿠쿠 밥솥,228456365,쿠쿠 밥솥 트윈프레셔 마스터세프 저당밥솥 6인용,430000,0,판매중,포곡읍,2026-05-10 20:06:38,https://web.joongna.com/product/228456365
쿠쿠 밥솥,228272642,쿠쿠 에그밥솥 3-4인용 CR-0375FW,23000,3,판매완료,,2026-05-10 11:25:51,https://web.joongna.com/product/228272642
쿠쿠 밥솥,225712143,쿠쿠 전기압력밥솥 6인용,40000,0,판매중,고덕제2동,2026-05-09 17:08:51,https://web.joongna.com/product/225712143
쿠쿠 밥솥,228404525,쿠쿠Crp-hnxg1010fb 압력밥솥,30000,3,판매완료,,2026-05-09 11:00:16,https://web.joongna.com/product/228404525
쿠쿠 밥솥,228392794,쿠쿠 밥솥 10인용 내솥,5000,3,판매완료,,2026-05-08 22:10:34,https://web.joongna.com/product/228392794
쿠쿠 밥솥,228239732,쿠쿠밥솥10인용,39000,3,판매완료,,2026-05-08 14:30:15,https://web.joongna.com/product/228239732
쿠쿠 밥솥,227570302,쿠쿠밥솥 작동잘됩니다,28000,0,판매중,신월1동,2026-05-08 10:14:42,https://web.joongna.com/product/227570302
쿠쿠 밥솥,228131356,쿠쿠 전기밥솥 내솥 10인용,15000,3,판매완료,세곡동,2026-05-07 11:40:30,https://web.joongna.com/product/228131356
쿠쿠 밥솥,228330444,쿠쿠 IH 압력밥솥 EHS0320FW 3인용,80000,0,판매중,신당동,2026-05-07 08:53:02,https://web.joongna.com/product/228330444
쿠쿠 밥솥,228330411,쿠쿠 IH 압력밥솥 FHS0610FD 6인용,60000,3,판매완료,신당동,2026-05-07 08:51:03,https://web.joongna.com/product/228330411
쿠쿠 밥솥,227748579,쿠쿠 IH 6인용 압력 밥솥 CRP-DHS0610FW,200000,3,판매완료,,2026-05-07 02:04:17,https://web.joongna.com/product/227748579
쿠쿠 밥솥,228306130,[밥솥] 쿠쿠 CRP-Q1010FGI 10인용 전기압력밥솥 / Xwall 코팅 우수한 상태,130000,0,판매중,가산동,2026-05-06 14:59:41,https://web.joongna.com/product/228306130
쿠쿠 밥솥,228164985,쿠쿠. 6인용 ih밥솥,70000,3,판매완료,통진읍,2026-05-06 08:12:43,https://web.joongna.com/product/228164985
쿠쿠 밥솥,228275067,쿠쿠 IH 압력밥솥 6인용 CRP-FHR0610FD 판매합니다~~,39000,3,판매완료,철산3동,2026-05-05 17:15:24,https://web.joongna.com/product/228275067
쿠쿠 밥솥,228258432,치치쿠쿠 업소용 전기솥밥 15인분 23년식 렌탈X,1500000,3,판매완료,금곡동,2026-05-05 09:12:44,https://web.joongna.com/product/228258432
쿠쿠 밥솥,228255523,쿠쿠 10인용 IH 밥솥 HMT1061SP,80000,3,판매완료,,2026-05-05 03:23:51,https://web.joongna.com/product/228255523
쿠쿠 밥솥,228242092,쿠쿠 IH압력밥솥 6인용,29000,0,판매중,,2026-05-04 18:18:58,https://web.joongna.com/product/228242092
쿠쿠 밥솥,227966724,쿠쿠압력밥솥,35000,0,판매중,,2026-05-04 17:05:29,https://web.joongna.com/product/227966724
쿠쿠 밥솥,228239843,[밥솥] 쿠쿠 QS1020FGM 10인용 열판압력밥솥 / 다이아몬드코팅 새것같은 상태,160000,0,판매중,가산동,2026-05-04 17:18:53,https://web.joongna.com/product/228239843
쿠쿠 밥솥,227454901,쿠쿠 압력밥솥 전기밥솥 3인용 CRP-TT0310FGW,120000,0,판매중,대덕동,2026-05-03 17:07:46,https://web.joongna.com/product/227454901
쿠쿠 밥솥,228153510,쿠쿠 IH 압력밥솥 (10인용),80000,0,판매중,,2026-05-02 06:38:25,https://web.joongna.com/product/228153510
쿠쿠 밥솥,228153422,쿠쿠 I압력밥솥(6인용),50000,0,판매중,,2026-05-02 06:28:46,https://web.joongna.com/product/228153422
쿠쿠 밥솥,226927563,쿠쿠 트윈프레셔 IH 밥솥 LHTR0620FGW,400000,3,판매완료,영통1동,2026-05-01 19:57:11,https://web.joongna.com/product/226927563
쿠쿠 밥솥,228094216,쿠쿠 IH올스텐 밥솥 박스테이프만 제거 새제품,250000,0,판매중,내손1동,2026-04-30 13:54:10,https://web.joongna.com/product/228094216
쿠쿠 밥솥,227738808,쿠쿠6인용압력밥솥 (21년1월제품),78000,3,판매완료,도봉제2동,2026-04-29 22:27:23,https://web.joongna.com/product/227738808
쿠쿠 밥솥,228051089,쿠쿠IH 압력밥솥 10인용 음성안내,40000,3,판매완료,정관읍,2026-04-29 11:21:37,https://web.joongna.com/product/228051089
쿠쿠 밥솥,228048834,쿠쿠 스마트 IH 10인용 압력밥솥 (CRP-AHXB1060FD) 부품용쿠쿠 스마트 IH 10인용 압력밥솥 판매합니,30000,0,판매중,상계9동,2026-04-29 10:21:31,https://web.joongna.com/product/228048834
쿠쿠 밥솥,228043989,10인용 IH압력밥솥 쿠쿠,32000,3,판매완료,구의제2동,2026-04-29 06:19:37,https://web.joongna.com/product/228043989
쿠쿠 밥솥,227927491,새제품 쿠쿠 전기압력밥솥,130000,3,판매완료,,2026-04-28 21:36:53,https://web.joongna.com/product/227927491
쿠쿠 밥솥,228024444,쿠쿠 6인용 압력밥솥 (FHR0610FD),70000,3,판매완료,화서2동,2026-04-28 16:31:01,https://web.joongna.com/product/228024444
쿠쿠 밥솥,227996526,쿠쿠 트윈프레셔 IH전기압력밥솥/3인용,120000,3,판매완료,반포2동,2026-04-28 12:15:14,https://web.joongna.com/product/227996526
쿠쿠 밥솥,227545520,[새제품]쿠쿠 전기 압력 밥솥,130000,3,판매완료,용현1.4동,2026-04-28 00:21:33,https://web.joongna.com/product/227545520
쿠쿠 밥솥,227981029,쿠쿠 IH압력밥솥 JHP1010FGPS 10인용,270000,3,판매완료,금촌1동,2026-04-27 14:07:29,https://web.joongna.com/product/227981029
쿠쿠 밥솥,227982262,쿠쿠 IH압력밥솥 DHS0610FW,300000,3,판매완료,금촌1동,2026-04-27 14:41:04,https://web.joongna.com/product/227982262
쿠쿠 밥솥,227981423,쿠쿠 6인용 밥솥 CR-0655FR,20000,3,판매완료,방화제1동,2026-04-27 14:17:36,https://web.joongna.com/product/227981423
쿠쿠 밥솥,226896529,쿠쿠 10인용 열판방식 분리형 스텐커버 말하는 압력밥솥 판매합니다,50000,3,판매완료,가음정동,2026-04-27 12:59:48,https://web.joongna.com/product/226896529
쿠쿠 밥솥,227730630,쿠쿠 IH 10인용 전기 압력 밥솥 CRP-JHP1010FGPS 그레이스 핑크 실버,230000,3,판매완료,,2026-04-27 09:58:33,https://web.joongna.com/product/227730630
쿠쿠 밥솥,227967896,쿠쿠 압력밥솥 전기밥솥 6인용 CRP-P0610FD,40000,0,판매중,대덕동,2026-04-27 06:19:32,https://web.joongna.com/product/227967896
쿠쿠 밥솥,227935907,쿠쿠 10 인용 IH압력밥솥/CRP-HWB109FD 팝니다,30000,3,판매완료,포곡읍,2026-04-26 09:46:04,https://web.joongna.com/product/227935907
쿠쿠 밥솥,227934286,쿠쿠 전기밥솥,60000,0,판매중,,2026-04-26 08:29:21,https://web.joongna.com/product/227934286
쿠쿠 밥솥,227425460,쿠쿠 3인용 전기밥솥 CR-0365FR 레드,25000,3,판매완료,,2026-04-26 03:34:18,https://web.joongna.com/product/227425460
쿠쿠 밥솥,227782945,쿠쿠 스마트 IH 밥솥 6인용,120000,3,판매완료,,2026-04-26 03:23:06,https://web.joongna.com/product/227782945
쿠쿠 밥솥,227915126,쿠쿠 IH압력 밥솥 CRP-JHR1060FD 10인용 판매합니다~~,70000,3,판매완료,철산3동,2026-04-25 16:36:22,https://web.joongna.com/product/227915126
쿠쿠 밥솥,224399739,쿠쿠 10인용 압력밥솥 깐바스님산거 재판매 부품용,10000,0,판매중,,2026-04-25 08:10:45,https://web.joongna.com/product/224399739
쿠쿠 밥솥,227882132,쿠쿠 전기 보온 밥솥 3인용,35000,3,판매완료,,2026-04-24 17:32:06,https://web.joongna.com/product/227882132
쿠쿠 밥솥,227864657,(미개봉 새상품)쿠쿠 트윈프레셔 더라이트 6인용 밥솥 판매,200000,3,판매완료,,2026-04-24 09:46:52,https://web.joongna.com/product/227864657
쿠쿠 밥솥,227862989,쿠쿠6인용 IH압력밥솥,70000,0,판매중,,2026-04-24 08:41:54,https://web.joongna.com/product/227862989
쿠쿠 밥솥,227849802,쿠쿠 6인용 전기 밥솥,80000,3,판매완료,부성1동,2026-04-23 19:56:51,https://web.joongna.com/product/227849802
쿠쿠 밥솥,227562245,쿠쿠 6인용 압력밥솥 2021년식,70000,3,판매완료,,2026-04-23 18:24:35,https://web.joongna.com/product/227562245
쿠쿠 밥솥,227214376,쿠쿠 압력밥솥 6인용,9000,3,판매완료,광명5동,2026-04-23 13:44:18,https://web.joongna.com/product/227214376
쿠쿠 밥솥,227820844,미개봉)쿠쿠 사일런스 오브제 밥솥 OHTR1010FWM,220000,0,판매중,,2026-04-23 00:32:45,https://web.joongna.com/product/227820844
쿠쿠 밥솥,227322854,쿠쿠 10인용 마스터셰프 사일런스 밥솥 화이트,400000,3,판매완료,,2026-04-22 18:47:41,https://web.joongna.com/product/227322854
쿠쿠 밥솥,227793929,쿠쿠 미니 전기보온밥솥 6인용 핑크,25000,3,판매완료,지동,2026-04-22 12:24:43,https://web.joongna.com/product/227793929
쿠쿠 밥솥,226625114,쿠쿠 6인용 풀스텐 IH밥솥/BHXB0660FD,90000,3,판매완료,,2026-04-21 10:12:21,https://web.joongna.com/product/226625114
쿠쿠 밥솥,227749638,쿠쿠 전기압력밥솥 6인용,20000,3,판매완료,용현5동,2026-04-21 10:13:55,https://web.joongna.com/product/227749638
쿠쿠 밥솥,227711070,(완료)쿠쿠 압력밥솥 6인용,12345,0,판매중,수진2동,2026-04-20 10:27:13,https://web.joongna.com/product/227711070
쿠쿠 밥솥,224191221,쿠쿠 10인용 밥솥 (우체국운포),56000,3,판매완료,,2026-04-19 09:25:56,https://web.joongna.com/product/224191221
쿠쿠 밥솥,227665303,쿠쿠 6인용 밥솥 그레이스 화이트 CRP-R0695FGW,150000,3,판매완료,화도읍,2026-04-18 22:56:11,https://web.joongna.com/product/227665303
쿠쿠 밥솥,227435555,쿠쿠 6인용 2기압 밥솥/JHR0610FB,120000,3,판매완료,,2026-04-18 19:24:23,https://web.joongna.com/product/227435555
쿠쿠 밥솥,225479424,쿠쿠 10인용 압력밥솥,240000,0,판매중,정관읍,2026-04-18 18:28:16,https://web.joongna.com/product/225479424
쿠쿠 밥솥,227642724,쿠쿠 미니밥솥 CR-0155MG (계란찜용으로 추천) / 내솥 2번 씀.,10000,3,판매완료,신둔면,2026-04-18 12:00:23,https://web.joongna.com/product/227642724
쿠쿠 밥솥,227405015,쿠쿠 전기압력밥솥 6인용 모델명CRP-P0660FD,10000,3,판매완료,,2026-04-18 07:20:47,https://web.joongna.com/product/227405015
쿠쿠 밥솥,227009115,쿠쿠 스마트 IH 압력밥솥 CHP1060FSM,174000,3,판매완료,청라1동,2026-04-16 02:04:54,https://web.joongna.com/product/227009115
쿠쿠 밥솥,227542205,쿠쿠 IH압력밥솥 CRP-CHP1010FD 10인용 판매합니다~~,75000,3,판매완료,철산3동,2026-04-15 17:20:58,https://web.joongna.com/product/227542205
쿠쿠 밥솥,227537329,쿠쿠 전기보온 에그밥솥,50000,0,판매중,,2026-04-15 15:21:47,https://web.joongna.com/product/227537329
쿠쿠 밥솥,227504075,쿠쿠 6인용 압력밥솥,35000,0,판매중,,2026-04-14 18:03:57,https://web.joongna.com/product/227504075
쿠쿠 밥솥,227504286,쿠쿠 SMAT IH10인용 압력밥솥,80000,0,판매중,,2026-04-14 18:09:44,https://web.joongna.com/product/227504286
쿠쿠 밥솥,227492589,쿠쿠 압럭밥솥 증기배출 솔레노이드 밸브,28500,0,판매중,,2026-04-14 13:17:29,https://web.joongna.com/product/227492589
쿠쿠 밥솥,226245466,쿠쿠압력밥솥3인용 내솥 Eco Stainless,40000,3,판매완료,신암1동,2026-04-14 11:20:36,https://web.joongna.com/product/226245466
쿠쿠 밥솥,227471995,쿠쿠 3인용 IH 전기압력밥솥 CRP-EHS0310FW,90000,3,판매완료,,2026-04-13 21:15:03,https://web.joongna.com/product/227471995
쿠쿠 밥솥,227459693,쿠쿠 스마트 압력밥솥 10인용 CHS1010FW 실사용 1개월,190000,3,판매완료,동천동,2026-04-13 16:05:48,https://web.joongna.com/product/227459693
쿠쿠 밥솥,226815755,10인용쿠쿠밥솥,32000,0,판매중,평창동,2026-04-13 16:51:09,https://web.joongna.com/product/226815755
쿠쿠 밥솥,227135012,쿠쿠전자 CRP-DHP0660FSM 6인용 최고급형 전기밥솥,195000,3,판매완료,철마면,2026-04-13 12:10:34,https://web.joongna.com/product/227135012
쿠쿠 밥솥,226596117,쿠쿠 트윈프레셔 마스터쉐프 IH 압력밥솥 10인용,200000,3,판매완료,양포동,2026-04-13 09:10:56,https://web.joongna.com/product/226596117
쿠쿠 밥솥,227417238,쿠쿠 고급형 프리미엄 10인용 압력밥솥 팔아요,50000,3,판매완료,화곡본동,2026-04-13 09:50:43,https://web.joongna.com/product/227417238
쿠쿠 밥솥,227425989,쿠쿠 3인용 압력밥솥,120000,3,판매완료,비산1동,2026-04-12 18:07:05,https://web.joongna.com/product/227425989
쿠쿠 밥솥,227420868,6인용 쿠쿠압력밥솥,50000,0,판매중,정발산동,2026-04-12 15:50:28,https://web.joongna.com/product/227420868
쿠쿠 밥솥,227409117,오래된 쿠쿠10인용밥솥(취소버튼 안됨),20000,0,판매중,,2026-04-12 10:23:12,https://web.joongna.com/product/227409117
쿠쿠 밥솥,227405469,6인용 쿠쿠 스마트 IH 밥솥 DHS067FB 브라운,60000,3,판매완료,구월4동,2026-04-12 07:15:07,https://web.joongna.com/product/227405469
쿠쿠 밥솥,227403446,6인용 쿠쿠밥솥 팝니다,150000,3,판매완료,방촌동,2026-04-12 01:37:08,https://web.joongna.com/product/227403446
쿠쿠 밥솥,226608203,쿠쿠 미니 밥솥 CR-0375FW,28000,3,판매완료,서생면,2026-04-11 10:57:30,https://web.joongna.com/product/226608203
쿠쿠 밥솥,227369378,쿠쿠밥솥 CRP-HVB0680SR 내솥 팝니다.,30000,3,판매완료,,2026-04-11 08:05:33,https://web.joongna.com/product/227369378
쿠쿠 밥솥,226255531,쿠쿠 6인용음성 압력밥솥,70000,3,판매완료,,2026-04-11 08:27:02,https://web.joongna.com/product/226255531
쿠쿠 밥솥,227351622,쿠쿠 트윈프레셔 마스터셰프 10인용 저당밥솥 CRP-LHLR1010FW,220000,0,판매중,금정동,2026-04-10 17:32:16,https://web.joongna.com/product/227351622
쿠쿠 밥솥,227351709,쿠쿠 IH 압력 밥솥 HSXT0610FB 6인용 판매합니다~~,27000,3,판매완료,철산3동,2026-04-10 17:34:12,https://web.joongna.com/product/227351709
쿠쿠 밥솥,227056156,쿠쿠 10인용 트윈프레셔 밥솥,360000,1,예약중,,2026-04-10 17:25:53,https://web.joongna.com/product/227056156
쿠쿠 밥솥,227348711,쿠쿠 트윈프레셔 마스터셰프 6인용 밥솥 CRP-LHTR0610FGWM 그레이스 화이트,180000,3,판매완료,청라3동,2026-04-10 16:20:13,https://web.joongna.com/product/227348711
쿠쿠 밥솥,226946476,쿠쿠 IH압력밥솥 10인용 JHP1010FGPS 새상품,240000,3,판매완료,,2026-04-09 10:32:44,https://web.joongna.com/product/226946476
쿠쿠 밥솥,227192974,쿠쿠 에코미니 2기압 3인용밥솥 EHS0320FW,65000,3,판매완료,,2026-04-09 09:57:02,https://web.joongna.com/product/227192974
쿠쿠 밥솥,227288687,쿠쿠 밥솥 물받이 (6인용) + 증기배출구 청소핀 (일괄판매),7000,3,판매완료,상도제1동,2026-04-09 03:41:13,https://web.joongna.com/product/227288687
쿠쿠 밥솥,227279969,쿠쿠3인용IH압력밥솥,60000,3,판매완료,중앙동,2026-04-09 00:44:00,https://web.joongna.com/product/227279969
쿠쿠 밥솥,227280539,쿠쿠 IH 전기압력밥솥 10인용 CRP-CHB1060FSM,265000,0,판매중,면목제2동,2026-04-08 21:18:48,https://web.joongna.com/product/227280539
쿠쿠 밥솥,227274626,쿠쿠 10인용 HI 압력밥솥,20000,0,판매중,와부읍,2026-04-08 18:28:56,https://web.joongna.com/product/227274626
쿠쿠 밥솥,226730951,[밥솥] 쿠쿠 CRP-HWF1060FB 10인용 IH압력밥솥 / 무쇠내솥 타철명장,150000,0,판매중,가산동,2026-04-08 17:22:05,https://web.joongna.com/product/226730951
쿠쿠 밥솥,227267547,쿠쿠 HVB0680SS 6인용 압력밥솥,80000,0,판매중,오산면,2026-04-08 15:34:29,https://web.joongna.com/product/227267547
쿠쿠 밥솥,227200724,쿠쿠 압력밥솥 (6인용),35000,0,판매중,,2026-04-06 21:29:46,https://web.joongna.com/product/227200724
쿠쿠 밥솥,227164517,쿠쿠 br065fb 6인용밥솥,140000,0,판매중,독산제1동,2026-04-05 23:02:36,https://web.joongna.com/product/227164517
쿠쿠 밥솥,227152275,쿠쿠 IH 압력밥솥 HWXF1070RR 레드 10인용,70000,0,판매중,오산면,2026-04-05 17:09:42,https://web.joongna.com/product/227152275
쿠쿠 밥솥,227114183,쿠쿠 IH압력밥솥 6인용,27000,3,판매완료,,2026-04-04 15:57:06,https://web.joongna.com/product/227114183
쿠쿠 밥솥,226900749,쿠쿠 전기보온밥솥 10인용 (내솥 X),19000,3,판매완료,지동,2026-04-03 10:27:32,https://web.joongna.com/product/226900749
쿠쿠 밥솥,227050455,새제품) 쿠쿠 전기밥솥 CRP-BR065FB,150000,1,예약중,,2026-04-02 21:15:53,https://web.joongna.com/product/227050455
쿠쿠 밥솥,226660728,쿠쿠 압력밥솥 10인용 음성안내,40000,3,판매완료,정관읍,2026-04-02 08:49:41,https://web.joongna.com/product/226660728
쿠쿠 밥솥,226891750,쿠쿠 3인용압력 밥솥,200000,3,판매완료,노량진제1동,2026-04-02 05:17:47,https://web.joongna.com/product/226891750
쿠쿠 밥솥,227009602,(최종가격인하)최고급밥솥. 쿠쿠 마스터셰프 사일런스 6인용 CRP-NHTR0610FT,230000,3,판매완료,매송면,2026-04-01 20:48:35,https://web.joongna.com/product/227009602
쿠쿠 밥솥,226989545,쿠쿠밥솥 CHS108fd,100000,3,판매완료,망원제1동,2026-04-01 12:41:18,https://web.joongna.com/product/226989545
쿠쿠 밥솥,226985706,[ 새상품 할인 ] 쿠쿠 베스트셀러 IH압력밥솥 10인용 CRP-HWF1060FB,170000,3,판매완료,계산4동,2026-04-01 11:03:05,https://web.joongna.com/product/226985706
쿠쿠 밥솥,226656583,쿠쿠 트윈프레셔 마스터셰프 사일런스 오브제 6인용 밥솥,250000,3,판매완료,종로5.6가동,2026-04-01 07:57:49,https://web.joongna.com/product/226656583
쿠쿠 밥솥,226970053,쿠쿠압력밥솥 (6인용),65000,3,판매완료,,2026-03-31 21:35:28,https://web.joongna.com/product/226970053
쿠쿠 밥솥,226322166,쿠쿠압력밥솥 6인용,40000,3,판매완료,,2026-03-31 11:32:12,https://web.joongna.com/product/226322166
쿠쿠 밥솥,226941809,쿠쿠10인용 밥솥,90000,3,판매완료,통진읍,2026-03-31 09:49:05,https://web.joongna.com/product/226941809
쿠쿠 밥솥,226923213,쿠쿠전기압력밥솥 10인용,150000,0,판매중,,2026-03-30 18:54:17,https://web.joongna.com/product/226923213
쿠쿠 밥솥,226809129,쿠쿠 IH압력밥솥 10인용 HUF1060SD,17000,3,판매완료,방화제1동,2026-03-30 13:15:55,https://web.joongna.com/product/226809129
쿠쿠 밥솥,226706670,쿠쿠 압력밥솥 6인용 전기밥솥 IH압력밥솥 CRP-FHS0610FD,70000,3,판매완료,대덕동,2026-03-30 08:25:42,https://web.joongna.com/product/226706670
쿠쿠 밥솥,226810986,쿠쿠 10인용 IH전기밥솥,30000,3,판매완료,세곡동,2026-03-29 13:05:22,https://web.joongna.com/product/226810986
쿠쿠 밥솥,226865260,쿠쿠 6인용 IH전기압력밥솥 CRP-FHXB0610FD,100000,0,판매중,별내동,2026-03-29 10:01:23,https://web.joongna.com/product/226865260
쿠쿠 밥솥,226862100,쿠쿠 IH 압력밥솥 10인용,40000,1,예약중,운중동,2026-03-29 07:12:11,https://web.joongna.com/product/226862100
쿠쿠 밥솥,224270479,쿠쿠 3인용 전기밥솥,140000,0,판매중,고척제1동,2026-03-28 19:56:24,https://web.joongna.com/product/224270479
쿠쿠 밥솥,226574886,쿠쿠 CRP-PHFFLR0610FGW 사일런스 프로 밥솥,500000,3,판매완료,대야동,2026-03-28 17:05:52,https://web.joongna.com/product/226574886
쿠쿠 밥솥,226840031,쿠쿠압력밥솥 10인용,65000,3,판매완료,,2026-03-28 15:12:28,https://web.joongna.com/product/226840031
쿠쿠 밥솥,226659599,쿠쿠 밥솥 10인용 트윈프레셔,150000,3,판매완료,사당제1동,2026-03-28 11:46:45,https://web.joongna.com/product/226659599
쿠쿠 밥솥,226820126,쿠쿠 스마트 IH 압력밥솥 6인용,25000,3,판매완료,삼송2동,2026-03-27 22:58:40,https://web.joongna.com/product/226820126
쿠쿠 밥솥,226793045,30인용 전기압력밥솥 쿠쿠,60000,3,판매완료,화도읍,2026-03-27 10:54:26,https://web.joongna.com/product/226793045
쿠쿠 밥솥,226764525,[밥솥] 쿠쿠 6인용 IH전기압력밥솥 / 다이아쉴드내솥 / 새것 같은 상태,150000,0,판매중,가산동,2026-03-26 15:32:08,https://web.joongna.com/product/226764525
쿠쿠 밥솥,226755410,쿠쿠 6인용 트윈 압력 밥솥 ST0615FW 모델,190000,3,판매완료,금촌1동,2026-03-26 11:45:17,https://web.joongna.com/product/226755410
쿠쿠 밥솥,225596550,쿠쿠전자 6인용 밥솥 CRP-OHTR0610FWM,330000,0,판매중,초월읍,2026-03-25 11:05:02,https://web.joongna.com/product/225596550
쿠쿠 밥솥,226691158,쿠쿠IH 전기압력밥솥 10인용,100000,3,판매완료,,2026-03-24 18:41:20,https://web.joongna.com/product/226691158
쿠쿠 밥솥,226673425,"IH압력밥솥 10인용,쿠쿠",65000,0,판매중,,2026-03-24 11:21:55,https://web.joongna.com/product/226673425
쿠쿠 밥솥,226642640,쿠쿠 사일런스 오브제 저당밥솥 10인용 새상품 판매합니다. (CRP-OHFFLR1010FGW),420000,3,판매완료,,2026-03-23 15:35:02,https://web.joongna.com/product/226642640
쿠쿠 밥솥,226602548,쿠쿠(cuckoo) 밥솥 판매합니다,70000,0,판매중,문래동,2026-03-22 15:19:02,https://web.joongna.com/product/226602548
쿠쿠 밥솥,226579163,쿠쿠 압력밥솥 CRP-HJG0611FP 6인용,20000,3,판매완료,하안2동,2026-03-21 21:29:12,https://web.joongna.com/product/226579163
쿠쿠 밥솥,226575700,쿠쿠 본사직영 10인용 올스텐내솥 IH전기압력밥솥,190000,3,판매완료,송파2동,2026-03-21 19:47:24,https://web.joongna.com/product/226575700
쿠쿠 밥솥,226549733,쿠쿠 3인용 IH 음성안내 전기압력밥솥 정상작동,40000,3,판매완료,,2026-03-21 06:02:20,https://web.joongna.com/product/226549733
쿠쿠 밥솥,226533884,쿠쿠 17인용 전기보온밥솥 CR-1755B,35000,3,판매완료,,2026-03-20 17:44:18,https://web.joongna.com/product/226533884
쿠쿠 밥솥,226510104,쿠쿠 풀스텐리스밥솥6인용DHR0610FS,60000,3,판매완료,위례동,2026-03-20 01:40:46,https://web.joongna.com/product/226510104
쿠쿠 밥솥,226481431,쿠쿠 IH압력밥솥 10인용 JHR1020FD,70000,3,판매완료,운정2동,2026-03-19 12:02:44,https://web.joongna.com/product/226481431
쿠쿠 밥솥,226171160,쿠쿠 블랙스톤 압력밥솥 6인용,65000,3,판매완료,지동,2026-03-19 10:20:16,https://web.joongna.com/product/226171160
쿠쿠 밥솥,226471471,쿠쿠압력밥솥 10인용30000,30000,0,판매중,,2026-03-19 02:35:34,https://web.joongna.com/product/226471471
쿠쿠 밥솥,226468146,쿠쿠 6인용 트윈프레셔 IH압력밥솥(인천 송도),140000,3,판매완료,송도4동,2026-03-18 23:27:36,https://web.joongna.com/product/226468146
쿠쿠 밥솥,226449035,쿠쿠 10인용 압력밥솥 (CRP-QS10) 부품용으로 팝니다23년 8월 제조된 거의 신품급 쿠쿠 압력밥솥입니다.작동,40000,0,판매중,상계9동,2026-03-18 15:27:28,https://web.joongna.com/product/226449035
쿠쿠 밥솥,226425693,쿠쿠 IH압력밥솥 10인용,90000,0,판매중,,2026-03-17 22:27:48,https://web.joongna.com/product/226425693
쿠쿠 밥솥,226425514,쿠쿠 SMART IH압력밥솥 10인용,120000,3,판매완료,,2026-03-17 22:23:22,https://web.joongna.com/product/226425514
쿠쿠 밥솥,226421847,쿠쿠 IH압력밥솥 10인용 CRP-HMXT1071SB,15000,3,판매완료,방화제1동,2026-03-17 20:57:04,https://web.joongna.com/product/226421847
쿠쿠 밥솥,225457197,쿠쿠 6인용 풀스텐 밥솥/DHS068FD,100000,3,판매완료,,2026-03-17 09:27:43,https://web.joongna.com/product/225457197
쿠쿠 밥솥,226255647,쿠쿠 10인용 음성 압력밥솥,90000,3,판매완료,,2026-03-16 18:43:25,https://web.joongna.com/product/226255647
쿠쿠 밥솥,226370563,쿠쿠 HI 전기압력밥솥,150000,3,판매완료,구월1동,2026-03-16 16:28:17,https://web.joongna.com/product/226370563
쿠쿠 밥솥,226369639,쿠쿠 전기밥솥 30인용 CR-3031V,50000,0,판매중,동탄6동,2026-03-16 16:07:04,https://web.joongna.com/product/226369639
쿠쿠 밥솥,226331887,쿠쿠 6인용 에그 밥솥 CR-0675FW,40000,0,판매중,,2026-03-15 16:53:42,https://web.joongna.com/product/226331887
쿠쿠 밥솥,225943395,쿠쿠 10인용 IH압력밥솥 CHS108FD,125000,3,판매완료,,2026-03-15 03:41:33,https://web.joongna.com/product/225943395
쿠쿠 밥솥,226304302,정가60만원대 쿠쿠 IH압력밥솥 10인용 KHTS1060FD,100000,3,판매완료,산격4동,2026-03-14 20:55:10,https://web.joongna.com/product/226304302
쿠쿠 밥솥,226304443,쿠쿠 10인용 IH 전기압력밥솥 CRP-CHS108FD 풀스텐인리스 판매합니다~~,71000,3,판매완료,철산3동,2026-03-14 20:59:18,https://web.joongna.com/product/226304443
쿠쿠 밥솥,226019155,쿠쿠 전기압력밥솥,40000,0,판매중,조치원읍,2026-03-14 17:27:49,https://web.joongna.com/product/226019155
쿠쿠 밥솥,222248408,쿠쿠 IH압력밥솥 10인용(BCHF107FW),300000,0,판매중,중계4동,2026-03-14 00:36:04,https://web.joongna.com/product/222248408
쿠쿠 밥솥,226267841,쿠쿠 10인용 열판방식 분리형 스텐커버 말하는 압력밥솥 판매합니다,60000,3,판매완료,가음정동,2026-03-13 21:09:21,https://web.joongna.com/product/226267841
쿠쿠 밥솥,225138646,쿠쿠 ih 10인용 전기 밥솥 kht1010fb,80000,0,판매중,성현동,2026-03-13 09:52:54,https://web.joongna.com/product/225138646
쿠쿠 밥솥,222933884,쿠쿠6인용압력밥솥,40000,3,판매완료,광명5동,2026-03-12 16:31:21,https://web.joongna.com/product/222933884
쿠쿠 밥솥,226215923,쿠쿠 압력밥솥 10인용 CRP-QS1010FG,45000,3,판매완료,성곡동,2026-03-12 15:32:39,https://web.joongna.com/product/226215923
쿠쿠 밥솥,220248349,쿠쿠압력밥솥,430000,0,판매중,성북동,2026-03-12 12:40:56,https://web.joongna.com/product/220248349
쿠쿠 밥솥,220242104,쿠쿠압력밥솥CRP-LHTAR0610FGI,330000,0,판매중,성북동,2026-03-12 12:40:49,https://web.joongna.com/product/220242104
쿠쿠 밥솥,226201303,쿠쿠 10인용 전기압력밥솥,60000,3,판매완료,상계1동,2026-03-12 09:03:05,https://web.joongna.com/product/226201303
쿠쿠 밥솥,226180914,쿠쿠 전기밥솥 압력밥솥 3인용,100000,3,판매완료,,2026-03-11 17:42:16,https://web.joongna.com/product/226180914
쿠쿠 밥솥,225250131,쿠쿠 6인용 압력밥솥/FA0660SI,27000,3,판매완료,,2026-03-11 03:13:47,https://web.joongna.com/product/225250131
쿠쿠 밥솥,226106203,쿠쿠 압력밥솥 6인용 CRP-P0610FD,50000,3,판매완료,사당제1동,2026-03-11 01:06:32,https://web.joongna.com/product/226106203
쿠쿠 밥솥,225529693,10인용 IH압력밥솥 쿠쿠(CHP1010FD),37000,3,판매완료,,2026-03-10 17:18:21,https://web.joongna.com/product/225529693
쿠쿠 밥솥,226134744,(오늘만/덤 증정) 쿠쿠 10인용 IH 압력밥솥 (지난달 구입 정품/인증첨부),178000,3,판매완료,서초1동,2026-03-10 15:20:13,https://web.joongna.com/product/226134744
쿠쿠 밥솥,225973098,"(미개봉, 새상품)쿠쿠 10인용 전기밥솥 P1015FBB (택포 12.5만)",125000,3,판매완료,능곡동,2026-03-09 12:20:27,https://web.joongna.com/product/225973098
쿠쿠 밥솥,226082333,쿠쿠 10인용 전기밥솥 내솥(새제품),50000,3,판매완료,,2026-03-09 09:56:05,https://web.joongna.com/product/226082333
쿠쿠 밥솥,225792909,쿠쿠 2인용 미니 밥솥 화이트 CR-0215MW 팝니다.,38000,3,판매완료,장전제1동,2026-03-09 09:56:50,https://web.joongna.com/product/225792909
쿠쿠 밥솥,224274973,쿠쿠 6인용 전기밥솥 CR-3512,25000,0,판매중,고천동,2026-03-09 01:24:53,https://web.joongna.com/product/224274973
쿠쿠 밥솥,225645375,"쿠쿠6인용다이아쉴드밥솥내솥,쿠쿠6인용내솥,쿠쿠내솥6인용,6인용내솥",10000,3,판매완료,신봉동,2026-03-08 20:40:55,https://web.joongna.com/product/225645375
쿠쿠 밥솥,226068524,쿠쿠 전기보온밥솥 3인용,30000,3,판매완료,,2026-03-08 20:48:24,https://web.joongna.com/product/226068524
쿠쿠 밥솥,226065832,쿠쿠 SMART IH압력밥솥 (6인용),90000,3,판매완료,,2026-03-08 19:42:32,https://web.joongna.com/product/226065832
쿠쿠 밥솥,226046403,쿠쿠 6인용 전기밥솥 BHXB0660FD 판매합니다,8000,3,판매완료,,2026-03-08 11:34:45,https://web.joongna.com/product/226046403
쿠쿠 밥솥,226025856,CR-0375FW 쿠쿠 에그밥솥 전기보온밥솥 3인용,45000,1,예약중,구의제3동,2026-03-07 19:07:03,https://web.joongna.com/product/226025856
쿠쿠 밥솥,225403246,쿠쿠 전기밥솥 6인용,40000,0,판매중,문학동,2026-03-07 13:23:12,https://web.joongna.com/product/225403246
쿠쿠 밥솥,225715399,쿠쿠 트윈프레셔 IH압력밥솥 10인용 LHTR1010FGB,300000,0,판매중,방이1동,2026-03-07 10:17:26,https://web.joongna.com/product/225715399
쿠쿠 밥솥,225796392,쿠쿠 IH 전기압력밥솥 10인용 미개봉 새상품 오늘만 이가격 배송지변경,235000,3,판매완료,,2026-03-07 02:27:46,https://web.joongna.com/product/225796392
쿠쿠 밥솥,225992675,쿠쿠 SMART IH 압력밥솥 (10이뇽),80000,3,판매완료,,2026-03-06 21:15:24,https://web.joongna.com/product/225992675
쿠쿠 밥솥,225968239,쿠쿠 전기압력밥솥 10인용,100000,0,판매중,등촌제1동,2026-03-06 10:03:35,https://web.joongna.com/product/225968239
쿠쿠 밥솥,225968413,쿠쿠 2~3인용 전기압력밥솥,10000,3,판매완료,등촌제1동,2026-03-06 10:09:31,https://web.joongna.com/product/225968413
쿠쿠 밥솥,225956793,쿠쿠전자 10인용 IH 트윈프레셔 마스터셰프 전기 압력 밥솥(CRP-LHTR1010FWM),280000,0,판매중,교하동,2026-03-05 21:58:42,https://web.joongna.com/product/225956793
쿠쿠 밥솥,225956077,쿠쿠10인용 압력밥솥,50000,0,판매중,,2026-03-05 21:39:01,https://web.joongna.com/product/225956077
쿠쿠 밥솥,225955960,쿠쿠6인용 FullStainless압력밥솥,65000,3,판매완료,,2026-03-05 21:36:27,https://web.joongna.com/product/225955960
쿠쿠 밥솥,224796293,플럭스(쿠쿠)6인용 IH압력밥솥 새제품,200000,3,판매완료,,2026-03-05 19:40:11,https://web.joongna.com/product/224796293
쿠쿠 밥솥,225947786,쿠쿠 전기보온밥솥 CR-3031N,70000,0,판매중,인창동,2026-03-05 18:09:23,https://web.joongna.com/product/225947786
쿠쿠 밥솥,225342047,쿠쿠 10인용 압력밥솥 미개봉 새상품 CRP-LHTR1020FGW,450000,3,판매완료,,2026-03-05 17:13:16,https://web.joongna.com/product/225342047
쿠쿠 밥솥,225766414,쿠쿠 10인용 전기압력밥솥 KHTS1060FD,85000,3,판매완료,,2026-03-05 10:26:22,https://web.joongna.com/product/225766414
쿠쿠 밥솥,225745726,쿠쿠 풀스테인리스 압력밥솥 10인용,50000,3,판매완료,,2026-03-04 20:36:29,https://web.joongna.com/product/225745726
쿠쿠 밥솥,225895181,쿠쿠 10인용 밥솥 CRP-CHP1010FD,150000,0,판매중,망우본동,2026-03-04 12:14:15,https://web.joongna.com/product/225895181
쿠쿠 밥솥,225872134,쿠쿠 6인용 밥솥 crp-jhts0660fb,80000,3,판매완료,반포2동,2026-03-03 18:37:49,https://web.joongna.com/product/225872134
쿠쿠 밥솥,225863982,쿠쿠 DHR0610FS 전기밥솥,80000,3,판매완료,운정1동,2026-03-03 15:01:30,https://web.joongna.com/product/225863982
쿠쿠 밥솥,225842816,쿠쿠 6인용 스마트IH방식 분리형 풀스텐커버 압력밥솥 판매합니다,65000,3,판매완료,가음정동,2026-03-02 21:48:17,https://web.joongna.com/product/225842816
쿠쿠 밥솥,225374550,쿠쿠 CR-1010FB 밥솥 10인용,50000,3,판매완료,,2026-03-02 10:32:47,https://web.joongna.com/product/225374550
쿠쿠 밥솥,225808508,쿠쿠 IH10인용 압력밥솥 내솥,150000,3,판매완료,신평제1동,2026-03-02 00:17:34,https://web.joongna.com/product/225808508
쿠쿠 밥솥,225801262,쿠쿠 트윈프레셔 마스터셰프 밥솥 6인용,120000,3,판매완료,광교1동,2026-03-01 20:49:55,https://web.joongna.com/product/225801262
쿠쿠 밥솥,224825214,쿠쿠 10인용 IH 밥솥/ HMF1011FR,34000,3,판매완료,,2026-03-01 17:20:23,https://web.joongna.com/product/224825214
쿠쿠 밥솥,225736817,쿠쿠 3인용 IH밥솥 HQXT0313FO,60000,3,판매완료,,2026-03-01 17:19:16,https://web.joongna.com/product/225736817
쿠쿠 밥솥,221122145,새상품 정품 쿠쿠블랙스톤 10인용전기밥솥 CRP-BR105FB,159990,1,예약중,,2026-03-01 13:47:33,https://web.joongna.com/product/221122145
쿠쿠 밥솥,225786112,쿠쿠IH 압력밥솥 6인용,120000,3,판매완료,선부3동,2026-03-01 13:54:10,https://web.joongna.com/product/225786112
쿠쿠 밥솥,225779458,쿠쿠 10인용 밥솥 CR-1010FB 모델입니다,45000,3,판매완료,중동,2026-03-01 10:41:42,https://web.joongna.com/product/225779458
쿠쿠 밥솥,225766527,쿠쿠 IH10인용압력밥솥,73000,3,판매완료,도봉제2동,2026-03-01 10:00:10,https://web.joongna.com/product/225766527
쿠쿠 밥솥,225203179,쿠쿠 10인용 스마트 IH 전기압력밥솥,130000,3,판매완료,송정동,2026-02-28 19:29:35,https://web.joongna.com/product/225203179
쿠쿠 밥솥,225761011,쿠쿠 사일런스오브제 저당밥솥 6인용 새상품,380000,3,판매완료,,2026-02-28 18:36:31,https://web.joongna.com/product/225761011
쿠쿠 밥솥,225525224,쿠쿠 CRP-R067FP 6인용 압력밥솥,38000,3,판매완료,,2026-02-28 11:16:43,https://web.joongna.com/product/225525224
쿠쿠 밥솥,225732474,물샘현상]쿠쿠 10인용 압력밥솥 CRP-QS107FG,15000,3,판매완료,방화제1동,2026-02-27 22:24:23,https://web.joongna.com/product/225732474
쿠쿠 밥솥,225711347,쿠쿠 6인용 압력밥솥,49000,3,판매완료,,2026-02-27 12:29:12,https://web.joongna.com/product/225711347
쿠쿠 밥솥,225708517,쿠쿠밥솥 6인용,85000,3,판매완료,,2026-02-27 11:09:38,https://web.joongna.com/product/225708517
쿠쿠 밥솥,225702202,쿠쿠 6인용 2기압 밥솥/DHP0610FD,90000,3,판매완료,,2026-02-27 03:00:58,https://web.joongna.com/product/225702202
쿠쿠 밥솥,225444217,쿠쿠 밥솥 6인,85000,3,판매완료,현동,2026-02-26 19:28:13,https://web.joongna.com/product/225444217
쿠쿠 밥솥,225684214,쿠쿠 IH 압력밥솥 (10인용),80000,3,판매완료,,2026-02-26 16:57:20,https://web.joongna.com/product/225684214
쿠쿠 밥솥,225683222,쿠쿠 6인용 밥솥(내솥 없음),40000,0,판매중,북가좌제1동,2026-02-26 16:32:39,https://web.joongna.com/product/225683222
쿠쿠 밥솥,225682515,쿠쿠10인 압력밥솥,30000,3,판매완료,,2026-02-26 16:14:44,https://web.joongna.com/product/225682515
쿠쿠 밥솥,225651550,쿠쿠IH압력밥솥 10인용,30000,3,판매완료,정관읍,2026-02-25 19:40:05,https://web.joongna.com/product/225651550
쿠쿠 밥솥,223421007,새상품 정품 쿠쿠블랙스톤 6인용전기밥솥 CRP-BR065FB,137900,3,판매완료,,2026-02-25 00:43:23,https://web.joongna.com/product/223421007
쿠쿠 밥솥,225599227,쿠쿠 2인용 전기밥솥,25000,3,판매완료,,2026-02-24 13:54:46,https://web.joongna.com/product/225599227
쿠쿠 밥솥,225596110,쿠쿠 35인용 업소용 전기밥솥,50000,3,판매완료,,2026-02-24 12:33:00,https://web.joongna.com/product/225596110
쿠쿠 밥솥,225581150,쿠쿠스마트 IH압력밥솥 10인용 KHTS1060FDㅡ,70000,3,판매완료,신암1동,2026-02-23 22:35:39,https://web.joongna.com/product/225581150
쿠쿠 밥솥,225371185,미개봉 새상품 밥솥 쿠쿠 마스터셰프 10인용 CRP-NHTR1020FGH 10인용,430000,3,판매완료,치평동,2026-02-23 22:32:21,https://web.joongna.com/product/225371185
쿠쿠 밥솥,225168258,쿠쿠 6인용 스마트IH 압력 밥솥 DHP0610F,70000,3,판매완료,성복동,2026-02-23 18:29:27,https://web.joongna.com/product/225168258
쿠쿠 밥솥,225536961,쿠쿠 미니 전기보온 밥솥 3인용,23000,3,판매완료,지동,2026-02-22 20:20:23,https://web.joongna.com/product/225536961
쿠쿠 밥솥,223878325,6인용 압력밥솥쿠쿠압력밥솥ㅡ내솥없음,6500,3,판매완료,,2026-02-21 17:48:10,https://web.joongna.com/product/223878325
쿠쿠 밥솥,225465383,전기압력밥솥 6인용쿠쿠 풀스테인리스 6인용 전기압력밥솥*거의새거,110000,3,판매완료,동대신제1동,2026-02-20 21:25:09,https://web.joongna.com/product/225465383
쿠쿠 밥솥,225393544,쿠쿠 IH압력밥솥 6인용 DHXB0610FS,61000,3,판매완료,,2026-02-20 15:43:14,https://web.joongna.com/product/225393544
쿠쿠 밥솥,225434724,쿠쿠 전기 압력밥솥(6인용) CRP-P0660FD,45000,3,판매완료,개봉제3동,2026-02-20 00:50:36,https://web.joongna.com/product/225434724
쿠쿠 밥솥,225434708,쿠쿠 6인용 압력밥솥 N0680SR,30000,3,판매완료,,2026-02-20 00:49:55,https://web.joongna.com/product/225434708
쿠쿠 밥솥,225308688,쿠쿠 3인용 IH밥솥/HQXT0313FR,60000,3,판매완료,,2026-02-19 04:27:10,https://web.joongna.com/product/225308688
쿠쿠 밥솥,224982333,쿠쿠 IH 3인용 밥솥 CRP-EHS0320FS,70000,3,판매완료,가장동,2026-02-18 19:28:55,https://web.joongna.com/product/224982333
쿠쿠 밥솥,224911578,쿠쿠압력밥솥6인용30000,30000,0,판매중,,2026-02-18 17:45:30,https://web.joongna.com/product/224911578
쿠쿠 밥솥,225378256,쿠쿠 마스터셰프 6인용 밥솥 CRP-NHTR0610FW,150000,3,판매완료,운서동,2026-02-18 15:21:58,https://web.joongna.com/product/225378256
쿠쿠 밥솥,225370302,쿠쿠 10인용 스텐 전기밥솥 ih.,205000,0,판매중,정왕본동,2026-02-18 11:34:02,https://web.joongna.com/product/225370302
쿠쿠 밥솥,225364020,쿠쿠 밥솥 물받이 (6인용) + 증기배출구 청소핀 (일괄판매),7000,3,판매완료,상도제1동,2026-02-18 02:05:59,https://web.joongna.com/product/225364020
쿠쿠 밥솥,225344535,쿠쿠 트윈프레셔 3인용 전기압력밥솥,89000,3,판매완료,,2026-02-17 12:59:14,https://web.joongna.com/product/225344535
쿠쿠 밥솥,224633287,쿠쿠 10인용 2기압 메탈릭 압력밥솥 CHP1010FD,130000,3,판매완료,,2026-02-17 01:30:34,https://web.joongna.com/product/224633287
쿠쿠 밥솥,225010478,쿠쿠전자 검증된 가성비 CRP-HWF1060FB 전기밥솥(새상품/미개봉),155000,3,판매완료,철마면,2026-02-16 08:36:33,https://web.joongna.com/product/225010478
쿠쿠 밥솥,225148215,쿠쿠전기압력밥솥,52000,3,판매완료,,2026-02-16 06:32:06,https://web.joongna.com/product/225148215
쿠쿠 밥솥,225291711,쿠쿠 전기밥솥,100000,3,판매완료,청라3동,2026-02-15 14:14:36,https://web.joongna.com/product/225291711
쿠쿠 밥솥,224822699,쿠쿠 10인용 IH압력밥솥 HDT108SG,35000,3,판매완료,,2026-02-15 11:12:50,https://web.joongna.com/product/224822699
쿠쿠 밥솥,225276865,쿠쿠 전기밥솥,18000,3,판매완료,,2026-02-14 22:25:09,https://web.joongna.com/product/225276865
쿠쿠 밥솥,225212653,쿠쿠압력밥솥패킹(ccp-10),6000,3,판매완료,,2026-02-12 21:52:39,https://web.joongna.com/product/225212653
쿠쿠 밥솥,224822367,쿠쿠 6인용 전기밥솥 큐티망고 CR-0632FV,17000,3,판매완료,,2026-02-12 21:19:53,https://web.joongna.com/product/224822367
쿠쿠 밥솥,225194749,쿠쿠 대형 전기밥솥 SR-2212S,20000,3,판매완료,광장동,2026-02-12 13:29:34,https://web.joongna.com/product/225194749
쿠쿠 밥솥,225178152,쿠쿠 23년식 6인용 전기압력밥솥,100000,0,판매중,진접읍,2026-02-11 22:50:27,https://web.joongna.com/product/225178152
쿠쿠 밥솥,225176720,쿠쿠전기압력밥솥 24인용,28000,3,판매완료,별양동,2026-02-11 22:09:29,https://web.joongna.com/product/225176720
쿠쿠 밥솥,224905631,쿠쿠 6인용 스마트IH 압력 밥솥 DHP0610FD,70000,3,판매완료,성복동,2026-02-11 18:06:00,https://web.joongna.com/product/224905631
쿠쿠 밥솥,224889190,쿠쿠6인용 IH압력밥솥,55000,3,판매완료,,2026-02-11 17:05:59,https://web.joongna.com/product/224889190
쿠쿠 밥솥,225162851,쿠쿠 6인용 밥솥 내솥+고장난 밥솥 CRP-R069FP,10000,1,예약중,방화제1동,2026-02-11 15:48:11,https://web.joongna.com/product/225162851
쿠쿠 밥솥,225147701,쿠쿠 IH압력밥솥 CHS1010FS,80000,3,판매완료,신암1동,2026-02-11 07:57:01,https://web.joongna.com/product/225147701
쿠쿠 밥솥,225116662,쿠쿠10인용 스마트IH압력밥솥 35000원,35000,3,판매완료,,2026-02-11 07:10:03,https://web.joongna.com/product/225116662
쿠쿠 밥솥,225136633,쿠쿠 IH 3인용 전기압력밥솥 EHS0320 FSM,170000,3,판매완료,은행동,2026-02-10 20:57:51,https://web.joongna.com/product/225136633
쿠쿠 밥솥,224537680,쿠쿠 3인용 IH 밥솥/HQXT0310FP,40000,3,판매완료,,2026-02-10 17:50:48,https://web.joongna.com/product/224537680
쿠쿠 밥솥,225045798,(실사용 적음)쿠쿠 6인용 IH 압력밥솥 CRP-DHP0610FD,50000,3,판매완료,일직동,2026-02-10 16:28:56,https://web.joongna.com/product/225045798
쿠쿠 밥솥,225124124,쿠쿠6인용 밥솥 팝니다쿠쿠6인용 밥솥은 대구수성동아백화점에서 저거 나올당시에 비싸게 주고 샀습니다. 작동은 잘 됩니,30000,3,판매완료,지산1동,2026-02-10 15:13:15,https://web.joongna.com/product/225124124
쿠쿠 밥솥,225099858,쿠쿠 6인용 압력밥솥,35000,3,판매완료,반포1동,2026-02-09 21:08:56,https://web.joongna.com/product/225099858
쿠쿠 밥솥,225096254,쿠쿠 10인용 열판방식 분리형 풀스텐커버 말하는 압력밥솥 판매합니다,50000,3,판매완료,가음정동,2026-02-09 19:34:26,https://web.joongna.com/product/225096254
쿠쿠 밥솥,225078943,쿠쿠 밥솥 내솥 10인용 다이아몬드 코팅,59876,3,판매완료,,2026-02-09 12:02:34,https://web.joongna.com/product/225078943
쿠쿠 밥솥,225078003,쿠쿠 3인용 IH 밥솥,140000,0,판매중,,2026-02-09 11:35:17,https://web.joongna.com/product/225078003
쿠쿠 밥솥,223586784,쿠쿠 6인용 압력밥솥 판매합니다. (IH압력밥솥 BHXB0660FD 모델),100000,3,판매완료,,2026-02-08 23:31:11,https://web.joongna.com/product/223586784
쿠쿠 밥솥,225023373,쿠쿠 3인용 에코 프리미엄 IH 스텐내솥 말하는 압력밥솥 판매합니다,80000,3,판매완료,가음정동,2026-02-08 13:53:21,https://web.joongna.com/product/225023373
쿠쿠 밥솥,224278160,쿠쿠 SMART IH압력밥솥 10인용,70000,3,판매완료,신암1동,2026-02-07 21:29:56,https://web.joongna.com/product/224278160
쿠쿠 밥솥,225006775,쿠쿠전기밥솥 내솥 10인용,70000,3,판매완료,신당제5동,2026-02-07 15:51:18,https://web.joongna.com/product/225006775
쿠쿠 밥솥,225012120,쿠쿠6인용 밥솥 팝니다,30000,3,판매완료,지산1동,2026-02-07 15:09:41,https://web.joongna.com/product/225012120
쿠쿠 밥솥,224821657,쿠쿠 6인용 전기밥솥 CR-0655FR,20000,3,판매완료,,2026-02-06 23:36:09,https://web.joongna.com/product/224821657
쿠쿠 밥솥,224829781,쿠쿠 6인용 IH 전기압력밥솥 JHR0660FBM (2021년 형),110000,3,판매완료,,2026-02-06 16:04:56,https://web.joongna.com/product/224829781
쿠쿠 밥솥,224828930,쿠쿠1 0인용 압력밥솥,90000,3,판매완료,통진읍,2026-02-05 08:49:36,https://web.joongna.com/product/224828930
쿠쿠 밥솥,224537603,쿠쿠 6인용 압력밥솥/N0610FP,38000,3,판매완료,,2026-02-05 02:08:06,https://web.joongna.com/product/224537603
쿠쿠 밥솥,224499877,쿠쿠 10인용 IH압력밥솥(CHXB1010FS),60000,3,판매완료,여의동,2026-02-04 22:50:39,https://web.joongna.com/product/224499877
쿠쿠 밥솥,224906390,쿠쿠 6인용 압력밥솥,180000,3,판매완료,,2026-02-04 18:12:11,https://web.joongna.com/product/224906390
쿠쿠 밥솥,224301923,무배 쿠쿠전자 CRP-ST1010FGI 10인용 전기압력밥솥,210000,3,판매완료,,2026-02-04 14:35:38,https://web.joongna.com/product/224301923
쿠쿠 밥솥,223255375,쿠쿠 6인용 전기밥솥,280000,0,판매중,가야읍,2026-02-03 18:04:30,https://web.joongna.com/product/223255375
쿠쿠 밥솥,221959697,쿠쿠6인용압력밥솥,48000,3,판매완료,도봉제2동,2026-02-03 15:56:52,https://web.joongna.com/product/221959697
쿠쿠 밥솥,224547357,(수원) 쿠쿠 6인용 압력밥솥 (JHR0660FBM),140000,3,판매완료,화서2동,2026-02-03 14:59:54,https://web.joongna.com/product/224547357
쿠쿠 밥솥,224662463,쿠쿠전자 CRT-TT0310FGW 최고급형 전기밥솥,145000,3,판매완료,철마면,2026-02-03 12:22:56,https://web.joongna.com/product/224662463
쿠쿠 밥솥,224568828,택포 미개봉새제품 쿠쿠 10인용 트윈프레셔 열판압력밥솥 오픈쿠킹,200000,3,판매완료,대학동,2026-02-03 10:45:58,https://web.joongna.com/product/224568828
쿠쿠 밥솥,224443777,쿠쿠 6인용 스마트IH 압력 밥솥 DHP0610FD,70000,0,판매중,성복동,2026-02-02 18:27:08,https://web.joongna.com/product/224443777
쿠쿠 밥솥,224812717,쿠쿠압력밥솥 6인용,20000,3,판매완료,,2026-02-02 11:49:55,https://web.joongna.com/product/224812717
쿠쿠 밥솥,224790093,"쿠쿠 10인용 IH압력밥솥 팝니다.(CRP-CHXB105FS)(음성안내, 내솥깨끗)",100000,3,판매완료,식사동,2026-02-01 18:28:38,https://web.joongna.com/product/224790093
쿠쿠 밥솥,224772208,쿠쿠 IH 압력밥솥 10인용 미개봉 새제품 오늘만 이가격,250000,3,판매완료,,2026-02-01 10:42:46,https://web.joongna.com/product/224772208
쿠쿠 밥솥,224742074,쿠쿠 10인용 압력밥솥 (미개봉 새상품),99000,3,판매완료,,2026-01-31 13:45:56,https://web.joongna.com/product/224742074
쿠쿠 밥솥,204206000,쿠쿠 CR-2155B 21인용 대용량 전기보온밥솥,70000,0,판매중,개봉제1동,2026-01-30 23:10:42,https://web.joongna.com/product/204206000
쿠쿠 밥솥,224726936,쿠쿠 트윈 프레셔 6인용 압력 밥솥,90000,3,판매완료,,2026-01-30 23:22:45,https://web.joongna.com/product/224726936
쿠쿠 밥솥,224556945,쿠쿠 IH압력밥솥 10인용 판매합니다,230000,3,판매완료,능평동,2026-01-30 13:45:57,https://web.joongna.com/product/224556945
쿠쿠 밥솥,224679205,"[사기범공유-계좌변경] eee 송파다이노스 상품 결제하지 마세요(콧물흡입, 러닝스마트워치, 쿠쿠 밥솥)샥즈 오버핏",1000,0,판매중,,2026-01-29 18:15:25,https://web.joongna.com/product/224679205
쿠쿠 밥솥,223908019,쿠쿠 1인용 전기밥솥,25000,3,판매완료,,2026-01-29 13:14:06,https://web.joongna.com/product/223908019
쿠쿠 밥솥,224665339,"[사기범 주의] 계좌공개-판매자,구매자로도 접근(콧물 흡입기, 러닝스마트워치, 쿠쿠 밥솥, 샥즈 오버핏 2+, 버",1000,0,판매중,,2026-01-29 12:26:30,https://web.joongna.com/product/224665339
쿠쿠 밥솥,224510313,쿠쿠전자 CRP-R0615FBS 6인용고급형 전기밥솥,140000,3,판매완료,철마면,2026-01-29 09:06:09,https://web.joongna.com/product/224510313
쿠쿠 밥솥,224497468,쿠쿠 6인용 트윈프레셔 분리형 풀스텐커버 고압 압력밥솥 판매합니다,40000,3,판매완료,가음정동,2026-01-28 22:34:05,https://web.joongna.com/product/224497468
쿠쿠 밥솥,224620405,제목] (새거급) 신상 쿠쿠 트윈프레셔 6인용 IH압력밥솥 판매합니다제품은 쿠쿠(CUCKOO)의 프리미엄 라인인 트,200000,0,판매중,상계9동,2026-01-28 09:46:16,https://web.joongna.com/product/224620405
쿠쿠 밥솥,224614645,쿠쿠 트윈프레셔 6인용 밥솥 CRP-ST0610FGI,100000,3,판매완료,용해동,2026-01-28 00:34:14,https://web.joongna.com/product/224614645
쿠쿠 밥솥,224264886,쿠쿠 6인용 압력밥솥,25000,3,판매완료,운정2동,2026-01-27 15:35:02,https://web.joongna.com/product/224264886
쿠쿠 밥솥,224585024,[전기밥솥] 쿠쿠 전기보온밥솥 CR-3055B,90000,3,판매완료,등촌제1동,2026-01-27 11:48:11,https://web.joongna.com/product/224585024
쿠쿠 밥솥,224581990,쿠쿠 3인용 IH 전기 압력 밥솥,50000,3,판매완료,성수1가제1동,2026-01-27 10:23:40,https://web.joongna.com/product/224581990
쿠쿠 밥솥,224571629,쿠쿠 6인용 열판 압력밥솥,60000,3,판매완료,,2026-01-26 22:47:26,https://web.joongna.com/product/224571629
쿠쿠 밥솥,223702460,쿠쿠 3인용 전기밥솥 CR-0352FR,24000,3,판매완료,쌍문제1동,2026-01-26 14:35:06,https://web.joongna.com/product/223702460
쿠쿠 밥솥,224537933,쿠쿠 10인용 IH 압력밥솥/HEG1070FP,45000,3,판매완료,,2026-01-26 03:10:41,https://web.joongna.com/product/224537933
쿠쿠 밥솥,224453900,<<판매완료>>쿠쿠 압력밥솥 CRP-HMXT1070SB .... 5만,50000,0,판매중,주안5동,2026-01-23 19:26:49,https://web.joongna.com/product/224453900
쿠쿠 밥솥,224163808,쿠쿠 10인용 압력밥솥 P107FR,60000,3,판매완료,,2026-01-22 20:33:23,https://web.joongna.com/product/224163808
쿠쿠 밥솥,224412547,쿠쿠 IH 압력밥솥 CHXB1010FS 10인용,33000,3,판매완료,,2026-01-22 17:26:40,https://web.joongna.com/product/224412547
쿠쿠 밥솥,224361380,쿠쿠전기밥솥 CRP-G1030MP 10인용,55000,3,판매완료,,2026-01-21 12:29:43,https://web.joongna.com/product/224361380
쿠쿠 밥솥,224344087,CRP-JHR1010FC 쿠쿠밥솥 내솥(고장난 본체도있어요),50000,3,판매완료,세류1동,2026-01-21 11:11:03,https://web.joongna.com/product/224344087
쿠쿠 밥솥,224351404,쿠쿠 10인용 압력밥솥 CRP-CHAS109FW,100000,3,판매완료,정자2동,2026-01-21 02:59:51,https://web.joongna.com/product/224351404
쿠쿠 밥솥,224312230,쿠쿠 10인용 2기압 압력밥솥/CHP1010FD,140000,3,판매완료,,2026-01-20 02:45:04,https://web.joongna.com/product/224312230
쿠쿠 밥솥,223969092,쿠쿠 6인용 2기압 풀스텐 압력밥솥/FHS0610FD,90000,3,판매완료,,2026-01-19 23:56:45,https://web.joongna.com/product/223969092
쿠쿠 밥솥,224305338,쿠쿠 6인용 전기밥솥,80000,0,판매중,,2026-01-19 21:59:02,https://web.joongna.com/product/224305338
쿠쿠 밥솥,222989495,쿠쿠 트윈프레셔 10인용 압력밥솥 CRP-KHT1010FB,40000,3,판매완료,퇴계동,2026-01-19 15:30:05,https://web.joongna.com/product/222989495
쿠쿠 밥솥,223924776,쿠쿠 10인용 스마트 IH 전기압력밥솥,100000,3,판매완료,송정동,2026-01-19 14:04:43,https://web.joongna.com/product/223924776
쿠쿠 밥솥,223984018,쿠쿠 압력밥솥 커버 패킹 CCP-06 (6인용),10000,3,판매완료,탄현면,2026-01-19 07:26:41,https://web.joongna.com/product/223984018
쿠쿠 밥솥,223740036,쿠쿠 10인용 IH압력밥솥(회색) CRP-BCHF107FW,300000,0,판매중,운서동,2026-01-18 20:02:46,https://web.joongna.com/product/223740036
쿠쿠 밥솥,224258318,쿠쿠 6인용 2기압 밥솥/FHR0610FD,120000,3,판매완료,,2026-01-18 18:12:04,https://web.joongna.com/product/224258318
쿠쿠 밥솥,224252688,쿠쿠 IH 전기밥솥 10인용 HNXG1010FB 판매합니다~~,22000,3,판매완료,철산3동,2026-01-18 15:49:37,https://web.joongna.com/product/224252688
쿠쿠 밥솥,224247998,쿠쿠 내솥밥 6인용,20000,3,판매완료,당진1동,2026-01-18 13:47:08,https://web.joongna.com/product/224247998
쿠쿠 밥솥,224221451,쿠쿠 CRP-HUF1080BE 전기보온밥솥 10인용 21년9월산,75000,0,판매중,복현2동,2026-01-17 17:40:45,https://web.joongna.com/product/224221451
쿠쿠 밥솥,223813127,쿠쿠 풀스테인레스 스마트 IH 6인용 압력밥솥 음성안내,40000,3,판매완료,정관읍,2026-01-17 09:57:22,https://web.joongna.com/product/223813127
쿠쿠 밥솥,224202622,쿠쿠 CRP-LHTR0610FW 트윈프레셔 IH 전기압력밥솥 6인용,150000,3,판매완료,양지면,2026-01-17 08:37:51,https://web.joongna.com/product/224202622
쿠쿠 밥솥,224179076,쿠쿠 6인용 IH 전기밥솥,70000,0,판매중,,2026-01-16 15:03:38,https://web.joongna.com/product/224179076
쿠쿠 밥솥,223647699,쿠쿠압력밥솥부품,20000,3,판매완료,,2026-01-16 14:27:42,https://web.joongna.com/product/223647699
쿠쿠 밥솥,224175790,"[새상품]쿠쿠 트윈프레셔 쁘띠 밥솥(3인용, 어반그레이)",200000,3,판매완료,흑석동,2026-01-16 13:40:08,https://web.joongna.com/product/224175790
쿠쿠 밥솥,224166643,쿠쿠 6인용 전기밥솥 내솥입니다,15000,3,판매완료,미사1동,2026-01-16 09:03:23,https://web.joongna.com/product/224166643
쿠쿠 밥솥,222925172,쿠쿠 14인용 전기밥솥,50000,3,판매완료,문래동,2026-01-16 07:47:08,https://web.joongna.com/product/222925172
쿠쿠 밥솥,224109900,IH 쿠쿠 전기 압력밥솥 6인용,130000,3,판매완료,청담동,2026-01-14 18:20:31,https://web.joongna.com/product/224109900
쿠쿠 밥솥,224026639,쿠쿠 6인용 압력밥솥 CRP-OHLLR0610FGW,360000,3,판매완료,중앙동,2026-01-14 17:39:39,https://web.joongna.com/product/224026639
쿠쿠 밥솥,223995082,쿠쿠전자 CRP-HWF1060FB 고급형 전기밥솥 미개봉,160000,3,판매완료,철마면,2026-01-14 11:20:09,https://web.joongna.com/product/223995082
쿠쿠 밥솥,224088767,쿠쿠 30인용 전기밥솥 (CR-3055B) 식당용 업소용 전기밥솥,80000,3,판매완료,정자2동,2026-01-14 09:08:08,https://web.joongna.com/product/224088767
쿠쿠 밥솥,224086173,쿠쿠 6인용 전기밥솥 crp_P067FD,40000,0,판매중,주안5동,2026-01-14 04:40:10,https://web.joongna.com/product/224086173
쿠쿠 밥솥,224085396,쿠쿠 10인용 압력밥솥(올 스테인리스 내솥) CRP-CHAS109FW,100000,3,판매완료,정자2동,2026-01-14 02:17:53,https://web.joongna.com/product/224085396
쿠쿠 밥솥,223469929,쿠쿠 10인용 전기밥솥 HNXF1020FB,20000,3,판매완료,위례동,2026-01-13 19:21:27,https://web.joongna.com/product/223469929
쿠쿠 밥솥,223286068,쿠쿠 3인용 압력밥솥 CRP-T0310FGW(미사용),170000,3,판매완료,,2026-01-13 17:54:59,https://web.joongna.com/product/223286068
쿠쿠 밥솥,224054704,쿠쿠 3인용 전기밥솥 팝니다.,35000,3,판매완료,,2026-01-13 11:53:05,https://web.joongna.com/product/224054704
쿠쿠 밥솥,224044471,쿠쿠 3인용 압력밥솥 CRP-T0310FGW,170000,3,판매완료,,2026-01-13 00:28:21,https://web.joongna.com/product/224044471
쿠쿠 밥솥,224038336,쿠쿠 3인용 밥솥 CR-0365FR 내솥없음,10000,3,판매완료,방화제1동,2026-01-12 21:24:25,https://web.joongna.com/product/224038336
쿠쿠 밥솥,224037830,"쿠쿠 10인용밥솥 내솥,쿠쿠내솥10인용,쿠쿠10인용밥통내솥,쿠쿠10인용밥솥내솥",13000,3,판매완료,신봉동,2026-01-12 21:11:49,https://web.joongna.com/product/224037830
쿠쿠 밥솥,224012969,쿠쿠 6인용 전기압력밥솥,100000,3,판매완료,원문동,2026-01-12 10:49:44,https://web.joongna.com/product/224012969
쿠쿠 밥솥,224008389,쿠쿠 6인용 밥솥 내솥,35000,3,판매완료,북면,2026-01-12 06:40:25,https://web.joongna.com/product/224008389
쿠쿠 밥솥,224004085,쿠쿠 6인용 압력밥솥,60000,0,판매중,,2026-01-11 23:30:11,https://web.joongna.com/product/224004085
쿠쿠 밥솥,224003913,쿠쿠 10인용 압력밥솥,55000,0,판매중,,2026-01-11 23:23:48,https://web.joongna.com/product/224003913
쿠쿠 밥솥,224003113,쿠쿠 IH압력밥솥 6인용,50000,3,판매완료,지동,2026-01-11 23:00:01,https://web.joongna.com/product/224003113
쿠쿠 밥솥,223733488,쿠쿠 2인용 마시멜로 밥솥,60000,3,판매완료,잠실본동,2026-01-11 17:26:13,https://web.joongna.com/product/223733488
쿠쿠 밥솥,223582213,쿠쿠 10인용 2기압밥솥/FHS1010FD,90000,3,판매완료,,2026-01-11 16:52:12,https://web.joongna.com/product/223582213
쿠쿠 밥솥,223523381,쿠쿠 10인용 압력밥솥/P107FR,58000,3,판매완료,,2026-01-11 16:51:31,https://web.joongna.com/product/223523381
쿠쿠 밥솥,223934152,쿠쿠 6인용 일반전기밥솥 CR-0632P 판매합니다,25000,3,판매완료,가음정동,2026-01-11 14:59:59,https://web.joongna.com/product/223934152
쿠쿠 밥솥,223926599,쿠쿠 10인용 열판방식 압력밥솥 CRP-G1031MP 판매합니다,40000,3,판매완료,가음정동,2026-01-11 14:59:55,https://web.joongna.com/product/223926599
쿠쿠 밥솥,223965486,쿠쿠압력밥솥 6인용 판매합니다.,80000,3,판매완료,범어4동,2026-01-10 22:42:51,https://web.joongna.com/product/223965486
쿠쿠 밥솥,223719236,쿠쿠 전기밥솥,20000,3,판매완료,오남읍,2026-01-10 19:38:48,https://web.joongna.com/product/223719236
쿠쿠 밥솥,223671358,쿠쿠 SMART IIH 6인용 압력밥솥,100000,3,판매완료,,2026-01-10 17:06:08,https://web.joongna.com/product/223671358
쿠쿠 밥솥,223183528,쿠쿠 6인용 압력밥솥,190000,0,판매중,청라2동,2026-01-10 13:41:17,https://web.joongna.com/product/223183528
쿠쿠 밥솥,223899107,"쿠쿠 IH압력밥솥 6인용,쿠쿠6인용밥통,쿠쿠6인용밥솥,쿠쿠6인용전기밥솥,DHR0680FD",22000,3,판매완료,신봉동,2026-01-09 21:19:49,https://web.joongna.com/product/223899107
쿠쿠 밥솥,223917554,쿠쿠 6인용 전기밥솥 CRP-N0680SR 팝니다.,40000,3,판매완료,양재1동,2026-01-09 17:02:18,https://web.joongna.com/product/223917554
쿠쿠 밥솥,223799077,쿠쿠 압력밥솥 밀폐패킹 10인용 CCP-10 포장째 새상품 일괄 2개,26000,3,판매완료,,2026-01-09 13:50:07,https://web.joongna.com/product/223799077
쿠쿠 밥솥,223697910,쿠쿠 3인용 밥솥,30000,3,판매완료,,2026-01-09 00:22:52,https://web.joongna.com/product/223697910
쿠쿠 밥솥,223867128,쿠쿠 3인용 IH압력밥솥 HQB0310FS,75000,3,판매완료,풍무동,2026-01-08 11:18:28,https://web.joongna.com/product/223867128
쿠쿠 밥솥,222543134,쿠쿠 트윈프레셔 IH압력밥솥 (저당)10인용,195000,3,판매완료,장기본동,2026-01-07 17:54:03,https://web.joongna.com/product/222543134
쿠쿠 밥솥,223841056,쿠쿠 압력밥솥 6/8인용 패킹 CCP-08,5000,3,판매완료,구갈동,2026-01-07 16:30:25,https://web.joongna.com/product/223841056
쿠쿠 밥솥,223813673,쿠쿠 SMART IH 압력밥솥 (10인용),70000,3,판매완료,,2026-01-06 21:16:29,https://web.joongna.com/product/223813673
쿠쿠 밥솥,223221029,쿠쿠 6인용 풀스텐 밥솥/DHS068FS,80000,3,판매완료,,2026-01-06 18:37:31,https://web.joongna.com/product/223221029
쿠쿠 밥솥,223779617,쿠쿠 10인용 압력밥솥,400000,3,판매완료,,2026-01-05 23:01:04,https://web.joongna.com/product/223779617
쿠쿠 밥솥,218776682,쿠쿠 10인용 전기압력밥솥 CRP-BR105FB 모델,170000,3,판매완료,,2026-01-05 12:03:11,https://web.joongna.com/product/218776682
쿠쿠 밥솥,223359120,쿠쿠 3인용 압력밥솥,105000,3,판매완료,,2026-01-05 10:36:21,https://web.joongna.com/product/223359120
쿠쿠 밥솥,223684684,쿠쿠 10인용 IH 전기밥솥,255000,3,판매완료,잠실본동,2026-01-05 09:03:47,https://web.joongna.com/product/223684684
쿠쿠 밥솥,223678032,쿠쿠 IH 10인용 전기압력밥솥,255000,3,판매완료,삼성2동,2026-01-05 09:03:32,https://web.joongna.com/product/223678032
쿠쿠 밥솥,223742576,쿠쿠 6인용 전기밥솥,70000,3,판매완료,,2026-01-05 00:04:24,https://web.joongna.com/product/223742576
쿠쿠 밥솥,223729730,쿠쿠 6인용 IH 전기밥솥,300000,3,판매완료,반월동,2026-01-04 18:29:55,https://web.joongna.com/product/223729730
쿠쿠 밥솥,223719328,쿠쿠 10인용 압력밥솥,170000,0,판매중,다산1동,2026-01-04 14:08:36,https://web.joongna.com/product/223719328
쿠쿠 밥솥,223701411,쿠쿠 10인용 IH압력밥솥 CRP-AHF1010FD,55000,3,판매완료,,2026-01-03 22:19:28,https://web.joongna.com/product/223701411
쿠쿠 밥솥,223674698,쿠쿠 6인용 IH압력밥솥,60000,3,판매완료,세곡동,2026-01-03 10:08:55,https://web.joongna.com/product/223674698
쿠쿠 밥솥,223671518,쿠쿠 10인용 트윈프레셔 압력밥솥 CRP-RIT10TPF,80000,0,판매중,,2026-01-03 06:08:58,https://web.joongna.com/product/223671518
쿠쿠 밥솥,223671460,쿠쿠 SMART IH전기압력밥솥 10인용,100000,3,판매완료,,2026-01-03 05:53:23,https://web.joongna.com/product/223671460
쿠쿠 밥솥,223662197,쿠쿠 업소용 대용량(17인용) 전기밥솥,80000,3,판매완료,노은1동,2026-01-02 20:44:25,https://web.joongna.com/product/223662197
쿠쿠 밥솥,223640348,쿠쿠 밥솥 CR-0671V 6인용 새제품,22000,3,판매완료,중계1동,2026-01-02 11:14:32,https://web.joongna.com/product/223640348
쿠쿠 밥솥,223291254,쿠쿠 6인용 IH 전기밥솥 FHR0610FD,30000,3,판매완료,,2026-01-01 23:37:54,https://web.joongna.com/product/223291254
쿠쿠 밥솥,223604409,쿠쿠6인용 IH전기압력밥솥 DHP0610FD,20000,3,판매완료,여의동,2026-01-01 10:36:43,https://web.joongna.com/product/223604409
쿠쿠 밥솥,222490181,쿠쿠 전기압력밥솥 6인용,18000,3,판매완료,,2025-12-31 21:08:56,https://web.joongna.com/product/222490181
쿠쿠 밥솥,223303103,쿠쿠 3인용 IH 압력밥솥/HQXT0310FR,52000,3,판매완료,,2025-12-31 15:35:22,https://web.joongna.com/product/223303103
쿠쿠 밥솥,223577876,쿠쿠 6인용 압력밥솥 CRP-R686FS,85000,3,판매완료,하안1동,2025-12-31 13:46:26,https://web.joongna.com/product/223577876
쿠쿠 밥솥,223566097,쿠쿠 6인용 압력밥솥 (미개봉),220000,3,판매완료,통진읍,2025-12-31 03:51:34,https://web.joongna.com/product/223566097
쿠쿠 밥솥,223557535,쿠쿠 IH압력밥솥 6인용,60000,3,판매완료,지동,2025-12-30 21:16:17,https://web.joongna.com/product/223557535
쿠쿠 밥솥,223557355,쿠쿠 3인용 IH 전기밥솥,50000,3,판매완료,계산4동,2025-12-30 21:12:07,https://web.joongna.com/product/223557355
쿠쿠 밥솥,223549251,재코팅한 쿠쿠 전기밥솥 6인용내솥,50000,0,판매중,대화동,2025-12-30 17:39:34,https://web.joongna.com/product/223549251
쿠쿠 밥솥,223549731,쿠쿠 전기밥솥 6인용 내솥 스텐 내솥입니다,10000,3,판매완료,미사1동,2025-12-30 17:52:56,https://web.joongna.com/product/223549731
쿠쿠 밥솥,223460456,쿠쿠 10인용 전기압력밥솥 JHR1060FD (에코 스테인리스 커브드 내솥),120000,3,판매완료,,2025-12-30 14:14:22,https://web.joongna.com/product/223460456
쿠쿠 밥솥,223054505,쿠쿠 CRP-FHB0610EL 압력밥솥,240000,3,판매완료,석동,2025-12-29 11:19:33,https://web.joongna.com/product/223054505
쿠쿠 밥솥,223477918,쿠쿠 IH압력밥솥 10인용,69000,3,판매완료,지동,2025-12-28 20:29:40,https://web.joongna.com/product/223477918
쿠쿠 밥솥,223472694,쿠쿠 6인용 압력밥솥,80000,3,판매완료,통진읍,2025-12-28 18:13:05,https://web.joongna.com/product/223472694
쿠쿠 밥솥,223468987,쿠쿠 3인용 전기밥솥,43500,3,판매완료,중화제2동,2025-12-28 16:43:31,https://web.joongna.com/product/223468987
쿠쿠 밥솥,223454160,쿠쿠 10인용 IH압력밥솥 HMF1070EL,200000,3,판매완료,,2025-12-28 09:46:27,https://web.joongna.com/product/223454160
쿠쿠 밥솥,223113156,쿠쿠 트윈프레셔 마스터셰프 CRP-LHTR0610FW 6인용 IH압력밥솥,213000,3,판매완료,구로제5동,2025-12-27 11:00:23,https://web.joongna.com/product/223113156
쿠쿠 밥솥,223419536,쿠쿠 30인용 전기밥솥 업소용,50000,3,판매완료,,2025-12-27 10:17:27,https://web.joongna.com/product/223419536
쿠쿠 밥솥,223291285,쿠쿠10인용내솥/IH압력밥솥/쿠쿠내솥,13000,3,판매완료,,2025-12-25 19:13:05,https://web.joongna.com/product/223291285
쿠쿠 밥솥,223354293,쿠쿠 6인용 IH 압력밥솥,75000,3,판매완료,범서읍,2025-12-25 12:47:00,https://web.joongna.com/product/223354293
쿠쿠 밥솥,222955443,쿠쿠 IH 전기 압력밥솥 10인용 팝니다,90000,3,판매완료,,2025-12-24 21:15:39,https://web.joongna.com/product/222955443
쿠쿠 밥솥,223336446,쿠쿠 3인용 IH 압력밥솥/HQXT0310FR,60000,3,판매완료,,2025-12-24 20:08:11,https://web.joongna.com/product/223336446
쿠쿠 밥솥,223322269,쿠쿠 IH압력밥솥 HTXT1010FS,5000,3,판매완료,,2025-12-24 13:26:24,https://web.joongna.com/product/223322269
쿠쿠 밥솥,223305586,쿠쿠 10인용IH 압력밥솥,35000,0,판매중,,2025-12-23 22:44:19,https://web.joongna.com/product/223305586
쿠쿠 밥솥,223305437,쿠쿠 10인용 압력밥솥 CRP-G1000M,45000,0,판매중,,2025-12-23 22:39:48,https://web.joongna.com/product/223305437
쿠쿠 밥솥,223303311,쿠쿠 3인용 IH 압력밥솥/HQXT0310FR,60000,3,판매완료,,2025-12-23 21:39:10,https://web.joongna.com/product/223303311
쿠쿠 밥솥,223298739,쿠쿠 35인분 전기밥솥,50000,3,판매완료,마산동,2025-12-23 19:33:33,https://web.joongna.com/product/223298739
쿠쿠 밥솥,222728486,쿠쿠 압력밥솥 CRP-R068FB 팔아요(내솥없음),5000,3,판매완료,,2025-12-23 16:43:20,https://web.joongna.com/product/222728486
쿠쿠 밥솥,223285869,쿠쿠 트윈프레셔 6인용 밥솥,100000,3,판매완료,통진읍,2025-12-23 13:48:30,https://web.joongna.com/product/223285869
쿠쿠 밥솥,223282818,쿠쿠 IH 10인용 압력밥솥 내솥,54000,3,판매완료,,2025-12-23 12:25:47,https://web.joongna.com/product/223282818
쿠쿠 밥솥,223279299,쿠쿠 6인용 전기압력밥솥 새제품 판매합니다,150000,3,판매완료,상암동,2025-12-23 10:49:46,https://web.joongna.com/product/223279299
쿠쿠 밥솥,223261469,"쿠쿠 압력밥솥, 15만원",150000,3,판매완료,평안동,2025-12-22 19:51:03,https://web.joongna.com/product/223261469
쿠쿠 밥솥,223260888,쿠쿠홈피스6인용 lH압력밥솥 HPFO66SR,50000,0,판매중,문학동,2025-12-22 19:35:15,https://web.joongna.com/product/223260888
쿠쿠 밥솥,222944422,쿠쿠 6인용 트윈프레셔 IH전기압력밥솥,220000,3,판매완료,죽도동,2025-12-22 10:59:05,https://web.joongna.com/product/222944422
쿠쿠 밥솥,223229532,쿠쿠 10인용 압력밥솥,160000,3,판매완료,,2025-12-22 09:36:59,https://web.joongna.com/product/223229532
쿠쿠 밥솥,223197180,쿠쿠 IH 압력밥솥 6인용,50000,3,판매완료,잠실본동,2025-12-21 20:27:36,https://web.joongna.com/product/223197180
쿠쿠 밥솥,223216490,쿠쿠 6인용 밥솥 패킹 CCP-DH06,8000,3,판매완료,오근장동,2025-12-21 16:17:34,https://web.joongna.com/product/223216490
쿠쿠 밥솥,223171387,쿠쿠 IH 전기압력밥솥 6인용 (crp-dhs068fs),40000,3,판매완료,,2025-12-21 10:31:24,https://web.joongna.com/product/223171387
쿠쿠 밥솥,223201252,쿠쿠 6인용 압력밥솥 CRP-R1015FBB/개봉전,200000,0,판매중,장호원읍,2025-12-21 08:52:00,https://web.joongna.com/product/223201252
쿠쿠 밥솥,223201040,쿠쿠 압력밥솥 6인용 내솥,5000,3,판매완료,,2025-12-21 08:39:57,https://web.joongna.com/product/223201040
쿠쿠 밥솥,223168740,쿠쿠 밥솥 CR-0675FW 6인용,50000,0,판매중,영통1동,2025-12-20 10:20:27,https://web.joongna.com/product/223168740
쿠쿠 밥솥,223148068,쿠쿠 3인용 밥솥 미개봉,200000,3,판매완료,합정동,2025-12-20 09:22:31,https://web.joongna.com/product/223148068
쿠쿠 밥솥,223097724,쿠쿠 3인용 압력밥솥,50000,3,판매완료,노량진제1동,2025-12-19 17:03:41,https://web.joongna.com/product/223097724
쿠쿠 밥솥,223142832,쿠쿠 6인용 IH압력밥솥,150000,3,판매완료,,2025-12-19 14:46:12,https://web.joongna.com/product/223142832
쿠쿠 밥솥,223127564,쿠쿠 10인용 일반보온전기밥솥 판매합니다,30000,3,판매완료,가음정동,2025-12-19 01:16:20,https://web.joongna.com/product/223127564
쿠쿠 밥솥,219719823,치치쿠쿠 업소용 인덕션 솥밥기계 20구 세트｜직거래/화물 가능,2800000,0,판매중,김포본동,2025-12-18 19:35:55,https://web.joongna.com/product/219719823
쿠쿠 밥솥,219975229,치치쿠쿠 업소용 인덕션 솥밥기계 9구 세트｜전시품 미사용 새제품｜직거래/화물 가능,1530000,0,판매중,김포본동,2025-12-18 19:35:35,https://web.joongna.com/product/219975229
쿠쿠 밥솥,219975038,치치쿠쿠 업소용 인덕션 솥밥기계 15구 세트｜전시품 미사용 새제품｜직거래/화물 가능,2250000,0,판매중,김포본동,2025-12-18 19:35:48,https://web.joongna.com/product/219975038
쿠쿠 밥솥,223117117,치치쿠쿠 업소용 인덕션 솥밥기계 8구 세트｜전시품 미사용 새제품｜직거래/화물 가능,1440000,0,판매중,김포본동,2025-12-18 19:40:57,https://web.joongna.com/product/223117117
쿠쿠 밥솥,219975156,치치쿠쿠 업소용 인덕션 솥밥기계 12구 세트｜전시품 미사용 새제품｜직거래/화물 가능,1920000,0,판매중,김포본동,2025-12-18 19:35:41,https://web.joongna.com/product/219975156
쿠쿠 밥솥,223117475,치치쿠쿠 업소용 인덕션 솥밥기계 6구 세트｜전시품 미사용 새제품｜직거래/화물 가능,1200000,0,판매중,김포본동,2025-12-18 19:50:06,https://web.joongna.com/product/223117475
쿠쿠 밥솥,223117301,치치쿠쿠 업소용 인덕션 솥밥기계 4구 세트｜전시품 미사용 새제품｜직거래/화물 가능,880000,0,판매중,김포본동,2025-12-18 19:45:21,https://web.joongna.com/product/223117301
쿠쿠 밥솥,223113461,쿠쿠내솥6인용/열판압력밥솥/쿠쿠내솥+클린커버,17000,3,판매완료,,2025-12-18 17:59:27,https://web.joongna.com/product/223113461
쿠쿠 밥솥,222525690,쿠쿠 스텐 2기압 10인용 IH밥솥/CHP1010FD,100000,3,판매완료,,2025-12-18 16:26:29,https://web.joongna.com/product/222525690
쿠쿠 밥솥,221841653,쿠쿠 6인용 에어버블밥솥/DHS068FD,90000,3,판매완료,,2025-12-18 16:25:45,https://web.joongna.com/product/221841653
쿠쿠 밥솥,222325883,쿠쿠 6인용 압력밥솥/P067FR,45000,3,판매완료,,2025-12-18 16:27:29,https://web.joongna.com/product/222325883
쿠쿠 밥솥,222862811,쿠쿠 6인용 풀스텐 밥솥/DHS068FS,120000,3,판매완료,,2025-12-18 16:25:54,https://web.joongna.com/product/222862811
쿠쿠 밥솥,223085401,쿠쿠 IH압력밥솥 10인용 AHXB1060FD,30000,3,판매완료,동탄5동,2025-12-17 22:43:51,https://web.joongna.com/product/223085401
쿠쿠 밥솥,222127436,쿠쿠 트윈프레셔 마스터셰프 ih 6인용 압력밥솥(새거),275000,3,판매완료,성복동,2025-12-17 20:45:28,https://web.joongna.com/product/222127436
쿠쿠 밥솥,223074895,쿠쿠 10인용 IH 전기압력밥솥,300000,0,판매중,검암경서동,2025-12-17 18:04:34,https://web.joongna.com/product/223074895
쿠쿠 밥솥,223073441,쿠쿠밥솥 6인,245000,3,판매완료,,2025-12-17 17:27:46,https://web.joongna.com/product/223073441
쿠쿠 밥솥,223067604,쿠쿠미니밥솥 CRP-EHB0310FW,130000,3,판매완료,복대1동,2025-12-17 15:04:51,https://web.joongna.com/product/223067604
쿠쿠 밥솥,220973368,쿠쿠 6인용 압력 밥솥 (CRP-R067FS),55000,3,판매완료,,2025-12-17 13:42:31,https://web.joongna.com/product/220973368
쿠쿠 밥솥,221421225,치치쿠쿠 업소용 인덕션 솥밥기계 8구 세트 판매합니다. (전시품 미사용/새제품),1440000,0,판매중,김포본동,2025-12-17 11:12:11,https://web.joongna.com/product/221421225
쿠쿠 밥솥,221421314,치치쿠쿠 업소용 인덕션 솥밥기계 6구 세트 판매합니다. (전시품 미사용/새제품),1200000,0,판매중,김포본동,2025-12-17 11:12:04,https://web.joongna.com/product/221421314
쿠쿠 밥솥,221421344,치치쿠쿠 업소용 인덕션 솥밥기계 4구 세트 판매합니다. (전시품 미사용/새제품),880000,0,판매중,김포본동,2025-12-17 11:11:50,https://web.joongna.com/product/221421344
쿠쿠 밥솥,223053951,쿠쿠 전기밥솥 6인용,49000,0,판매중,조원동,2025-12-17 08:56:06,https://web.joongna.com/product/223053951
쿠쿠 밥솥,222996620,쿠쿠 10인용 압력밥솥,30000,3,판매완료,정관읍,2025-12-17 06:26:02,https://web.joongna.com/product/222996620
쿠쿠 밥솥,222819657,새상품 쿠쿠 6인용 전기밥솥 CRP-BRO65FB,135000,3,판매완료,팔룡동,2025-12-17 05:28:17,https://web.joongna.com/product/222819657
쿠쿠 밥솥,219231739,쿠쿠 10인용 밥솥 (우체국운포),56000,3,판매완료,,2025-12-16 20:14:32,https://web.joongna.com/product/219231739
쿠쿠 밥솥,223024002,쿠쿠 6인용 전기밥솥 ST0615FWSM,170000,0,판매중,호평동,2025-12-16 13:10:31,https://web.joongna.com/product/223024002
쿠쿠 밥솥,223005572,쿠쿠 10인용 열판방식 말하는 압력밥솥 CRP-107FR 판매합니다,45000,3,판매완료,가음정동,2025-12-15 21:58:26,https://web.joongna.com/product/223005572
쿠쿠 밥솥,223005765,쿠쿠 10인용 열판방식 말하는 압력밥솥 CRP-M101FR 판매합니다,35000,3,판매완료,가음정동,2025-12-15 21:54:05,https://web.joongna.com/product/223005765
쿠쿠 밥솥,223000202,쿠쿠 3인용 압력밥솥,100000,3,판매완료,사창동,2025-12-15 19:36:12,https://web.joongna.com/product/223000202
쿠쿠 밥솥,222988017,쿠쿠 10인용 압력밥솥,30000,3,판매완료,정관읍,2025-12-15 14:44:25,https://web.joongna.com/product/222988017
쿠쿠 밥솥,222020750,쿠쿠 6인용 IH압력밥솥/HVB068SE,35000,3,판매완료,,2025-12-15 09:47:16,https://web.joongna.com/product/222020750
쿠쿠 밥솥,222847847,쿠쿠 6인용 마스터쉐프 트윈프레셔밥솥/LHTR0610FWM,170000,3,판매완료,,2025-12-15 09:46:15,https://web.joongna.com/product/222847847
쿠쿠 밥솥,222935996,쿠쿠 3인용 IH밥솥/HQXB0310FP,50000,3,판매완료,,2025-12-15 09:53:07,https://web.joongna.com/product/222935996
쿠쿠 밥솥,222975282,쿠쿠 6인용 IH압력밥솥,60000,3,판매완료,상계1동,2025-12-15 08:24:31,https://web.joongna.com/product/222975282
쿠쿠 밥솥,220968121,새상품정품쿠쿠블랙스톤6인용전기밥솥CRP-BR065FB,142900,3,판매완료,,2025-12-14 21:15:18,https://web.joongna.com/product/220968121
쿠쿠 밥솥,222459237,[무료배송] 쿠쿠 6인용 압력밥솥 HPF0665SE,40000,3,판매완료,,2025-12-14 18:12:31,https://web.joongna.com/product/222459237
쿠쿠 밥솥,222955359,고장난 쿠쿠 6인용 IH 전기밥솥,25000,3,판매완료,,2025-12-14 16:43:57,https://web.joongna.com/product/222955359
쿠쿠 밥솥,222680403,쿠쿠 밥솥 트윈프레셔 마스터셰프 10인용 전기밥솥 새상품,315000,3,판매완료,,2025-12-14 12:44:15,https://web.joongna.com/product/222680403
쿠쿠 밥솥,222031505,쿠쿠 IH 압력밥솥 10인용 전기압력밥솥 FHIS1010FD,100000,3,판매완료,송정동,2025-12-14 11:41:05,https://web.joongna.com/product/222031505
쿠쿠 밥솥,222921136,쿠쿠 CRP-RT069FW 6인용 밥솥 (보온기능은 고장),15000,3,판매완료,비산3동,2025-12-13 17:20:01,https://web.joongna.com/product/222921136
쿠쿠 밥솥,222922511,쿠쿠 6인용 IH 전기압력밥솥 내솥,25000,3,판매완료,도림동,2025-12-13 17:56:15,https://web.joongna.com/product/222922511
쿠쿠 밥솥,222702299,쿠쿠 10인용 열판방식 말하는 압력밥솥 CRP-M101FR 판매합니다,35000,3,판매완료,가음정동,2025-12-13 15:41:26,https://web.joongna.com/product/222702299
쿠쿠 밥솥,222738138,쿠쿠 6인용 밥솥,95000,3,판매완료,통진읍,2025-12-13 10:41:34,https://web.joongna.com/product/222738138
쿠쿠 밥솥,222903670,쿠쿠압력밥솥,35000,3,판매완료,중계2.3동,2025-12-13 08:41:08,https://web.joongna.com/product/222903670
쿠쿠 밥솥,222859993,쿠쿠6인용 압력밥솥,90000,3,판매완료,,2025-12-11 22:13:26,https://web.joongna.com/product/222859993
쿠쿠 밥솥,222858077,쿠쿠 10인용 IH 압력밥솥,100000,3,판매완료,,2025-12-11 21:19:33,https://web.joongna.com/product/222858077
쿠쿠 밥솥,222549546,쿠쿠 8인용 밥솥 패킹 CCP-DH08 새상품,8000,0,판매중,,2025-12-11 20:05:18,https://web.joongna.com/product/222549546
쿠쿠 밥솥,220721058,치치쿠쿠 업소용 인덕션 솥밥기계 20구 세트 판매합니다. (전시용/미사용제품),2800000,0,판매중,김포본동,2025-12-11 10:25:39,https://web.joongna.com/product/220721058
쿠쿠 밥솥,222781550,쿠쿠 IH 전기밥솥 판매합니다,80000,3,판매완료,초지동,2025-12-10 00:03:27,https://web.joongna.com/product/222781550
쿠쿠 밥솥,222779536,쿠쿠 6인용 풀스텐 밥솥/DHS068FS,13000,3,판매완료,,2025-12-09 21:05:37,https://web.joongna.com/product/222779536
쿠쿠 밥솥,222656506,쿠쿠 lhlr1010fw 저당밥솥 트원프레셔 10인용,100000,3,판매완료,향남읍,2025-12-09 14:23:39,https://web.joongna.com/product/222656506
쿠쿠 밥솥,222735988,쿠쿠 10인용 IH압력밥솥 내솥,40000,3,판매완료,,2025-12-08 18:54:36,https://web.joongna.com/product/222735988
쿠쿠 밥솥,220721161,치치쿠쿠 업소용 인덕션 솥밥기계 15구 세트 판매합니다. (전시품 미사용/ 새제품),2250000,0,판매중,김포본동,2025-12-08 09:43:25,https://web.joongna.com/product/220721161
쿠쿠 밥솥,222704411,쿠쿠 10인용 IH 밥솥/HMF1070SB,45000,3,판매완료,,2025-12-07 21:55:59,https://web.joongna.com/product/222704411
쿠쿠 밥솥,222694171,쿠쿠 트윈프레셔 쁘띠 밥솥 CRP-MHTR0310FW (내솥+고무패킹새상품) 외관깨끗_거의새상품_ 흠집X,70000,3,판매완료,,2025-12-07 17:18:36,https://web.joongna.com/product/222694171
쿠쿠 밥솥,222687732,쿠쿠 IH 6인용 압력 밥솥 CRP-DHS0610FW,250000,0,판매중,문산읍,2025-12-07 14:31:10,https://web.joongna.com/product/222687732
쿠쿠 밥솥,222686059,쿠쿠 IH 6인용 압력 밥솥 CRP-DHS0610FW,250000,0,판매중,문산읍,2025-12-07 13:43:18,https://web.joongna.com/product/222686059
쿠쿠 밥솥,222676979,쿠쿠 올스텐 압력밥솥 (10인용),203000,3,판매완료,중앙동,2025-12-07 08:44:10,https://web.joongna.com/product/222676979
쿠쿠 밥솥,222528410,쿠쿠 10인용 IH압력밥솥/HEG160SV,30000,3,판매완료,,2025-12-07 02:30:06,https://web.joongna.com/product/222528410
쿠쿠 밥솥,222656714,쿠쿠 IH 압력밥솥,70000,3,판매완료,율량.사천동,2025-12-06 16:07:31,https://web.joongna.com/product/222656714
쿠쿠 밥솥,222642430,쿠쿠 전기밥솥 6인용,50000,0,판매중,조원동,2025-12-06 08:39:05,https://web.joongna.com/product/222642430
쿠쿠 밥솥,222090170,쿠쿠 6인용 압력밥솥 상세설명 참조 2024년식,40000,3,판매완료,,2025-12-06 07:25:10,https://web.joongna.com/product/222090170
쿠쿠 밥솥,222633233,쿠쿠 트윈압력 밥솥 ST0615FW 6인용,160000,3,판매완료,,2025-12-05 21:11:12,https://web.joongna.com/product/222633233
쿠쿠 밥솥,222521713,쿠쿠 10 인용 IH밥솥/HMXG1010FP,35000,3,판매완료,,2025-12-05 12:29:09,https://web.joongna.com/product/222521713
쿠쿠 밥솥,200477809,쿠쿠 IH 압력밥솥 부품용,20000,0,판매중,광교1동,2025-12-04 08:01:27,https://web.joongna.com/product/200477809
쿠쿠 밥솥,222281281,쿠쿠 6인용 트윈 프레셔 밥솥,110000,3,판매완료,,2025-12-04 03:52:44,https://web.joongna.com/product/222281281
쿠쿠 밥솥,222500053,쿠쿠 에코미니 3인용 압력밥솥 CRP-EHB0320FW,95000,0,판매중,공항동,2025-12-02 12:26:08,https://web.joongna.com/product/222500053
쿠쿠 밥솥,222473607,쿠쿠 3인용 전기밥솥,40000,0,판매중,,2025-12-01 17:51:21,https://web.joongna.com/product/222473607
쿠쿠 밥솥,222460764,쿠쿠 내솥 압력 밥솥 올스텐 와이드앤플랫 무코팅 6인용 I-HAS0610N P-DHAS069FW,150000,0,판매중,상대동,2025-12-01 12:33:52,https://web.joongna.com/product/222460764
쿠쿠 밥솥,221815408,쿠쿠 6인용 압력밥솥,15000,3,판매완료,,2025-12-01 11:38:40,https://web.joongna.com/product/221815408
쿠쿠 밥솥,222438730,쿠쿠 10인용 저당압력밥솥,300000,3,판매완료,,2025-11-30 19:28:08,https://web.joongna.com/product/222438730
쿠쿠 밥솥,222210876,쿠쿠 6인용 압력밥솥/P067FD,35000,3,판매완료,,2025-11-29 15:15:25,https://web.joongna.com/product/222210876
쿠쿠 밥솥,219139712,쿠쿠 전기 압력 밥솥 내솥만 qs1020fsm,10000,3,판매완료,관저1동,2025-11-29 13:59:48,https://web.joongna.com/product/219139712
쿠쿠 밥솥,222337531,0045. 쿠쿠전자 3인용 전기압력밥솥(CRP-MHTR0310FW) | Rice Cooker | 电饭煲 | 炊飯器,166600,3,판매완료,금왕읍,2025-11-27 21:17:48,https://web.joongna.com/product/222337531
쿠쿠 밥솥,222330594,쿠쿠 lhlr1010fw 10인용 저당 압력밥솥,90000,3,판매완료,향남읍,2025-11-27 18:12:36,https://web.joongna.com/product/222330594
쿠쿠 밥솥,222149956,쿠쿠 10인용 IH 전기밥솥,149000,3,판매완료,,2025-11-27 18:09:24,https://web.joongna.com/product/222149956
쿠쿠 밥솥,221926062,"쿠쿠 3,4인용 일반전기밥솥 CR-0322P 판매합니다",20000,3,판매완료,가음정동,2025-11-27 11:03:33,https://web.joongna.com/product/221926062
쿠쿠 밥솥,221546696,쿠쿠 고장난 6인용 전기밥솥 팝니다.,50000,3,판매완료,화원읍,2025-11-25 17:13:30,https://web.joongna.com/product/221546696
쿠쿠 밥솥,222225393,쿠쿠 10인용 전기밥솥 CRP-Q103MK,55000,0,판매중,,2025-11-24 22:52:00,https://web.joongna.com/product/222225393
쿠쿠 밥솥,222210930,쿠쿠 6인용 압력밥솥 커버팩 ccp-06,9000,0,판매중,학익1동,2025-11-24 16:45:12,https://web.joongna.com/product/222210930
쿠쿠 밥솥,222113983,쿠쿠 스마트 IH 압력밥솥 10인용,40000,3,판매완료,지동,2025-11-24 14:45:30,https://web.joongna.com/product/222113983
쿠쿠 밥솥,222199046,쿠쿠 트윈프레셔 마스터셰프 6인용 압력밥솥,119000,3,판매완료,,2025-11-24 11:47:40,https://web.joongna.com/product/222199046
쿠쿠 밥솥,222177816,쿠쿠 IH압력밥솥 8인용 CRP-HRXT0810FP 판매합니다~~,31000,3,판매완료,철산3동,2025-11-23 19:01:13,https://web.joongna.com/product/222177816
쿠쿠 밥솥,222175623,쿠쿠 6인용 압력밥솥,60000,0,판매중,,2025-11-23 17:59:38,https://web.joongna.com/product/222175623
쿠쿠 밥솥,222173599,쿠쿠6인용 음성압력밥솥 2022년식,80000,3,판매완료,,2025-11-23 17:06:12,https://web.joongna.com/product/222173599
쿠쿠 밥솥,221064544,쿠쿠 ih 10인 압력밥솥 CHS108FD,70000,3,판매완료,가음정동,2025-11-23 16:09:55,https://web.joongna.com/product/221064544
쿠쿠 밥솥,222106421,쿠쿠6인용ih압력밥솥,30000,3,판매완료,,2025-11-23 13:56:20,https://web.joongna.com/product/222106421
쿠쿠 밥솥,222164207,쿠쿠 10인용 압력밥솥 FHTS107FG,290000,0,판매중,정왕본동,2025-11-23 13:04:40,https://web.joongna.com/product/222164207
쿠쿠 밥솥,222163991,쿠쿠 3인용 압력밥솥 스텐내솥,124000,0,판매중,정왕본동,2025-11-23 12:57:55,https://web.joongna.com/product/222163991
쿠쿠 밥솥,221824750,쿠쿠 IH방식 6인용 초고압력 프리미엄 풀스텐 ECO 말하는 압력밥솥 판매합니다,60000,3,판매완료,가음정동,2025-11-23 12:17:19,https://web.joongna.com/product/221824750
쿠쿠 밥솥,221574200,쿠쿠 트윈프레셔 6인용 전기밥솥 새상품팔아요 st0615fwsm,170000,3,판매완료,당산제2동,2025-11-23 06:06:44,https://web.joongna.com/product/221574200
쿠쿠 밥솥,222101973,쿠쿠 10 인용 IH밥솥/HMXG1010FP,35000,3,판매완료,,2025-11-22 17:55:50,https://web.joongna.com/product/222101973
쿠쿠 밥솥,222138231,쿠쿠 IH압력밥솥 10인용 CHS1010FW 새상품,260000,3,판매완료,,2025-11-22 17:10:41,https://web.joongna.com/product/222138231
쿠쿠 밥솥,221746506,쿠쿠 트윈프레셔 IH 전기밥솥 10인용 압력솥 밥솥 초고압 솥 - 모델명은 LHTR1010FW입니다- IH압력으로,155000,3,판매완료,청담동,2025-11-22 09:23:20,https://web.joongna.com/product/221746506
쿠쿠 밥솥,222103154,쿠쿠 6인용 전기밥솥,35000,3,판매완료,와부읍,2025-11-21 17:20:31,https://web.joongna.com/product/222103154
쿠쿠 밥솥,222089996,쿠쿠6인용 음성압력밥솥 2022년식,80000,3,판매완료,,2025-11-21 11:31:09,https://web.joongna.com/product/222089996
쿠쿠 밥솥,221621550,[새상품] 쿠쿠 10인용 밥솥 CPR-QS1020FGM,130000,3,판매완료,홍천읍,2025-11-20 12:13:51,https://web.joongna.com/product/221621550
쿠쿠 밥솥,215595364,쿠쿠 풀스테인레스 밥솥,29000,0,판매중,광명7동,2025-11-20 09:49:57,https://web.joongna.com/product/215595364
쿠쿠 밥솥,221478715,쿠쿠 6인용 2 기압 쾌속밥솥/FHR0610FD,100000,3,판매완료,,2025-11-19 14:49:38,https://web.joongna.com/product/221478715
쿠쿠 밥솥,221895645,쿠쿠 IH 압력밥솥 10인용,45000,3,판매완료,당진1동,2025-11-19 10:35:58,https://web.joongna.com/product/221895645
쿠쿠 밥솥,221682118,쿠쿠 IH압력밥솥 6인용 DHR0610FD,85000,3,판매완료,,2025-11-18 17:15:58,https://web.joongna.com/product/221682118
쿠쿠 밥솥,221881754,쿠쿠 6인용 트윈프레셔 전기밥솥,180000,3,판매완료,,2025-11-18 15:45:19,https://web.joongna.com/product/221881754
쿠쿠 밥솥,221978124,쿠쿠 10인용 밥솥 내솥 와이드 내솥입니다,18000,3,판매완료,,2025-11-18 13:44:59,https://web.joongna.com/product/221978124
쿠쿠 밥솥,221926522,쿠쿠 10인용 전기압력밥솥 CRP-QS102FGM,160000,3,판매완료,양산동,2025-11-17 06:47:59,https://web.joongna.com/product/221926522
쿠쿠 밥솥,221478078,쿠쿠 6인용 전기밥솥,18000,3,판매완료,,2025-11-17 02:14:02,https://web.joongna.com/product/221478078
쿠쿠 밥솥,221553474,쿠쿠 10인용 IH밥솥/HWXB107FR,70000,3,판매완료,,2025-11-17 02:13:04,https://web.joongna.com/product/221553474
쿠쿠 밥솥,221916203,쿠쿠 멀티압력밥솥 6.0,60000,0,판매중,풍산읍,2025-11-16 20:32:03,https://web.joongna.com/product/221916203
쿠쿠 밥솥,221849403,택포 미개봉 새제품 쿠쿠 밥솥 10인용 에코스테인리스 내솥,74000,3,판매완료,대학동,2025-11-16 15:16:14,https://web.joongna.com/product/221849403
쿠쿠 밥솥,221897338,쿠쿠 트윈프레셔 더라이트 전기밥솥,200000,0,판매중,정자3동,2025-11-16 11:57:11,https://web.joongna.com/product/221897338
쿠쿠 밥솥,221823786,쿠쿠 6인용 압력밥솥 CRP HJB0660SE,60000,3,판매완료,송현1.2동,2025-11-14 10:10:43,https://web.joongna.com/product/221823786
쿠쿠 밥솥,221817382,쿠쿠 밥솥 물받이 (10인용) + 증기배출구 청소핀 (일괄판매),7000,3,판매완료,상도제1동,2025-11-14 00:25:15,https://web.joongna.com/product/221817382
쿠쿠 밥솥,221811663,쿠쿠 10인용 전기밥솥,28000,3,판매완료,효창동,2025-11-13 21:31:14,https://web.joongna.com/product/221811663
쿠쿠 밥솥,221810942,쿠쿠 IH 압력밥솥 10인용 CRP-HDT1063R 판매해요,20000,3,판매완료,광명7동,2025-11-13 21:10:13,https://web.joongna.com/product/221810942
쿠쿠 밥솥,221789093,쿠쿠 IH압력밥솥 6인용 모델 HSXB0620FB입니다- Xwall Black Shine 코팅으로 밥맛이 좋아요-,90000,0,판매중,상계9동,2025-11-13 11:32:27,https://web.joongna.com/product/221789093
쿠쿠 밥솥,221783103,쿠쿠 6인용 압력밥솥,30000,3,판매완료,,2025-11-13 08:06:22,https://web.joongna.com/product/221783103
쿠쿠 밥솥,221783033,쿠쿠 6인용IH 압력밥솥,30000,3,판매완료,,2025-11-13 08:01:26,https://web.joongna.com/product/221783033
쿠쿠 밥솥,221777995,쿠쿠 6인용 IH 전기밥솥,123456,3,판매완료,도화2.3동,2025-11-12 23:23:17,https://web.joongna.com/product/221777995
쿠쿠 밥솥,221761512,쿠쿠 6인용 전기밥솥,50000,3,판매완료,중앙탑면,2025-11-12 15:51:37,https://web.joongna.com/product/221761512
쿠쿠 밥솥,221745555,IH압력밥솥 10인용 쿠쿠전자 CUCKOO CRP-LHTR1010FW 화이트,270000,3,판매완료,,2025-11-12 08:22:02,https://web.joongna.com/product/221745555
쿠쿠 밥솥,221473773,쿠쿠 6인용 전기 밥솥,25000,3,판매완료,공릉1동,2025-11-11 17:16:03,https://web.joongna.com/product/221473773
쿠쿠 밥솥,219231745,쿠쿠 10인용 밥솥 (우체국운포) 내용필독,37000,3,판매완료,,2025-11-11 12:58:05,https://web.joongna.com/product/219231745
쿠쿠 밥솥,221702277,쿠쿠 10인용 IH밥솥/CRP-HMXT1070SB,40000,3,판매완료,,2025-11-10 23:37:20,https://web.joongna.com/product/221702277
쿠쿠 밥솥,221698392,쿠쿠 압력밥솥 CHS1010FW 10인용 (1회사용),200000,3,판매완료,논현1동,2025-11-10 21:45:43,https://web.joongna.com/product/221698392
쿠쿠 밥솥,221684491,쿠쿠 6인용 압력밥솥,35000,3,판매완료,창제2동,2025-11-10 15:40:46,https://web.joongna.com/product/221684491
쿠쿠 밥솥,221683090,쿠쿠 6인용 IH 전기밥솥,70000,3,판매완료,남포면,2025-11-10 15:09:00,https://web.joongna.com/product/221683090
쿠쿠 밥솥,221645564,쿠쿠 6인용 전기밥솥(마스터셰프 사일런스),360000,3,판매완료,,2025-11-10 09:58:14,https://web.joongna.com/product/221645564
쿠쿠 밥솥,221381939,쿠쿠 10인용 전기압력밥솥,40000,0,판매중,장림제2동,2025-11-09 17:07:37,https://web.joongna.com/product/221381939
쿠쿠 밥솥,221409212,쿠쿠 10인용 전기밥솥,34300,3,판매완료,,2025-11-09 13:16:16,https://web.joongna.com/product/221409212
쿠쿠 밥솥,221633356,쿠첸 6인용 IH 압력밥솥 CJH-PM0600IP 최고급 압력 솥 초고압 다이아코팅 밥솥 압력솥 쿠쿠상태최상최고급라,150000,3,판매완료,청담동,2025-11-09 10:40:53,https://web.joongna.com/product/221633356
쿠쿠 밥솥,221615407,쿠쿠 전기압력밥솥 10인용(가격인하),100000,3,판매완료,정자2동,2025-11-09 10:31:02,https://web.joongna.com/product/221615407
쿠쿠 밥솥,221621706,쿠쿠 6인용 압력밥솥 CRP-P0610FD,50000,3,판매완료,하단제1동,2025-11-08 19:38:10,https://web.joongna.com/product/221621706
쿠쿠 밥솥,221577662,쿠쿠 6인용 IH압력밥솥 CRP-JHR0660FD,200000,3,판매완료,철산1동,2025-11-07 15:11:58,https://web.joongna.com/product/221577662
쿠쿠 밥솥,221578650,쿠쿠 전기 압력 밥솥 10인용(새제품),155000,3,판매완료,,2025-11-07 15:39:06,https://web.joongna.com/product/221578650
쿠쿠 밥솥,221578520,쿠쿠 전기 압력 밥솥 10인용(새제품),92000,3,판매완료,,2025-11-07 15:35:29,https://web.joongna.com/product/221578520
쿠쿠 밥솥,221210488,쿠쿠트윈프레셔6인용/쿠쿠압력밥솥/고압무압/쿠쿠6인용,85000,1,예약중,,2025-11-07 04:15:16,https://web.joongna.com/product/221210488
쿠쿠 밥솥,220976308,쿠쿠 10인용 압력밥솥/CRP-AHS109FB,65000,3,판매완료,,2025-11-06 20:38:06,https://web.joongna.com/product/220976308
쿠쿠 밥솥,220976153,쿠쿠 10 인용 압력밥솥/CRP-PW107FB,35000,3,판매완료,,2025-11-06 20:37:05,https://web.joongna.com/product/220976153
쿠쿠 밥솥,221551022,쿠쿠 트윈프레셔 CRP-ST1010FW 10인용 압력밥솥,100000,0,판매중,조원1동,2025-11-06 19:43:30,https://web.joongna.com/product/221551022
쿠쿠 밥솥,221543131,쿠쿠 10인용 전기압력밥솥 crp-jhp1010fg,130000,3,판매완료,가락본동,2025-11-06 16:12:48,https://web.joongna.com/product/221543131
쿠쿠 밥솥,221526555,쿠쿠 에그 밥솥,55000,0,판매중,,2025-11-06 07:54:46,https://web.joongna.com/product/221526555
쿠쿠 밥솥,221511663,쿠쿠 6인용 IH전기압력 밥솥 CRP-DHP0610FD 판매합니다~~,49000,3,판매완료,철산3동,2025-11-05 19:02:49,https://web.joongna.com/product/221511663
쿠쿠 밥솥,221465397,(대전 직거래만)상태좋은 쿠쿠 6인용 IH압력밥솥,130000,3,판매완료,용문동,2025-11-04 16:09:00,https://web.joongna.com/product/221465397
쿠쿠 밥솥,221008420,쿠쿠 IH압력밥솥 10인용 CRP-QS1020FSM,120000,3,판매완료,안양3동,2025-11-04 13:54:08,https://web.joongna.com/product/221008420
쿠쿠 밥솥,221456810,쿠쿠 6인용 압력밥솥 팝니다,250000,0,판매중,노은1동,2025-11-04 12:32:17,https://web.joongna.com/product/221456810
쿠쿠 밥솥,221447000,쿠쿠 6인용 IH 전기밥솥,95000,3,판매완료,가음정동,2025-11-04 05:05:46,https://web.joongna.com/product/221447000
쿠쿠 밥솥,221445651,쿠쿠 6인용 스마트 전기밥솥,25000,0,판매중,논현1동,2025-11-04 01:08:13,https://web.joongna.com/product/221445651
쿠쿠 밥솥,221439256,쿠쿠 전기밥솥 HMF1070EL,175000,3,판매완료,,2025-11-03 21:24:11,https://web.joongna.com/product/221439256
쿠쿠 밥솥,221268995,쿠쿠 10인용 IH 말하는 압력밥솥 HXXB1020FR 판매합니다,60000,3,판매완료,가음정동,2025-11-03 18:14:39,https://web.joongna.com/product/221268995
쿠쿠 밥솥,221431531,쿠쿠 10인용 전기압력밥솥 CRP-P1055FD,120000,3,판매완료,청라1동,2025-11-03 17:58:53,https://web.joongna.com/product/221431531
쿠쿠 밥솥,221427711,쿠쿠 트윈프리미엄 10인용 IH압력밥솥,190000,0,판매중,,2025-11-03 16:45:07,https://web.joongna.com/product/221427711
쿠쿠 밥솥,221423600,쿠쿠 6인용 IH 전기압력밥솥 트윈프레셔 FHTS0610FD,100000,3,판매완료,,2025-11-03 14:42:18,https://web.joongna.com/product/221423600
쿠쿠 밥솥,221392197,쿠쿠 10인용 압력밥솥,75000,3,판매완료,,2025-11-02 17:06:23,https://web.joongna.com/product/221392197
쿠쿠 밥솥,221386467,쿠쿠 IH 초고화력 미식 풀스텐 패키지 말하는 압력밥솥 DHR0610FS 판매합니다,65000,3,판매완료,가음정동,2025-11-02 14:33:58,https://web.joongna.com/product/221386467
쿠쿠 밥솥,221380237,쿠쿠 3인용 전기밥솥 CR-03SDFA,20000,3,판매완료,대치4동,2025-11-02 11:36:17,https://web.joongna.com/product/221380237
쿠쿠 밥솥,221316154,"쿠쿠 6인용 IH 프리미엄 에코 풀스텐커버,내솥 말하는 밥솥 판매합니다",50000,3,판매완료,가음정동,2025-10-31 19:39:22,https://web.joongna.com/product/221316154
쿠쿠 밥솥,221287030,쿠쿠 6인용 ih밥솥 3년 사용,60000,3,판매완료,,2025-10-30 17:11:40,https://web.joongna.com/product/221287030
쿠쿠 밥솥,220748068,쿠쿠10인용 2기압 에어버블 밥솥,80000,3,판매완료,,2025-10-30 13:34:38,https://web.joongna.com/product/220748068
쿠쿠 밥솥,221274248,쿠쿠 트윈프레셔 밥솥 10인용 CRP-ST1010FGI,160000,3,판매완료,초월읍,2025-10-30 11:39:30,https://web.joongna.com/product/221274248
쿠쿠 밥솥,221265629,쿠쿠 밥솥 물받이 (6인용) + 증기배출구 청소핀 (일,7000,3,판매완료,상도제1동,2025-10-30 01:55:57,https://web.joongna.com/product/221265629
쿠쿠 밥솥,221010484,쿠쿠마스터셰프밥솥팔아요~(새상품),300000,3,판매완료,안중읍,2025-10-30 00:03:31,https://web.joongna.com/product/221010484
쿠쿠 밥솥,221238059,쿠쿠 트윈프레셔 마스터셰프 6인용 밥솥 CRP-LHTR,280000,3,판매완료,미사2동,2025-10-29 12:16:14,https://web.joongna.com/product/221238059
쿠쿠 밥솥,220807954,쿠쿠압력밥솥6인용,150000,3,판매완료,운정2동,2025-10-29 11:42:20,https://web.joongna.com/product/220807954
쿠쿠 밥솥,221147153,쿠쿠 블랙 압력밥솥 내솥 10인용,30000,3,판매완료,당진1동,2025-10-29 08:19:57,https://web.joongna.com/product/221147153
쿠쿠 밥솥,221225034,쿠쿠 6인용 IH압력밥솥 JHP0660FSM,200000,3,판매완료,화정1동,2025-10-28 23:19:51,https://web.joongna.com/product/221225034
쿠쿠 밥솥,214599217,쿠쿠6인용압력밥솥,70000,0,판매중,,2025-10-28 11:32:51,https://web.joongna.com/product/214599217
쿠쿠 밥솥,220514740,쿠쿠 10인용 IH압력밥솥/HET1062SP,30000,3,판매완료,,2025-10-27 13:00:50,https://web.joongna.com/product/220514740
쿠쿠 밥솥,221132257,쿠쿠압력밥솥 HPF0665SE,100000,0,판매중,,2025-10-26 15:07:50,https://web.joongna.com/product/221132257
쿠쿠 밥솥,219539439,쿠쿠 전기밥솥 6인용 정상작동(내솥없음),20000,3,판매완료,길동,2025-10-26 09:36:43,https://web.joongna.com/product/219539439
쿠쿠 밥솥,220549854,쿠쿠밥솥 CRP-NHTR1010FP,450000,0,판매중,당산제1동,2025-10-24 17:58:17,https://web.joongna.com/product/220549854
쿠쿠 밥솥,221056438,쿠쿠 10인용 압력밥솥,70000,0,판매중,상계1동,2025-10-24 11:36:37,https://web.joongna.com/product/221056438
쿠쿠 밥솥,219793393,쿠쿠밥솥,180000,3,판매완료,가음정동,2025-10-24 09:43:15,https://web.joongna.com/product/219793393
쿠쿠 밥솥,219052370,쿠쿠내솥10인용/2중모션패킹/다이아쉴드/대화력내솥/쿠쿠ih압력밥솥,35000,3,판매완료,,2025-10-23 15:37:12,https://web.joongna.com/product/219052370
쿠쿠 밥솥,221029843,쿠쿠 전기밥솥 CR-1021R,20000,0,판매중,신창동,2025-10-23 15:59:10,https://web.joongna.com/product/221029843
쿠쿠 밥솥,220968285,쿠쿠 트윈프레셔 마스터셰프 6인용 IH 전기압력밥솥,200000,3,판매완료,광교1동,2025-10-21 22:37:35,https://web.joongna.com/product/220968285
쿠쿠 밥솥,220944593,쿠쿠 트윈프레셔 10인용 밥솥 CRP-ST1010FW,100000,3,판매완료,덕천제1동,2025-10-21 12:18:18,https://web.joongna.com/product/220944593
쿠쿠 밥솥,220889407,쿠쿠 6인용 스마트IH 풀스텐커버 말하는 압력밥솥 BH,80000,3,판매완료,가음정동,2025-10-20 22:40:54,https://web.joongna.com/product/220889407
쿠쿠 밥솥,220924687,crp-QS1020FGM 쿠쿠밥솥 팝니다.,150000,0,판매중,하안4동,2025-10-20 20:19:31,https://web.joongna.com/product/220924687
쿠쿠 밥솥,220717397,쿠쿠 10인용 압력밥솥,30000,3,판매완료,,2025-10-20 16:40:46,https://web.joongna.com/product/220717397
쿠쿠 밥솥,220915856,스텐인레스 10인용 IH 전기 압력 쿠쿠 밥솥,155000,3,판매완료,월평1동,2025-10-20 16:26:09,https://web.joongna.com/product/220915856
쿠쿠 밥솥,218572478,쿠쿠 압력밥솥 GHXB1010FD 10인용,0,3,판매완료,삼성동,2025-10-19 22:58:56,https://web.joongna.com/product/218572478
쿠쿠 밥솥,220882274,쿠쿠 6인용 밥솥 패킹 새상품입니다,13000,3,판매완료,천전동,2025-10-19 18:13:22,https://web.joongna.com/product/220882274
쿠쿠 밥솥,220881909,쿠쿠 밥솥 10인용 CR-1075S 미사용,50000,3,판매완료,인계동,2025-10-19 18:02:58,https://web.joongna.com/product/220881909
쿠쿠 밥솥,220875206,쿠쿠 3인용 압력 밥솥 (HQB0310FS),49000,3,판매완료,,2025-10-19 14:54:16,https://web.joongna.com/product/220875206
쿠쿠 밥솥,220559286,쿠쿠 전기밥솥 BR065FB 미개봉신제품,139900,3,판매완료,천전동,2025-10-18 10:30:17,https://web.joongna.com/product/220559286
쿠쿠 밥솥,220821246,쿠쿠밥솥 분리뚜껑,18500,0,판매중,,2025-10-17 22:21:52,https://web.joongna.com/product/220821246
쿠쿠 밥솥,218292921,치치쿠쿠 업소용 인덕션 솥밥기계 9구 세트 판매합니다. (전시품 미사용 / 새제품),1530000,0,판매중,김포본동,2025-10-17 10:41:15,https://web.joongna.com/product/218292921
쿠쿠 밥솥,220071961,쿠쿠 3인용ih 밥솥,60000,3,판매완료,통진읍,2025-10-17 07:02:55,https://web.joongna.com/product/220071961
쿠쿠 밥솥,217101902,CRP-NHTR1010FP (쿠쿠밥솥),450000,0,판매중,,2025-10-16 18:53:59,https://web.joongna.com/product/217101902
쿠쿠 밥솥,220770688,쿠쿠밥솥패킹새거,10000,3,판매완료,,2025-10-16 15:41:04,https://web.joongna.com/product/220770688
쿠쿠 밥솥,220768568,쿠쿠 전기밥솥 내솥 새상품,65000,3,판매완료,망원제1동,2025-10-16 14:48:35,https://web.joongna.com/product/220768568
쿠쿠 밥솥,220754976,쿠쿠 압력밥솥 30000,30000,0,판매중,,2025-10-16 07:48:54,https://web.joongna.com/product/220754976
쿠쿠 밥솥,220624245,쿠쿠 3인용 전기보온밥솥 팝니다,18000,3,판매완료,오금동,2025-10-16 05:38:11,https://web.joongna.com/product/220624245
쿠쿠 밥솥,220745812,쿠쿠 10인용 전기압력밥솥 JHR1060FD,100000,3,판매완료,,2025-10-15 21:34:22,https://web.joongna.com/product/220745812
쿠쿠 밥솥,220737953,쿠쿠 CRP-HDG1080SG 황동 IH밥솥 10인용,30000,3,판매완료,철산3동,2025-10-15 18:09:50,https://web.joongna.com/product/220737953
쿠쿠 밥솥,220542182,쿠쿠 6인용 압력밥솥,40000,3,판매완료,,2025-10-15 17:59:40,https://web.joongna.com/product/220542182
쿠쿠 밥솥,217226004,치치쿠쿠 업소용 인덕션 솥밥기계 12구 세트 판매합니다. (전시품 미사용/새제품),1920000,0,판매중,장기동,2025-10-15 10:33:13,https://web.joongna.com/product/217226004
쿠쿠 밥솥,220180513,쿠쿠 6인용 IH방식 풀스텐커버 말하는 압력밥솥 BHX,40000,3,판매완료,가음정동,2025-10-14 23:26:08,https://web.joongna.com/product/220180513
쿠쿠 밥솥,220704503,쿠쿠 트윈프레셔 6인용 IH 전기압력밥솥,170000,0,판매중,,2025-10-14 20:24:00,https://web.joongna.com/product/220704503
쿠쿠 밥솥,219965666,쿠쿠 10인용 IH밥솥/HE1010FP,30000,3,판매완료,,2025-10-14 18:42:02,https://web.joongna.com/product/219965666
쿠쿠 밥솥,196262652,쿠쿠 밥솥 10인용 (새상품),220000,3,판매완료,,2025-10-14 16:53:47,https://web.joongna.com/product/196262652
쿠쿠 밥솥,218966665,쿠쿠 6인용 전기밥솥 CR-0681Y,30000,3,판매완료,지동,2025-10-14 07:23:19,https://web.joongna.com/product/218966665
쿠쿠 밥솥,220429827,35인용 대용량 전기밥솥 쿠쿠,95000,3,판매완료,백석1동,2025-10-12 20:01:23,https://web.joongna.com/product/220429827
쿠쿠 밥솥,220630416,쿠쿠 1인용 전기밥솥,20000,0,판매중,,2025-10-12 20:40:33,https://web.joongna.com/product/220630416
쿠쿠 밥솥,220477304,쿠쿠 전기 보온 밥솥 CR-0655FR,40000,3,판매완료,금곡동,2025-10-12 18:07:20,https://web.joongna.com/product/220477304
쿠쿠 밥솥,219607621,쿠쿠밥솥 사용감적음,28000,0,판매중,신월1동,2025-10-12 10:28:29,https://web.joongna.com/product/219607621
쿠쿠 밥솥,220576809,쿠쿠6인용 전기보온밥솥.CR-0675FW. 21.06,40000,3,판매완료,구월2동,2025-10-11 13:16:23,https://web.joongna.com/product/220576809
쿠쿠 밥솥,219649499,쿠쿠 6인용 압력밥솥 CRP-FHS0610FG 로즈골드,110000,3,판매완료,,2025-10-10 17:39:25,https://web.joongna.com/product/219649499
쿠쿠 밥솥,220550575,쿠쿠전자 전기밥솥 1-2인용 미니밥솥,19900,1,예약중,자양제2동,2025-10-10 16:59:47,https://web.joongna.com/product/220550575
쿠쿠 밥솥,220550321,쿠쿠전자 전기밥솥 1-2인용 미니밥솥,29000,0,판매중,자양제2동,2025-10-10 16:53:21,https://web.joongna.com/product/220550321
쿠쿠 밥솥,220338763,쿠쿠 6인용 마스터쉐프 트윈프레셔밥솥,140000,3,판매완료,,2025-10-10 06:20:38,https://web.joongna.com/product/220338763
쿠쿠 밥솥,218406397,쿠쿠 10인용 압력밥솥,55000,3,판매완료,,2025-10-10 06:15:00,https://web.joongna.com/product/218406397
쿠쿠 밥솥,219670790,쿠쿠 6인용 2기압 밥솥/CRP-DHP0610FD,105000,3,판매완료,,2025-10-10 06:15:47,https://web.joongna.com/product/219670790
쿠쿠 밥솥,219051080,쿠쿠내솥/10인용+패킹/와이드앤플랫/IH밥솥/대화력,35000,3,판매완료,,2025-10-09 23:10:48,https://web.joongna.com/product/219051080
쿠쿠 밥솥,218419620,쿠쿠 IH6인용압력밥솥,90000,3,판매완료,도봉제2동,2025-10-09 21:16:35,https://web.joongna.com/product/218419620
쿠쿠 밥솥,220524204,쿠쿠밥솥패킹새거,10000,3,판매완료,,2025-10-09 21:09:48,https://web.joongna.com/product/220524204
쿠쿠 밥솥,220455177,쿠쿠 에그밥솥 팝니다 택포 15000원,15000,3,판매완료,,2025-10-09 14:06:12,https://web.joongna.com/product/220455177
쿠쿠 밥솥,220505932,쿠쿠 밥솥,40000,0,판매중,성당동,2025-10-09 12:24:29,https://web.joongna.com/product/220505932
쿠쿠 밥솥,220125984,쿠쿠 6인용 IH전기압력밥솥 CRP-DHP0610FD,149000,3,판매완료,임동,2025-10-09 11:27:39,https://web.joongna.com/product/220125984
쿠쿠 밥솥,220499409,쿠쿠3인용 전기밥솥,40000,3,판매완료,평리1동,2025-10-09 07:27:08,https://web.joongna.com/product/220499409
쿠쿠 밥솥,219133304,쿠쿠내솥/10인용+패킹/다이아쉴드내솥/IH밥솥/대화력/,35000,3,판매완료,,2025-10-07 20:48:11,https://web.joongna.com/product/219133304
쿠쿠 밥솥,220396142,쿠쿠 10인용 전기밥솥 상태최상 직거래만,90000,3,판매완료,신월3동,2025-10-06 14:22:58,https://web.joongna.com/product/220396142
쿠쿠 밥솥,220369024,쿠쿠 IH 압력밥솥 10인,50000,3,판매완료,영등포동,2025-10-05 11:25:55,https://web.joongna.com/product/220369024
쿠쿠 밥솥,220171085,쿠쿠 압력밥솥 CRP-FHB0610EL 미사용 새제품,260000,3,판매완료,송도4동,2025-10-04 12:14:20,https://web.joongna.com/product/220171085
쿠쿠 밥솥,220090877,쿠쿠 6인용 2 기압 쾌속밥솥/FHR0610FD,110000,3,판매완료,,2025-10-04 10:03:19,https://web.joongna.com/product/220090877
쿠쿠 밥솥,219285563,쿠쿠 3인용 IH 압력밥솥/HQXT0310FP,55000,3,판매완료,,2025-10-04 10:00:23,https://web.joongna.com/product/219285563
쿠쿠 밥솥,220224791,쿠쿠 10인용 압력 전기밥솥 판매합니다,30000,3,판매완료,귀인동,2025-10-03 12:58:39,https://web.joongna.com/product/220224791
쿠쿠 밥솥,220320631,쿠쿠 IH전기압력밥솥(10인용)/다크실버,170000,0,판매중,,2025-10-02 16:44:15,https://web.joongna.com/product/220320631
쿠쿠 밥솥,220076904,쿠쿠 10인용 밥솥,60000,0,판매중,서둔동,2025-10-02 06:18:03,https://web.joongna.com/product/220076904
쿠쿠 밥솥,219468595,쿠쿠 트윈프레셔 6인용 IH압력밥솥 JHT0610FS,170000,3,판매완료,고덕동,2025-10-01 19:38:24,https://web.joongna.com/product/219468595
쿠쿠 밥솥,220286564,쿠쿠 밥솥 판매합니다,190000,0,판매중,송도5동,2025-10-01 15:00:58,https://web.joongna.com/product/220286564
쿠쿠 밥솥,220284814,쿠쿠 6인용 밥솥,30000,3,판매완료,등촌제1동,2025-10-01 14:11:38,https://web.joongna.com/product/220284814
쿠쿠 밥솥,217535700,쿠쿠전기밥솥,20000,3,판매완료,안성1동,2025-09-30 17:25:00,https://web.joongna.com/product/217535700
쿠쿠 밥솥,220228070,쿠쿠 CRP-R069FS 6인용 밥솥,20000,0,판매중,,2025-09-29 20:23:09,https://web.joongna.com/product/220228070
쿠쿠 밥솥,219582568,"쿠쿠압력밥솥 CRP-PW1085FD (10인용,상일동)",85000,3,판매완료,,2025-09-29 03:05:12,https://web.joongna.com/product/219582568
쿠쿠 밥솥,158656336,쿠쿠 대형밥솥,200000,0,판매중,지산동,2025-09-28 10:15:58,https://web.joongna.com/product/158656336
쿠쿠 밥솥,220161152,쿠쿠 미니밥솥 CR-0255MW,40000,3,판매완료,진관동,2025-09-27 22:10:24,https://web.joongna.com/product/220161152
쿠쿠 밥솥,219881314,쿠쿠 내솥 crp-hmxt1070sb 10인용 밥솥 팝니다,64000,0,판매중,,2025-09-27 19:26:25,https://web.joongna.com/product/219881314
쿠쿠 밥솥,220136480,쿠쿠 트윈 압력 밥솥 LHLR1010FW,90000,3,판매완료,덕천제1동,2025-09-27 09:26:01,https://web.joongna.com/product/220136480
쿠쿠 밥솥,218501884,쿠쿠 6인용 트윈 프레셔 밥솥,115000,3,판매완료,,2025-09-25 12:06:24,https://web.joongna.com/product/218501884
쿠쿠 밥솥,219287598,쿠쿠 6인용 IH압력밥솥,52000,3,판매완료,,2025-09-25 12:03:46,https://web.joongna.com/product/219287598
쿠쿠 밥솥,220030254,쿠쿠 6인용 풀스텐커버 고화력 말하는 압력밥솥 CRP-,40000,3,판매완료,가음정동,2025-09-24 21:37:52,https://web.joongna.com/product/220030254
쿠쿠 밥솥,220034968,쿠쿠 6인용 초고압 무압 밥솥/JHT0610FD,120000,3,판매완료,,2025-09-24 14:36:41,https://web.joongna.com/product/220034968
쿠쿠 밥솥,220030900,쿠쿠압력밥솥 10인용,40000,0,판매중,,2025-09-24 12:49:56,https://web.joongna.com/product/220030900
쿠쿠 밥솥,219396242,새상품정품쿠쿠블랙스톤6인용전기밥솥CRP-BR065FB,150900,3,판매완료,,2025-09-22 22:46:44,https://web.joongna.com/product/219396242
쿠쿠 밥솥,219972447,쿠쿠밥솥6인용 압력밥솥,100000,3,판매완료,,2025-09-22 21:01:39,https://web.joongna.com/product/219972447
쿠쿠 밥솥,209509096,KT 쿠쿠 10인용 IH 전기밥솥 밥통 쿠첸 엔젤 휴롬 칼,50000,0,판매중,,2025-09-22 16:07:42,https://web.joongna.com/product/209509096
쿠쿠 밥솥,219928709,쿠쿠 10인용 전기압력밥솥 crp-jhp1010fg,160000,3,판매완료,,2025-09-21 22:26:11,https://web.joongna.com/product/219928709
쿠쿠 밥솥,219450345,쿠쿠CRP-EHS0320FS IH압력밥솥 3인용,90000,3,판매완료,송산3동,2025-09-21 20:56:44,https://web.joongna.com/product/219450345
쿠쿠 밥솥,219895938,쿠쿠 6인용 압력밥솥팝니다,100000,0,판매중,홍제제2동,2025-09-21 13:26:59,https://web.joongna.com/product/219895938
쿠쿠 밥솥,218764474,쿠쿠 IH 압력밥솥 10인,50000,3,판매완료,영등포동,2025-09-21 11:53:45,https://web.joongna.com/product/218764474
쿠쿠 밥솥,218766496,쿠쿠 전기밥솥,35000,3,판매완료,영등포동,2025-09-21 11:53:49,https://web.joongna.com/product/218766496
쿠쿠 밥솥,219861515,쿠쿠 10인용 압력밥솥 팝니다,170000,3,판매완료,,2025-09-20 21:08:33,https://web.joongna.com/product/219861515
쿠쿠 밥솥,218245022,쿠쿠 3인용 IH압력밥솥,50000,3,판매완료,,2025-09-20 20:50:46,https://web.joongna.com/product/218245022
쿠쿠 밥솥,217461277,쿠쿠 10인 풀스텐 에코 압력밥솥,85000,3,판매완료,,2025-09-20 20:40:06,https://web.joongna.com/product/217461277
쿠쿠 밥솥,218624753,쿠쿠 블랙스톤 6인용 밥솥,55000,3,판매완료,,2025-09-20 20:39:41,https://web.joongna.com/product/218624753
쿠쿠 밥솥,219842194,쿠쿠 6인용 IH압력밥솥 세제품 팝니다,220000,3,판매완료,대야동,2025-09-20 15:26:46,https://web.joongna.com/product/219842194
쿠쿠 밥솥,219822451,쿠쿠 6인용 풀스텐커버 고화력 말하는 압력밥솥 CRP-,45000,3,판매완료,가음정동,2025-09-20 10:18:52,https://web.joongna.com/product/219822451
쿠쿠 밥솥,219816842,쿠쿠 CRP CHP JHP 10인용 내부 밥솥,82000,0,판매중,,2025-09-20 08:30:49,https://web.joongna.com/product/219816842
쿠쿠 밥솥,218857565,쿠쿠 IH압력밥솥 CRP-CHB1020 FHW 새상품,450000,3,판매완료,식사동,2025-09-19 17:08:18,https://web.joongna.com/product/218857565
쿠쿠 밥솥,219781282,쿠쿠 6인용 IH압력밥솥 CRP-DHP0610FD,130000,3,판매완료,답십리제1동,2025-09-19 15:37:31,https://web.joongna.com/product/219781282
쿠쿠 밥솥,219775112,쿠쿠전기밥솥,90000,0,판매중,,2025-09-19 14:02:26,https://web.joongna.com/product/219775112
쿠쿠 밥솥,219765320,쿠쿠CUCKOO CRP-EHS0310FW 화이트실버 자취밥솥 3인용 밥솥 미니밥솥,155000,3,판매완료,,2025-09-19 11:39:11,https://web.joongna.com/product/219765320
쿠쿠 밥솥,219747210,쿠쿠 IH밥솥 마스터셰프 트윈프레셔 CRP-LHTR1010FD 10인용 판매 합니다,99999,3,판매완료,,2025-09-19 01:37:13,https://web.joongna.com/product/219747210
쿠쿠 밥솥,217251737,쿠쿠 6인용 분리형 스텐커버 말하는 압력밥솥 CRP-P,23000,3,판매완료,가음정동,2025-09-18 23:22:02,https://web.joongna.com/product/217251737
쿠쿠 밥솥,219727714,쿠쿠 IH 풀 스테인리스 에코 2.0 전기밥솥(10인용)CRP-AHSN1010FS,50000,3,판매완료,,2025-09-18 19:04:09,https://web.joongna.com/product/219727714
쿠쿠 밥솥,219412064,쿠쿠IH쁘띠3인용압력밥솥(22년10월제품)트윈프레셔,150000,3,판매완료,도봉제2동,2025-09-17 10:58:44,https://web.joongna.com/product/219412064
쿠쿠 밥솥,219092279,쿠쿠 IH압력밥솥 10인용,70000,3,판매완료,지동,2025-09-16 10:28:47,https://web.joongna.com/product/219092279
쿠쿠 밥솥,219543756,쿠쿠 전기밥솥 CR-3031N입니다,17000,3,판매완료,양평제1동,2025-09-15 23:57:33,https://web.joongna.com/product/219543756
쿠쿠 밥솥,219520313,쿠쿠 10인용 밥솥,65000,0,판매중,소하2동,2025-09-15 17:18:28,https://web.joongna.com/product/219520313
쿠쿠 밥솥,219261773,쿠쿠 6인용 압력밥솥 음성안내,30000,3,판매완료,정관읍,2025-09-15 08:50:20,https://web.joongna.com/product/219261773
쿠쿠 밥솥,219457373,쿠쿠 밥솥 물받이 (10인용) + 증기배출구 청소핀 (,7000,3,판매완료,상도제1동,2025-09-14 18:10:59,https://web.joongna.com/product/219457373
쿠쿠 밥솥,219390516,쿠쿠 압력밥솥,65000,3,판매완료,홍천읍,2025-09-14 16:16:44,https://web.joongna.com/product/219390516
쿠쿠 밥솥,219404480,쿠쿠 6인용 밥솥 CRP-R061FC 팝니다.,65000,3,판매완료,장위제2동,2025-09-13 20:48:35,https://web.joongna.com/product/219404480
쿠쿠 밥솥,219392540,쿠쿠 압력밥솥,70000,3,판매완료,화정2동,2025-09-13 17:02:31,https://web.joongna.com/product/219392540
쿠쿠 밥솥,219389347,쿠쿠전자 IH 전기밥솥(3인용) CRP-EHS0320FW,80000,3,판매완료,,2025-09-13 16:07:38,https://web.joongna.com/product/219389347
쿠쿠 밥솥,219366899,쿠쿠 IH 압력밥솥 (AHXB1060FB),70000,3,판매완료,대연제6동,2025-09-13 10:16:54,https://web.joongna.com/product/219366899
쿠쿠 밥솥,219232161,쿠쿠6인용압력밥솥 네솥 새거,60000,3,판매완료,,2025-09-13 08:54:56,https://web.joongna.com/product/219232161
쿠쿠 밥솥,219356763,쿠쿠 CRP-QW105FS 전기압력밥솥,117000,3,판매완료,도화2.3동,2025-09-13 01:33:04,https://web.joongna.com/product/219356763
쿠쿠 밥솥,219343650,쿠쿠 6인용 압력밥솥,20000,0,판매중,불로대곡동,2025-09-12 20:31:17,https://web.joongna.com/product/219343650
쿠쿠 밥솥,219341777,쿠쿠 6인용 압력밥솥,30000,0,판매중,불로대곡동,2025-09-12 19:56:02,https://web.joongna.com/product/219341777
쿠쿠 밥솥,219339844,쿠쿠 업소용 대용량 30인용 전기밥솥 CR-3031V 팝니다.,100000,3,판매완료,덕풍1동,2025-09-12 19:19:16,https://web.joongna.com/product/219339844
쿠쿠 밥솥,219292868,쿠쿠 10 인용 ih 밥솥,110000,3,판매완료,,2025-09-12 00:38:22,https://web.joongna.com/product/219292868
쿠쿠 밥솥,219283326,쿠쿠 IH전기압력밥솥 (25년 9월 생산),165000,3,판매완료,,2025-09-11 21:23:25,https://web.joongna.com/product/219283326
쿠쿠 밥솥,219274692,쿠쿠전기밥솥 CR-0375 FW 2만원에 팝니다,20000,3,판매완료,,2025-09-11 18:46:00,https://web.joongna.com/product/219274692
쿠쿠 밥솥,219273647,쿠쿠 IH 풀 스테인리스 에코 2.0 전기밥솥(10인용)CRP-AHSN1010FS,50000,3,판매완료,,2025-09-11 18:27:14,https://web.joongna.com/product/219273647
쿠쿠 밥솥,219235670,25년 쿠쿠 마스터쉐프 10인용 밥솥 판매해요,200000,3,판매완료,,2025-09-11 08:32:28,https://web.joongna.com/product/219235670
쿠쿠 밥솥,219231751,쿠쿠 10인용 밥솥 (우체국운포) 내용필독,78000,3,판매완료,,2025-09-11 05:42:12,https://web.joongna.com/product/219231751
쿠쿠 밥솥,219230414,(3번사용) 쿠쿠 전기밥솥 CR-3055B,90000,3,판매완료,상도제1동,2025-09-11 02:11:30,https://web.joongna.com/product/219230414
쿠쿠 밥솥,219230126,쿠쿠 IH밥솥 마스터셰프 트윈프레셔 CRP-LHTR1010FD 10인용 판매 합니다,180000,3,판매완료,,2025-09-11 01:44:09,https://web.joongna.com/product/219230126
쿠쿠 밥솥,219211854,쿠쿠 IH압력밥솥 6인용 JHR0620FD,50000,3,판매완료,,2025-09-10 19:22:33,https://web.joongna.com/product/219211854
쿠쿠 밥솥,217711566,쿠쿠 IH압력밥솥 10인용 KHTS1060FLB,350000,3,판매완료,삼성동,2025-09-10 12:34:06,https://web.joongna.com/product/217711566
쿠쿠 밥솥,218406744,쿠쿠 10 인용 2기압 IH압력밥솥,120000,3,판매완료,,2025-09-10 12:41:22,https://web.joongna.com/product/218406744
쿠쿠 밥솥,219029124,쿠쿠 6인용 밥솥/CR-0632P,15000,3,판매완료,,2025-09-10 12:31:53,https://web.joongna.com/product/219029124
쿠쿠 밥솥,219163742,쿠쿠 IH밥솥 마스터셰프 트윈프레셔 CRP-LHTR1010FD 10인용 판매 합니다,180000,3,판매완료,,2025-09-10 01:05:57,https://web.joongna.com/product/219163742
쿠쿠 밥솥,219144319,오쿠 중탕기 약탕기+신영 마늘 절단기+쿠쿠 10인용 압력밥솥,90000,0,판매중,,2025-09-09 19:00:21,https://web.joongna.com/product/219144319
쿠쿠 밥솥,219145873,쿠쿠6인용압력밥솥 네솥 새거,60000,3,판매완료,,2025-09-09 19:30:23,https://web.joongna.com/product/219145873
쿠쿠 밥솥,219136601,쿠쿠 3인용 IH압력밥솥,60000,0,판매중,가산동,2025-09-09 16:50:03,https://web.joongna.com/product/219136601
쿠쿠 밥솥,218619604,쿠쿠 IH 압력밥솥 10인용,33000,3,판매완료,지동,2025-09-09 10:29:21,https://web.joongna.com/product/218619604
쿠쿠 밥솥,219097991,쿠쿠 IH밥솥 마스터셰프 트윈프레셔 CRP-LHTR1010FD 10인용 판매 합니다,180000,3,판매완료,,2025-09-09 00:43:58,https://web.joongna.com/product/219097991
쿠쿠 밥솥,219087159,쿠쿠 트윈프레셔 더라이트 CRP-ST0610FW 6인용 IH압력밥솥 판매,80000,3,판매완료,,2025-09-08 21:12:00,https://web.joongna.com/product/219087159
쿠쿠 밥솥,218809374,쿠쿠 IH 10인용 압력밥솥 CRP-CHS1010FW,255000,0,판매중,문산읍,2025-09-08 16:36:33,https://web.joongna.com/product/218809374
쿠쿠 밥솥,219052795,쿠쿠내솥/10인용+패킹/다이아쉴드내솥/IH밥솥/대화력/,35000,3,판매완료,,2025-09-08 12:20:29,https://web.joongna.com/product/219052795
쿠쿠 밥솥,219006973,쿠쿠 3인용 압력밥솥,110000,3,판매완료,,2025-09-07 16:55:59,https://web.joongna.com/product/219006973
쿠쿠 밥솥,218938763,쿠쿠 35인용 전기밥솥 업소용,50000,3,판매완료,일산동,2025-09-06 14:28:11,https://web.joongna.com/product/218938763
쿠쿠 밥솥,218931096,쿠쿠 밥솥 DHB0660FDM 미개봉,150000,3,판매완료,능평동,2025-09-06 12:21:09,https://web.joongna.com/product/218931096
쿠쿠 밥솥,218909306,쿠쿠전자 CRP-DHP0610FD 6인용 IH압력밥솥 판매,70000,3,판매완료,,2025-09-05 23:39:14,https://web.joongna.com/product/218909306
쿠쿠 밥솥,218295399,쿠쿠 10인용 압력밥솥 CRP-A1050FR (내솥포함,20000,3,판매완료,왕십리도선동,2025-09-05 12:22:02,https://web.joongna.com/product/218295399
쿠쿠 밥솥,218849742,쿠쿠 IH밥솥 마스터셰프 트윈프레셔 CRP-LHTR1010FD 10인용 판매 합니다,170000,3,판매완료,,2025-09-05 00:42:32,https://web.joongna.com/product/218849742
쿠쿠 밥솥,218817849,택포) 쿠쿠 IH 6인용 밥솥,53000,3,판매완료,,2025-09-04 15:09:12,https://web.joongna.com/product/218817849
쿠쿠 밥솥,218817910,쿠쿠밥솥 (CRP-NHTR1010FP),450000,0,판매중,,2025-09-04 15:10:09,https://web.joongna.com/product/218817910
쿠쿠 밥솥,218816457,쿠쿠 밥솥,50000,3,판매완료,,2025-09-04 14:49:43,https://web.joongna.com/product/218816457
쿠쿠 밥솥,218771045,쿠쿠 IH밥솥 마스터셰프 트윈프레셔 CRP-LHTR1010FD 10인용 판매 합니다,170000,3,판매완료,,2025-09-03 20:07:33,https://web.joongna.com/product/218771045
쿠쿠 밥솥,217646155,쿠쿠 압력밥솥 커버 패킹(ccp-h10),10000,3,판매완료,괴정제1동,2025-09-03 12:35:22,https://web.joongna.com/product/217646155
쿠쿠 밥솥,218721475,쿠쿠 에그밥솥 팝니다. CR - 0775FW,20000,3,판매완료,장충동,2025-09-03 02:25:45,https://web.joongna.com/product/218721475
쿠쿠 밥솥,218685663,쿠쿠10인용 압력밥솥 3인용 2종 인기모델,200000,0,판매중,,2025-09-02 15:03:48,https://web.joongna.com/product/218685663
쿠쿠 밥솥,218684884,쿠쿠 트윈프레셔 마스터셰프 CRP-LHTR0610FW 6인용 IH압력밥솥 판매,50000,3,판매완료,,2025-09-02 14:51:10,https://web.joongna.com/product/218684884
쿠쿠 밥솥,218684238,쿠쿠 트윈프레셔 더라이트 CRP-ST0610FW 6인용 IH압력밥솥 판매,80000,3,판매완료,,2025-09-02 14:41:48,https://web.joongna.com/product/218684238
쿠쿠 밥솥,218653522,쿠쿠 IH밥솥 마스터셰프 트윈프레셔 CRP-LHTR1010FD 10인용 판매 합니다,170000,3,판매완료,,2025-09-02 01:05:20,https://web.joongna.com/product/218653522
쿠쿠 밥솥,218632261,쿠쿠 전기밥솥 (10인용),50000,3,판매완료,,2025-09-01 18:28:24,https://web.joongna.com/product/218632261
쿠쿠 밥솥,218612107,쿠쿠 압력밥솥 CRP-P104FB,90000,3,판매완료,,2025-09-01 13:12:00,https://web.joongna.com/product/218612107
쿠쿠 밥솥,218590546,쿠쿠 35인용 전기밥솥 업소용,100000,3,판매완료,일산동,2025-09-01 05:29:01,https://web.joongna.com/product/218590546
쿠쿠 밥솥,218589736,[미개봉] 새상품 쿠쿠 6인용 전기밥솥 판매합니다,80000,3,판매완료,신안동,2025-09-01 03:02:39,https://web.joongna.com/product/218589736
쿠쿠 밥솥,218586112,쿠쿠 IH밥솥 마스터셰프 트윈프레셔 CRP-LHTR1010FD 10인용 판매 합니다,180000,3,판매완료,,2025-09-01 00:03:39,https://web.joongna.com/product/218586112
쿠쿠 밥솥,218575677,쿠쿠 전기압력밥솥10인용 CRP-QS1020FGM,120000,0,판매중,,2025-08-31 20:46:35,https://web.joongna.com/product/218575677
쿠쿠 밥솥,217770382,쿠쿠 전기밥솥 6인용 정상작동,45000,3,판매완료,길동,2025-08-31 11:07:44,https://web.joongna.com/product/217770382
쿠쿠 밥솥,218014934,쿠쿠 6인용 밥솥,20000,3,판매완료,오전동,2025-08-31 10:27:50,https://web.joongna.com/product/218014934
쿠쿠 밥솥,213640311,쿠쿠에그밥솥내솥/쿠쿠내솥+클린커버패킹/3인용/쿠쿠,15000,3,판매완료,,2025-08-30 21:44:01,https://web.joongna.com/product/213640311
쿠쿠 밥솥,216722143,쿠쿠 6인용 압력밥솥,35000,3,판매완료,,2025-08-30 16:11:59,https://web.joongna.com/product/216722143
쿠쿠 밥솥,216633098,쿠쿠 2기압 6인용밥솥/CRP-FHS0610FD,90000,3,판매완료,,2025-08-30 16:13:37,https://web.joongna.com/product/216633098
쿠쿠 밥솥,218477379,쿠쿠 전기밥솥 6인용,82000,3,판매완료,,2025-08-30 10:01:49,https://web.joongna.com/product/218477379
쿠쿠 밥솥,218469980,쿠쿠 전기압력밥솥10인용 CRP-QS1020FGM,120000,3,판매완료,,2025-08-30 05:50:54,https://web.joongna.com/product/218469980
쿠쿠 밥솥,218441346,쿠쿠 업소용 밥솥 CR-3055B,92000,3,판매완료,자양제1동,2025-08-29 15:58:57,https://web.joongna.com/product/218441346
쿠쿠 밥솥,218435364,쿠쿠 전기밥솥,70000,0,판매중,신사동,2025-08-29 14:24:02,https://web.joongna.com/product/218435364
쿠쿠 밥솥,218399528,쿠쿠전자 압력밥솥 BHXB061FS (6인용),50000,3,판매완료,옥수동,2025-08-28 22:03:48,https://web.joongna.com/product/218399528
쿠쿠 밥솥,218401052,쿠쿠 IH압력밥솥 10인용 다크그레이,60000,3,판매완료,지동,2025-08-28 22:32:22,https://web.joongna.com/product/218401052
쿠쿠 밥솥,218399266,쿠쿠전자 마스터쉐프 silence objet 전기밥솥 (CRP-OHTR0610FGW) 팝니다,450000,3,판매완료,소하1동,2025-08-28 21:58:38,https://web.joongna.com/product/218399266
쿠쿠 밥솥,218103647,쿠쿠전자 압력밥솥 BHXB0610FS,50000,0,판매중,옥수동,2025-08-28 21:48:20,https://web.joongna.com/product/218103647
쿠쿠 밥솥,218398492,쿠쿠 3인용 IH방식 3인용 프리미엄 압력밥솥,170000,3,판매완료,,2025-08-28 21:43:41,https://web.joongna.com/product/218398492
쿠쿠 밥솥,218380218,쿠쿠 10인용 압력밥솥,100000,0,판매중,오산면,2025-08-28 16:29:00,https://web.joongna.com/product/218380218
쿠쿠 밥솥,215013068,쿠쿠ih 압력밥솥 6인용,35000,3,판매완료,,2025-08-28 16:41:20,https://web.joongna.com/product/215013068
쿠쿠 밥솥,218362120,쿠쿠 압력밥솥 CRP-C1060SI 10인용,100000,3,판매완료,북가좌제1동,2025-08-28 11:47:57,https://web.joongna.com/product/218362120
쿠쿠 밥솥,218352759,쿠쿠 3인용 전기밥솥 미사용,40000,3,판매완료,,2025-08-28 09:34:48,https://web.joongna.com/product/218352759
쿠쿠 밥솥,218348849,쿠쿠밥솥 6인용 판매합니다,250000,0,판매중,사당제1동,2025-08-28 08:19:35,https://web.joongna.com/product/218348849
쿠쿠 밥솥,218338871,쿠쿠 IH10인용압력밥솥 (트윈프레셔),160000,3,판매완료,도봉제2동,2025-08-27 23:18:55,https://web.joongna.com/product/218338871
쿠쿠 밥솥,211463347,쿠쿠 6인용 밥솥 CRP-R061FC 팝니다.,75000,0,판매중,장위제2동,2025-08-27 21:14:10,https://web.joongna.com/product/211463347
쿠쿠 밥솥,218321273,쿠쿠 3인용 인기모델 압력밥솥,124000,0,판매중,,2025-08-27 18:06:55,https://web.joongna.com/product/218321273
쿠쿠 밥솥,217668370,쿠쿠 6인용 IH압력밥솥 세제품 팝니다,230000,3,판매완료,대야동,2025-08-27 17:39:15,https://web.joongna.com/product/217668370
쿠쿠 밥솥,218309504,쿠쿠CUCKOO CRP-EHS0310FW 화이트실버 자취밥솥 3인용 밥솥 미니밥솥,200000,3,판매완료,,2025-08-27 15:02:35,https://web.joongna.com/product/218309504
쿠쿠 밥솥,218284456,쿠쿠밥솥 6인용 판매합니다,250000,3,판매완료,사당제1동,2025-08-27 09:02:38,https://web.joongna.com/product/218284456
