search_keyword,product_id,title,price,status_code,status,location,registered_at,product_url
다이슨 청소기,231363937,깨끗하게 세척한 다이슨 무선 청소기 V10 롱버전 풀세트(90분 연속동작,175000,0,판매중,흥해읍,2026-08-27 14:10:47,https://web.joongna.com/product/231363937
다이슨 청소기,231490875,"다이슨 진공 청소기 정품충전기(V10, V11)",17000,0,판매중,흥해읍,2026-08-27 14:10:41,https://web.joongna.com/product/231490875
다이슨 청소기,231559677,다이슨 Dyson 청소기 버큠 헤드 흡입툴 흡입 헤드툴흡입 카펫개인입니다가까운곳은 2만원추가시 집 문앞에 놓아드려요,40000,0,판매중,청담동,2026-08-27 14:45:55,https://web.joongna.com/product/231559677
다이슨 청소기,231769948,[dyson] 다이슨 무선청소기 v7 fluffy,109000,0,판매중,상계5동,2026-08-27 14:22:29,https://web.joongna.com/product/231769948
다이슨 청소기,231904629,깨끗하게 세척한 다이슨 무선 청소기 V8(33분 연속동작),125000,0,판매중,흥해읍,2026-08-27 14:18:18,https://web.joongna.com/product/231904629
다이슨 청소기,231678139,무료배송 다이슨 DC63 터빈헤드프로 유선 청소기 A급,350000,0,판매중,신수동,2026-08-27 14:14:50,https://web.joongna.com/product/231678139
다이슨 청소기,231899285,깨끗하게 세척한 다이슨 무선 청소기 V10 풀세트(51분 연속동작),145000,0,판매중,흥해읍,2026-08-27 14:13:26,https://web.joongna.com/product/231899285
다이슨 청소기,231874690,깨끗하게 세척한 다이슨 무선 청소기 V7(23분 연속동작),77000,0,판매중,흥해읍,2026-08-27 14:13:21,https://web.joongna.com/product/231874690
다이슨 청소기,231874602,깨끗하게 세척한 다이슨 무선 청소기 V11 풀세트(81분 연속동작),265000,0,판매중,흥해읍,2026-08-27 14:13:15,https://web.joongna.com/product/231874602
다이슨 청소기,231813845,깨끗하게 세척한 다이슨 V6[DC62] 무선 청소기(19분 연속동작),67000,0,판매중,흥해읍,2026-08-27 14:13:09,https://web.joongna.com/product/231813845
다이슨 청소기,231812296,다이슨 진공 청소기 완드 4개(연결봉) - 개별판매가능,24000,0,판매중,흥해읍,2026-08-27 14:13:03,https://web.joongna.com/product/231812296
다이슨 청소기,231812076,다이슨 무선 청소기 V6용 모터 헤드,15000,0,판매중,흥해읍,2026-08-27 14:12:57,https://web.joongna.com/product/231812076
다이슨 청소기,231775460,깨끗하게 세척한 다이슨 무선 청소기 V8(33분 연속동작),125000,0,판매중,흥해읍,2026-08-27 14:12:49,https://web.joongna.com/product/231775460
다이슨 청소기,231417216,깨끗하게 세척한 다이슨 V6 무선 청소기 본체(방전),22000,0,판매중,흥해읍,2026-08-27 14:12:16,https://web.joongna.com/product/231417216
다이슨 청소기,231652666,부품용 다이슨 무선 청소기 V8(10분 연속동작)-개별판매,54321,0,판매중,흥해읍,2026-08-27 14:11:51,https://web.joongna.com/product/231652666
다이슨 청소기,231671538,"부품용 다이슨 V7, V8 무선 청소기 싸이클론과 먼지통 - 하자있슴.",15000,0,판매중,흥해읍,2026-08-27 14:11:37,https://web.joongna.com/product/231671538
다이슨 청소기,231590504,깨끗하게 세척한 다이슨 무선 청소기 V11 풀세트(73분 연속동작),239000,0,판매중,흥해읍,2026-08-27 14:11:25,https://web.joongna.com/product/231590504
다이슨 청소기,231512481,다이슨 무선 청소기 정품 미니 모터 헤드(V7- V11용),8000,0,판매중,흥해읍,2026-08-27 14:10:53,https://web.joongna.com/product/231512481
다이슨 청소기,231342868,"다이슨 무선 청소기용 배터리(V6, V7, V8, V10)",11000,0,판매중,흥해읍,2026-08-27 14:10:15,https://web.joongna.com/product/231342868
다이슨 청소기,231836856,다이슨 무선청소기V11 본체 부품용,45000,0,판매중,,2026-08-27 13:41:01,https://web.joongna.com/product/231836856
다이슨 청소기,231901113,다이슨 360 Vis nav 로봇청소기 새상품급,410000,0,판매중,서초2동,2026-08-27 12:18:57,https://web.joongna.com/product/231901113
다이슨 청소기,231901495,다이슨 청소기 V16 가장 최신형 판매합니다,1100000,0,판매중,동탄7동,2026-08-27 12:32:49,https://web.joongna.com/product/231901495
다이슨 청소기,231329957,부품용>> 다이슨 무선 청소기 V8 처분 (배터리 방전),32000,0,판매중,,2026-08-27 11:58:56,https://web.joongna.com/product/231329957
다이슨 청소기,231442880,다이슨 무선 청소기 거치대(스탠드) 슬림형,22000,0,판매중,,2026-08-27 11:57:25,https://web.joongna.com/product/231442880
다이슨 청소기,230978287,다이슨 청소기 V8 앱솔루트 부품,11111,0,판매중,,2026-08-27 11:55:28,https://web.joongna.com/product/230978287
다이슨 청소기,231855016,"다이슨 무선 청소기 연결봉 3개 일괄 처분(V6 1개, V8 2개)",27000,0,판매중,,2026-08-27 11:59:37,https://web.joongna.com/product/231855016
다이슨 청소기,230978283,"다이슨 청소기 V6 부품 싸이클론필터,먼지통",11111,0,판매중,,2026-08-27 11:55:08,https://web.joongna.com/product/230978283
다이슨 청소기,231411809,"다이슨 진공 청소기 정품충전기(V10, V11)",17000,0,판매중,흥해읍,2026-08-27 11:30:51,https://web.joongna.com/product/231411809
다이슨 청소기,231899538,깨끗하게 세척한 다이슨 무선 청소기 V8(33분 연속동작),125000,0,판매중,흥해읍,2026-08-27 11:21:11,https://web.joongna.com/product/231899538
다이슨 청소기,231899508,깨끗하게 세척한 다이슨 V6[DC62] 무선 청소기(21분 연속동작),67000,0,판매중,흥해읍,2026-08-27 11:20:23,https://web.joongna.com/product/231899508
다이슨 청소기,230757663,다이슨 옴니 글라이드 무선청소기,90000,0,판매중,정관읍,2026-08-27 10:08:02,https://web.joongna.com/product/230757663
다이슨 청소기,231357571,"다이슨 무선 청소기용 배터리(V6, V7, V8, V10)",11000,0,판매중,흥해읍,2026-08-27 10:40:09,https://web.joongna.com/product/231357571
다이슨 청소기,231889835,다이슨 무선 청소기 V6용 모터 헤드,15000,0,판매중,흥해읍,2026-08-27 10:42:11,https://web.joongna.com/product/231889835
다이슨 청소기,231808593,다이슨 무선 청소기 정품 미니 모터 헤드(V7- V11용),8000,0,판매중,흥해읍,2026-08-27 10:42:05,https://web.joongna.com/product/231808593
다이슨 청소기,231481859,다이슨 V10 무선 진공청소기용 청소툴보관함(청소틀 포함),19000,0,판매중,흥해읍,2026-08-27 10:41:18,https://web.joongna.com/product/231481859
다이슨 청소기,231481673,"부품용 다이슨 V7, V8 무선 청소기 싸이클론과 먼지통 - 하자있슴.",15000,0,판매중,흥해읍,2026-08-27 10:40:59,https://web.joongna.com/product/231481673
다이슨 청소기,231412025,깨끗하게 세척한 다이슨 V6 무선 청소기 본체(방전),22000,0,판매중,흥해읍,2026-08-27 10:40:40,https://web.joongna.com/product/231412025
다이슨 청소기,231374790,부품용 다이슨 무선 청소기 V8(10분 연속동작) - 개별판매 가능,54321,0,판매중,흥해읍,2026-08-27 10:40:21,https://web.joongna.com/product/231374790
다이슨 청소기,231357645,깨끗하게 세척한 다이슨 무선 청소기 V11 풀세트(73분 연속동작),237000,0,판매중,흥해읍,2026-08-27 10:40:15,https://web.joongna.com/product/231357645
다이슨 청소기,231383867,깨끗하게 세척한 다이슨 무선 청소기 V10 롱버전 풀세트(90분 연속동작,167000,0,판매중,흥해읍,2026-08-27 10:39:36,https://web.joongna.com/product/231383867
다이슨 청소기,231705085,다이슨v11 컴플리트 무선청소기,230000,0,판매중,대신동,2026-08-27 10:31:43,https://web.joongna.com/product/231705085
다이슨 청소기,231845873,다이슨 디지털 슬림옵틱 청소기 새상품,350000,0,판매중,,2026-08-27 10:22:01,https://web.joongna.com/product/231845873
다이슨 청소기,229870838,다이슨 무선청소기 V6용 봉 완드 부품,15000,0,판매중,,2026-08-27 10:01:44,https://web.joongna.com/product/229870838
다이슨 청소기,231896867,다이슨 V10무선청소기,180000,0,판매중,상계1동,2026-08-27 09:36:02,https://web.joongna.com/product/231896867
다이슨 청소기,230345218,"청소기 다이슨 V6,v7,v8,v10 배터리 내놓습니다",28000,0,판매중,,2026-08-27 08:29:27,https://web.joongna.com/product/230345218
다이슨 청소기,224855450,청소기 다이슨 V10(SV12) 배터리 내놓습니다,35000,0,판매중,,2026-08-27 08:29:52,https://web.joongna.com/product/224855450
다이슨 청소기,231409282,"다이슨 무선청소기 V10(거의 A급,삼성배터리교체>1시간14분작동,전체해체,Cleaning완)",208000,0,판매중,죽전1동,2026-08-27 08:19:54,https://web.joongna.com/product/231409282
다이슨 청소기,231783773,다이슨 무선청소기v10 입니다,200000,0,판매중,,2026-08-27 08:19:40,https://web.joongna.com/product/231783773
다이슨 청소기,231870216,다이슨무선청소기 본체 부품용,20000,0,판매중,,2026-08-27 06:27:46,https://web.joongna.com/product/231870216
다이슨 청소기,231527072,무선청소기 배터리 다이슨배터리,9000,0,판매중,,2026-08-27 06:19:43,https://web.joongna.com/product/231527072
다이슨 청소기,231894417,다이슨 V8 무선청소기 / 디월트 / 보쉬,4321,0,판매중,역삼1동,2026-08-27 04:47:32,https://web.joongna.com/product/231894417
다이슨 청소기,231890095,다이슨 정품 싸이클론 V10 무선청소기 미개봉 팝니다 ( 서울 ),290000,0,판매중,청담동,2026-08-26 22:34:58,https://web.joongna.com/product/231890095
다이슨 청소기,231889936,다이슨 진공 청소기 완드 4개(연결봉) - 개별판매가능,24000,1,예약중,흥해읍,2026-08-26 22:29:08,https://web.joongna.com/product/231889936
다이슨 청소기,230680833,다이슨 무선청소기 V7 V8 V10 모터헤드 소프트롤러 (정품 새상품),53000,0,판매중,,2026-08-26 22:13:43,https://web.joongna.com/product/230680833
다이슨 청소기,230621795,다이슨 무선청소기 V7 V8 V10용 소프트롤러 모터헤드,58000,0,판매중,,2026-08-26 22:13:38,https://web.joongna.com/product/230621795
다이슨 청소기,229573941,다이슨 다이슨 무선청소기 V6용 소프트롤러 모터헤드 (분해세척),36000,0,판매중,,2026-08-26 22:13:16,https://web.joongna.com/product/229573941
다이슨 청소기,231458578,정품 다이슨 무선청소기 악세사리 개당5000원 노즐 부품 키트 v8 v7 v10 v11 v12 v15 용,5000,0,판매중,,2026-08-26 21:08:25,https://web.joongna.com/product/231458578
다이슨 청소기,231887508,다이슨 무선청소기 sv09,20000,0,판매중,방화제3동,2026-08-26 21:08:21,https://web.joongna.com/product/231887508
다이슨 청소기,231341295,정품 다이슨 v6 무선청소기 투명 먼지통 더스트빈 컵 단품 본체 부품,10000,0,판매중,,2026-08-26 21:05:12,https://web.joongna.com/product/231341295
다이슨 청소기,231627006,정품 다이슨 v6 무선청소기 연결봉 연장관 완드 튜브 파이프 스틱,7000,0,판매중,,2026-08-26 21:04:47,https://web.joongna.com/product/231627006
다이슨 청소기,231887370,다이슨 무선청소기 충전기,10000,0,판매중,방화제3동,2026-08-26 21:03:38,https://web.joongna.com/product/231887370
다이슨 청소기,231702845,다이슨 DC74 V6 카본 파이버 무선 청소기,55000,0,판매중,,2026-08-26 20:32:34,https://web.joongna.com/product/231702845
다이슨 청소기,229705349,다이슨 V6 무선청소기 본체만,28000,0,판매중,,2026-08-26 19:10:27,https://web.joongna.com/product/229705349
다이슨 청소기,230621767,다이슨 무선청소기 V6 용 거치대 도킹스테이션 (정품),15000,0,판매중,,2026-08-26 19:10:05,https://web.joongna.com/product/230621767
다이슨 청소기,230003884,다이슨 무선청소기 V7 V8 V10용 소프트롤러 모터헤드,43000,0,판매중,,2026-08-26 19:10:21,https://web.joongna.com/product/230003884
다이슨 청소기,231810972,다이슨 청소기,50000,0,판매중,반포3동,2026-08-26 18:02:14,https://web.joongna.com/product/231810972
다이슨 청소기,225228020,다이슨 V6 무선청소기 본체,30000,0,판매중,덕천제1동,2026-08-26 16:39:04,https://web.joongna.com/product/225228020
다이슨 청소기,231879936,[로봇청소기] 다이슨 스팟앤스크럽 Ai 로봇청소기 판매합니다.,700000,0,판매중,등촌제1동,2026-08-26 16:58:02,https://web.joongna.com/product/231879936
다이슨 청소기,231877531,다이슨 360 vis nav 로봇 청소기 304631-01,400000,0,판매중,가산동,2026-08-26 15:41:42,https://web.joongna.com/product/231877531
다이슨 청소기,231637811,다이슨 무선청소기,155000,0,판매중,호평동,2026-08-26 15:41:25,https://web.joongna.com/product/231637811
다이슨 청소기,231709082,다이슨V11컴플리트 무선청소기 미개봉새상품,490000,0,판매중,서현1동,2026-08-26 15:09:15,https://web.joongna.com/product/231709082
다이슨 청소기,230480714,다이슨 v11 에어와츠 최상급 청소기,300000,0,판매중,,2026-08-26 13:25:28,https://web.joongna.com/product/230480714
다이슨 청소기,230986714,다이슨 청소기 V6 미니모터헤드 침구용,30000,0,판매중,지동,2026-08-26 13:04:37,https://web.joongna.com/product/230986714
다이슨 청소기,231823518,다이슨 V7 무선 청소기 본체,40000,0,판매중,덕천제1동,2026-08-26 12:46:33,https://web.joongna.com/product/231823518
다이슨 청소기,231871204,(청소시간 11분) 다이슨 스팟앤스크럽 Ai 로봇 청소기 144385-01,500000,0,판매중,가산동,2026-08-26 12:07:52,https://web.joongna.com/product/231871204
다이슨 청소기,231754423,다이슨 무선청소기,50000,0,판매중,죽전1동,2026-08-26 11:05:57,https://web.joongna.com/product/231754423
다이슨 청소기,231017077,다이슨 V8 무선청소기 부품,30000,0,판매중,죽전1동,2026-08-26 11:05:12,https://web.joongna.com/product/231017077
다이슨 청소기,231731179,(DYSON) 다이슨 청소기 부품 2종 / 헤드 주름관 / 사이드 브러쉬,5000,0,판매중,금호2.3가동,2026-08-26 10:19:36,https://web.joongna.com/product/231731179
다이슨 청소기,231670491,다이슨 무선청소기,99000,0,판매중,호평동,2026-08-26 08:34:24,https://web.joongna.com/product/231670491
다이슨 청소기,231666450,다이슨 무선청소기,155000,0,판매중,호평동,2026-08-26 08:37:38,https://web.joongna.com/product/231666450
다이슨 청소기,229253670,다이슨 V8 앱솔루트 엑스트라 무선청소기,105000,0,판매중,세곡동,2026-08-26 07:55:38,https://web.joongna.com/product/229253670
다이슨 청소기,228292374,다이슨 V8 앱솔루트 무선청소기,128000,0,판매중,세곡동,2026-08-26 07:55:53,https://web.joongna.com/product/228292374
다이슨 청소기,231865497,다이슨 V10무선청소기,180000,0,판매중,상계1동,2026-08-26 07:53:32,https://web.joongna.com/product/231865497
다이슨 청소기,224889811,다이슨 v8 청소기 툴 3종 미사용품.정품이며 보관만 했던 미사용품,7000,0,판매중,,2026-08-26 07:26:37,https://web.joongna.com/product/224889811
다이슨 청소기,231666478,다이슨 무선청소기,155000,0,판매중,호평동,2026-08-26 07:23:31,https://web.joongna.com/product/231666478
다이슨 청소기,230978345,다이슨 V6 청소기 배터리 보호 보드/ BMS PCB,10000,0,판매중,송포동,2026-08-26 03:03:31,https://web.joongna.com/product/230978345
다이슨 청소기,231861277,다이슨SV18디지털슬림무선청소기,200000,0,판매중,,2026-08-25 23:24:53,https://web.joongna.com/product/231861277
다이슨 청소기,231419616,다이슨V8 무선청소기,68000,0,판매중,,2026-08-25 22:39:51,https://web.joongna.com/product/231419616
다이슨 청소기,231857969,다이슨 V10 무선 청소기 부품용,40000,3,판매완료,,2026-08-25 21:23:24,https://web.joongna.com/product/231857969
다이슨 청소기,229776117,다이슨 무선청소기 V8흡입 헤드,25000,0,판매중,신암1동,2026-08-25 18:33:15,https://web.joongna.com/product/229776117
다이슨 청소기,231850231,다이슨 무선청소기 침구헤드,5000,0,판매중,방화제3동,2026-08-25 17:06:12,https://web.joongna.com/product/231850231
다이슨 청소기,231581490,다이슨 청소기 v6 본체,20000,0,판매중,,2026-08-25 15:39:33,https://web.joongna.com/product/231581490
다이슨 청소기,229798153,다이슨 무선청소기 V10 대용량 배터리 (새상품),42000,0,판매중,,2026-08-25 13:40:29,https://web.joongna.com/product/229798153
다이슨 청소기,231799594,다이슨 V11 컴플리트 블루 무선청소기,240000,0,판매중,다산2동,2026-08-25 13:22:41,https://web.joongna.com/product/231799594
다이슨 청소기,231839649,다이슨 v10 무선청소기 부품용 본체,30000,1,예약중,,2026-08-25 11:12:22,https://web.joongna.com/product/231839649
다이슨 청소기,231838986,다이슨 무선청소기 싸이클론 V10 레드,200000,0,판매중,,2026-08-25 10:49:39,https://web.joongna.com/product/231838986
다이슨 청소기,231835371,미개봉] 다이슨 v16 피스톤 애니멀 서브마린 무선청소기 판매합니다,1000000,0,판매중,송부동,2026-08-25 07:20:20,https://web.joongna.com/product/231835371
다이슨 청소기,229818766,"다이슨 공기청정 선풍기, 미홀 로봇청소기",275000,0,판매중,세곡동,2026-08-25 06:45:23,https://web.joongna.com/product/229818766
다이슨 청소기,231834854,다이슨 V8 무선 청소기,130000,0,판매중,문정2동,2026-08-25 05:41:38,https://web.joongna.com/product/231834854
다이슨 청소기,228651985,다이슨 유선청소기 dc52 (바퀴파손),80000,0,판매중,,2026-08-24 22:51:47,https://web.joongna.com/product/228651985
다이슨 청소기,231494126,다이슨 초경량 무선 청소기 마이크로 1.5 충전거치대 포함,310000,0,판매중,,2026-08-24 22:41:24,https://web.joongna.com/product/231494126
다이슨 청소기,231408790,다이슨v10 무선청소기 본체,100000,0,판매중,우산동,2026-08-24 21:33:45,https://web.joongna.com/product/231408790
다이슨 청소기,230407461,다이슨 V8 플러피 청소기 (직거래) <북수원>,90000,0,판매중,정자1동,2026-08-24 21:26:45,https://web.joongna.com/product/230407461
다이슨 청소기,229573906,다이슨 무선청소기 V11 SV 도킹스테이션 거치대 나사,20000,0,판매중,,2026-08-24 19:29:52,https://web.joongna.com/product/229573906
다이슨 청소기,230152281,다이슨V8무선청소기,177000,0,판매중,,2026-08-24 18:06:49,https://web.joongna.com/product/230152281
다이슨 청소기,228654534,다이슨V10무선청소기,217000,0,판매중,,2026-08-24 18:06:39,https://web.joongna.com/product/228654534
다이슨 청소기,231444681,다이슨V11무선청소기,259000,0,판매중,,2026-08-24 18:06:29,https://web.joongna.com/product/231444681
다이슨 청소기,229335262,다이슨 무선청소기 V6 용 거치대 도킹스테이션 (정품,20000,0,판매중,,2026-08-24 17:56:51,https://web.joongna.com/product/229335262
다이슨 청소기,229584363,다이슨 V6 무선 청소기 부품 먼지통 (정품),26000,0,판매중,,2026-08-24 17:56:43,https://web.joongna.com/product/229584363
다이슨 청소기,230773707,다이슨 V6 무선청소기 호환용 대용량 배터리 (새상품)(6500mah),29000,0,판매중,,2026-08-24 17:56:38,https://web.joongna.com/product/230773707
다이슨 청소기,227065935,다이슨 무선청소기 V11용 거치대 도킹스테이션,10000,0,판매중,화수2동,2026-08-24 15:52:16,https://web.joongna.com/product/227065935
다이슨 청소기,230299920,다이슨 무선청소기 V7 V8 V10용 소프트롤러 모터헤드 (분해세척완료),56000,0,판매중,,2026-08-24 14:43:29,https://web.joongna.com/product/230299920
다이슨 청소기,230289805,다이슨 V6 무선청소기 (세척완료.새배터리),96000,0,판매중,,2026-08-24 14:43:25,https://web.joongna.com/product/230289805
다이슨 청소기,230773859,다이슨 V7 무선청소기 대용량 배터리 (새상품)(4800mah),35000,0,판매중,,2026-08-24 14:43:16,https://web.joongna.com/product/230773859
다이슨 청소기,229163402,다이슨 무선청소기 충전기 V6 V7 V8용 충전기(정품,25000,0,판매중,,2026-08-24 14:43:03,https://web.joongna.com/product/229163402
다이슨 청소기,231198421,[새제품]다이슨 V6 애니멀 무선 청소기,165000,0,판매중,보라동,2026-08-24 13:06:19,https://web.joongna.com/product/231198421
다이슨 청소기,231813245,다이슨v6무선청소기,50000,0,판매중,,2026-08-24 13:07:02,https://web.joongna.com/product/231813245
다이슨 청소기,231240094,"다이슨 v6,v7,v8 무선청소기 정품 충전기",13500,1,예약중,,2026-08-24 12:16:07,https://web.joongna.com/product/231240094
다이슨 청소기,231811761,다이슨 펜슬백 플러피콘 청소기 한국 정발 미개봉,480000,0,판매중,장유3동,2026-08-24 12:07:33,https://web.joongna.com/product/231811761
다이슨 청소기,231811318,다이슨 청소기 주변도구 팝니다,20000,0,판매중,,2026-08-24 11:48:53,https://web.joongna.com/product/231811318
다이슨 청소기,231646124,다이슨v8무선 청소기. 상태최상소모품 올교환..,190000,0,판매중,일산2동,2026-08-24 11:47:28,https://web.joongna.com/product/231646124
다이슨 청소기,227111327,다이슨 무선청소기 V7~ V15 용 크레비스툴 +콤비네이션툴 (정품),15000,0,판매중,,2026-08-24 09:27:47,https://web.joongna.com/product/227111327
다이슨 청소기,230438497,다이슨 V10 무선 청소기 판매합니다.,180000,0,판매중,,2026-08-24 09:28:02,https://web.joongna.com/product/230438497
다이슨 청소기,229089357,다이슨 디지털 슬림 무선 청소기 V18,195000,0,판매중,세곡동,2026-08-24 07:06:31,https://web.joongna.com/product/229089357
다이슨 청소기,231538145,다이슨 V8 무선청소기 대용량 배터리 (새상품),38000,0,판매중,,2026-08-23 23:48:32,https://web.joongna.com/product/231538145
다이슨 청소기,229954229,다이슨 호환 v12 무선청소기 리튬배터리팩 4000mAh,45000,0,판매중,한반도면,2026-08-23 22:53:31,https://web.joongna.com/product/229954229
다이슨 청소기,231586916,[풀박스] 다이슨 스팟앤스크럽 Ai 로봇청소기 (블랙+블루 / 모델명: RB05-A),700000,0,판매중,가산동,2026-08-23 21:46:18,https://web.joongna.com/product/231586916
다이슨 청소기,231787572,"다이슨 진공 청소기, v15 오리진 플러피",300000,1,예약중,암사제1동,2026-08-23 14:27:43,https://web.joongna.com/product/231787572
다이슨 청소기,231782756,다이슨 청소기 배터리팩 4개,10000,3,판매완료,당진1동,2026-08-23 11:31:34,https://web.joongna.com/product/231782756
다이슨 청소기,219057753,다이슨 v10 (sv12) 무선 청소기,120000,0,판매중,보라매동,2026-08-23 10:06:40,https://web.joongna.com/product/219057753
다이슨 청소기,223825083,다이슨 cy18 유선 청소기 직구 120v,110000,0,판매중,성현동,2026-08-23 10:06:30,https://web.joongna.com/product/223825083
다이슨 청소기,231364104,다이슨 sv09 무선 청소기,80000,0,판매중,노량진제1동,2026-08-23 07:39:32,https://web.joongna.com/product/231364104
다이슨 청소기,231251032,다이슨 V8 싸이클론 무선청소기 (SV55-A) 판매합니다,300000,0,판매중,,2026-08-23 04:30:40,https://web.joongna.com/product/231251032
다이슨 청소기,230804189,다이슨 워시 WASH G1 물청소기 팝니다.,290000,0,판매중,송도4동,2026-08-23 02:54:35,https://web.joongna.com/product/230804189
다이슨 청소기,231594996,다이슨 청소기 v10 v11 싸이클론 + 먼지통 새상품 팝니다,80000,0,판매중,,2026-08-22 23:00:48,https://web.joongna.com/product/231594996
다이슨 청소기,230681014,다이슨 V8 무선청소기 배터리 잔량 68~70% (정품),46000,0,판매중,,2026-08-22 22:02:31,https://web.joongna.com/product/230681014
다이슨 청소기,231654465,다이슨 사이클론 V10 무선청소기,100000,1,예약중,마산동,2026-08-22 19:01:23,https://web.joongna.com/product/231654465
다이슨 청소기,230529240,다이슨 V7 V8 무선 청소기 부품 먼지통 (정품),36000,0,판매중,,2026-08-22 19:30:43,https://web.joongna.com/product/230529240
다이슨 청소기,230332832,다이슨 무선청소기 V6 부품 부속 브러쉬 툴 (정품.새,13000,0,판매중,,2026-08-22 19:30:28,https://web.joongna.com/product/230332832
다이슨 청소기,229978913,다이슨 무선청소기 V10 도킹스테이션 거치대 나사포함(정품 새상품),20000,0,판매중,,2026-08-22 19:30:09,https://web.joongna.com/product/229978913
다이슨 청소기,231654446,다이슨 사이클론 V10 무선청소기,100000,1,예약중,마산동,2026-08-22 16:35:06,https://web.joongna.com/product/231654446
다이슨 청소기,230338441,다이슨 무선청소기 V7 V8 미니모터헤드 툴 부러쉬 (,18000,0,판매중,,2026-08-22 15:16:05,https://web.joongna.com/product/230338441
다이슨 청소기,228469447,다이슨 360 vis nav 로봇 청소기 미개봉 새제품,350000,0,판매중,,2026-08-22 13:41:44,https://web.joongna.com/product/228469447
다이슨 청소기,231646903,미개봉 다이슨 펜슬백청소기,420000,0,판매중,,2026-08-22 13:19:46,https://web.joongna.com/product/231646903
다이슨 청소기,229820514,다이슨 청소기 보쉬 배터리 어댑터,10000,0,판매중,,2026-08-22 12:16:03,https://web.joongna.com/product/229820514
다이슨 청소기,230681094,다이슨 V8 앱솔루트 무선청소기 + 각종툴 (세척완료),138000,0,판매중,,2026-08-22 12:31:19,https://web.joongna.com/product/230681094
다이슨 청소기,231611143,다이슨 V8무선청소기,35000,0,판매중,,2026-08-22 11:39:09,https://web.joongna.com/product/231611143
다이슨 청소기,231755707,다이슨무선청소기 부속품,3000,0,판매중,,2026-08-22 11:36:54,https://web.joongna.com/product/231755707
다이슨 청소기,231755660,다이슨 슬림 무선청소기 부속품,5000,3,판매완료,,2026-08-22 11:35:37,https://web.joongna.com/product/231755660
다이슨 청소기,231752254,미사용품 다이슨무선청소기 미니모터헤드,25000,0,판매중,동백2동,2026-08-22 08:40:36,https://web.joongna.com/product/231752254
다이슨 청소기,231752436,다이슨무선청소기 정품 먼지통,15000,0,판매중,동백2동,2026-08-22 08:53:58,https://web.joongna.com/product/231752436
다이슨 청소기,231752389,다이슨무선청소기 정품 도킹스테이션,7000,0,판매중,동백2동,2026-08-22 08:50:29,https://web.joongna.com/product/231752389
다이슨 청소기,231752355,다이슨무선청소기 정품 고토크모터헤드,30000,3,판매완료,동백2동,2026-08-22 08:47:44,https://web.joongna.com/product/231752355
다이슨 청소기,231752308,다이슨무선청소기 v11정품하우징 버튼탈착형,25000,0,판매중,동백2동,2026-08-22 08:44:39,https://web.joongna.com/product/231752308
다이슨 청소기,231752285,다이슨무선청소기 정품 충전기,20000,0,판매중,동백2동,2026-08-22 08:42:32,https://web.joongna.com/product/231752285
다이슨 청소기,231315065,다이슨 청소기 툴 악세사리,9000,0,판매중,문래동,2026-08-21 22:37:24,https://web.joongna.com/product/231315065
다이슨 청소기,231348692,다이슨 v10 청소기,145000,0,판매중,,2026-08-21 17:33:23,https://web.joongna.com/product/231348692
다이슨 청소기,231736218,다이슨 V10 싸이클론 무선청소기,125000,0,판매중,진영읍,2026-08-21 16:21:30,https://web.joongna.com/product/231736218
다이슨 청소기,231704151,[새상품 미개봉] 다이슨 펜슬백 플러피콘 sv50 청소기,400000,1,예약중,석관동,2026-08-21 16:14:25,https://web.joongna.com/product/231704151
다이슨 청소기,231735973,다이슨 애니멀 서브마린 청소기,550000,0,판매중,장기동,2026-08-21 16:13:49,https://web.joongna.com/product/231735973
다이슨 청소기,230354959,다이슨 무선청소기 v11 거치대,10000,0,판매중,화수2동,2026-08-21 08:41:17,https://web.joongna.com/product/230354959
다이슨 청소기,230965937,다이슨 청소기 봉 완드 교체부품 V7 V8 V10 V11 V15 부속품 흡입기 부품,19800,0,판매중,,2026-08-21 07:19:03,https://web.joongna.com/product/230965937
다이슨 청소기,230313793,다이슨 V10 무선청소기 풀세트,155000,0,판매중,세곡동,2026-08-21 06:23:22,https://web.joongna.com/product/230313793
다이슨 청소기,130639005,"다이슨청소기 V11 ,V15 용 정품 거치대 미사용품",65000,0,판매중,,2026-08-21 01:05:29,https://web.joongna.com/product/130639005
다이슨 청소기,231517557,다이슨 시네틱빅볼 청소기,150000,0,판매중,구월3동,2026-08-20 22:49:44,https://web.joongna.com/product/231517557
다이슨 청소기,231711303,다이슨 무선 청소기 소프트롤러 미사용 새제품 판매합니다.,65000,0,판매중,,2026-08-20 18:58:16,https://web.joongna.com/product/231711303
다이슨 청소기,230938491,다이슨 V10 무선 청소기 판매합니다.,180000,0,판매중,,2026-08-20 17:36:08,https://web.joongna.com/product/230938491
다이슨 청소기,231704898,"다이슨 V11청소기 충전기V6,V8호환",15000,0,판매중,,2026-08-20 15:26:17,https://web.joongna.com/product/231704898
다이슨 청소기,231536965,다이슨 V8 앱솔루트 무선 청소기 본체ㅡ방전,38000,0,판매중,,2026-08-20 10:07:23,https://web.joongna.com/product/231536965
다이슨 청소기,229176817,다이슨 무선청소기 v10 판매합니다.,150000,3,판매완료,은행동,2026-08-20 07:33:28,https://web.joongna.com/product/229176817
다이슨 청소기,230434591,다이슨 v11무선청소기 팝니다,250000,0,판매중,곡선동,2026-08-20 07:22:22,https://web.joongna.com/product/230434591
다이슨 청소기,230766150,다이슨 v8청소기 파손 본체,12000,0,판매중,,2026-08-19 20:15:56,https://web.joongna.com/product/230766150
다이슨 청소기,229652029,다이슨 V10 무선청소기,145000,0,판매중,세곡동,2026-08-19 15:28:49,https://web.joongna.com/product/229652029
다이슨 청소기,230957663,다이슨V6 + V7 플러피 무선청소기,155000,0,판매중,세곡동,2026-08-19 15:27:18,https://web.joongna.com/product/230957663
다이슨 청소기,230572646,다이슨 무선청소기 세트,55000,0,판매중,죽전1동,2026-08-19 10:30:09,https://web.joongna.com/product/230572646
다이슨 청소기,230925737,"다이슨 청소기 헤드,배터리 등",40000,0,판매중,면목제7동,2026-08-18 09:42:57,https://web.joongna.com/product/230925737
다이슨 청소기,230110261,다이슨 V10 청소기 액세서리 새것 풀세트,40000,0,판매중,,2026-08-17 19:57:27,https://web.joongna.com/product/230110261
다이슨 청소기,225318224,다이슨 펜슬백 플러피콘/청소기 (미개봉) / 다이슨코리아정품,600000,0,판매중,,2026-08-17 14:14:22,https://web.joongna.com/product/225318224
다이슨 청소기,229584980,다이슨 무선청소기(침구청소기겸 쎄컨용 청소기 덤),229000,0,판매중,호평동,2026-08-17 11:53:34,https://web.joongna.com/product/229584980
다이슨 청소기,231340906,다이슨 무선청소기(침구청소기겸 쎄컨용 청소기 덤),229000,0,판매중,호평동,2026-08-17 11:52:51,https://web.joongna.com/product/231340906
다이슨 청소기,230219677,다이슨 V8 무선청소기 세트,120000,0,판매중,죽전1동,2026-08-17 09:53:42,https://web.joongna.com/product/230219677
다이슨 청소기,231520701,다이슨 V6 DC62 무선청소기,75000,3,판매완료,,2026-08-16 15:55:08,https://web.joongna.com/product/231520701
다이슨 청소기,228577522,다이슨 V6 무선 청소기 업탑툴 정품 팝니다.,15000,0,판매중,가락1동,2026-08-16 14:40:38,https://web.joongna.com/product/228577522
다이슨 청소기,231276988,"다이슨 무선청소기 V7,V8 정품 싸이클론 헤드 및 헤파필터 와 더스트 먼지통",22000,0,판매중,,2026-08-16 13:41:25,https://web.joongna.com/product/231276988
다이슨 청소기,231276533,"다이슨 무선청소기 V7,V8 정품 싸이클론 헤드 및 헤파필터",15000,0,판매중,,2026-08-16 13:41:03,https://web.joongna.com/product/231276533
다이슨 청소기,227113698,"정품 다이슨 V7,V8,V10,V11용 무선청소기 더스트빈 먼지통",10000,0,판매중,,2026-08-16 13:39:15,https://web.joongna.com/product/227113698
다이슨 청소기,229987671,다이슨청소기 정품 V6 전용 모터헤드 카펫브러시.,20000,0,판매중,,2026-08-16 13:38:30,https://web.joongna.com/product/229987671
다이슨 청소기,229861443,"다이슨청소기 정품 모터헤드 카펫브러시 V7,V8,V10,V11용",25000,0,판매중,,2026-08-16 13:41:42,https://web.joongna.com/product/229861443
다이슨 청소기,229961284,다이슨청소기 V6전용 정품 더스트빈 먼지통 및 충전기 거치대와 브러시 헤드 세트.,15000,0,판매중,,2026-08-16 13:38:09,https://web.joongna.com/product/229961284
다이슨 청소기,230479152,다이슨 무선청소기,60000,0,판매중,죽전1동,2026-08-16 09:28:06,https://web.joongna.com/product/230479152
다이슨 청소기,231330652,다이슨 무선청소기(침구청소기겸 쎄컨용 청소기 덤),229000,0,판매중,호평동,2026-08-16 08:19:48,https://web.joongna.com/product/231330652
다이슨 청소기,231497251,다이슨 정품 충전기다이슨 청소기 정품 충전기 26.1V 780mA,20000,3,판매완료,법1동,2026-08-16 05:06:16,https://web.joongna.com/product/231497251
다이슨 청소기,231568994,청소기 다이슨 V10(SV12) 배터리 내놓습니다,35000,1,예약중,,2026-08-15 18:23:24,https://web.joongna.com/product/231568994
다이슨 청소기,230201060,[새상품/미개봉] 다이슨 스팟앤스크럽 Ai 로봇청소기,880000,0,판매중,사당제2동,2026-08-15 17:24:51,https://web.joongna.com/product/230201060
다이슨 청소기,231557226,다이슨 무선청소기용 소프트 롤러 클리너 헤드입니다.,28000,0,판매중,미사1동,2026-08-15 10:54:45,https://web.joongna.com/product/231557226
다이슨 청소기,230753338,다이슨SV18무선청소기,100000,0,판매중,,2026-08-15 00:02:37,https://web.joongna.com/product/230753338
다이슨 청소기,230014168,다이슨v10무선청소기,60000,0,판매중,,2026-08-15 00:01:52,https://web.joongna.com/product/230014168
다이슨 청소기,230647145,다이슨 v11무선청소기 풀세트,260000,0,판매중,,2026-08-15 00:02:57,https://web.joongna.com/product/230647145
다이슨 청소기,229314440,다이슨 청소기 본체,45000,0,판매중,,2026-08-15 00:02:12,https://web.joongna.com/product/229314440
다이슨 청소기,229684144,다이슨무선청소기 롤러 브러시,35000,0,판매중,,2026-08-15 00:01:46,https://web.joongna.com/product/229684144
다이슨 청소기,231354459,다이슨v11무선청소기 본체,160000,0,판매중,,2026-08-15 00:01:11,https://web.joongna.com/product/231354459
다이슨 청소기,231302447,다이슨 v6 무선청소기 본체,20000,0,판매중,,2026-08-14 12:43:48,https://web.joongna.com/product/231302447
다이슨 청소기,222718476,미개봉새상품 ) 다이슨 싸이클론 V10 무선청소기,390000,0,판매중,,2026-08-13 21:02:23,https://web.joongna.com/product/222718476
다이슨 청소기,230389358,다이슨 무선청소기 카펫브러쉬,20000,0,판매중,,2026-08-13 19:38:00,https://web.joongna.com/product/230389358
다이슨 청소기,231501119,다이슨 V8 무선 청소기 (배터리 불량),45000,3,판매완료,안성3동,2026-08-13 10:01:52,https://web.joongna.com/product/231501119
다이슨 청소기,230379365,"청소기 다이슨 V6,v7,v8,v10 배터리 내놓습니다",28000,3,판매완료,,2026-08-13 08:45:56,https://web.joongna.com/product/230379365
다이슨 청소기,231498776,다이슨 V8 (SV10) 무선 청소기 본체,30000,3,판매완료,신암1동,2026-08-13 07:48:58,https://web.joongna.com/product/231498776
다이슨 청소기,230978708,무선청소기 배터리 다이슨배터리,9000,3,판매완료,,2026-08-13 06:05:55,https://web.joongna.com/product/230978708
다이슨 청소기,231497159,다이슨 V10 청소기 부품. 부속,30000,3,판매완료,법2동,2026-08-13 02:32:50,https://web.joongna.com/product/231497159
다이슨 청소기,231496263,다이슨 V11 컴플리트 엑스트라 무선 청소기(((충전기만)),12000,3,판매완료,,2026-08-13 00:39:43,https://web.joongna.com/product/231496263
다이슨 청소기,230327596,다이슨 청소기 장난감,35000,0,판매중,,2026-08-12 23:03:44,https://web.joongna.com/product/230327596
다이슨 청소기,231481452,다이슨 DC29 알러지 유선청소기,90000,3,판매완료,,2026-08-12 15:58:18,https://web.joongna.com/product/231481452
다이슨 청소기,230118022,다이슨 무선 청소기 소프트롤러 미사용 새제품 판매합니다.,60000,3,판매완료,,2026-08-12 12:38:14,https://web.joongna.com/product/230118022
다이슨 청소기,231466419,다이슨 V12 무선청소기 해드모터부 본체,40000,3,판매완료,법2동,2026-08-12 01:14:13,https://web.joongna.com/product/231466419
다이슨 청소기,230641487,다이슨 360 비즈 나 로봇 청소기 팔아요,660000,0,판매중,불광제2동,2026-08-11 16:38:11,https://web.joongna.com/product/230641487
다이슨 청소기,231447665,부산 다이슨 v7 무선청소기,50000,3,판매완료,화명제3동,2026-08-11 14:10:25,https://web.joongna.com/product/231447665
다이슨 청소기,230451107,다이슨 v10무선청소기 팝니다,180000,0,판매중,곡선동,2026-08-10 17:23:12,https://web.joongna.com/product/230451107
다이슨 청소기,186090971,다이슨무선청소기롤러 v8.v10.v11호환됩니다,30000,0,판매중,,2026-08-10 10:02:02,https://web.joongna.com/product/186090971
다이슨 청소기,231239715,다이슨 V8 무선 청소기 본체만,40000,3,판매완료,덕천제1동,2026-08-10 09:43:17,https://web.joongna.com/product/231239715
다이슨 청소기,231138282,다이슨 무선청소기(침구청소기겸 쎄컨용 청소기 덤),229000,0,판매중,호평동,2026-08-09 11:37:35,https://web.joongna.com/product/231138282
다이슨 청소기,229905796,다이슨 빅볼 애니멀 청소기(DC65)(택배포함),180000,0,판매중,,2026-08-09 10:24:46,https://web.joongna.com/product/229905796
다이슨 청소기,229049520,다이슨 V10 청소기 세트,140000,0,판매중,신장2동,2026-08-09 09:44:57,https://web.joongna.com/product/229049520
다이슨 청소기,227391979,다이슨 V7~V15 청소기 각종툴 미사용 새제품 판매합니다,7000,0,판매중,,2026-08-08 17:19:48,https://web.joongna.com/product/227391979
다이슨 청소기,231361094,(정품) (DYSON) 다이슨 V8 무선 청소기 + 거치대,70000,3,판매완료,,2026-08-08 12:57:04,https://web.joongna.com/product/231361094
다이슨 청소기,216393948,다이슨청소기 블레이드 헤드 구석청소용 V7~V15,5000,0,판매중,군포2동,2026-08-08 10:52:26,https://web.joongna.com/product/216393948
다이슨 청소기,216951697,[새상품] 다이슨 청소기 트리거 고정쇠,500,0,판매중,군포2동,2026-08-08 10:51:38,https://web.joongna.com/product/216951697
다이슨 청소기,231031052,[dyson] 다이슨 무선청소기 v6 hepa,80000,3,판매완료,상계5동,2026-08-08 10:00:33,https://web.joongna.com/product/231031052
다이슨 청소기,231147610,다이슨 청소기 카페트롤러 헤드,20000,3,판매완료,읍내동,2026-08-07 17:03:29,https://web.joongna.com/product/231147610
다이슨 청소기,231333462,다이슨 무선청소기 v6 호환배터리,13000,0,판매중,,2026-08-07 13:10:12,https://web.joongna.com/product/231333462
다이슨 청소기,231210437,"다이슨 무선청소기 v7, v8, v10, v11 카펫 브러쉬 헤드",19000,3,판매완료,,2026-08-07 11:15:20,https://web.joongna.com/product/231210437
다이슨 청소기,231319139,다이슨 무선청소기 충전기,20000,3,판매완료,공도읍,2026-08-06 21:26:20,https://web.joongna.com/product/231319139
다이슨 청소기,230111546,다이슨V8무선청소기,50000,0,판매중,,2026-08-06 16:05:47,https://web.joongna.com/product/230111546
다이슨 청소기,230124681,다이슨 v8청소기용 미사용 새제품 먼지털이 커버 팝니다 부산 해운대,5000,0,판매중,우제3동,2026-08-06 11:30:36,https://web.joongna.com/product/230124681
다이슨 청소기,229717248,다이슨v6무선청소기 브러시 롤러새것같은중고,50000,0,판매중,,2026-08-06 08:48:26,https://web.joongna.com/product/229717248
다이슨 청소기,231279892,다이슨 v11 컴플리트 무선청소기,270000,3,판매완료,반포본동,2026-08-06 06:50:27,https://web.joongna.com/product/231279892
다이슨 청소기,230951592,"다이슨 v6 청소기 본체와 베터리입니다.작동 이상 없고요.15,000원에 택비 포함으로 보내드립니다.",15000,3,판매완료,,2026-08-05 16:05:23,https://web.joongna.com/product/230951592
다이슨 청소기,231273449,다이슨 무선청소기 침구 헤드,5000,0,판매중,방화제3동,2026-08-05 12:24:08,https://web.joongna.com/product/231273449
다이슨 청소기,231251275,+ 배터리 세트 다이슨청소기 V8용,28000,3,판매완료,법2동,2026-08-04 16:26:38,https://web.joongna.com/product/231251275
다이슨 청소기,225617334,다이슨 청소기 Gen5 디텍트 새상품,790000,0,판매중,,2026-08-04 13:42:37,https://web.joongna.com/product/225617334
다이슨 청소기,229049102,"다이슨 v8용 거치대와 충전기, 청소툴",30000,0,판매중,용전동,2026-08-04 13:21:56,https://web.joongna.com/product/229049102
다이슨 청소기,224309324,다이슨G1 물걸레청소기,300000,0,판매중,보문동,2026-08-03 19:00:47,https://web.joongna.com/product/224309324
다이슨 청소기,231010881,[로봇청소기] 다이슨 360 Vis Nav 로봇청소기 강력흡입,350000,0,판매중,고척제2동,2026-08-03 17:04:57,https://web.joongna.com/product/231010881
다이슨 청소기,221279674,다이슨 워시 G1 물청소 무선 청소기 미사용품,390000,0,판매중,,2026-08-03 13:02:45,https://web.joongna.com/product/221279674
다이슨 청소기,231215777,다이슨 WashG1 물청소기,484000,0,판매중,구월3동,2026-08-03 12:12:27,https://web.joongna.com/product/231215777
다이슨 청소기,226315594,다이슨v11무선청소기 본체.배터리,160000,0,판매중,,2026-08-02 21:12:30,https://web.joongna.com/product/226315594
다이슨 청소기,231201602,무선청소기 다이슨 새상품,400000,0,판매중,일원1동,2026-08-02 20:00:27,https://web.joongna.com/product/231201602
다이슨 청소기,230151991,다이슨V10무선청소기,217000,0,판매중,,2026-08-02 18:27:45,https://web.joongna.com/product/230151991
다이슨 청소기,231198910,다이슨v11무선청소기,90000,1,예약중,선주원남동,2026-08-02 18:10:50,https://web.joongna.com/product/231198910
다이슨 청소기,230771530,다이슨 클린앤워시 하이진 물청소기,430000,0,판매중,범안동,2026-08-02 17:03:48,https://web.joongna.com/product/230771530
다이슨 청소기,231194873,다이슨V8( SV10) 무선 청소기 본체,25000,3,판매완료,신암1동,2026-08-02 15:44:51,https://web.joongna.com/product/231194873
다이슨 청소기,230422254,다이슨 무선청소기 V10 모터,40000,3,판매완료,마산동,2026-08-02 11:04:12,https://web.joongna.com/product/230422254
다이슨 청소기,231151178,다이슨sv18 디지털 슬림 무선청소기,100000,0,판매중,,2026-08-01 15:23:46,https://web.joongna.com/product/231151178
다이슨 청소기,228261177,다이슨v6무선청소기 본체,30000,0,판매중,,2026-08-01 15:23:36,https://web.joongna.com/product/228261177
다이슨 청소기,225901491,다이슨 청소기 슬림 엉킴방지스크류미사용,50000,0,판매중,,2026-08-01 15:23:08,https://web.joongna.com/product/225901491
다이슨 청소기,227888088,다이슨v8무선청소기 풀풀세트,150000,0,판매중,,2026-08-01 15:23:03,https://web.joongna.com/product/227888088
다이슨 청소기,231147455,다이슨 무선청소기 브러시 헤드,30000,3,판매완료,읍내동,2026-07-31 19:30:02,https://web.joongna.com/product/231147455
다이슨 청소기,230711254,"다이슨청소기 V7, V8, V10 정품 (중고) 소프트롤러헤드판매",46000,0,판매중,,2026-07-31 17:10:08,https://web.joongna.com/product/230711254
다이슨 청소기,228088354,새상품 다이슨 청소기 배터리,20000,0,판매중,신월1동,2026-07-31 16:33:05,https://web.joongna.com/product/228088354
다이슨 청소기,216342926,다이슨 DC24(볼) 유선청소기,80000,0,판매중,,2026-07-31 12:41:27,https://web.joongna.com/product/216342926
다이슨 청소기,231132715,다이슨 마이크로 무선청소기 풀박스 거의새것 판매,320000,0,판매중,한강로동,2026-07-31 11:03:00,https://web.joongna.com/product/231132715
다이슨 청소기,231125446,다이슨 V6 무선 청소기 업탑툴 정품 팝니다.,15000,0,판매중,가락1동,2026-07-30 23:32:40,https://web.joongna.com/product/231125446
다이슨 청소기,231113289,[청소기] 다이슨 싸이클론 스틱청소기 V8 226622-01,220000,0,판매중,,2026-07-30 16:00:46,https://web.joongna.com/product/231113289
다이슨 청소기,230496741,다이슨 V6 무선 청소기 업탑툴 정품 팝니다.,15000,0,판매중,가락1동,2026-07-29 21:41:19,https://web.joongna.com/product/230496741
다이슨 청소기,231028812,다이슨 DC36 카본파이버 유선청소기 판매해요,80000,3,판매완료,광명7동,2026-07-29 19:49:04,https://web.joongna.com/product/231028812
다이슨 청소기,231080519,다이슨 [정품] V10 청소기 먼지통 작동잘됩니다,15000,3,판매완료,선부3동,2026-07-29 13:50:08,https://web.joongna.com/product/231080519
다이슨 청소기,231080299,다이슨 무선청소기 MICRO1.5+충전거치대 택포,290000,3,판매완료,신사동,2026-07-29 13:42:17,https://web.joongna.com/product/231080299
다이슨 청소기,231061785,다이슨 무선청소기,149000,0,판매중,호평동,2026-07-29 10:11:09,https://web.joongna.com/product/231061785
다이슨 청소기,231026852,다이슨 V8/SV10 무선청소기 팔아요,70000,3,판매완료,화곡본동,2026-07-28 17:27:09,https://web.joongna.com/product/231026852
다이슨 청소기,230947407,다이슨 스팟앤스크럽 Ai 로봇 청소기 블랙+블루,750000,0,판매중,,2026-07-28 04:30:42,https://web.joongna.com/product/230947407
다이슨 청소기,227664157,무선청소기 다이슨 v6 충전거치대,6000,0,판매중,,2026-07-27 16:03:05,https://web.joongna.com/product/227664157
다이슨 청소기,231018218,부품용 다이슨 sv33 소형무선 청소기 본체,20000,3,판매완료,용담.명암.산성동,2026-07-27 13:32:17,https://web.joongna.com/product/231018218
다이슨 청소기,229693213,(무배)다이슨 V8 진공청소기 배터리(새상품),40000,3,판매완료,반여제1동,2026-07-27 03:08:20,https://web.joongna.com/product/229693213
다이슨 청소기,230480454,다이슨 청소기 브러시,15000,3,판매완료,,2026-07-26 16:07:48,https://web.joongna.com/product/230480454
다이슨 청소기,230304057,다이슨 V10 플러피 모델 무선청소기,130000,0,판매중,갈산1동,2026-07-25 17:13:13,https://web.joongna.com/product/230304057
다이슨 청소기,230600204,무선청소기 배터리 다이슨배터리,10000,3,판매완료,,2026-07-25 06:03:00,https://web.joongna.com/product/230600204
다이슨 청소기,230796544,깨끗하게 세척한 다이슨 무선 청소기 V11 풀세트(73분 연속동작),245000,1,예약중,흥해읍,2026-07-24 14:17:51,https://web.joongna.com/product/230796544
다이슨 청소기,230895803,다이슨 무선청소기 V10 V11 충전기 아답터 220V (정품),28000,0,판매중,,2026-07-23 13:30:41,https://web.joongna.com/product/230895803
다이슨 청소기,230265642,다이슨 유선 청소기 저렴하게 드립니다~,49000,1,예약중,오금동,2026-07-23 09:52:22,https://web.joongna.com/product/230265642
다이슨 청소기,230582164,(미개봉)다이슨 스팟앤스크럽 Ai 로봇 청소기,800000,3,판매완료,부성1동,2026-07-23 09:04:40,https://web.joongna.com/product/230582164
다이슨 청소기,230885917,"다이슨 V10 디지털슬림 , V12슬림 , SV18 청소기용 정품 충전기",15000,3,판매완료,야탑3동,2026-07-23 06:08:14,https://web.joongna.com/product/230885917
다이슨 청소기,230852316,다이슨 V15 디텍트 컴플리트 무선청소기 (거 의새거) + 다이슨 정품 거치대 + 서브마린 물걸레툴포함,450000,3,판매완료,화수2동,2026-07-22 10:03:17,https://web.joongna.com/product/230852316
다이슨 청소기,230404897,다이슨 프리미엄 디텍트 서브마린 물걸레+진공 무선청소기 V15S / 엘로니켈프리미엄 디텍트 서브마린 물걸레+진공 무,830000,0,판매중,묵제1동,2026-07-22 09:34:09,https://web.joongna.com/product/230404897
다이슨 청소기,230847400,다이슨 V15 디텍트 컴플리트 무선청소기 (거의새거),450000,3,판매완료,화수2동,2026-07-22 06:36:34,https://web.joongna.com/product/230847400
다이슨 청소기,230595568,다이슨 V8 무선 청소기 본체,40000,3,판매완료,덕천제1동,2026-07-22 05:18:49,https://web.joongna.com/product/230595568
다이슨 청소기,229536825,다이슨 V6 청소기 배터리 보호 보드/ BMS PCB,10000,3,판매완료,송포동,2026-07-22 01:35:27,https://web.joongna.com/product/229536825
다이슨 청소기,230819915,다이슨 청소기 툴 세트,9000,0,판매중,공항동,2026-07-21 08:25:00,https://web.joongna.com/product/230819915
다이슨 청소기,230728903,"다이슨 싸이클론 V10 오리진레드청소기:배터리정품거의새거,풀셋구성",200000,3,판매완료,,2026-07-21 07:39:54,https://web.joongna.com/product/230728903
다이슨 청소기,230678528,다이슨 무선청소기 V7 V8 용 거치대 도킹스테이션 (,15000,0,판매중,,2026-07-20 19:35:07,https://web.joongna.com/product/230678528
다이슨 청소기,230674716,다이슨 v10 무선청소기 저렴하게 드립니다~,86000,3,판매완료,오금동,2026-07-20 05:54:58,https://web.joongna.com/product/230674716
다이슨 청소기,230713628,다이슨 V7 무선청소기 판매합니다~~,58000,3,판매완료,철산3동,2026-07-19 22:47:37,https://web.joongna.com/product/230713628
다이슨 청소기,227249691,다이슨 V10 무선 청소기,130000,0,판매중,행신3동,2026-07-19 07:25:20,https://web.joongna.com/product/227249691
다이슨 청소기,230007755,다이슨 스팟앤스크럽 Ai 로봇청소기 미개봉새제품,990000,0,판매중,면목제5동,2026-07-18 19:45:12,https://web.joongna.com/product/230007755
다이슨 청소기,230742767,다이슨 SV12 무선청소기 풀세트 팝니다.,150000,3,판매완료,식사동,2026-07-18 17:23:38,https://web.joongna.com/product/230742767
다이슨 청소기,230597717,다이슨청소기V8 전체구성,50000,3,판매완료,영덕2동,2026-07-18 10:47:33,https://web.joongna.com/product/230597717
다이슨 청소기,230287816,다이슨무선청소기 본체 일괄,30000,0,판매중,,2026-07-18 10:35:44,https://web.joongna.com/product/230287816
다이슨 청소기,230721459,다이슨 v8 청소기 배터리,45000,0,판매중,,2026-07-17 22:26:02,https://web.joongna.com/product/230721459
다이슨 청소기,230708743,다이슨 펜슬위시 물청소기,320000,0,판매중,장전제1동,2026-07-17 15:32:46,https://web.joongna.com/product/230708743
다이슨 청소기,230282839,다이슨 청소기 v7 v8 먼지통,7000,3,판매완료,광장동,2026-07-16 14:37:52,https://web.joongna.com/product/230282839
다이슨 청소기,229555229,다이슨 V6 무선 청소기 업탑툴 정품 팝니다.,15000,0,판매중,가락1동,2026-07-16 03:38:24,https://web.joongna.com/product/229555229
다이슨 청소기,230663395,다이슨 무선 청소기 본체 및 액세서리 세트 (종 2만원),20000,3,판매완료,당진1동,2026-07-16 00:42:30,https://web.joongna.com/product/230663395
다이슨 청소기,230662039,다이슨 청소기 헤드 및 액세서리 (종 10000원),10000,3,판매완료,당진1동,2026-07-15 23:43:26,https://web.joongna.com/product/230662039
다이슨 청소기,230652450,다이슨 V10(sv12) 무선청소기 레드 판매합니다~~,113000,3,판매완료,철산3동,2026-07-15 18:12:20,https://web.joongna.com/product/230652450
다이슨 청소기,227055275,다이슨v6무선 청소기 브러시 롤러,35000,0,판매중,,2026-07-15 15:38:21,https://web.joongna.com/product/227055275
다이슨 청소기,217253685,다이슨 V10 앱솔루트 엑스트라 무선 청소기 + 거치대,299000,0,판매중,운정4동,2026-07-15 10:04:08,https://web.joongna.com/product/217253685
다이슨 청소기,230319993,다이슨 v8 무선청소기 충전거치대,6000,3,판매완료,,2026-07-15 10:23:07,https://web.joongna.com/product/230319993
다이슨 청소기,229724662,정품 다이슨 V6 헤파 무선 청소기,65000,0,판매중,월성1동,2026-07-14 12:09:09,https://web.joongna.com/product/229724662
다이슨 청소기,229724770,다이슨 V8 청소해드와 충전기그리고 청소툴 일괄판매,55000,0,판매중,월성1동,2026-07-14 12:08:48,https://web.joongna.com/product/229724770
다이슨 청소기,230192541,(DYSON) 다이슨 V8 슬림 플러피 + 무선 청소기+거치대+각종 툴,200000,3,판매완료,,2026-07-14 10:40:22,https://web.joongna.com/product/230192541
다이슨 청소기,228105151,다이슨 무선청소기 DC31 충전기+부품,8000,3,판매완료,대흥동,2026-07-13 20:22:51,https://web.joongna.com/product/228105151
다이슨 청소기,230591715,다이슨 클린앤워시 하이진 물걸레 청소기,300000,3,판매완료,대조동,2026-07-13 20:51:23,https://web.joongna.com/product/230591715
다이슨 청소기,230588386,다이슨 g1 물걸레청소기,250000,0,판매중,쌍문제1동,2026-07-13 19:06:07,https://web.joongna.com/product/230588386
다이슨 청소기,230588224,무선청소기다이슨 V6 무선청소기 판매합니다~~,35000,3,판매완료,철산3동,2026-07-13 19:01:05,https://web.joongna.com/product/230588224
다이슨 청소기,230578141,다이슨 청소기 호환브러쉬,6000,0,판매중,,2026-07-13 13:52:33,https://web.joongna.com/product/230578141
다이슨 청소기,229378746,다이슨 V8 무선 청소기 본체,40000,3,판매완료,덕천제1동,2026-07-13 11:33:45,https://web.joongna.com/product/229378746
다이슨 청소기,230560850,다이슨v11 air watts. 무선청소기,260000,3,판매완료,대신동,2026-07-13 11:19:28,https://web.joongna.com/product/230560850
다이슨 청소기,230217553,무선청소기 배터리 다이슨배터리,10000,3,판매완료,,2026-07-13 06:43:05,https://web.joongna.com/product/230217553
다이슨 청소기,230265726,다이슨 볼 유선 청소기(dc36)저렴하게 드립니다~,49000,3,판매완료,오금동,2026-07-13 04:36:29,https://web.joongna.com/product/230265726
다이슨 청소기,230565488,다이슨v8무선청소기 사진그대로,55000,3,판매완료,,2026-07-13 00:15:10,https://web.joongna.com/product/230565488
다이슨 청소기,228111822,다이슨 무선청소기 충전기 V6 V7 V8용 충전기,29000,0,판매중,,2026-07-12 18:43:47,https://web.joongna.com/product/228111822
다이슨 청소기,230479935,다이슨 무선청소기 V11 연결봉. 완드,15000,3,판매완료,대흥동,2026-07-10 09:48:11,https://web.joongna.com/product/230479935
다이슨 청소기,230239156,다이슨워시g1무선 물걸레청소기,2200,3,판매완료,오류제1동,2026-07-09 17:40:58,https://web.joongna.com/product/230239156
다이슨 청소기,227324094,다이슨 무선청소기 V7 V8 V10 용 크레비스툴 +콤,30000,0,판매중,,2026-07-08 19:37:31,https://web.joongna.com/product/227324094
다이슨 청소기,229493833,다이슨 v11 에어와츠 최상급 청소기,350000,3,판매완료,,2026-07-07 12:43:21,https://web.joongna.com/product/229493833
다이슨 청소기,229764332,다이슨 로봇청소기 판매 합니다,750000,0,판매중,교문1동,2026-07-07 11:16:27,https://web.joongna.com/product/229764332
다이슨 청소기,230212150,정품 다이슨 v10 11 8 7 침구 모터헤드 청소기 악세사리 부품 키트,10000,3,판매완료,,2026-07-06 22:15:16,https://web.joongna.com/product/230212150
다이슨 청소기,229963383,다이슨 정품 충전기다이슨 청소기 정품 충전기 26.1V 780mA,20000,3,판매완료,법1동,2026-07-06 20:30:08,https://web.joongna.com/product/229963383
다이슨 청소기,230322236,다이슨 v11 청소기 본체 ㅡ 모터불량,50000,0,판매중,,2026-07-05 13:19:38,https://web.joongna.com/product/230322236
다이슨 청소기,229920128,다이슨 v8 무선청소기 본체,45000,3,판매완료,,2026-07-05 12:06:45,https://web.joongna.com/product/229920128
다이슨 청소기,229789243,"청소기 다이슨 V6,v7,v8,v10 배터리 내놓습니다",28000,0,판매중,,2026-07-05 10:30:06,https://web.joongna.com/product/229789243
다이슨 청소기,229533712,미개봉 정품 다이슨 싸이클론 스틱청소기 V8 226622-01 팝니다,330000,3,판매완료,,2026-07-04 04:55:48,https://web.joongna.com/product/229533712
다이슨 청소기,229899748,다이슨 v8 무선청소기 충전거치대,6000,3,판매완료,,2026-07-03 11:57:36,https://web.joongna.com/product/229899748
다이슨 청소기,230253095,다이슨청소기V7 배터리 10개일괄,30000,0,판매중,,2026-07-03 09:11:15,https://web.joongna.com/product/230253095
다이슨 청소기,230241687,고장 다이슨v11 청소기 본체만,50000,3,판매완료,철산4동,2026-07-02 20:28:13,https://web.joongna.com/product/230241687
다이슨 청소기,230161723,다이슨 V10 무선청소기 풀세트 +추가배터리 판매해요,150000,3,판매완료,부곡동,2026-07-02 19:35:27,https://web.joongna.com/product/230161723
다이슨 청소기,228957636,다이슨 무선청소기 판매해요,70000,0,판매중,광명7동,2026-07-02 17:23:19,https://web.joongna.com/product/228957636
다이슨 청소기,230223331,다이슨 v11 무선청소기 ㅡ 거치대 포함,240000,0,판매중,,2026-07-02 11:22:28,https://web.joongna.com/product/230223331
다이슨 청소기,230158987,다이슨 v12 디텍트 슬림 무선청소기,600000,3,판매완료,강서제1동,2026-07-01 16:32:18,https://web.joongna.com/product/230158987
다이슨 청소기,229358529,"다이슨 무선 청소기 V15 오리진(미개봉,새상품)",430000,0,판매중,반포3동,2026-07-01 10:02:05,https://web.joongna.com/product/229358529
다이슨 청소기,196978133,다이슨 물걸레 청소기 washG1.,300000,0,판매중,,2026-07-01 10:36:44,https://web.joongna.com/product/196978133
다이슨 청소기,230187301,다이슨 청소기 장난감,15000,3,판매완료,,2026-07-01 10:26:13,https://web.joongna.com/product/230187301
다이슨 청소기,229652126,무선청소기 배터리 다이슨배터리,10000,3,판매완료,,2026-06-30 06:58:24,https://web.joongna.com/product/229652126
다이슨 청소기,230130539,다이슨 청소기 (부품용),80000,3,판매완료,용이동,2026-06-29 16:17:10,https://web.joongna.com/product/230130539
다이슨 청소기,226062181,다이슨 청소기 v8플러피,65000,0,판매중,,2026-06-28 21:15:10,https://web.joongna.com/product/226062181
다이슨 청소기,230100795,다이슨 청소기 V10 SV12 헤드 2만,20000,0,판매중,수암동,2026-06-28 17:43:25,https://web.joongna.com/product/230100795
다이슨 청소기,230094604,다이슨 V8 싸이클론 스틱청소기 150W(Air Watt) 흡입력 0.5L 먼지통,350000,0,판매중,,2026-06-28 14:39:44,https://web.joongna.com/product/230094604
다이슨 청소기,229323513,다이슨 무선청소기 롤러 브러시,35000,0,판매중,죽전1동,2026-06-27 10:47:47,https://web.joongna.com/product/229323513
다이슨 청소기,229924618,(DYSON) 다이슨 무선 청소기 배터리,10000,3,판매완료,,2026-06-25 10:36:14,https://web.joongna.com/product/229924618
다이슨 청소기,229985419,다이슨 360 vis nav 로봇 청소기 헤파 필터 26개 센서,480000,0,판매중,,2026-06-25 06:49:23,https://web.joongna.com/product/229985419
다이슨 청소기,229348076,다이슨 스팟앤스크럽 Ai 로봇청소기 RB05,850000,3,판매완료,상계1동,2026-06-24 14:36:09,https://web.joongna.com/product/229348076
다이슨 청소기,229579745,아이닉 i20 i30 무선청소기 연결봉 완드 튜브 파이프 스틱 다이슨호환,5000,3,판매완료,,2026-06-23 09:26:10,https://web.joongna.com/product/229579745
다이슨 청소기,229207251,무선청소기 배터리 다이슨배터리,11000,3,판매완료,,2026-06-14 05:44:07,https://web.joongna.com/product/229207251
다이슨 청소기,229615775,다이슨무선청소기 v10 정품 먼지통,12000,3,판매완료,동백2동,2026-06-13 22:48:26,https://web.joongna.com/product/229615775
다이슨 청소기,229601525,(판매완료) 다이슨 옴니글라이드 퍼플 진공 청소기,11111,0,판매중,서교동,2026-06-13 15:10:37,https://web.joongna.com/product/229601525
다이슨 청소기,228181190,다이슨청소기 v6본체개당가격,20000,0,판매중,,2026-06-13 12:22:37,https://web.joongna.com/product/228181190
다이슨 청소기,229586578,다이슨v8무선청소기,50000,0,판매중,,2026-06-13 00:28:45,https://web.joongna.com/product/229586578
다이슨 청소기,229577171,다이슨 V8 무선청소기 판매합니다~~,59000,3,판매완료,철산3동,2026-06-12 18:49:46,https://web.joongna.com/product/229577171
다이슨 청소기,229563192,(정품) (DYSON) 다이슨 V8 무선 청소기,80000,3,판매완료,,2026-06-12 11:55:57,https://web.joongna.com/product/229563192
다이슨 청소기,226141593,다이슨청소기 v8풀세트,140000,0,판매중,,2026-06-11 08:14:20,https://web.joongna.com/product/226141593
다이슨 청소기,226433739,다이슨 v11무선청소기 풀세트,260000,3,판매완료,,2026-06-11 08:14:13,https://web.joongna.com/product/226433739
다이슨 청소기,229520335,다이슨 스팟앤스크럽 Ai 로봇 청소기- 모델번호: 144385-01,795000,0,판매중,,2026-06-11 01:23:51,https://web.joongna.com/product/229520335
다이슨 청소기,226399861,다이슨 스팟앤스크럽 ai로봇청소기,1300000,0,판매중,구포제2동,2026-06-10 08:59:01,https://web.joongna.com/product/226399861
다이슨 청소기,206252455,다이슨청소기 v10먼지통.하우징.v11싸이클론,12345,0,판매중,동백2동,2026-06-09 16:13:47,https://web.joongna.com/product/206252455
다이슨 청소기,228888187,다이슨 v11 에어와츠 최상급 청소기,400000,3,판매완료,,2026-06-09 10:35:30,https://web.joongna.com/product/228888187
다이슨 청소기,227744337,다이슨 V6 V8 청소기 봉 완드 부품,20000,1,예약중,,2026-06-08 22:18:20,https://web.joongna.com/product/227744337
다이슨 청소기,229443599,다이슨v8 무선청소기,40000,3,판매완료,,2026-06-08 21:16:41,https://web.joongna.com/product/229443599
다이슨 청소기,229438167,다이슨 v10 무선청소기,110000,3,판매완료,사동,2026-06-08 18:35:49,https://web.joongna.com/product/229438167
다이슨 청소기,229394099,다이슨 v10 무선 청소기,90000,3,판매완료,,2026-06-08 14:50:41,https://web.joongna.com/product/229394099
다이슨 청소기,229426639,다이슨무선청소기,2345,3,판매완료,양평읍,2026-06-08 13:40:26,https://web.joongna.com/product/229426639
다이슨 청소기,228889011,미개봉 다이슨 클린앤워시 하이진 물청소기,420000,3,판매완료,용호제1동,2026-06-08 13:55:45,https://web.joongna.com/product/228889011
다이슨 청소기,229375376,다이슨 V10 무선청소기 부품용,75000,3,판매완료,화곡본동,2026-06-06 21:51:38,https://web.joongna.com/product/229375376
다이슨 청소기,228163505,다이슨 클린앤워시 하이진 물청소기,400000,3,판매완료,곡선동,2026-06-06 17:37:53,https://web.joongna.com/product/228163505
다이슨 청소기,228352387,다이슨 SV09 무선청소기,20000,3,판매완료,,2026-06-06 13:12:01,https://web.joongna.com/product/228352387
다이슨 청소기,229357562,"[다이슨 청소기] 다이슨 V15s 디텍트 서브마린 컴플리트(미개봉,새상품)",900000,0,판매중,반포3동,2026-06-06 10:30:12,https://web.joongna.com/product/229357562
다이슨 청소기,228583909,다이슨 v10 sv12 무선 청소기,170000,0,판매중,성현동,2026-06-05 09:24:37,https://web.joongna.com/product/228583909
다이슨 청소기,229319966,다이슨무선청소기 정품 완드봉 9개일괄판매,40000,3,판매완료,동백2동,2026-06-05 06:37:14,https://web.joongna.com/product/229319966
다이슨 청소기,229303638,(정품) (DYSON) 다이슨 무선 청소기,25000,3,판매완료,,2026-06-04 16:59:35,https://web.joongna.com/product/229303638
다이슨 청소기,229127439,다이슨v10 무선 청소기,170000,3,판매완료,대신동,2026-06-04 09:03:38,https://web.joongna.com/product/229127439
다이슨 청소기,228518839,다이슨 스팟앤스크럽 Ai 로봇청소기 RB05,890000,3,판매완료,상계1동,2026-06-03 17:17:36,https://web.joongna.com/product/228518839
다이슨 청소기,229264726,다이슨 청소기,200000,3,판매완료,농소1동,2026-06-03 13:44:01,https://web.joongna.com/product/229264726
다이슨 청소기,226853015,코드제로 배터리40개 다이슨 배터리 3개 삼성 제트청소기 배터리 10개 판매,140000,3,판매완료,창제3동,2026-06-03 09:46:48,https://web.joongna.com/product/226853015
다이슨 청소기,228883968,다이슨 청소기 V6 모터헤드 호환용,15000,3,판매완료,,2026-06-01 21:26:50,https://web.joongna.com/product/228883968
다이슨 청소기,227228933,다이슨무선청소기 v7.v8.v10헤파필터,3000,0,판매중,,2026-06-01 17:02:54,https://web.joongna.com/product/227228933
다이슨 청소기,225992966,다이슨무선청소기 v10 싸이클론 부품,6000,0,판매중,동백2동,2026-06-01 16:56:20,https://web.joongna.com/product/225992966
다이슨 청소기,220811798,다이슨무선청소기 v11 정품 도킹스테이션 미사용품,14000,3,판매완료,동백2동,2026-06-01 16:51:47,https://web.joongna.com/product/220811798
다이슨 청소기,216951733,[새상품] 다이슨 청소기 헤파필터 (V6 ~ V15),1000,3,판매완료,오금동,2026-06-01 14:53:40,https://web.joongna.com/product/216951733
다이슨 청소기,221560218,다이슨무선청소기 v10 메인바디,70000,3,판매완료,동백2동,2026-06-01 00:08:23,https://web.joongna.com/product/221560218
다이슨 청소기,226333211,다이슨무선청소기 v10 싸이클론 부품,6000,0,판매중,동백2동,2026-06-01 00:09:32,https://web.joongna.com/product/226333211
다이슨 청소기,209523548,다이슨무선청소기 v10 스위치뭉치,10000,0,판매중,동백2동,2026-06-01 00:08:16,https://web.joongna.com/product/209523548
다이슨 청소기,220947989,다이슨무선청소기 정품충전기 v6.v7.v8.v10.v11,15000,0,판매중,동백2동,2026-06-01 00:08:54,https://web.joongna.com/product/220947989
다이슨 청소기,226002484,다이슨무선청소기 v10 정품 먼지통,12000,0,판매중,동백2동,2026-06-01 00:09:24,https://web.joongna.com/product/226002484
다이슨 청소기,208369423,다이슨청소기 미니모터헤드,7000,0,판매중,,2026-06-01 00:08:41,https://web.joongna.com/product/208369423
다이슨 청소기,229177057,다이슨 무선청소기 v8 판매합니다.,100000,3,판매완료,은행동,2026-05-31 21:13:30,https://web.joongna.com/product/229177057
다이슨 청소기,229177001,다이슨 무선청소기 v8 판매합니다.,90000,3,판매완료,은행동,2026-05-31 21:11:39,https://web.joongna.com/product/229177001
다이슨 청소기,228372372,다이슨 무선청소기 롤러 브러시,35000,0,판매중,죽전1동,2026-05-31 11:22:52,https://web.joongna.com/product/228372372
다이슨 청소기,229152624,다이슨 V6 모터헤드 무선청소기 핑크,60000,3,판매완료,덕산동,2026-05-31 05:55:37,https://web.joongna.com/product/229152624
다이슨 청소기,229152621,다이슨 V7 Fluffy 무선청소기,90000,3,판매완료,덕산동,2026-05-31 05:54:45,https://web.joongna.com/product/229152621
다이슨 청소기,229111099,다이슨청소기 배터리팩,15000,3,판매완료,,2026-05-30 05:22:31,https://web.joongna.com/product/229111099
다이슨 청소기,229101353,(정품) (DYSON) 다이슨 V6 무선 청소기,70000,3,판매완료,금호2.3가동,2026-05-29 15:00:05,https://web.joongna.com/product/229101353
다이슨 청소기,229028072,(정품) (DYSON) 다이슨 V6 무선 청소기,20000,3,판매완료,금호2.3가동,2026-05-27 13:39:32,https://web.joongna.com/product/229028072
다이슨 청소기,228990250,다이슨 V10 컴플리트 무선청소기 (롱바디),210000,3,판매완료,덕산동,2026-05-26 11:45:31,https://web.joongna.com/product/228990250
다이슨 청소기,206252455,다이슨청소기 v10먼지통.하우징.v11싸이클론,12345,0,판매중,동백2동,2026-06-09 16:13:47,https://web.joongna.com/product/206252455
다이슨 청소기,228964105,다이슨 v6 청소기 배터리,6100,3,판매완료,답십리제2동,2026-06-09 15:56:46,https://web.joongna.com/product/228964105
다이슨 청소기,228888187,다이슨 v11 에어와츠 최상급 청소기,400000,3,판매완료,,2026-06-09 10:35:30,https://web.joongna.com/product/228888187
다이슨 청소기,227744337,다이슨 V6 V8 청소기 봉 완드 부품,20000,1,예약중,,2026-06-08 22:18:20,https://web.joongna.com/product/227744337
다이슨 청소기,229443599,다이슨v8 무선청소기,40000,3,판매완료,,2026-06-08 21:16:41,https://web.joongna.com/product/229443599
다이슨 청소기,229438167,다이슨 v10 무선청소기,110000,3,판매완료,사동,2026-06-08 18:35:49,https://web.joongna.com/product/229438167
다이슨 청소기,229394099,다이슨 v10 무선 청소기,90000,3,판매완료,,2026-06-08 14:50:41,https://web.joongna.com/product/229394099
다이슨 청소기,229426639,다이슨무선청소기,2345,3,판매완료,양평읍,2026-06-08 13:40:26,https://web.joongna.com/product/229426639
다이슨 청소기,228889011,미개봉 다이슨 클린앤워시 하이진 물청소기,420000,3,판매완료,용호제1동,2026-06-08 13:55:45,https://web.joongna.com/product/228889011
다이슨 청소기,229375376,다이슨 V10 무선청소기 부품용,75000,3,판매완료,화곡본동,2026-06-06 21:51:38,https://web.joongna.com/product/229375376
다이슨 청소기,228163505,다이슨 클린앤워시 하이진 물청소기,400000,3,판매완료,곡선동,2026-06-06 17:37:53,https://web.joongna.com/product/228163505
다이슨 청소기,228352387,다이슨 SV09 무선청소기,20000,3,판매완료,,2026-06-06 13:12:01,https://web.joongna.com/product/228352387
다이슨 청소기,229357562,"[다이슨 청소기] 다이슨 V15s 디텍트 서브마린 컴플리트(미개봉,새상품)",900000,0,판매중,반포3동,2026-06-06 10:30:12,https://web.joongna.com/product/229357562
다이슨 청소기,228583909,다이슨 v10 sv12 무선 청소기,170000,0,판매중,성현동,2026-06-05 09:24:37,https://web.joongna.com/product/228583909
다이슨 청소기,229319966,다이슨무선청소기 정품 완드봉 9개일괄판매,40000,3,판매완료,동백2동,2026-06-05 06:37:14,https://web.joongna.com/product/229319966
다이슨 청소기,229303638,(정품) (DYSON) 다이슨 무선 청소기,25000,3,판매완료,,2026-06-04 16:59:35,https://web.joongna.com/product/229303638
다이슨 청소기,229127439,다이슨v10 무선 청소기,170000,3,판매완료,대신동,2026-06-04 09:03:38,https://web.joongna.com/product/229127439
다이슨 청소기,228518839,다이슨 스팟앤스크럽 Ai 로봇청소기 RB05,890000,3,판매완료,상계1동,2026-06-03 17:17:36,https://web.joongna.com/product/228518839
다이슨 청소기,229264726,다이슨 청소기,200000,3,판매완료,농소1동,2026-06-03 13:44:01,https://web.joongna.com/product/229264726
다이슨 청소기,226853015,코드제로 배터리40개 다이슨 배터리 3개 삼성 제트청소기 배터리 10개 판매,140000,3,판매완료,창제3동,2026-06-03 09:46:48,https://web.joongna.com/product/226853015
다이슨 청소기,228883968,다이슨 청소기 V6 모터헤드 호환용,15000,3,판매완료,,2026-06-01 21:26:50,https://web.joongna.com/product/228883968
다이슨 청소기,227228933,다이슨무선청소기 v7.v8.v10헤파필터,3000,0,판매중,,2026-06-01 17:02:54,https://web.joongna.com/product/227228933
다이슨 청소기,225992966,다이슨무선청소기 v10 싸이클론 부품,6000,0,판매중,동백2동,2026-06-01 16:56:20,https://web.joongna.com/product/225992966
다이슨 청소기,220811798,다이슨무선청소기 v11 정품 도킹스테이션 미사용품,14000,3,판매완료,동백2동,2026-06-01 16:51:47,https://web.joongna.com/product/220811798
다이슨 청소기,216951733,[새상품] 다이슨 청소기 헤파필터 (V6 ~ V15),1000,3,판매완료,오금동,2026-06-01 14:53:40,https://web.joongna.com/product/216951733
다이슨 청소기,221560218,다이슨무선청소기 v10 메인바디,70000,3,판매완료,동백2동,2026-06-01 00:08:23,https://web.joongna.com/product/221560218
다이슨 청소기,226333211,다이슨무선청소기 v10 싸이클론 부품,6000,0,판매중,동백2동,2026-06-01 00:09:32,https://web.joongna.com/product/226333211
다이슨 청소기,209523548,다이슨무선청소기 v10 스위치뭉치,10000,0,판매중,동백2동,2026-06-01 00:08:16,https://web.joongna.com/product/209523548
다이슨 청소기,220947989,다이슨무선청소기 정품충전기 v6.v7.v8.v10.v11,15000,0,판매중,동백2동,2026-06-01 00:08:54,https://web.joongna.com/product/220947989
다이슨 청소기,226002484,다이슨무선청소기 v10 정품 먼지통,12000,0,판매중,동백2동,2026-06-01 00:09:24,https://web.joongna.com/product/226002484
다이슨 청소기,208369423,다이슨청소기 미니모터헤드,7000,0,판매중,,2026-06-01 00:08:41,https://web.joongna.com/product/208369423
다이슨 청소기,229177057,다이슨 무선청소기 v8 판매합니다.,100000,3,판매완료,은행동,2026-05-31 21:13:30,https://web.joongna.com/product/229177057
다이슨 청소기,229177001,다이슨 무선청소기 v8 판매합니다.,90000,3,판매완료,은행동,2026-05-31 21:11:39,https://web.joongna.com/product/229177001
다이슨 청소기,228372372,다이슨 무선청소기 롤러 브러시,35000,0,판매중,죽전1동,2026-05-31 11:22:52,https://web.joongna.com/product/228372372
다이슨 청소기,229153911,다이슨청소기 바닥흡인헤드,15000,3,판매완료,평화동,2026-05-31 08:19:46,https://web.joongna.com/product/229153911
다이슨 청소기,229152624,다이슨 V6 모터헤드 무선청소기 핑크,60000,3,판매완료,덕산동,2026-05-31 05:55:37,https://web.joongna.com/product/229152624
다이슨 청소기,229152621,다이슨 V7 Fluffy 무선청소기,90000,3,판매완료,덕산동,2026-05-31 05:54:45,https://web.joongna.com/product/229152621
다이슨 청소기,229111099,다이슨청소기 배터리팩,15000,3,판매완료,,2026-05-30 05:22:31,https://web.joongna.com/product/229111099
다이슨 청소기,229107652,다이슨 무선청소기 V6 V7 V8 충전기,17000,0,판매중,홍도동,2026-05-29 17:52:41,https://web.joongna.com/product/229107652
다이슨 청소기,229101353,(정품) (DYSON) 다이슨 V6 무선 청소기,70000,3,판매완료,금호2.3가동,2026-05-29 15:00:05,https://web.joongna.com/product/229101353
다이슨 청소기,229028072,(정품) (DYSON) 다이슨 V6 무선 청소기,20000,3,판매완료,금호2.3가동,2026-05-27 13:39:32,https://web.joongna.com/product/229028072
다이슨 청소기,228990250,다이슨 V10 컴플리트 무선청소기 (롱바디),210000,3,판매완료,덕산동,2026-05-26 11:45:31,https://web.joongna.com/product/228990250
다이슨 청소기,228972104,다이슨 V10 카본파이버 무선청소기 거치대 포함,110000,3,판매완료,감일동,2026-05-25 19:26:35,https://web.joongna.com/product/228972104
다이슨 청소기,228919217,다이슨 V10 앱솔루트 무선 청소기 풀박스 상태,100000,3,판매완료,영화동,2026-05-24 08:13:46,https://web.joongna.com/product/228919217
다이슨 청소기,227398903,정품 다이슨 청소기 충전기(205720-07) 팝니다,30000,0,판매중,,2026-05-23 20:42:29,https://web.joongna.com/product/227398903
다이슨 청소기,228828055,다이슨 V10 무선청소기 본체,50000,3,판매완료,광안제2동,2026-05-23 15:50:59,https://web.joongna.com/product/228828055
다이슨 청소기,225274496,"다이슨 청소기 충전기, 거치대 팝니다",30000,0,판매중,,2026-05-21 12:34:42,https://web.joongna.com/product/225274496
다이슨 청소기,228493494,(미개봉)다이슨v15무선청소기,410000,3,판매완료,,2026-05-21 10:06:05,https://web.joongna.com/product/228493494
다이슨 청소기,228800072,다이슨 V8 슬림 플러피 플러스 무선청소기(배터리교환필요),50000,3,판매완료,우제1동,2026-05-20 16:32:05,https://web.joongna.com/product/228800072
다이슨 청소기,228704666,다이슨 펜슬백 플러피콘 무선청소기,480000,3,판매완료,서농동,2026-05-19 18:49:08,https://web.joongna.com/product/228704666
다이슨 청소기,227856254,다이슨무선청소기 v11. v15 도킹스테이션 미사용품,14000,3,판매완료,동백2동,2026-05-19 18:41:59,https://web.joongna.com/product/227856254
다이슨 청소기,220995928,다이슨무선청소기 정품 도킹스테이션 미사용품,14000,3,판매완료,동백2동,2026-05-19 18:41:41,https://web.joongna.com/product/220995928
다이슨 청소기,228412202,다이슨 v6 청소기 sv03 모터 핸들손잡이만 메인바디 본체 부품용,5000,3,판매완료,,2026-05-18 19:39:59,https://web.joongna.com/product/228412202
다이슨 청소기,228725116,다이슨 청소기 헤드 툴 세트 부품용,60000,3,판매완료,정왕본동,2026-05-18 14:16:30,https://web.joongna.com/product/228725116
다이슨 청소기,228717358,다이슨 v11 청소기 모터ㅡ불량,20000,3,판매완료,,2026-05-18 10:36:18,https://web.joongna.com/product/228717358
다이슨 청소기,228493363,다이슨 로봇청소기 스팟 앤 스크럽 AI 미개봉 새상품,950000,3,판매완료,,2026-05-17 19:36:02,https://web.joongna.com/product/228493363
다이슨 청소기,228335003,다이슨 v11 무선청소기 충전거치대,10000,3,판매완료,,2026-05-17 12:21:51,https://web.joongna.com/product/228335003
다이슨 청소기,227900052,다이슨 무선청소기,60000,0,판매중,죽전1동,2026-05-17 11:12:43,https://web.joongna.com/product/227900052
다이슨 청소기,228404147,정품 다이슨 v6 무선 청소기 모터 헤드 브러쉬 흡입구,10000,1,예약중,,2026-05-16 21:21:31,https://web.joongna.com/product/228404147
다이슨 청소기,228669420,다이슨 무선청소기배터리,22000,3,판매완료,,2026-05-16 19:46:30,https://web.joongna.com/product/228669420
다이슨 청소기,227213110,다이슨 무선청소기V8,200000,0,판매중,고잔동,2026-05-16 18:58:02,https://web.joongna.com/product/227213110
다이슨 청소기,225317209,다이슨무선청소기 v10 v11 정품 먼지통,12000,0,판매중,동백2동,2026-05-16 15:39:47,https://web.joongna.com/product/225317209
다이슨 청소기,221560159,다이슨무선청소기 v10.v11 먼지통 롱버젼,15000,3,판매완료,동백2동,2026-05-16 15:40:28,https://web.joongna.com/product/221560159
다이슨 청소기,228658202,다이슨 무선청소기용 방전배터리,30000,3,판매완료,논현2동,2026-05-16 14:07:05,https://web.joongna.com/product/228658202
다이슨 청소기,228650328,다이슨 청소기ᆢSV12G의 밧데리(중고 정품),50000,3,판매완료,주안5동,2026-05-16 10:10:10,https://web.joongna.com/product/228650328
다이슨 청소기,227708265,"청소기 다이슨 V6,v7,v8,v10 배터리 내놓습니다",28000,0,판매중,,2026-05-16 09:20:57,https://web.joongna.com/product/227708265
다이슨 청소기,227632955,다이슨청소기 V8 필독,58000,3,판매완료,,2026-05-15 18:42:54,https://web.joongna.com/product/227632955
다이슨 청소기,228122283,다이슨청소기 정상작동 필독,78000,3,판매완료,,2026-05-15 18:44:43,https://web.joongna.com/product/228122283
다이슨 청소기,228307933,[다이슨] 360 Vis Nav 로봇청소기 / 강력한 흡입력 + 360도 비전 시스템,350000,0,판매중,가산동,2026-05-14 18:54:49,https://web.joongna.com/product/228307933
다이슨 청소기,228577500,다이슨 v11 무선청소기,230000,1,예약중,양재1동,2026-05-14 07:57:24,https://web.joongna.com/product/228577500
다이슨 청소기,228555953,다이슨청소기 수리합니다,11111,0,판매중,,2026-05-13 15:39:04,https://web.joongna.com/product/228555953
다이슨 청소기,228528333,다이슨 V8 무선청소기,400000,0,판매중,별내동,2026-05-12 20:15:33,https://web.joongna.com/product/228528333
다이슨 청소기,228523669,다이슨 무선청소기 본체,40000,0,판매중,,2026-05-12 17:57:08,https://web.joongna.com/product/228523669
다이슨 청소기,228215003,정품 다이슨 v6 무선청소기 투명 먼지통 단품 더스트빈 컵 본체 부품,9000,3,판매완료,,2026-05-11 19:55:13,https://web.joongna.com/product/228215003
다이슨 청소기,228303872,다이슨청소기 V10(SV12) 본체 판매합니다,65000,1,예약중,,2026-05-11 19:52:18,https://web.joongna.com/product/228303872
다이슨 청소기,228486973,다이슨 V8 앱솔루트 무선청소기,50000,3,판매완료,중앙동,2026-05-11 17:46:35,https://web.joongna.com/product/228486973
다이슨 청소기,228120133,다이슨 무선청소기 팝니다,170000,3,판매완료,주엽1동,2026-05-11 16:14:55,https://web.joongna.com/product/228120133
다이슨 청소기,228403500,다이슨 V8 무선청소기 오렌지,100000,3,판매완료,양성면,2026-05-11 13:19:32,https://web.joongna.com/product/228403500
다이슨 청소기,228075696,다이슨 청소기 스탠드 와 옴니글라이드헤드,40000,3,판매완료,오류제1동,2026-05-11 11:50:41,https://web.joongna.com/product/228075696
다이슨 청소기,223507134,다이슨 청소기 V11 충전 거치대와 어댑터,20000,3,판매완료,중앙동,2026-05-10 17:59:45,https://web.joongna.com/product/223507134
다이슨 청소기,220635979,다이슨무선청소기 정품 소프트롤러헤드 A급,39000,3,판매완료,동백2동,2026-05-10 01:37:23,https://web.joongna.com/product/220635979
다이슨 청소기,226831584,다이슨무선청소기 v10 먼지통 부품,10000,3,판매완료,동백2동,2026-05-09 21:09:22,https://web.joongna.com/product/226831584
다이슨 청소기,211234764,다이슨청소기 자동차청소,70000,0,판매중,대치2동,2026-05-09 17:42:16,https://web.joongna.com/product/211234764
다이슨 청소기,228410018,다이슨무선청소기 dc43.dc44.dc45 거치대및충전기,20000,3,판매완료,동백2동,2026-05-09 13:39:48,https://web.joongna.com/product/228410018
다이슨 청소기,228346913,다이슨 스팟앤스크럽 Ai 로봇 청소기 미개봉 판매,850000,3,판매완료,구래동,2026-05-08 12:30:27,https://web.joongna.com/product/228346913
다이슨 청소기,223842587,다이슨무선청소기 정품 소프트롤러헤드,30000,3,판매완료,동백2동,2026-05-08 11:03:08,https://web.joongna.com/product/223842587
다이슨 청소기,218837554,다이슨무선청소기 정품 소프트롤러헤드 A급,39000,3,판매완료,동백2동,2026-05-08 11:02:29,https://web.joongna.com/product/218837554
다이슨 청소기,227657271,다이슨무선청소기 정품 소프트롤러헤드 미사용품,59000,3,판매완료,동백2동,2026-05-08 11:02:13,https://web.joongna.com/product/227657271
다이슨 청소기,228036038,(미개봉) 다이슨 360 vis nav 로봇청소기팝니다,360000,3,판매완료,사당제1동,2026-05-07 23:28:53,https://web.joongna.com/product/228036038
다이슨 청소기,226912556,(무배)다이슨 V10 진공청소기 배터리(새상품),42000,3,판매완료,반여제1동,2026-05-07 16:59:05,https://web.joongna.com/product/226912556
다이슨 청소기,226421623,(무배)다이슨 V8 진공청소기 배터리(새상품),39000,3,판매완료,반여제1동,2026-05-07 16:59:16,https://web.joongna.com/product/226421623
다이슨 청소기,228343099,다이슨 스팟앤스크럽 Ai 로봇 청소기,1250000,3,판매완료,중마동,2026-05-07 15:08:25,https://web.joongna.com/product/228343099
다이슨 청소기,227903885,다이슨 v11 무선청소기 충전거치대,10000,3,판매완료,,2026-05-06 12:10:24,https://web.joongna.com/product/227903885
다이슨 청소기,228295716,다이슨v8무선청소기 풀세트 다드립니다,150000,0,판매중,,2026-05-06 10:10:33,https://web.joongna.com/product/228295716
다이슨 청소기,227819718,다이슨마이크로무선청소기,270000,0,판매중,,2026-05-06 10:09:45,https://web.joongna.com/product/227819718
다이슨 청소기,228261205,다이슨 청소기 본체,45000,0,판매중,,2026-05-06 10:09:29,https://web.joongna.com/product/228261205
다이슨 청소기,219825190,다이슨무선청소기 v11메인모터 (부품용),6000,3,판매완료,동백2동,2026-05-05 11:21:29,https://web.joongna.com/product/219825190
다이슨 청소기,226720846,다이슨v10무선청소기본체.배터리,100000,0,판매중,,2026-05-05 10:53:20,https://web.joongna.com/product/226720846
다이슨 청소기,228044411,다이슨SV12(V10) B3A-KR-NER3258A 무선 청소기본체만팝니다,30000,3,판매완료,신암1동,2026-05-04 07:10:01,https://web.joongna.com/product/228044411
다이슨 청소기,228204521,무선청소기 본체만 다이슨 v10 부품용,30000,3,판매완료,,2026-05-03 17:49:37,https://web.joongna.com/product/228204521
다이슨 청소기,228203870,다이슨청소기 헤드 새것,29000,0,판매중,휘경제2동,2026-05-03 17:29:59,https://web.joongna.com/product/228203870
다이슨 청소기,227430959,다이슨 청소기 v11 팝니다,230000,3,판매완료,,2026-05-03 08:52:18,https://web.joongna.com/product/227430959
다이슨 청소기,228182113,다이슨 무선 청소기 부품 모음 일괄,50000,0,판매중,신창동,2026-05-02 23:24:12,https://web.joongna.com/product/228182113
다이슨 청소기,228074156,다이슨 옴니 글라이드 청소기 판매해요,80000,3,판매완료,,2026-05-02 12:07:37,https://web.joongna.com/product/228074156
다이슨 청소기,228059493,다이슨 washG1 물걸레 청소기,345000,0,판매중,좌제4동,2026-05-01 19:18:37,https://web.joongna.com/product/228059493
다이슨 청소기,228139978,다이슨청소기 거치대(통알루미늄,20000,3,판매완료,정자1동,2026-05-01 18:28:29,https://web.joongna.com/product/228139978
다이슨 청소기,221489641,[새상품] 다이슨 청소기 도킹스테이션 v11,6000,3,판매완료,군포2동,2026-05-01 11:57:21,https://web.joongna.com/product/221489641
다이슨 청소기,216951825,다이슨 청소기 접이식 각도조절 툴 v7v8v10v11,3000,3,판매완료,군포2동,2026-05-01 11:57:14,https://web.joongna.com/product/216951825
다이슨 청소기,228080924,다이슨 청소기 호환 소프트롤러 헤드 거의 새거,45000,3,판매완료,,2026-04-30 02:23:13,https://web.joongna.com/product/228080924
다이슨 청소기,224862542,"다이슨청소기 V7, V8, V10 정품 (중고) 소프트롤러헤드판매",46000,3,판매완료,,2026-04-29 20:23:37,https://web.joongna.com/product/224862542
다이슨 청소기,227759708,"무선청소기 MOP헤드 세트 (다이슨 V7, V8, V10, V11, V15 호환)",29000,3,판매완료,동춘1동,2026-04-29 17:05:30,https://web.joongna.com/product/227759708
다이슨 청소기,228059560,다이슨 SV10 무선 청소기,100000,3,판매완료,좌제4동,2026-04-29 15:01:36,https://web.joongna.com/product/228059560
다이슨 청소기,227973767,다이슨 디지털 슬림 옵틱 청소기 판매합니다,355000,3,판매완료,일산3동,2026-04-29 14:34:50,https://web.joongna.com/product/227973767
다이슨 청소기,227993543,다이슨 v7 무선청소기,90000,3,판매완료,대신동,2026-04-29 10:23:46,https://web.joongna.com/product/227993543
다이슨 청소기,228047397,다이슨 360 Vis Nav 로봇 청소기,420000,0,판매중,,2026-04-29 09:35:14,https://web.joongna.com/product/228047397
다이슨 청소기,227611033,다이슨 청소기 V10,160000,3,판매완료,반포2동,2026-04-28 12:16:01,https://web.joongna.com/product/227611033
다이슨 청소기,227977692,다이슨 V10 플러피 플러스 무선청소기,170000,3,판매완료,,2026-04-27 12:42:22,https://web.joongna.com/product/227977692
다이슨 청소기,227443097,"다이슨 무선청소기 충전기, 거치대, 청소도구",9500,3,판매완료,,2026-04-27 08:29:42,https://web.joongna.com/product/227443097
다이슨 청소기,227956029,다이슨 무선청소기 침구헤드,3000,3,판매완료,방화제3동,2026-04-26 19:26:36,https://web.joongna.com/product/227956029
다이슨 청소기,226322302,다이슨 V11 청소기 (SV14) 정품 배터리 판매합니다.,50000,3,판매완료,,2026-04-26 13:31:48,https://web.joongna.com/product/226322302
다이슨 청소기,227605954,다이슨 v7무선청소기,80000,3,판매완료,대신동,2026-04-24 13:20:19,https://web.joongna.com/product/227605954
다이슨 청소기,227853281,다이슨 V10 싸이클론 무선청소기(내용필독),100000,3,판매완료,다사읍,2026-04-23 21:33:27,https://web.joongna.com/product/227853281
다이슨 청소기,227838665,[다이슨] V8 실버/레드 무선 핸디스틱 청소기 / 강력 흡입력 풀구성,130000,3,판매완료,등촌제1동,2026-04-23 15:05:14,https://web.joongna.com/product/227838665
다이슨 청소기,227460379,"다이슨 v7, v8, v10, v11 무선청소기 노즐 툴 세트 새상품",25000,3,판매완료,,2026-04-23 13:47:51,https://web.joongna.com/product/227460379
다이슨 청소기,227379283,다이슨 무선청소기,70000,0,판매중,죽전1동,2026-04-23 09:19:22,https://web.joongna.com/product/227379283
다이슨 청소기,227806388,(새제품) 다이슨 청소기 거치대 플로어독 멀티 Floor dok multi,45000,3,판매완료,용산2가동,2026-04-22 17:34:59,https://web.joongna.com/product/227806388
다이슨 청소기,227786097,다이슨 청소기 호환물걸레키트,50000,0,판매중,운정4동,2026-04-22 08:43:36,https://web.joongna.com/product/227786097
다이슨 청소기,227752995,다이슨청소기 V10(SV12) 본체 판매합니다,65000,3,판매완료,,2026-04-21 11:36:59,https://web.joongna.com/product/227752995
다이슨 청소기,227745937,다이슨 무선청소기 V11 천안직거래 택배거래 가능,100000,3,판매완료,성환읍,2026-04-21 07:50:16,https://web.joongna.com/product/227745937
다이슨 청소기,227537187,다이슨 무선 청소기 헤드,9900,3,판매완료,동삼제1동,2026-04-20 13:38:20,https://web.joongna.com/product/227537187
다이슨 청소기,227567972,다이슨 V10 청소기 본체+더스트빈+바테리,30000,3,판매완료,,2026-04-20 11:37:01,https://web.joongna.com/product/227567972
다이슨 청소기,227683037,다이슨청소기 V8 본체 부품용으로 판매합니다,35000,3,판매완료,,2026-04-19 14:20:46,https://web.joongna.com/product/227683037
다이슨 청소기,227680334,다이슨 V8 실버/레드 무선청소기 / 강력 흡입력 가벼운 청소,190000,0,판매중,,2026-04-19 13:07:12,https://web.joongna.com/product/227680334
다이슨 청소기,225347400,"다이슨 V7, V8, V10, V11 청소기 소프트롤러",30000,0,판매중,중앙동,2026-04-19 08:39:08,https://web.joongna.com/product/225347400
다이슨 청소기,227532717,다이슨 스몰볼 유선청소기 110 V + 한일 전압기,140000,3,판매완료,평내동,2026-04-17 16:49:14,https://web.joongna.com/product/227532717
다이슨 청소기,225723127,다이슨 dyson 무선 청소기(배터리 새로 리필하여 빵빵!!),105000,3,판매완료,미아동,2026-04-17 08:36:32,https://web.joongna.com/product/225723127
다이슨 청소기,227256446,다이슨청소기 V8 새제품,150000,3,판매완료,내수읍,2026-04-16 17:14:15,https://web.joongna.com/product/227256446
다이슨 청소기,226212906,다이슨 청소기v10 부품(정품),44000,0,판매중,,2026-04-16 15:05:15,https://web.joongna.com/product/226212906
다이슨 청소기,227472881,다이슨 DC52 유선청소기,45000,3,판매완료,단대동,2026-04-16 08:30:45,https://web.joongna.com/product/227472881
다이슨 청소기,227530493,다이슨청소기 V10(SV12) 본체 판매합니다,63000,1,예약중,,2026-04-15 12:21:38,https://web.joongna.com/product/227530493
다이슨 청소기,227498173,다이슨 SV11 무선청소기 판매합니다~~,39000,3,판매완료,철산3동,2026-04-14 15:36:09,https://web.joongna.com/product/227498173
다이슨 청소기,226836103,다이슨 V12 싸이클론 무선청소기 본체,120000,3,판매완료,지동,2026-04-14 10:29:41,https://web.joongna.com/product/226836103
다이슨 청소기,227251914,"청소기 다이슨 V6,v7,v8,v10 배터리 내놓습니다",35000,3,판매완료,,2026-04-14 08:48:32,https://web.joongna.com/product/227251914
다이슨 청소기,226813393,다이슨 스팟앤스크럽 Ai 로봇청소기(새상품),1150000,3,판매완료,장안제1동,2026-04-14 02:59:25,https://web.joongna.com/product/226813393
다이슨 청소기,227462365,다이슨청소기 배터리 필독,45000,3,판매완료,,2026-04-13 17:09:08,https://web.joongna.com/product/227462365
다이슨 청소기,227077920,다이슨 v7무선청소기,80000,3,판매완료,대신동,2026-04-13 09:58:22,https://web.joongna.com/product/227077920
다이슨 청소기,227152792,다이슨청소기 V10(SV12) 본체 부품용으로 판매합니다,50000,3,판매완료,,2026-04-12 17:04:23,https://web.joongna.com/product/227152792
다이슨 청소기,227351217,다이슨 청소기 툴 판매합니다.,5000,0,판매중,중앙동,2026-04-12 15:17:09,https://web.joongna.com/product/227351217
다이슨 청소기,226975364,다이슨v8.v10.v11무선청소기 부품용 브러시,35000,0,판매중,,2026-04-12 10:53:59,https://web.joongna.com/product/226975364
다이슨 청소기,227406142,다이슨 v10 무선청소기 정품 먼지통과 싸이클론 판매,30000,3,판매완료,,2026-04-12 08:16:44,https://web.joongna.com/product/227406142
다이슨 청소기,226188640,다이슨 369 Vis Nav 로봇청소기 (새상품),499000,3,판매완료,,2026-04-11 18:03:27,https://web.joongna.com/product/226188640
다이슨 청소기,226443850,다이슨 물걸레 청소기 G1 팝니다,240000,0,판매중,화정1동,2026-04-10 19:47:50,https://web.joongna.com/product/226443850
다이슨 청소기,227159660,정품 다이슨 v8 v7 무선청소기 싸이클론 집진기 필터 포함 본체 부품,9000,3,판매완료,,2026-04-09 20:38:59,https://web.joongna.com/product/227159660
다이슨 청소기,225903372,다이슨 청소기 수리.청소.매입합니다,11111,0,판매중,,2026-04-09 19:45:18,https://web.joongna.com/product/225903372
다이슨 청소기,225171329,다이슨 청소기 마이크로 부품 팝니다,30000,3,판매완료,,2026-04-09 18:02:04,https://web.joongna.com/product/225171329
다이슨 청소기,227001948,다이슨청소기 V10(SV12) 본체 부품용으로 판매합니다,34000,3,판매완료,,2026-04-09 17:19:49,https://web.joongna.com/product/227001948
다이슨 청소기,227199656,다이슨 v6 풀세트 미사용 무선청소기,120000,3,판매완료,광장동,2026-04-09 08:26:03,https://web.joongna.com/product/227199656
다이슨 청소기,227149295,다이슨 V8 무선청소기 본체만(정상 작동),25000,3,판매완료,유가읍,2026-04-09 00:36:00,https://web.joongna.com/product/227149295
다이슨 청소기,226196292,다이슨청소기툴세트,30000,0,판매중,,2026-04-08 20:29:27,https://web.joongna.com/product/226196292
다이슨 청소기,227277901,다이슨 청소기 툴 2종,20000,0,판매중,,2026-04-08 20:06:25,https://web.joongna.com/product/227277901
다이슨 청소기,227270477,다이슨 V6 무선청소기 판매합니다~~,49000,3,판매완료,철산3동,2026-04-08 16:46:04,https://web.joongna.com/product/227270477
다이슨 청소기,227246157,다이슨 v10 무선청소기,120000,3,판매완료,,2026-04-07 23:52:22,https://web.joongna.com/product/227246157
다이슨 청소기,227229031,다이슨무선청소기 v10정품배터리,20000,3,판매완료,동백2동,2026-04-07 16:24:19,https://web.joongna.com/product/227229031
다이슨 청소기,220509873,다이슨 청소기 방전 배터리 SV10/SV11,5000,3,판매완료,삼송2동,2026-04-07 12:32:43,https://web.joongna.com/product/220509873
다이슨 청소기,227200236,다이슨v8청소기,40000,3,판매완료,평화동,2026-04-06 21:17:18,https://web.joongna.com/product/227200236
다이슨 청소기,227186673,다이슨 무선 청소기 팝니다,80000,3,판매완료,,2026-04-06 15:42:02,https://web.joongna.com/product/227186673
다이슨 청소기,223514337,다이슨 무선청소기 V6 부품 부속 브러쉬 툴 (정품.새상품),15000,0,판매중,,2026-04-05 21:39:48,https://web.joongna.com/product/223514337
다이슨 청소기,227145724,다이슨 청소기 V12 Origin Fluffy 새제품,370000,3,판매완료,광교2동,2026-04-05 14:10:51,https://web.joongna.com/product/227145724
다이슨 청소기,227065825,다이슨 무선청소기 V7 V8 용 거치대 도킹스테이션,10000,3,판매완료,화수2동,2026-04-05 08:22:37,https://web.joongna.com/product/227065825
다이슨 청소기,227065728,다이슨 무선청소기 배터리 방전리필용 4개,20000,0,판매중,화수2동,2026-04-05 08:22:29,https://web.joongna.com/product/227065728
다이슨 청소기,227124356,다이슨 청소기 v11 팝니다- 고장품 -택포,60000,3,판매완료,,2026-04-04 20:54:14,https://web.joongna.com/product/227124356
다이슨 청소기,227055364,다이슨 무선청소기 사이클론 v10 풀세트 (택포 12만원),120000,3,판매완료,,2026-04-04 16:59:53,https://web.joongna.com/product/227055364
다이슨 청소기,225838738,다이슨 청소기 마이크로 1.5,320000,3,판매완료,정관읍,2026-04-04 13:34:16,https://web.joongna.com/product/225838738
다이슨 청소기,226404770,다이슨 청소기 V11 메인바디 부품용,35000,3,판매완료,월곡제1동,2026-04-03 11:22:11,https://web.joongna.com/product/226404770
다이슨 청소기,227059593,캐스돈 다이슨 청소기 장난감 택비포함,29000,3,판매완료,,2026-04-03 06:56:32,https://web.joongna.com/product/227059593
다이슨 청소기,226852716,다이슨 피스톤 V16 DS60 애니멀 무선 청소기,750000,3,판매완료,석남동,2026-04-02 20:28:29,https://web.joongna.com/product/226852716
다이슨 청소기,227048344,다이슨V8 무선청소기 판매합니다~~,58000,1,예약중,철산3동,2026-04-02 20:20:07,https://web.joongna.com/product/227048344
다이슨 청소기,226922284,다이슨 청소기 V10 카본 파이버 판매합니다,190000,3,판매완료,일산3동,2026-04-02 19:18:31,https://web.joongna.com/product/226922284
다이슨 청소기,226040649,"청소기 다이슨 V6,v7,v8,v10 배터리 내놓습니다",28000,0,판매중,,2026-04-02 13:24:18,https://web.joongna.com/product/226040649
다이슨 청소기,226909942,다이슨 펜슬백 플러피콘 청소기(새상품) + 배터리 1개 추가구성 판매합니다.,560000,3,판매완료,월성1동,2026-04-01 21:40:54,https://web.joongna.com/product/226909942
다이슨 청소기,226994507,[미개봉]다이슨 청소기 마이크로 1.5 팝니다.,330000,0,판매중,산격1동,2026-04-01 14:38:12,https://web.joongna.com/product/226994507
다이슨 청소기,226990150,다이슨 물청소기 롤러 필터 세트,40000,0,판매중,흑석동,2026-04-01 12:54:57,https://web.joongna.com/product/226990150
다이슨 청소기,226974581,다이슨 v7 v8 청소기 툴세트,8000,3,판매완료,유가읍,2026-03-31 23:37:31,https://web.joongna.com/product/226974581
다이슨 청소기,221313000,다이슨 Wash G1 물걸레 청소기,280000,3,판매완료,위례동,2026-03-31 23:02:32,https://web.joongna.com/product/221313000
다이슨 청소기,226966328,다이슨 청소기 부품 세트,30000,0,판매중,후암동,2026-03-31 20:02:36,https://web.joongna.com/product/226966328
다이슨 청소기,226831168,다이슨 V8 청소기 부품용,39000,3,판매완료,청천2동,2026-03-31 18:31:36,https://web.joongna.com/product/226831168
다이슨 청소기,225402428,"다이슨 무선청소기 미니브러시 디지탈 슬림(SV18, SV20)용, 동물털, 긴머리카락",10000,0,판매중,,2026-03-31 10:48:54,https://web.joongna.com/product/225402428
다이슨 청소기,226940370,다이슨 무선청소기,100000,0,판매중,잠원동,2026-03-31 08:59:41,https://web.joongna.com/product/226940370
다이슨 청소기,225084571,다이슨 유선 진공청소기 dc23 dyson,50000,3,판매완료,부암동,2026-03-30 20:00:06,https://web.joongna.com/product/225084571
다이슨 청소기,226920839,다이슨 SV10(V8) 무선청소기 판매합니다~~,52000,3,판매완료,철산3동,2026-03-30 17:51:30,https://web.joongna.com/product/226920839
다이슨 청소기,226590800,다이슨 무선청소기 싸이클론 v10 배터리 정품 새상품,70000,3,판매완료,,2026-03-30 15:52:31,https://web.joongna.com/product/226590800
다이슨 청소기,226901790,다이슨 V8 무선 청소기,30000,3,판매완료,중앙동,2026-03-30 09:36:10,https://web.joongna.com/product/226901790
다이슨 청소기,226901491,다이슨 무선 V6 청소기 부품용,20000,3,판매완료,중앙동,2026-03-30 09:24:43,https://web.joongna.com/product/226901491
다이슨 청소기,226896067,다이슨 진공청소기 청소 도구 보관가방,7000,3,판매완료,장기동,2026-03-30 00:14:21,https://web.joongna.com/product/226896067
다이슨 청소기,226888550,다이슨 청소기 v10 3대 팝니다,75000,3,판매완료,당진1동,2026-03-29 20:38:55,https://web.joongna.com/product/226888550
다이슨 청소기,219767805,[새상품]다이슨 차이슨 청소기 거치대 / 블랙,5000,3,판매완료,오금동,2026-03-29 19:18:31,https://web.joongna.com/product/219767805
다이슨 청소기,226196166,다이슨청소기v7.v8싸이클론개당가격,10000,0,판매중,,2026-03-29 07:31:42,https://web.joongna.com/product/226196166
다이슨 청소기,226289270,다이슨 V6 무선청소기 헤드,57000,3,판매완료,부개2동,2026-03-28 15:34:06,https://web.joongna.com/product/226289270
다이슨 청소기,226762562,[정품] 다이슨 청소기 미니 헤드 브러쉬 V7-V11,15000,3,판매완료,,2026-03-28 14:46:26,https://web.joongna.com/product/226762562
다이슨 청소기,226195322,다이슨 V10 청소기 모터터 부품 새것,44900,3,판매완료,중앙동,2026-03-27 05:43:55,https://web.joongna.com/product/226195322
다이슨 청소기,226741134,정상작동 다이슨 청소기 v10 11 v8 7 모터헤드 카페트 카펫 브러쉬,15000,1,예약중,,2026-03-26 21:58:12,https://web.joongna.com/product/226741134
다이슨 청소기,226351648,다이슨 청소기 dc45 부품용으로 판매합니다 판매합니다,27000,3,판매완료,,2026-03-26 19:53:49,https://web.joongna.com/product/226351648
다이슨 청소기,226773887,다이슨v7무선 청소기. 상태최상.배터리.헤드 신품.,150000,3,판매완료,일산2동,2026-03-26 19:28:02,https://web.joongna.com/product/226773887
다이슨 청소기,226216953,다이슨 v16 피스톤 애니멀 무선청소기,950000,0,판매중,부평1동,2026-03-26 18:04:59,https://web.joongna.com/product/226216953
다이슨 청소기,225916119,다이슨 피스톤 애니멀 DS60 무선청소기 미개봉,850000,3,판매완료,일동,2026-03-26 17:22:52,https://web.joongna.com/product/225916119
다이슨 청소기,226351028,다이슨청소기v10.v11메인모터.싸이클론.하우징.먼지통,6000,0,판매중,동백2동,2026-03-25 23:34:50,https://web.joongna.com/product/226351028
다이슨 청소기,219825212,다이슨청소기 v11 모터.하우징.싸이클론.먼지통.,8000,3,판매완료,동백2동,2026-03-25 23:36:13,https://web.joongna.com/product/219825212
다이슨 청소기,226421892,(무배)다이슨 V10 진공청소기 배터리(새상품),42000,3,판매완료,반여제1동,2026-03-25 00:29:47,https://web.joongna.com/product/226421892
다이슨 청소기,226501864,다이슨 v10 청소기 팝니다(부품용),80000,3,판매완료,,2026-03-25 00:11:57,https://web.joongna.com/product/226501864
다이슨 청소기,226693473,다이슨 청소기 V10 부품용 본체,20000,3,판매완료,,2026-03-24 19:44:18,https://web.joongna.com/product/226693473
다이슨 청소기,225277691,다이슨 무선청소기,5000,3,판매완료,방화제3동,2026-03-23 22:07:03,https://web.joongna.com/product/225277691
다이슨 청소기,226060809,다이슨 청소기 옴니 글라이드 팝니다-새배터리,190000,3,판매완료,,2026-03-23 10:30:02,https://web.joongna.com/product/226060809
다이슨 청소기,226606789,다이슨 SV10 무선청소기 판매합니다~~,60000,3,판매완료,철산3동,2026-03-22 17:01:33,https://web.joongna.com/product/226606789
다이슨 청소기,226079311,다이슨v11무선청소기,260000,0,판매중,,2026-03-22 08:42:18,https://web.joongna.com/product/226079311
다이슨 청소기,225966467,다이슨 V8 싸이클론 226622-01(SV55-A) 무선청소기,235000,3,판매완료,,2026-03-22 07:05:21,https://web.joongna.com/product/225966467
다이슨 청소기,226461675,다이슨 v8 무선청소기 정품 배터리 26분 정상작동 순정품 배터리팩,30000,3,판매완료,,2026-03-21 21:06:30,https://web.joongna.com/product/226461675
다이슨 청소기,225888906,다이슨 V8 무선청소기 세트,130000,0,판매중,죽전1동,2026-03-21 09:34:47,https://web.joongna.com/product/225888906
다이슨 청소기,222381295,다이슨 청소기 V6.7.8 부품용으로 활용하세요 필독,130000,3,판매완료,,2026-03-20 17:54:27,https://web.joongna.com/product/222381295
다이슨 청소기,226314083,"다이슨 마이크로 1.5kg 무선청소기 니켈 +고급 다이슨 정품 거치대 포함,",250000,3,판매완료,화수2동,2026-03-20 11:56:58,https://web.joongna.com/product/226314083
다이슨 청소기,226495978,다이슨 청소기,60000,3,판매완료,,2026-03-19 18:09:53,https://web.joongna.com/product/226495978
다이슨 청소기,226463761,다이슨 유선청소기 DC52(2대 일괄),60000,3,판매완료,청담동,2026-03-18 21:29:42,https://web.joongna.com/product/226463761
다이슨 청소기,226066512,아이닉 i20 i30 무선청소기 연결봉 완드 튜브 파이프 스틱 다이슨호환,7000,0,판매중,,2026-03-18 20:22:49,https://web.joongna.com/product/226066512
다이슨 청소기,226459813,다이슨 V10 무선청소기 판매합니다,150000,3,판매완료,중동,2026-03-18 19:52:37,https://web.joongna.com/product/226459813
다이슨 청소기,226194580,다이슨 v10 무선청소기 정품 배터리 33분 정상작동 순정품 배터리팩,25000,3,판매완료,,2026-03-17 21:03:08,https://web.joongna.com/product/226194580
다이슨 청소기,226040657,다이슨 클린앤워시 하이진 물청소기,410000,3,판매완료,가산동,2026-03-17 15:34:23,https://web.joongna.com/product/226040657
다이슨 청소기,226387678,다이슨청소기배터리,35000,3,판매완료,온천제3동,2026-03-16 23:54:26,https://web.joongna.com/product/226387678
다이슨 청소기,226371607,다이슨 청소기 정품 충전기,10000,3,판매완료,흥선동,2026-03-16 16:52:02,https://web.joongna.com/product/226371607
다이슨 청소기,225299544,다이슨 무선청소기 용 방전배터리 10개,20000,3,판매완료,논현2동,2026-03-16 08:23:43,https://web.joongna.com/product/225299544
다이슨 청소기,224084307,다이슨무선청소기 v6부품들,3000,3,판매완료,동백2동,2026-03-16 05:41:52,https://web.joongna.com/product/224084307
다이슨 청소기,226345164,다이슨 워시 G1 물청소기 풀박스,290000,3,판매완료,동천동,2026-03-15 22:37:42,https://web.joongna.com/product/226345164
다이슨 청소기,226316246,다이슨 무선청소기(V8?),30000,3,판매완료,호계3동,2026-03-15 09:45:19,https://web.joongna.com/product/226316246
다이슨 청소기,226309249,다이슨무선청소기 v10 메인모터 부품용,5000,3,판매완료,동백2동,2026-03-14 23:25:38,https://web.joongna.com/product/226309249
다이슨 청소기,226294151,다이슨 옴니-글라이드(Dyson Omni-Glide) 무선 청소기,200000,0,판매중,안심4동,2026-03-14 16:14:26,https://web.joongna.com/product/226294151
다이슨 청소기,226293544,다이슨 워시G1 물청소 무선 청소기,300000,0,판매중,안심4동,2026-03-14 16:01:04,https://web.joongna.com/product/226293544
다이슨 청소기,226134127,다이슨 v6 무선청소기 충전거치대,7000,3,판매완료,남원동,2026-03-14 14:20:19,https://web.joongna.com/product/226134127
다이슨 청소기,216926436,다이슨 v7/v8용 청소기 전용 흡입스테이션,300000,0,판매중,용신동,2026-03-14 11:35:51,https://web.joongna.com/product/216926436
다이슨 청소기,226269793,(판매완료) 다이슨 옴니 글라이드 (세척완료) 진공 청소기,1111,1,예약중,서교동,2026-03-13 22:02:30,https://web.joongna.com/product/226269793
다이슨 청소기,226135642,다이슨청소기 V6 정품(중고) 소프트롤러헤드 및 봉 판매,28000,3,판매완료,,2026-03-13 21:17:25,https://web.joongna.com/product/226135642
다이슨 청소기,226252721,"다이슨 무선청소기 충전기, 거치대(택포)",19000,3,판매완료,유림동,2026-03-13 14:28:14,https://web.joongna.com/product/226252721
다이슨 청소기,217963265,다이슨 청소기 Gen5 멀티충전거치대포함 새상품,790000,0,판매중,,2026-03-13 06:31:57,https://web.joongna.com/product/217963265
다이슨 청소기,225628490,다이슨 싸이클론 스틱청소기 V8 새상품(운포) 팝니다,290000,3,판매완료,가평읍,2026-03-12 17:22:16,https://web.joongna.com/product/225628490
다이슨 청소기,225952802,다이슨청소기 브러쉬 침구청소,20000,3,판매완료,신창동,2026-03-12 17:13:07,https://web.joongna.com/product/225952802
다이슨 청소기,226212597,"다이슨 무선청소기 툴, 악세 v7, v8, v10 등 호환",50000,3,판매완료,미사1동,2026-03-12 14:04:54,https://web.joongna.com/product/226212597
다이슨 청소기,226211259,다이슨 V8 무선청소기,120000,1,예약중,진영읍,2026-03-12 13:32:01,https://web.joongna.com/product/226211259
다이슨 청소기,226206737,"다이슨 청소기 틀, 악세사리 모음",20000,3,판매완료,미사1동,2026-03-12 11:37:24,https://web.joongna.com/product/226206737
다이슨 청소기,224714392,(국내정품)다이슨 청소기 충전기 v10v11sv12v15 등등,20000,3,판매완료,,2026-03-11 15:48:22,https://web.joongna.com/product/224714392
다이슨 청소기,225289108,다이슨 시네틱 빅볼 유선 청소기(dyson cinetic big ball),180000,3,판매완료,잠원동,2026-03-11 15:45:13,https://web.joongna.com/product/225289108
다이슨 청소기,226169436,다이슨ㅈ v8 무선 청소기,80000,3,판매완료,강서제1동,2026-03-11 13:13:41,https://web.joongna.com/product/226169436
다이슨 청소기,226160686,다이슨 DC58 핸디형 무선청소기,30000,3,판매완료,강서제1동,2026-03-11 09:12:30,https://web.joongna.com/product/226160686
다이슨 청소기,226110564,정품 다이슨 v10 무선청소기 싸이클론 집진기 필터 본체 부품용,20000,3,판매완료,,2026-03-10 20:09:36,https://web.joongna.com/product/226110564
다이슨 청소기,225716021,다이슨 디지털 슬림 청소기,170000,3,판매완료,,2026-03-10 18:48:45,https://web.joongna.com/product/225716021
다이슨 청소기,226132365,다이슨 Micro 무선 청소기,270000,3,판매완료,금촌1동,2026-03-10 14:22:13,https://web.joongna.com/product/226132365
다이슨 청소기,226112817,다이슨디지털슬림서브마린청소기,350000,3,판매완료,문화2동,2026-03-09 22:59:17,https://web.joongna.com/product/226112817
다이슨 청소기,226084287,다이슨청소기 v11부품용,95000,0,판매중,,2026-03-09 10:54:15,https://web.joongna.com/product/226084287
다이슨 청소기,217995334,다이슨 무선청소기 v7.v8.v10.v11 모든부속품,123456,0,판매중,동백2동,2026-03-09 06:29:12,https://web.joongna.com/product/217995334
다이슨 청소기,226015689,다이슨 V8 Absolute Extra 무선청소기 + 거치대 + 브러쉬 다수,140000,3,판매완료,창릉동,2026-03-08 22:14:21,https://web.joongna.com/product/226015689
다이슨 청소기,225926799,다이슨청소기 카페트브러시 롤러,30000,0,판매중,,2026-03-07 16:08:33,https://web.joongna.com/product/225926799
다이슨 청소기,219471809,다이슨 정품 v8 무선청소기 도구 툴,14000,3,판매완료,,2026-03-07 13:35:11,https://web.joongna.com/product/219471809
다이슨 청소기,226009434,다이슨 V8 무선청소기,69000,1,예약중,진영읍,2026-03-07 12:11:41,https://web.joongna.com/product/226009434
다이슨 청소기,226004680,다이슨청소기 V10(SV12) 본체 부품용으로 판매합니다,55000,1,예약중,,2026-03-07 09:55:18,https://web.joongna.com/product/226004680
다이슨 청소기,225968260,다이슨 청소기 정품 배터리 판매,60000,3,판매완료,대흥동,2026-03-06 10:04:27,https://web.joongna.com/product/225968260
다이슨 청소기,225865523,다이슨 v12s 물걸레 청소기 새상품,600000,3,판매완료,강서제1동,2026-03-06 09:37:09,https://web.joongna.com/product/225865523
다이슨 청소기,225959347,다이슨정품물걸레 청소기 v10브러시 헤드만원,10000,3,판매완료,,2026-03-05 23:12:18,https://web.joongna.com/product/225959347
다이슨 청소기,225894457,다이슨 V6 무선청소기 본체만,30000,0,판매중,덕천제1동,2026-03-05 12:50:45,https://web.joongna.com/product/225894457
다이슨 청소기,225446190,다이슨V8청소기 미개봉새상품,273000,3,판매완료,상도제1동,2026-03-05 10:31:43,https://web.joongna.com/product/225446190
다이슨 청소기,225841571,다이슨 v8 앱솔루트 플러스 무선청소기,45000,3,판매완료,방화제3동,2026-03-04 22:15:44,https://web.joongna.com/product/225841571
다이슨 청소기,225901810,다이슨 V8 플러피 무선 청소기 거치대 판매합니다,100000,3,판매완료,성북동,2026-03-04 15:15:01,https://web.joongna.com/product/225901810
다이슨 청소기,168996307,다이슨 V6 청소기 SV06/09 배터리,10000,3,판매완료,삼송2동,2026-03-04 08:08:05,https://web.joongna.com/product/168996307
다이슨 청소기,221366012,다이슨무선청소기 v10.v11 정품 거치대,29000,3,판매완료,동백2동,2026-03-04 00:16:31,https://web.joongna.com/product/221366012
다이슨 청소기,225876188,다이슨 v6 무선청소기 부품용,10000,3,판매완료,위례동,2026-03-03 20:33:28,https://web.joongna.com/product/225876188
다이슨 청소기,225666497,다이슨 스팟앤스크럽 Ai 로봇청소기,1300000,3,판매완료,회천4동,2026-03-03 10:18:25,https://web.joongna.com/product/225666497
다이슨 청소기,224963401,"청소기 다이슨 V6,v7,v8,v10 배터리 내놓습니다",28000,0,판매중,,2026-03-03 08:36:03,https://web.joongna.com/product/224963401
다이슨 청소기,223292627,다이슨 vis nav 로봇청소기,600000,3,판매완료,정자동,2026-03-03 01:32:35,https://web.joongna.com/product/223292627
다이슨 청소기,225616920,다이슨v7 8 10 11 12 15 청소기 연결봉 연장관 완드 튜브 스틱,10000,3,판매완료,,2026-03-02 20:28:22,https://web.joongna.com/product/225616920
다이슨 청소기,225807105,다이슨 청소기 v10 부품용팝니다 택포,80000,3,판매완료,,2026-03-01 23:34:55,https://web.joongna.com/product/225807105
다이슨 청소기,225775798,다이슨 코리아 정품 v10 앱솔루트 무선청소기,200000,3,판매완료,백석동,2026-03-01 07:47:35,https://web.joongna.com/product/225775798
다이슨 청소기,225754946,다이슨 DC35 무선 청소기.,30000,3,판매완료,월영동,2026-02-28 15:58:36,https://web.joongna.com/product/225754946
다이슨 청소기,211976056,다이슨 청소기 주변 부품 팝니다,50000,0,판매중,,2026-02-28 06:50:34,https://web.joongna.com/product/211976056
다이슨 청소기,225736816,다이슨 sv09 무선청소기,20000,3,판매완료,방화제3동,2026-02-28 00:49:09,https://web.joongna.com/product/225736816
다이슨 청소기,162307327,다이슨무선청소기 v10정품배터리,20000,3,판매완료,동백2동,2026-02-27 23:08:55,https://web.joongna.com/product/162307327
다이슨 청소기,225726498,다이슨 청소기 헤드만 판매 합니다 (택포 1만원),10000,3,판매완료,,2026-02-27 19:23:35,https://web.joongna.com/product/225726498
다이슨 청소기,225713288,다이슨 무선 청소기 브러시 세트 소프트롤러.침구브러쉬,14000,3,판매완료,,2026-02-27 13:22:22,https://web.joongna.com/product/225713288
다이슨 청소기,219292728,다이슨 dyson V8 무선청소기 플러피 청소기 오리진,330000,3,판매완료,용암1동,2026-02-27 12:13:25,https://web.joongna.com/product/219292728
다이슨 청소기,224822611,다이슨 싸이클론 V8 무선청소기 / 실버_레드(국내정품 미개봉),290000,3,판매완료,면목제4동,2026-02-26 08:45:45,https://web.joongna.com/product/224822611
다이슨 청소기,225595535,다이슨 스팟앤스크럽 Ai 로봇 청소기 팝니다. 미개봉,1250000,3,판매완료,현덕면,2026-02-24 12:16:11,https://web.joongna.com/product/225595535
다이슨 청소기,223361155,다이슨 청소기 헤드 DC35,25000,3,판매완료,지동,2026-02-24 10:58:44,https://web.joongna.com/product/223361155
다이슨 청소기,225297091,"다이슨 v10 메인바디 본체 하우징 부품용 고장,파손있음 청소기 sv12",9000,1,예약중,,2026-02-23 21:34:22,https://web.joongna.com/product/225297091
다이슨 청소기,225238442,다이슨v7 8 10 11 12 15 청소기 연결봉 연장관 완드 튜브 스틱,10000,3,판매완료,,2026-02-23 21:34:00,https://web.joongna.com/product/225238442
다이슨 청소기,225564654,다이슨 청소기 v7 v8 v10 롤러헤드,30000,3,판매완료,,2026-02-23 15:49:53,https://web.joongna.com/product/225564654
다이슨 청소기,225553409,다이슨 무선청소기 V10(sv12)배터리팩 9800mAh,25000,3,판매완료,,2026-02-23 11:02:10,https://web.joongna.com/product/225553409
다이슨 청소기,225483394,다이슨 무선청소기 2개 세트,70000,3,판매완료,정관읍,2026-02-23 08:07:06,https://web.joongna.com/product/225483394
다이슨 청소기,225481717,다이슨 무선청소기,50000,3,판매완료,정관읍,2026-02-23 08:06:58,https://web.joongna.com/product/225481717
다이슨 청소기,225429594,정상작동 다이슨v7 청소기 sv11 모터 핸들손잡이만 메인바디 본체 부품,10000,3,판매완료,,2026-02-22 20:24:37,https://web.joongna.com/product/225429594
다이슨 청소기,225527889,다이슨 청소기 dc45 부품용으로 판매합니다 판매합니다,28000,3,판매완료,,2026-02-22 16:19:42,https://web.joongna.com/product/225527889
다이슨 청소기,225314653,다이슨 V10 청소기 거치대 충전기,25000,3,판매완료,중앙동,2026-02-22 12:34:31,https://web.joongna.com/product/225314653
다이슨 청소기,225379085,다이슨v11 무선청소기 판매,110000,0,판매중,용담.명암.산성동,2026-02-22 00:07:00,https://web.joongna.com/product/225379085
다이슨 청소기,225490666,다이슨 v8 청소기 2대(부품용),75000,1,예약중,운정5동,2026-02-21 16:05:35,https://web.joongna.com/product/225490666
다이슨 청소기,224749460,다이슨 진공+물청소기,500000,0,판매중,부평6동,2026-02-21 15:23:05,https://web.joongna.com/product/224749460
다이슨 청소기,225223885,다이슨 V6 무선 청소기 (헤드 많음),80000,3,판매완료,정릉제3동,2026-02-21 12:19:12,https://web.joongna.com/product/225223885
다이슨 청소기,225321796,다이슨 청소기 v11 팝니다,350000,3,판매완료,,2026-02-20 16:46:59,https://web.joongna.com/product/225321796
다이슨 청소기,223561579,다이슨 청소기 v8 팝니다,50000,3,판매완료,,2026-01-02 10:36:27,https://web.joongna.com/product/223561579
다이슨 청소기,223087932,다이슨 sv18 디지털슬림 플러피 플러스 무선청소기,55000,3,판매완료,방화제3동,2026-01-01 22:26:40,https://web.joongna.com/product/223087932
다이슨 청소기,223048837,다이슨 v8 앱솔루트 무선청소기,50000,3,판매완료,방화제3동,2026-01-01 22:26:13,https://web.joongna.com/product/223048837
다이슨 청소기,223350624,다이슨 V10 무선청소기 풀세트 (배터리 올해 정품 교체),185000,3,판매완료,북가좌제1동,2026-01-01 11:22:07,https://web.joongna.com/product/223350624
다이슨 청소기,223476438,다이슨 v10 무선청소기 먼지통 정품 더스트빈 악세사리 부품 키트,15000,3,판매완료,,2025-12-31 21:35:55,https://web.joongna.com/product/223476438
다이슨 청소기,214682795,다이슨 V7 무선청소기 신배터리 교체 13만원 경기도,130000,0,판매중,,2025-12-31 09:30:04,https://web.joongna.com/product/214682795
다이슨 청소기,223568281,다이슨 V7 무선청소기,50000,3,판매완료,,2025-12-31 08:42:43,https://web.joongna.com/product/223568281
다이슨 청소기,223111156,다이슨V6헤드3종틈새툴/4종일괄/다이슨청소기/다이슨V6,49000,0,판매중,,2025-12-31 08:57:59,https://web.joongna.com/product/223111156
다이슨 청소기,223552854,다이슨 V8 청소기 정품 배터리(미사용)/SV10,60000,3,판매완료,,2025-12-30 19:10:55,https://web.joongna.com/product/223552854
다이슨 청소기,222635838,다이슨 프리미엄 디텍트 서브마린 물걸레+진공 무선청소기 V15S / 옐로니켈,700000,3,판매완료,모라제1동,2025-12-30 18:48:40,https://web.joongna.com/product/222635838
다이슨 청소기,222751883,다이슨 V8무선 청소기 풀세트,128000,1,예약중,진영읍,2025-12-30 18:04:57,https://web.joongna.com/product/222751883
다이슨 청소기,223549969,다이슨 V8 무선 핸디스틱청소기,110000,3,판매완료,,2025-12-30 17:58:28,https://web.joongna.com/product/223549969
다이슨 청소기,222501837,다이슨 micro 청소기/부산직거래/택배가능,2000,3,판매완료,,2025-12-30 11:14:35,https://web.joongna.com/product/222501837
다이슨 청소기,223507868,다이슨 청소기 V10 충전 거치대와 어댑터,25000,3,판매완료,중앙동,2025-12-29 16:50:11,https://web.joongna.com/product/223507868
다이슨 청소기,223502520,다이슨 V8 무선청소기 미개봉 새상품,490000,0,판매중,오남읍,2025-12-29 14:36:41,https://web.joongna.com/product/223502520
다이슨 청소기,223470130,다이슨 청소기 충전기 팝니다 v10~v15,18000,3,판매완료,,2025-12-28 17:08:44,https://web.joongna.com/product/223470130
다이슨 청소기,223463028,25.2v 6.8ah 배터리 다이슨호환 sv 14 sv15 시리즈 청소기 솜털,28000,3,판매완료,,2025-12-28 14:19:13,https://web.joongna.com/product/223463028
다이슨 청소기,223138151,다이슨 마이크로 무선청소기/부산직거래/택배가능,2000,3,판매완료,,2025-12-28 13:24:03,https://web.joongna.com/product/223138151
다이슨 청소기,222695888,다이슨 V8 무선청소기 방전배터리 (정품),6000,3,판매완료,,2025-12-27 15:21:29,https://web.joongna.com/product/222695888
다이슨 청소기,223419632,다이슨 v8 무선 청소기,36000,3,판매완료,당진1동,2025-12-27 10:21:28,https://web.joongna.com/product/223419632
다이슨 청소기,223196966,다이슨무선청소기 sv14 v11 정품배터리,45000,3,판매완료,동백2동,2025-12-27 08:44:42,https://web.joongna.com/product/223196966
다이슨 청소기,223417569,다이슨 V8 무선청소기,20000,1,예약중,이촌제1동,2025-12-27 08:58:33,https://web.joongna.com/product/223417569
다이슨 청소기,223408491,다이슨 V6 및 V10 청소기 거치대,5000,3,판매완료,당진1동,2025-12-26 21:43:22,https://web.joongna.com/product/223408491
다이슨 청소기,223156919,정품 다이슨 청소기 v10 v11 v12 v15 충전기 아답터 한국돼지코,25000,1,예약중,,2025-12-26 21:17:33,https://web.joongna.com/product/223156919
다이슨 청소기,223402276,다이슨진공청소기,20000,0,판매중,주안5동,2025-12-26 18:36:39,https://web.joongna.com/product/223402276
다이슨 청소기,223402270,다이슨 SV10 무선청소기(부품용) 판매합니다~~,21000,3,판매완료,철산3동,2025-12-26 18:36:30,https://web.joongna.com/product/223402270
다이슨 청소기,222589647,다이슨 V8 무선청소기,110000,3,판매완료,,2025-12-26 01:07:06,https://web.joongna.com/product/222589647
다이슨 청소기,222694143,다이슨V6본체/배터리방전/다이슨청소기,20000,0,판매중,,2025-12-25 19:15:45,https://web.joongna.com/product/222694143
다이슨 청소기,223028082,다이슨 청소기 툴,20000,3,판매완료,,2025-12-25 17:09:22,https://web.joongna.com/product/223028082
다이슨 청소기,223347548,다이슨 슬림 무선청소기,300000,3,판매완료,구포제2동,2025-12-25 08:56:57,https://web.joongna.com/product/223347548
다이슨 청소기,223007064,다이슨무선청소기 sv11. v7 본체,28000,3,판매완료,동백2동,2025-12-24 20:04:40,https://web.joongna.com/product/223007064
다이슨 청소기,222888833,다이슨 시네틱 빅볼 유선청소기 판매합니다,35000,3,판매완료,화곡제8동,2025-12-24 15:53:16,https://web.joongna.com/product/222888833
다이슨 청소기,222319652,다이슨 V6 무선청소기 부품 세트,35000,3,판매완료,갈현제1동,2025-12-24 13:39:43,https://web.joongna.com/product/222319652
다이슨 청소기,223297796,다이슨 v8 무선청소기 상태좋음,180000,3,판매완료,신당동,2025-12-23 19:06:44,https://web.joongna.com/product/223297796
다이슨 청소기,223287203,다이슨 청소기 sv14 v11 메인바디 부품,30000,3,판매완료,갈매동,2025-12-23 14:23:45,https://web.joongna.com/product/223287203
다이슨 청소기,223286852,정품)다이슨 V8 무선청소기,12345,3,판매완료,,2025-12-23 14:14:03,https://web.joongna.com/product/223286852
다이슨 청소기,223192909,다이슨 청소기 팝니다,200000,3,판매완료,,2025-12-23 12:58:39,https://web.joongna.com/product/223192909
다이슨 청소기,222718368,미개봉새상품 ) 다이슨 싸이클론 V10 무선청소기,390000,0,판매중,,2025-12-23 10:19:12,https://web.joongna.com/product/222718368
다이슨 청소기,223210859,"다이슨 무선청소기용 고성능 모터헤드 (V7,V8,V10,v11용)",25000,3,판매완료,북가좌제1동,2025-12-22 20:58:45,https://web.joongna.com/product/223210859
다이슨 청소기,223252698,미개봉 신품 다이슨 디지털 슬림 무선 청소기 + 정품 배터리팩 판매,330000,3,판매완료,반월동,2025-12-22 16:00:04,https://web.joongna.com/product/223252698
다이슨 청소기,223246212,다이슨 무선청소기 옴니 글라이드 부품용,45000,3,판매완료,중앙동,2025-12-22 13:09:03,https://web.joongna.com/product/223246212
다이슨 청소기,221765896,다이슨 v8 청소기 도킹스테이션 거치대 (택배비포함),12000,3,판매완료,,2025-12-22 12:14:57,https://web.joongna.com/product/221765896
다이슨 청소기,221494275,다이슨 V6 무선청소기 본체만,30000,0,판매중,덕천제1동,2025-12-22 08:25:12,https://web.joongna.com/product/221494275
다이슨 청소기,223232771,다이슨 청소기 SV19 옴니-글라이드 충전기 2.5만,25000,0,판매중,수암동,2025-12-22 00:00:40,https://web.joongna.com/product/223232771
다이슨 청소기,223233139,다이슨 청소기 SV19 옴니-글라이드 흡입구 1만,10000,0,판매중,수암동,2025-12-22 00:13:40,https://web.joongna.com/product/223233139
다이슨 청소기,223233063,다이슨 청소기 SV19 옴니-글라이드 흡입구 1만,10000,0,판매중,수암동,2025-12-22 00:11:30,https://web.joongna.com/product/223233063
다이슨 청소기,223232826,다이슨 청소기 SV19 옴니-글라이드 흡입구 미니헤드 4만,40000,0,판매중,수암동,2025-12-22 00:02:33,https://web.joongna.com/product/223232826
다이슨 청소기,223232956,다이슨 청소기 SV19 옴니-글라이드 미니헤드 1.5만,15000,0,판매중,수암동,2025-12-22 00:07:34,https://web.joongna.com/product/223232956
다이슨 청소기,223232797,다이슨 청소기 SV19 옴니-글라이드 봉 완드 파이프 2.5만,25000,3,판매완료,수암동,2025-12-22 00:01:30,https://web.joongna.com/product/223232797
다이슨 청소기,223233209,다이슨 청소기 SV19 옴니-글라이드 흡입구 5천,20000,3,판매완료,수암동,2025-12-22 00:15:56,https://web.joongna.com/product/223233209
다이슨 청소기,224810999,다이슨V7무선청소기,120000,3,판매완료,부주동,2026-02-02 11:03:24,https://web.joongna.com/product/224810999
다이슨 청소기,219604923,다이슨물걸레청소기 g1,400000,3,판매완료,동탄9동,2026-02-02 07:11:55,https://web.joongna.com/product/219604923
다이슨 청소기,223973715,다이슨 청소기 소프트롤러 새상품,60000,3,판매완료,,2026-02-01 21:21:11,https://web.joongna.com/product/223973715
다이슨 청소기,223886929,"다이슨청소기 V7, V8, V10 정품 (중고) 소프트롤러헤드판매",46000,3,판매완료,,2026-02-01 16:20:07,https://web.joongna.com/product/223886929
다이슨 청소기,224539630,다이슨 무선청소기 DC39 미사용품 부품(DC23.DC26호환),50000,3,판매완료,월성1동,2026-01-31 01:56:46,https://web.joongna.com/product/224539630
다이슨 청소기,224725986,"[사기범공유-계좌변경] D` 102동601호dw (샥즈 오버핏 2+, 버즈3프로, 다이슨 청소기)",1000,0,판매중,,2026-01-30 22:49:00,https://web.joongna.com/product/224725986
다이슨 청소기,224722629,"다이슨 v8 청소기 모터, 트리거 정상작동 외관파손 메인바디 본체 부품용",5000,3,판매완료,,2026-01-30 21:12:28,https://web.joongna.com/product/224722629
다이슨 청소기,224493046,다이슨 v10 11 v8 7 청소기 모터 헤드 소프트 마루 브러쉬 흡입구,30000,3,판매완료,,2026-01-30 18:02:33,https://web.joongna.com/product/224493046
다이슨 청소기,224679379,"[사기범공유-계좌변경] eee 송파다이노스 상품 결제하지 마세요(샥즈 오버핏 2+, 버즈3프로, 다이슨 청소기)",1000,0,판매중,,2026-01-29 18:18:23,https://web.joongna.com/product/224679379
다이슨 청소기,224454813,정품 다이슨 무선청소기 v8 v7 v6 충전기 어댑터 아답터 한국돼지코,20000,3,판매완료,,2026-01-29 18:51:38,https://web.joongna.com/product/224454813
다이슨 청소기,224527451,다이슨 v8 무선청소기 손잡이모터 팝니다,28000,3,판매완료,홍천읍,2026-01-29 15:15:26,https://web.joongna.com/product/224527451
다이슨 청소기,224608147,다이슨 청소기 옴니 배터리셋트 미개봉팝니다,60000,3,판매완료,,2026-01-29 12:25:54,https://web.joongna.com/product/224608147
다이슨 청소기,224233063,다이슨 V12 디텍트 슬림 무선청소기,520000,3,판매완료,동탄6동,2026-01-28 16:47:51,https://web.joongna.com/product/224233063
다이슨 청소기,224615336,"(새제품)다이슨 v8 청소기 배터리 삼성셀 5000mah 배터리 초고용량 (정가 89,300원)",75000,0,판매중,도촌동,2026-01-28 01:16:04,https://web.joongna.com/product/224615336
다이슨 청소기,224244247,다이슨 물청소기,270000,3,판매완료,정자1동,2026-01-27 12:43:04,https://web.joongna.com/product/224244247
다이슨 청소기,224306606,다이슨 무선청소기 V10 상태최상,180000,3,판매완료,성환읍,2026-01-25 21:22:28,https://web.joongna.com/product/224306606
다이슨 청소기,224306748,다이슨무선청소기 v11정품 완드봉 미사용품,29000,3,판매완료,동백2동,2026-01-25 21:46:19,https://web.joongna.com/product/224306748
다이슨 청소기,224341781,다이슨 v10 무선청소기 정품 필터 세척된 배기필터 각오천,20000,3,판매완료,,2026-01-25 20:14:56,https://web.joongna.com/product/224341781
다이슨 청소기,224515458,다이슨무선청소기 V11 헤파필터,5000,0,판매중,대흥동,2026-01-25 15:00:34,https://web.joongna.com/product/224515458
다이슨 청소기,224511971,다이슨 V8 청소기 새제품 미사용,280000,3,판매완료,반포2동,2026-01-25 13:23:42,https://web.joongna.com/product/224511971
다이슨 청소기,224510685,다이슨 프리미엄 디텍트 서브마린 물걸레+진공 무선청소기 V15S / 엘로니켈,760000,0,판매중,자양제1동,2026-01-25 12:49:37,https://web.joongna.com/product/224510685
다이슨 청소기,224383431,다이슨 청소기 v12 팝니다,230000,3,판매완료,,2026-01-24 21:41:38,https://web.joongna.com/product/224383431
다이슨 청소기,224485154,다이슨무선청소기 V7. V8. V10 정품 헤드 판매,30000,3,판매완료,송도2동,2026-01-24 17:35:14,https://web.joongna.com/product/224485154
다이슨 청소기,224187111,다이슨 V8 싸이클론 무선청소기 새상품 최신,390000,3,판매완료,,2026-01-22 16:21:31,https://web.joongna.com/product/224187111
다이슨 청소기,224352697,다이슨 무선청소기 v8 천안직거래,135000,1,예약중,성환읍,2026-01-22 07:47:58,https://web.joongna.com/product/224352697
다이슨 청소기,224377927,다이슨 싸이클론 v10 무선청소기,150000,3,판매완료,,2026-01-21 19:25:42,https://web.joongna.com/product/224377927
다이슨 청소기,224363128,"다이슨 무선청소기 툴 7개 일괄거래 ,택포",34000,1,예약중,,2026-01-21 13:12:54,https://web.joongna.com/product/224363128
다이슨 청소기,216254989,다이슨청소기v10.v11메인모터.싸이클론.하우징.먼지통,12000,3,판매완료,동백2동,2026-01-20 20:57:47,https://web.joongna.com/product/216254989
다이슨 청소기,218299330,다이슨무선청소기 정품 완드봉 v10.v11,10000,3,판매완료,,2026-01-20 20:56:12,https://web.joongna.com/product/218299330
다이슨 청소기,222376696,다이슨청소기 디지털슬림 sv18 본체,85000,3,판매완료,동백2동,2026-01-20 20:55:46,https://web.joongna.com/product/222376696
다이슨 청소기,224332006,다이슨 V11 220 에어와트 CF+ 청소기 팔아요,300000,3,판매완료,내손1동,2026-01-20 16:39:17,https://web.joongna.com/product/224332006
다이슨 청소기,224017527,다이슨 워시G1 물청소기,220000,3,판매완료,간성읍,2026-01-20 14:47:14,https://web.joongna.com/product/224017527
다이슨 청소기,224236338,다이슨 V11 애니멀 본체+충전기+청소봉 일괄 판매,90000,3,판매완료,월성1동,2026-01-20 14:42:39,https://web.joongna.com/product/224236338
다이슨 청소기,224315489,[단순개봉] 다이슨 V8 청소기 새상품,220000,0,판매중,쌍봉동,2026-01-20 09:20:36,https://web.joongna.com/product/224315489
다이슨 청소기,219445547,다이슨물청소기 g1,445000,3,판매완료,동탄9동,2026-01-20 09:45:47,https://web.joongna.com/product/219445547
다이슨 청소기,223577424,다이슨 V10 무선청소기,190000,3,판매완료,화수2동,2026-01-20 08:47:59,https://web.joongna.com/product/223577424
다이슨 청소기,223667342,JDL SATUO 다이슨 청소기 물걸레 청소 키트,25000,3,판매완료,한강로동,2026-01-19 22:39:47,https://web.joongna.com/product/223667342
다이슨 청소기,223730104,다이슨무선청소기 봉.v8.v10.v12.v15,10000,3,판매완료,화수2동,2026-01-19 00:15:41,https://web.joongna.com/product/223730104
다이슨 청소기,224155918,다이슨 V8 무선청소기 배터리팩 본체만팝니다,37000,3,판매완료,신암1동,2026-01-18 20:24:16,https://web.joongna.com/product/224155918
다이슨 청소기,224155374,다이슨 v8 무선청소기 배터리 20분 정상작동 호환품 배터리팩,20000,3,판매완료,,2026-01-17 22:01:42,https://web.joongna.com/product/224155374
다이슨 청소기,223159874,다이슨 무선 청소기 v15 오리진 플러피 미개봉 판매합니다,404000,3,판매완료,죽도동,2026-01-17 21:32:31,https://web.joongna.com/product/223159874
다이슨 청소기,224104000,다이슨 v6 무선 청소기 모터 본체 팝니다,15000,3,판매완료,홍천읍,2026-01-17 17:19:56,https://web.joongna.com/product/224104000
다이슨 청소기,215624670,다이슨무선청소기 배터리(방전),10000,0,판매중,화수2동,2026-01-17 09:32:13,https://web.joongna.com/product/215624670
다이슨 청소기,223853355,다이슨 sv10 v8앱솔루트 무선청소기,65000,3,판매완료,방화제3동,2026-01-16 23:46:57,https://web.joongna.com/product/223853355
다이슨 청소기,224071671,다이슨 펜슬백 플러피콘 무선청소기(새상품),630000,3,판매완료,,2026-01-16 13:14:16,https://web.joongna.com/product/224071671
다이슨 청소기,223711629,다이슨 청소기 v12 팝니다,250000,3,판매완료,,2026-01-16 10:19:31,https://web.joongna.com/product/223711629
다이슨 청소기,224167358,다이슨 슬림 Fluffy 무선 청소기,90000,3,판매완료,통진읍,2026-01-16 09:33:44,https://web.joongna.com/product/224167358
다이슨 청소기,224160446,정상작동 다이슨 v8 청소기 sv10 모터 메인바디 본체 부품 핸들손잡이,15000,1,예약중,,2026-01-15 23:29:51,https://web.joongna.com/product/224160446
다이슨 청소기,224152609,다이슨 SV12 무선청소기(부품용) 판매합니다~~,17000,3,판매완료,철산3동,2026-01-15 19:53:58,https://web.joongna.com/product/224152609
다이슨 청소기,224136852,다이슨 Big Ball Turbine 유선청소기 CY23,90000,3,판매완료,고덕동,2026-01-15 13:23:33,https://web.joongna.com/product/224136852
다이슨 청소기,224132060,다이슨 워시G1 무선청소기,250000,3,판매완료,주엽1동,2026-01-15 11:18:23,https://web.joongna.com/product/224132060
다이슨 청소기,223133652,"청소기 다이슨 V6,v7,v8,v10 배터리 내놓습니다",28000,0,판매중,,2026-01-15 08:20:45,https://web.joongna.com/product/223133652
다이슨 청소기,224084387,다이슨무선청소기 v6본체,18000,3,판매완료,동백2동,2026-01-14 00:51:46,https://web.joongna.com/product/224084387
다이슨 청소기,223969422,(무배)다이슨 V7 진공청소기 배터리(새상품),35000,3,판매완료,반여제1동,2026-01-12 23:19:00,https://web.joongna.com/product/223969422
다이슨 청소기,223927814,다이슨무선청소기 v8풀셋.스탠드거치대포함,130000,3,판매완료,동백2동,2026-01-12 22:53:52,https://web.joongna.com/product/223927814
다이슨 청소기,224041788,다이슨무선청소기 v6.본체.v6먼지통.v6싸이클론.v6메인모터.완드봉.거치대.미니모터헤드,4000,3,판매완료,동백2동,2026-01-12 22:53:17,https://web.joongna.com/product/224041788
다이슨 청소기,222796558,다이슨청소기 v7 v8 정품 먼지통 팝니다,6000,3,판매완료,,2026-01-12 10:03:06,https://web.joongna.com/product/222796558
다이슨 청소기,224009094,다이슨 V12 오리진 플러피 청소기,360000,3,판매완료,옥련1동,2026-01-12 08:09:17,https://web.joongna.com/product/224009094
다이슨 청소기,223661685,다이슨 V6용 무선청소기 방전배터리 SV09,5000,3,판매완료,,2026-01-11 12:35:30,https://web.joongna.com/product/223661685
다이슨 청소기,223966419,다이슨 v6 무선 청소기,55000,3,판매완료,당진1동,2026-01-11 11:40:33,https://web.joongna.com/product/223966419
다이슨 청소기,221530243,다이슨무선청소기 V7. V8. V10 정품 헤드 판매,30000,3,판매완료,송도2동,2026-01-11 11:45:16,https://web.joongna.com/product/221530243
다이슨 청소기,220917627,다이슨무선청소기 v11메인모터,30000,3,판매완료,동백2동,2026-01-11 09:04:29,https://web.joongna.com/product/220917627
다이슨 청소기,218975622,다이슨무선청소기 v7.v8.v10.v11 헤파필터,5000,3,판매완료,,2026-01-11 09:09:05,https://web.joongna.com/product/218975622
다이슨 청소기,223963205,다이슨 무선청소기 부품용,40000,3,판매완료,무실동,2026-01-10 21:38:29,https://web.joongna.com/product/223963205
다이슨 청소기,223761092,다이슨 무선청소기 디지털 슬림 서브마린 새제품,370000,3,판매완료,동탄5동,2026-01-10 15:15:07,https://web.joongna.com/product/223761092
다이슨 청소기,223927796,다이슨 DC46 유선 청소기,45000,3,판매완료,상도제2동,2026-01-09 21:48:28,https://web.joongna.com/product/223927796
다이슨 청소기,223924338,(무배)다이슨 V8 진공청소기 배터리(새상품),38000,3,판매완료,반여제1동,2026-01-09 20:09:05,https://web.joongna.com/product/223924338
다이슨 청소기,223805604,정품 다이슨 v8 v7 무선청소기 투명 먼지통 단품 더스트빈 본체 부품,15000,1,예약중,,2026-01-09 19:28:10,https://web.joongna.com/product/223805604
다이슨 청소기,223911590,다이슨 V11무선청소기 몸통,95000,3,판매완료,,2026-01-09 14:31:13,https://web.joongna.com/product/223911590
다이슨 청소기,223886324,다이슨 v6 무선청소기 본체 팝니다,15000,3,판매완료,홍천읍,2026-01-09 12:24:55,https://web.joongna.com/product/223886324
다이슨 청소기,223870412,다이슨 정품 옴니글라이드 청소기 헤드. 배터리. 충전기 세트,60000,3,판매완료,,2026-01-08 12:48:16,https://web.joongna.com/product/223870412
다이슨 청소기,223395755,다이슨무선청소기 sv12 v10,170000,3,판매완료,동백2동,2026-01-07 20:29:42,https://web.joongna.com/product/223395755
다이슨 청소기,223179667,다이슨무선청소기 v10,110000,3,판매완료,동백2동,2026-01-07 20:27:57,https://web.joongna.com/product/223179667
다이슨 청소기,223850227,다이슨무선청소기 v10 전용거치대,35000,3,판매완료,동백2동,2026-01-07 20:31:24,https://web.joongna.com/product/223850227
다이슨 청소기,223849480,다이슨 V10무선청소기,140000,3,판매완료,대신동,2026-01-07 20:11:35,https://web.joongna.com/product/223849480
다이슨 청소기,222982467,다이슨 V7 진공청소기 배터리(새상품),32000,3,판매완료,반여제1동,2026-01-07 11:23:06,https://web.joongna.com/product/222982467
다이슨 청소기,223819240,다이슨 싸이클론 슬림 플러피 무선 청소기,65000,3,판매완료,성환읍,2026-01-06 23:50:52,https://web.joongna.com/product/223819240
다이슨 청소기,223243404,다이슨 V8 무선청소기(미개봉새제품),300000,0,판매중,,2026-01-06 17:37:16,https://web.joongna.com/product/223243404
다이슨 청소기,223549572,다이슨 V8 무선청소기,145000,3,판매완료,,2026-01-06 12:34:41,https://web.joongna.com/product/223549572
다이슨 청소기,220461286,다이슨 UP13 볼애니멀 유선 청소기 팝니다(120v),140000,0,판매중,관문동,2026-01-06 10:37:34,https://web.joongna.com/product/220461286
다이슨 청소기,223355539,다이슨 청소기 DC35 본체,27000,3,판매완료,지동,2026-01-06 09:33:27,https://web.joongna.com/product/223355539
다이슨 청소기,223228392,다이슨 V8 무선청소기 미개봉 새제품,265000,3,판매완료,,2026-01-05 21:24:26,https://web.joongna.com/product/223228392
다이슨 청소기,223774169,다이슨 청소기 v10 앱솔루트 플러스 바디/메인바디/배터리/다이슨부품,50000,3,판매완료,송파1동,2026-01-05 20:39:06,https://web.joongna.com/product/223774169
다이슨 청소기,223476485,다이슨 v10 무선청소기 정품 배터리 44분 정상작동 순정품 배터리팩,45000,3,판매완료,,2026-01-05 19:39:02,https://web.joongna.com/product/223476485
다이슨 청소기,223244339,(정품) (DYSON) 다이슨 V6 무선 청소기,180000,3,판매완료,금호2.3가동,2026-01-05 10:08:10,https://web.joongna.com/product/223244339
다이슨 청소기,223744676,다이슨 청소기 V6 소프트 롤러,50000,0,판매중,이도1동,2026-01-05 02:20:02,https://web.joongna.com/product/223744676
다이슨 청소기,223694061,캐스돈 다이슨 청소기 장난감 판매합니다.,22222,3,판매완료,,2026-01-05 01:36:46,https://web.joongna.com/product/223694061
다이슨 청소기,223743456,다이슨 청소기 슬림 거치대 - 미개봉,70000,3,판매완료,,2026-01-05 00:41:03,https://web.joongna.com/product/223743456
다이슨 청소기,223711551,"다이슨 V8 무선청소기 (미개봉, 새제품)",240000,3,판매완료,개금제3동,2026-01-04 14:04:38,https://web.joongna.com/product/223711551
다이슨 청소기,223700623,다이슨 V10 청소기 풀셋,150000,3,판매완료,동탄5동,2026-01-04 11:10:31,https://web.joongna.com/product/223700623
다이슨 청소기,223702892,다이슨 V8용 무선청소기 배터리 팝니다..,10000,3,판매완료,,2026-01-03 23:01:00,https://web.joongna.com/product/223702892
다이슨 청소기,222974685,"청소기 다이슨 V6,v7,v8,v10 배터리 내놓습니다",28000,0,판매중,,2026-01-03 20:14:36,https://web.joongna.com/product/222974685
다이슨 청소기,223692070,다이슨 V11 무선청소기,230000,3,판매완료,강일동,2026-01-03 17:58:25,https://web.joongna.com/product/223692070
다이슨 청소기,223561579,다이슨 청소기 v8 팝니다,50000,3,판매완료,,2026-01-02 10:36:27,https://web.joongna.com/product/223561579
다이슨 청소기,223087932,다이슨 sv18 디지털슬림 플러피 플러스 무선청소기,55000,3,판매완료,방화제3동,2026-01-01 22:26:40,https://web.joongna.com/product/223087932
다이슨 청소기,223048837,다이슨 v8 앱솔루트 무선청소기,50000,3,판매완료,방화제3동,2026-01-01 22:26:13,https://web.joongna.com/product/223048837
다이슨 청소기,223350624,다이슨 V10 무선청소기 풀세트 (배터리 올해 정품 교체),185000,3,판매완료,북가좌제1동,2026-01-01 11:22:07,https://web.joongna.com/product/223350624
다이슨 청소기,223476438,다이슨 v10 무선청소기 먼지통 정품 더스트빈 악세사리 부품 키트,15000,3,판매완료,,2025-12-31 21:35:55,https://web.joongna.com/product/223476438
다이슨 청소기,214682795,다이슨 V7 무선청소기 신배터리 교체 13만원 경기도,130000,0,판매중,,2025-12-31 09:30:04,https://web.joongna.com/product/214682795
다이슨 청소기,223568281,다이슨 V7 무선청소기,50000,3,판매완료,,2025-12-31 08:42:43,https://web.joongna.com/product/223568281
다이슨 청소기,223111156,다이슨V6헤드3종틈새툴/4종일괄/다이슨청소기/다이슨V6,49000,0,판매중,,2025-12-31 08:57:59,https://web.joongna.com/product/223111156
다이슨 청소기,223552854,다이슨 V8 청소기 정품 배터리(미사용)/SV10,60000,3,판매완료,,2025-12-30 19:10:55,https://web.joongna.com/product/223552854
다이슨 청소기,222635838,다이슨 프리미엄 디텍트 서브마린 물걸레+진공 무선청소기 V15S / 옐로니켈,700000,3,판매완료,모라제1동,2025-12-30 18:48:40,https://web.joongna.com/product/222635838
다이슨 청소기,222751883,다이슨 V8무선 청소기 풀세트,128000,1,예약중,진영읍,2025-12-30 18:04:57,https://web.joongna.com/product/222751883
다이슨 청소기,223549969,다이슨 V8 무선 핸디스틱청소기,110000,3,판매완료,,2025-12-30 17:58:28,https://web.joongna.com/product/223549969
다이슨 청소기,222501837,다이슨 micro 청소기/부산직거래/택배가능,2000,3,판매완료,,2025-12-30 11:14:35,https://web.joongna.com/product/222501837
다이슨 청소기,223507868,다이슨 청소기 V10 충전 거치대와 어댑터,25000,3,판매완료,중앙동,2025-12-29 16:50:11,https://web.joongna.com/product/223507868
다이슨 청소기,223502520,다이슨 V8 무선청소기 미개봉 새상품,490000,0,판매중,오남읍,2025-12-29 14:36:41,https://web.joongna.com/product/223502520
다이슨 청소기,223470130,다이슨 청소기 충전기 팝니다 v10~v15,18000,3,판매완료,,2025-12-28 17:08:44,https://web.joongna.com/product/223470130
다이슨 청소기,223463028,25.2v 6.8ah 배터리 다이슨호환 sv 14 sv15 시리즈 청소기 솜털,28000,3,판매완료,,2025-12-28 14:19:13,https://web.joongna.com/product/223463028
다이슨 청소기,223138151,다이슨 마이크로 무선청소기/부산직거래/택배가능,2000,3,판매완료,,2025-12-28 13:24:03,https://web.joongna.com/product/223138151
다이슨 청소기,222695888,다이슨 V8 무선청소기 방전배터리 (정품),6000,3,판매완료,,2025-12-27 15:21:29,https://web.joongna.com/product/222695888
다이슨 청소기,223419632,다이슨 v8 무선 청소기,36000,3,판매완료,당진1동,2025-12-27 10:21:28,https://web.joongna.com/product/223419632
다이슨 청소기,223196966,다이슨무선청소기 sv14 v11 정품배터리,45000,3,판매완료,동백2동,2025-12-27 08:44:42,https://web.joongna.com/product/223196966
다이슨 청소기,223417569,다이슨 V8 무선청소기,20000,1,예약중,이촌제1동,2025-12-27 08:58:33,https://web.joongna.com/product/223417569
다이슨 청소기,223408491,다이슨 V6 및 V10 청소기 거치대,5000,3,판매완료,당진1동,2025-12-26 21:43:22,https://web.joongna.com/product/223408491
다이슨 청소기,223156919,정품 다이슨 청소기 v10 v11 v12 v15 충전기 아답터 한국돼지코,25000,1,예약중,,2025-12-26 21:17:33,https://web.joongna.com/product/223156919
다이슨 청소기,223402276,다이슨진공청소기,20000,0,판매중,주안5동,2025-12-26 18:36:39,https://web.joongna.com/product/223402276
다이슨 청소기,223402270,다이슨 SV10 무선청소기(부품용) 판매합니다~~,21000,3,판매완료,철산3동,2025-12-26 18:36:30,https://web.joongna.com/product/223402270
다이슨 청소기,223384700,다이슨 청소기 V12 디텍트 슬림 골드 미개봉 새제품,480000,3,판매완료,범안동,2025-12-26 10:52:16,https://web.joongna.com/product/223384700
다이슨 청소기,222589647,다이슨 V8 무선청소기,110000,3,판매완료,,2025-12-26 01:07:06,https://web.joongna.com/product/222589647
다이슨 청소기,222694143,다이슨V6본체/배터리방전/다이슨청소기,20000,0,판매중,,2025-12-25 19:15:45,https://web.joongna.com/product/222694143
다이슨 청소기,223028082,다이슨 청소기 툴,20000,3,판매완료,,2025-12-25 17:09:22,https://web.joongna.com/product/223028082
다이슨 청소기,223347548,다이슨 슬림 무선청소기,300000,3,판매완료,구포제2동,2025-12-25 08:56:57,https://web.joongna.com/product/223347548
다이슨 청소기,223007064,다이슨무선청소기 sv11. v7 본체,28000,3,판매완료,동백2동,2025-12-24 20:04:40,https://web.joongna.com/product/223007064
다이슨 청소기,222888833,다이슨 시네틱 빅볼 유선청소기 판매합니다,35000,3,판매완료,화곡제8동,2025-12-24 15:53:16,https://web.joongna.com/product/222888833
다이슨 청소기,222319652,다이슨 V6 무선청소기 부품 세트,35000,3,판매완료,갈현제1동,2025-12-24 13:39:43,https://web.joongna.com/product/222319652
다이슨 청소기,223297796,다이슨 v8 무선청소기 상태좋음,180000,3,판매완료,신당동,2025-12-23 19:06:44,https://web.joongna.com/product/223297796
다이슨 청소기,222694949,다이슨V8사이클론/다이슨청소기/,12000,0,판매중,,2025-12-23 15:39:37,https://web.joongna.com/product/222694949
다이슨 청소기,223287203,다이슨 청소기 sv14 v11 메인바디 부품,30000,3,판매완료,갈매동,2025-12-23 14:23:45,https://web.joongna.com/product/223287203
다이슨 청소기,223286852,정품)다이슨 V8 무선청소기,12345,3,판매완료,,2025-12-23 14:14:03,https://web.joongna.com/product/223286852
다이슨 청소기,223192909,다이슨 청소기 팝니다,200000,3,판매완료,,2025-12-23 12:58:39,https://web.joongna.com/product/223192909
다이슨 청소기,222718368,미개봉새상품 ) 다이슨 싸이클론 V10 무선청소기,390000,0,판매중,,2025-12-23 10:19:12,https://web.joongna.com/product/222718368
다이슨 청소기,223210859,"다이슨 무선청소기용 고성능 모터헤드 (V7,V8,V10,v11용)",25000,3,판매완료,북가좌제1동,2025-12-22 20:58:45,https://web.joongna.com/product/223210859
다이슨 청소기,223258479,다이슨 V10 무선청소기 부품 세트,100000,3,판매완료,태평1동,2025-12-22 18:28:21,https://web.joongna.com/product/223258479
다이슨 청소기,223252698,미개봉 신품 다이슨 디지털 슬림 무선 청소기 + 정품 배터리팩 판매,330000,3,판매완료,반월동,2025-12-22 16:00:04,https://web.joongna.com/product/223252698
다이슨 청소기,223246212,다이슨 무선청소기 옴니 글라이드 부품용,45000,3,판매완료,중앙동,2025-12-22 13:09:03,https://web.joongna.com/product/223246212
다이슨 청소기,221765896,다이슨 v8 청소기 도킹스테이션 거치대 (택배비포함),12000,3,판매완료,,2025-12-22 12:14:57,https://web.joongna.com/product/221765896
다이슨 청소기,221494275,다이슨 V6 무선청소기 본체만,30000,0,판매중,덕천제1동,2025-12-22 08:25:12,https://web.joongna.com/product/221494275
다이슨 청소기,223232771,다이슨 청소기 SV19 옴니-글라이드 충전기 2.5만,25000,0,판매중,수암동,2025-12-22 00:00:40,https://web.joongna.com/product/223232771
다이슨 청소기,223233139,다이슨 청소기 SV19 옴니-글라이드 흡입구 1만,10000,0,판매중,수암동,2025-12-22 00:13:40,https://web.joongna.com/product/223233139
다이슨 청소기,223233063,다이슨 청소기 SV19 옴니-글라이드 흡입구 1만,10000,0,판매중,수암동,2025-12-22 00:11:30,https://web.joongna.com/product/223233063
다이슨 청소기,223232826,다이슨 청소기 SV19 옴니-글라이드 흡입구 미니헤드 4만,40000,0,판매중,수암동,2025-12-22 00:02:33,https://web.joongna.com/product/223232826
다이슨 청소기,223232956,다이슨 청소기 SV19 옴니-글라이드 미니헤드 1.5만,15000,0,판매중,수암동,2025-12-22 00:07:34,https://web.joongna.com/product/223232956
다이슨 청소기,223232797,다이슨 청소기 SV19 옴니-글라이드 봉 완드 파이프 2.5만,25000,3,판매완료,수암동,2025-12-22 00:01:30,https://web.joongna.com/product/223232797
다이슨 청소기,223233209,다이슨 청소기 SV19 옴니-글라이드 흡입구 5천,20000,3,판매완료,수암동,2025-12-22 00:15:56,https://web.joongna.com/product/223233209
다이슨 청소기,222813978,다이슨 v7 v6 무선청소기 방전배터리 부품용 각오천,5000,0,판매중,,2025-12-21 20:32:28,https://web.joongna.com/product/222813978
다이슨 청소기,223080595,다이슨 v18 슬림 무선청소기 거치대,25000,3,판매완료,개포4동,2025-12-21 08:19:41,https://web.joongna.com/product/223080595
다이슨 청소기,222439758,다이슨 청소기 v8,120000,3,판매완료,중앙동,2025-12-21 01:27:38,https://web.joongna.com/product/222439758
다이슨 청소기,223049397,다이슨 무선청소기 헤드,10000,3,판매완료,방화제3동,2025-12-21 00:33:11,https://web.joongna.com/product/223049397
다이슨 청소기,207458031,다이슨헤드2종/모터헤드/다이슨V7-V11/다이슨청소기,28000,0,판매중,,2025-12-20 20:10:28,https://web.joongna.com/product/207458031
다이슨 청소기,221479180,다이슨 청소기 부품 팝니다,10000,0,판매중,,2025-12-20 16:02:01,https://web.joongna.com/product/221479180
다이슨 청소기,223176356,다이슨 v7 앱솔루트 청소기(국내판),30000,3,판매완료,운정1동,2025-12-20 14:03:49,https://web.joongna.com/product/223176356
다이슨 청소기,223174817,다이슨 V11 무선청소기 교체 수리,400000,3,판매완료,,2025-12-20 13:20:32,https://web.joongna.com/product/223174817
다이슨 청소기,223176153,다이슨 V6 플러피 청소기,20000,3,판매완료,운정1동,2025-12-20 13:58:30,https://web.joongna.com/product/223176153
다이슨 청소기,223007143,다이슨무선청소기 v7본체판매,30000,3,판매완료,동백2동,2025-12-19 23:06:34,https://web.joongna.com/product/223007143
다이슨 청소기,223151828,다이슨 360 vis nav 로봇 청소기,450000,0,판매중,구래동,2025-12-19 18:35:41,https://web.joongna.com/product/223151828
다이슨 청소기,223146858,다이슨 무선청소기 MICRO1.5+충전거치대,290000,3,판매완료,신사동,2025-12-19 16:27:31,https://web.joongna.com/product/223146858
다이슨 청소기,223049017,다이슨 무선청소기 본체,45000,3,판매완료,방화제3동,2025-12-18 21:21:31,https://web.joongna.com/product/223049017
다이슨 청소기,221157809,다이슨 360 vis Nav 로봇청소기,400000,0,판매중,송산2동,2025-12-18 11:36:37,https://web.joongna.com/product/221157809
다이슨 청소기,223083515,다이슨 V12 무선청소기판매합니다~~,20000,3,판매완료,철산3동,2025-12-17 21:52:39,https://web.joongna.com/product/223083515
다이슨 청소기,223078883,정품 다이슨 v10 무선청소기 싸이클론 집진기 필터 레드 본체 부품용,25000,3,판매완료,,2025-12-17 19:53:22,https://web.joongna.com/product/223078883
다이슨 청소기,222599714,다이슨청소기변환잭미사용,20000,0,판매중,,2025-12-17 19:21:14,https://web.joongna.com/product/222599714
다이슨 청소기,223064176,"다이슨 디지털 슬림 컴플리트 무선청소기+정품거치대 판매(다이슨코리아정품,SV18)",12345,3,판매완료,상계10동,2025-12-17 13:39:04,https://web.joongna.com/product/223064176
다이슨 청소기,223064059,"다이슨 V15,V11용 무선청소기 부품 세트",60000,3,판매완료,중앙동,2025-12-17 13:35:53,https://web.joongna.com/product/223064059
다이슨 청소기,223064201,"다이슨 디지털 슬림 컴플리트 무선청소기+정품거치대 판매(다이슨코리아정품,SV18)",12345,3,판매완료,상계10동,2025-12-17 13:39:45,https://web.joongna.com/product/223064201
다이슨 청소기,222661108,다이슨무선청소기 sv18 디지털슬림,170000,3,판매완료,동백2동,2025-12-16 06:34:01,https://web.joongna.com/product/222661108
다이슨 청소기,222599614,다이슨 V8 fluffy 청소기,45000,3,판매완료,,2025-12-15 20:10:02,https://web.joongna.com/product/222599614
다이슨 청소기,222995546,다이슨헤드/소프트롤러헤드/V7-V11/다이슨청소기,33000,0,판매중,,2025-12-15 17:37:41,https://web.joongna.com/product/222995546
다이슨 청소기,222760424,다이슨 청소기(V10.먼지통.정품),15000,3,판매완료,,2025-12-15 14:47:09,https://web.joongna.com/product/222760424
다이슨 청소기,222980600,다이슨 V10 진공청소기 배터리(신품),38000,3,판매완료,반여제1동,2025-12-15 11:33:27,https://web.joongna.com/product/222980600
다이슨 청소기,222980404,다이슨 무선청소기 SV10 풀셋트 충젼거치대포함 판매합니다,120000,3,판매완료,가음정동,2025-12-15 11:27:39,https://web.joongna.com/product/222980404
다이슨 청소기,222969332,다이슨무선청소기 v8본체,45000,3,판매완료,동백2동,2025-12-14 23:01:41,https://web.joongna.com/product/222969332
다이슨 청소기,222969188,다이슨무선청소기 sv11 v7,75000,3,판매완료,동백2동,2025-12-14 22:56:43,https://web.joongna.com/product/222969188
다이슨 청소기,222969116,다이슨무선청소기 v8,85000,3,판매완료,동백2동,2025-12-14 22:54:47,https://web.joongna.com/product/222969116
다이슨 청소기,222949918,다이슨 유선청소기 DC46 노즐다수포함,30000,3,판매완료,상계6.7동,2025-12-14 14:28:00,https://web.joongna.com/product/222949918
다이슨 청소기,222942268,다이슨 V10 무선청소기 풀세트,140000,3,판매완료,신당동,2025-12-14 10:54:42,https://web.joongna.com/product/222942268
다이슨 청소기,222584010,다이슨 싸이클론 V8 실버-레드 무선 청소기 판매합니다.,300000,3,판매완료,노량진제2동,2025-12-14 09:36:32,https://web.joongna.com/product/222584010
다이슨 청소기,222778766,"다이슨 청소기 디지털슬림, v12 슬림 먼지통 팝니다",26000,3,판매완료,,2025-12-14 07:48:08,https://web.joongna.com/product/222778766
다이슨 청소기,222931162,다이슨 무선청소기 충전기,10000,3,판매완료,방화제3동,2025-12-13 22:09:43,https://web.joongna.com/product/222931162
다이슨 청소기,221746958,다이슨 V8 무선청소기,199000,3,판매완료,삼산동,2025-12-13 17:11:08,https://web.joongna.com/product/221746958
다이슨 청소기,222913954,다이슨 핸드 무선 청소기,150000,3,판매완료,보라매동,2025-12-13 14:09:14,https://web.joongna.com/product/222913954
다이슨 청소기,222904286,다이슨 V12 디텍트 슬림 무선청소기,500000,3,판매완료,원신흥동,2025-12-13 09:14:00,https://web.joongna.com/product/222904286
다이슨 청소기,222163465,다이슨 슬림 무선청소기,300000,3,판매완료,구포제2동,2025-12-12 10:55:23,https://web.joongna.com/product/222163465
다이슨 청소기,222324665,"청소기 다이슨 V6,v7,v8,v10 배터리 내놓습니다",28000,3,판매완료,,2025-12-12 10:13:59,https://web.joongna.com/product/222324665
다이슨 청소기,222727513,다이슨헤드/소프트롤러헤드+브러쉬툴/V7-V11/다이슨청소기V8헤드,35000,3,판매완료,,2025-12-11 22:24:35,https://web.joongna.com/product/222727513
다이슨 청소기,222849479,"다이슨 청소기 헤드 2, 거치대 일괄",69500,0,판매중,안락제1동,2025-12-11 17:35:29,https://web.joongna.com/product/222849479
다이슨 청소기,222845649,다이슨 V8 무선청소기,69000,3,판매완료,금호4가동,2025-12-11 16:04:31,https://web.joongna.com/product/222845649
다이슨 청소기,222809567,무선청소기 다이슨 초경량 무선 청소기 마이크로 충전거치대 포함,330000,3,판매완료,탄현2동,2025-12-10 17:12:29,https://web.joongna.com/product/222809567
다이슨 청소기,222807143,다이슨V8본체/다이슨청소기/다이슨V8/배터리4-5분,33000,3,판매완료,,2025-12-10 16:12:44,https://web.joongna.com/product/222807143
다이슨 청소기,216756067,다이슨 청소기(Dyson SV12 / V10)카페트롤러,80000,0,판매중,해룡면,2025-12-10 07:08:10,https://web.joongna.com/product/216756067
다이슨 청소기,218837580,다이슨무선청소기 v10. v11 정품 먼지통,18000,3,판매완료,동백2동,2025-12-10 06:34:29,https://web.joongna.com/product/218837580
다이슨 청소기,222210789,다이슨무선청소기 v7 v8본체,28000,3,판매완료,동백2동,2025-12-10 06:33:08,https://web.joongna.com/product/222210789
다이슨 청소기,222695730,다이슨V8본체/상태조음/다이슨청소기V8,33000,3,판매완료,,2025-12-09 20:24:10,https://web.joongna.com/product/222695730
다이슨 청소기,222691676,다이슨 청소기(V10.헤드모테.정품),35000,3,판매완료,,2025-12-07 16:15:20,https://web.joongna.com/product/222691676
다이슨 청소기,222688287,다이슨헤드/소프트롤러헤드+브러쉬툴/V7-V11/다이슨청소기V8헤드,35000,3,판매완료,,2025-12-07 14:46:50,https://web.joongna.com/product/222688287
다이슨 청소기,222560036,다이슨 v6 무선 청소기 방전 배터리 2개 일괄판매,10000,3,판매완료,,2025-12-07 11:29:54,https://web.joongna.com/product/222560036
다이슨 청소기,222669713,다이슨 v11 (SV15)무선청소기 호환 배터리,40000,3,판매완료,산내동,2025-12-06 22:20:13,https://web.joongna.com/product/222669713
다이슨 청소기,222614487,다이슨 물걸래청소기,270000,3,판매완료,자양제3동,2025-12-05 12:30:56,https://web.joongna.com/product/222614487
다이슨 청소기,220927353,정품 다이슨 청소기 툴+다이슨 가방 택포,40000,0,판매중,,2025-12-04 17:17:59,https://web.joongna.com/product/220927353
다이슨 청소기,222579517,다이슨무선청소기 정품 소프트롤러헤드,32000,3,판매완료,동백2동,2025-12-04 13:10:52,https://web.joongna.com/product/222579517
다이슨 청소기,222118337,다이슨 무선청소기 v6,5000,3,판매완료,방화제3동,2025-12-03 21:08:51,https://web.joongna.com/product/222118337
다이슨 청소기,221827530,다이슨 V8 무선청소기,135000,3,판매완료,,2025-12-02 14:14:52,https://web.joongna.com/product/221827530
다이슨 청소기,222499114,다이슨 V8 무선청소기 배터리 등 팝니다.,20000,0,판매중,길상면,2025-12-02 12:03:01,https://web.joongna.com/product/222499114
다이슨 청소기,222482701,다이슨 청소기 V6 먼지통 2.5만,25000,0,판매중,수암동,2025-12-01 21:49:47,https://web.joongna.com/product/222482701
다이슨 청소기,222482510,다이슨 V6 무선청소기 배터리 2.5만,25000,0,판매중,수암동,2025-12-01 21:44:34,https://web.joongna.com/product/222482510
다이슨 청소기,222482265,다이슨 청소기 V6 사이클론 1.5만,15000,0,판매중,수암동,2025-12-01 21:36:50,https://web.joongna.com/product/222482265
다이슨 청소기,222038958,다이슨 V10 무선청소기와 거치대,135000,3,판매완료,독산제1동,2025-12-01 20:49:05,https://web.joongna.com/product/222038958
다이슨 청소기,222470158,다이슨 청소기 V6 SV04 모터 3.5만,35000,0,판매중,수암동,2025-12-01 16:27:44,https://web.joongna.com/product/222470158
다이슨 청소기,222443664,다이슨 v10 무선청소기 판매합니다.,70000,3,판매완료,은행동,2025-11-30 21:39:30,https://web.joongna.com/product/222443664
다이슨 청소기,222443115,다이슨 V8 무선청소기 판매합니다.,40000,3,판매완료,은행동,2025-11-30 21:25:42,https://web.joongna.com/product/222443115
다이슨 청소기,222441324,다이슨청소기 V11 부품용으로 판매합니다,45000,3,판매완료,,2025-11-30 20:38:05,https://web.joongna.com/product/222441324
다이슨 청소기,222440464,다이슨 V8 무선청소기 판매합니다.,40000,3,판매완료,은행동,2025-11-30 20:17:00,https://web.joongna.com/product/222440464
다이슨 청소기,221556231,다이슨V8 엉킴방지 청소기 카펫헤드,20000,3,판매완료,신암1동,2025-11-30 20:44:17,https://web.joongna.com/product/221556231
다이슨 청소기,222434723,다이슨 v10 무선청소기 거치대,40000,3,판매완료,노학동,2025-11-30 17:41:32,https://web.joongna.com/product/222434723
다이슨 청소기,222430175,다이슨무선청소기 v6.v7.v8 충전기,10000,3,판매완료,동백2동,2025-11-30 15:43:41,https://web.joongna.com/product/222430175
다이슨 청소기,222429444,다이슨 청소기 거치대 V15 도킹스테이션 코리아 정품,20000,3,판매완료,,2025-11-30 15:26:16,https://web.joongna.com/product/222429444
다이슨 청소기,222377594,다이슨 펜슬백 플러피콘 무선청소기 미개봉 새상품,600000,3,판매완료,,2025-11-29 23:10:11,https://web.joongna.com/product/222377594
다이슨 청소기,222406803,다이슨 워시GT 진공청소기,300000,0,판매중,세곡동,2025-11-29 21:19:20,https://web.joongna.com/product/222406803
다이슨 청소기,221349838,다이슨 V8 무선청소기 새제품+거치대,12345,3,판매완료,금호2.3가동,2025-11-29 17:52:03,https://web.joongna.com/product/221349838
다이슨 청소기,222386162,다이슨 V11 무선청소기 판매,250000,3,판매완료,송도2동,2025-11-29 11:13:50,https://web.joongna.com/product/222386162
다이슨 청소기,222381088,다이슨 V6 청소기 본체판매,15000,3,판매완료,읍내동,2025-11-29 06:27:31,https://web.joongna.com/product/222381088
다이슨 청소기,222381082,다이슨 V6 청소기 본체판매,13000,3,판매완료,읍내동,2025-11-29 06:25:58,https://web.joongna.com/product/222381082
다이슨 청소기,222359614,다이슨 V7 무선청소기,60000,3,판매완료,시흥동,2025-11-28 14:50:07,https://web.joongna.com/product/222359614
다이슨 청소기,222349633,다이슨 V10 무선청소기,65000,3,판매완료,태화동,2025-11-28 10:04:39,https://web.joongna.com/product/222349633
다이슨 청소기,161275898,다이슨무선청소기 v10v11 먼지통 러너,6000,3,판매완료,동백2동,2025-11-28 07:05:18,https://web.joongna.com/product/161275898
다이슨 청소기,222223392,아이닉 i20 i30 무선청소기 연결봉 완드 튜브 파이프 스틱 다이슨호환,8000,3,판매완료,,2025-11-27 23:04:55,https://web.joongna.com/product/222223392
다이슨 청소기,222334144,다이슨청소기 v7 v8 정품 먼지통 팝니다,5000,3,판매완료,,2025-11-27 19:47:47,https://web.joongna.com/product/222334144
다이슨 청소기,222328853,다이슨청소기 정품 v7 v8 모터 바디 키트,30000,0,판매중,감곡면,2025-11-27 17:23:37,https://web.joongna.com/product/222328853
다이슨 청소기,222329079,다이슨청소기 정품 v7 v8 모터 부품,50000,0,판매중,감곡면,2025-11-27 17:29:53,https://web.joongna.com/product/222329079
다이슨 청소기,222327025,다이슨 V6 무선청소기 먼지통,20000,0,판매중,감곡면,2025-11-27 16:39:04,https://web.joongna.com/product/222327025
다이슨 청소기,219926654,"다이슨 청소기 v6, v8, v10 ,v11,v12 충전 거치대 팝니다",10000,3,판매완료,,2025-11-26 20:21:11,https://web.joongna.com/product/219926654
다이슨 청소기,222290415,다이슨 V7 무선청소기,890000,3,판매완료,연일읍,2025-11-26 17:07:22,https://web.joongna.com/product/222290415
다이슨 청소기,218502124,다이슨 청소기 부품,9000,3,판매완료,수색동,2025-11-26 14:05:28,https://web.joongna.com/product/218502124
다이슨 청소기,222151751,"다이슨 V8 싸이클론 무선청소기입니다- 플러피 헤드, 미니모터헤드, 벽걸이형 거치대, 충전기가 포함되어 있습니다-",290000,3,판매완료,면목제5동,2025-11-25 18:37:54,https://web.joongna.com/product/222151751
다이슨 청소기,222223024,다이슨 V10 무선청소기 본체,33000,3,판매완료,신창동,2025-11-24 21:51:04,https://web.joongna.com/product/222223024
다이슨 청소기,222221402,다이슨 V10 무선청소기 본체,50000,3,판매완료,신창동,2025-11-24 21:09:03,https://web.joongna.com/product/222221402
다이슨 청소기,222066191,다이슨 v10 무선청소기 정품 필터 세척된 배기필터 각오천,5000,3,판매완료,,2025-11-23 22:08:22,https://web.joongna.com/product/222066191
다이슨 청소기,221588838,"청소기 다이슨 V6,v7,v8,v10 배터리 내놓습니다",28000,3,판매완료,,2025-11-23 19:39:28,https://web.joongna.com/product/221588838
다이슨 청소기,221471154,다이슨 무선청소기 카페트 헤드,20000,3,판매완료,방화제3동,2025-11-22 21:47:18,https://web.joongna.com/product/221471154
다이슨 청소기,222136437,다이슨 유선청소기,100000,3,판매완료,평화동,2025-11-22 16:22:05,https://web.joongna.com/product/222136437
다이슨 청소기,222132149,다이슨 V12 디텍트슬림 무선청소기 세트,330000,3,판매완료,,2025-11-22 14:29:58,https://web.joongna.com/product/222132149
다이슨 청소기,222046701,다이슨 V8 무선청소기,100000,3,판매완료,고덕제2동,2025-11-21 14:25:06,https://web.joongna.com/product/222046701
다이슨 청소기,221335577,다이슨청소기 v7 v8 정품 먼지통 팝니다,5000,3,판매완료,,2025-11-21 13:23:50,https://web.joongna.com/product/221335577
다이슨 청소기,222070501,다이슨 코리아 Dyson 무선 청소기 V8 신형[배터리새거],145000,3,판매완료,청천2동,2025-11-20 19:40:56,https://web.joongna.com/product/222070501
다이슨 청소기,219825273,다이슨무선청소기 v10 v11 고토크모터헤드 거의새제품,35000,3,판매완료,동백2동,2025-11-20 11:11:24,https://web.joongna.com/product/219825273
다이슨 청소기,220794836,"청소기 다이슨 V6,v7,v8,v10 배터리 내놓습니다",28000,3,판매완료,,2025-11-20 09:03:58,https://web.joongna.com/product/220794836
다이슨 청소기,222008190,다이슨 V8/V10 무선청소기 배터리,2000,3,판매완료,,2025-11-19 09:17:00,https://web.joongna.com/product/222008190
다이슨 청소기,221995139,다이슨 V6 무선청소기,300000,0,판매중,,2025-11-18 20:37:30,https://web.joongna.com/product/221995139
다이슨 청소기,221995095,다이슨 V6 무선청소기,300000,0,판매중,,2025-11-18 20:36:21,https://web.joongna.com/product/221995095
다이슨 청소기,221990617,"다이슨 청소기 소프트롤러 헤드 v10 , 옴니글라이드",40000,3,판매완료,동탄5동,2025-11-18 18:43:52,https://web.joongna.com/product/221990617
다이슨 청소기,221910210,다이슨 V11 청소기 모터(고장),8000,3,판매완료,구로제5동,2025-11-16 17:45:43,https://web.joongna.com/product/221910210
다이슨 청소기,221878239,다이슨무선청소기 v10싸이클론 부품용,6000,3,판매완료,동백2동,2025-11-15 19:13:11,https://web.joongna.com/product/221878239
다이슨 청소기,221877174,다이슨 V10 무선청소기 본체 부품용,30000,3,판매완료,,2025-11-15 18:40:33,https://web.joongna.com/product/221877174
다이슨 청소기,221861663,다이슨 V10 청소기(배터리호환용/롤러호환용),20000,3,판매완료,개포3동,2025-11-15 11:04:35,https://web.joongna.com/product/221861663
다이슨 청소기,221860590,다이슨 V10 무선청소기 헤드고장,75000,3,판매완료,개포3동,2025-11-15 10:31:44,https://web.joongna.com/product/221860590
다이슨 청소기,221844778,다이슨 V8 무선청소기 직거래,25000,3,판매완료,정발산동,2025-11-14 19:48:44,https://web.joongna.com/product/221844778
다이슨 청소기,221828390,"청소기 다이슨 V6,v7,v8,v10 배터리 내놓습니다",28000,3,판매완료,,2025-11-14 12:14:23,https://web.joongna.com/product/221828390
다이슨 청소기,221465174,다이슨 V8 무선청소기,160000,3,판매완료,,2025-11-14 10:45:26,https://web.joongna.com/product/221465174
다이슨 청소기,219950465,다이슨청소기 젠5,700000,0,판매중,천호제1동,2025-11-13 18:22:17,https://web.joongna.com/product/219950465
다이슨 청소기,221556324,다이슨 워시 G1 물걸레 청소기 wash g1 판매,330000,0,판매중,,2025-11-13 13:14:00,https://web.joongna.com/product/221556324
다이슨 청소기,221778569,다이슨 V8 진공청소기 배터리(새상품),37000,3,판매완료,반여제1동,2025-11-12 23:43:59,https://web.joongna.com/product/221778569
다이슨 청소기,221777314,다이슨 v6 dc62 모터 본체 거치대 침구청소기 팝니다,25000,3,판매완료,홍천읍,2025-11-12 23:02:05,https://web.joongna.com/product/221777314
다이슨 청소기,221766277,정품 다이슨 v8 v7 무선청소기 본체 싸이클론 단품 필터 포함 부품용,15000,3,판매완료,,2025-11-12 17:53:35,https://web.joongna.com/product/221766277
다이슨 청소기,221763610,다이슨 V6헤파 무선청소기,24000,3,판매완료,도림동,2025-11-12 16:44:54,https://web.joongna.com/product/221763610
다이슨 청소기,221715682,(정품) (DYSON) 다이슨 무선 청소기 V6,100000,3,판매완료,금호2.3가동,2025-11-11 12:40:13,https://web.joongna.com/product/221715682
다이슨 청소기,221587178,정상작동 다이슨 청소기 v10 11 v8 7 모터헤드 카페트 카펫 브러쉬,25000,3,판매완료,,2025-11-10 20:31:54,https://web.joongna.com/product/221587178
다이슨 청소기,221692517,"다이슨 V6 무선청소기 배터리 어댑터,애플용 핸드폰 커버,",15000,0,판매중,,2025-11-10 19:17:53,https://web.joongna.com/product/221692517
다이슨 청소기,220918983,다이슨무선청소기 정품 소프트롤러헤드,35000,3,판매완료,동백2동,2025-11-10 11:16:39,https://web.joongna.com/product/220918983
다이슨 청소기,221661655,다이슨 V10 무선청소기 부품용,16000,3,판매완료,,2025-11-09 21:55:55,https://web.joongna.com/product/221661655
다이슨 청소기,219218007,다이슨 청소기 헤드(헤어 스크류),40000,0,판매중,신월7동,2025-11-09 21:48:07,https://web.joongna.com/product/219218007
다이슨 청소기,207146174,다이슨청소기 젠5,700000,0,판매중,천호제1동,2025-11-09 10:18:17,https://web.joongna.com/product/207146174
다이슨 청소기,220850929,다이슨 V8 무선 청소기 (실버레드),300000,0,판매중,,2025-11-08 20:06:50,https://web.joongna.com/product/220850929
다이슨 청소기,221606910,다이슨 V15s 디텍트 서브마린 무선청소기 미개봉 새상품,750000,3,판매완료,독산제3동,2025-11-08 12:38:49,https://web.joongna.com/product/221606910
다이슨 청소기,221386226,(정품) (DYSON) 다이슨 무선 청소기,50000,3,판매완료,금호2.3가동,2025-11-07 11:32:18,https://web.joongna.com/product/221386226
다이슨 청소기,221568540,다이슨 DC63 터빈헤드 프로 유선 진공청소기,50000,3,판매완료,역촌동,2025-11-07 10:57:43,https://web.joongna.com/product/221568540
다이슨 청소기,221541664,미개봉 다이슨워시 G1 물걸레청소기 팝니다,450000,0,판매중,역촌동,2025-11-06 15:35:39,https://web.joongna.com/product/221541664
다이슨 청소기,221532140,다이슨 마이크로 청소기,230000,3,판매완료,중앙동,2025-11-06 14:36:54,https://web.joongna.com/product/221532140
다이슨 청소기,221537428,다이슨 V8 무선청소기,70000,3,판매완료,진영읍,2025-11-06 13:41:44,https://web.joongna.com/product/221537428
다이슨 청소기,221206801,다이슨 유선 청소기 DC63 프로 국내 정발 풀셋트,120000,3,판매완료,복정동,2025-11-06 13:38:57,https://web.joongna.com/product/221206801
다이슨 청소기,221512152,에어로다이슨 무선청소기,60000,0,판매중,오산면,2025-11-05 19:16:28,https://web.joongna.com/product/221512152
다이슨 청소기,221505451,다이슨 V10 플러피 무선청소기,190000,3,판매완료,선원면,2025-11-05 16:25:03,https://web.joongna.com/product/221505451
다이슨 청소기,221369210,다이슨 워시G1 진공청소기,280000,0,판매중,기흥동,2025-11-05 01:35:11,https://web.joongna.com/product/221369210
다이슨 청소기,221481755,다이슨 V6 무선청소기 배터리,25000,0,판매중,,2025-11-04 23:12:10,https://web.joongna.com/product/221481755
다이슨 청소기,221464966,다이슨 V8 무선청소기,100000,0,판매중,상동,2025-11-04 15:59:39,https://web.joongna.com/product/221464966
다이슨 청소기,221431245,다이슨 워시 G 1청소기,400000,0,판매중,,2025-11-03 17:50:52,https://web.joongna.com/product/221431245
다이슨 청소기,202666771,"다이슨 유선 진공청소기, DC37 - 2012년 구매",140000,3,판매완료,정왕본동,2025-11-01 17:39:49,https://web.joongna.com/product/202666771
다이슨 청소기,221348443,다이슨 워시 g1물청소기+롤러헤드 새거,350000,0,판매중,오금동,2025-11-01 13:00:03,https://web.joongna.com/product/221348443
다이슨 청소기,221350182,다이슨 디지털 슬림 무선청소기,230000,3,판매완료,,2025-11-01 13:50:48,https://web.joongna.com/product/221350182
다이슨 청소기,221313102,다이슨 V8 무선청소기,140000,3,판매완료,고덕제1동,2025-11-01 08:16:15,https://web.joongna.com/product/221313102
다이슨 청소기,220407686,(미개봉) 다이슨 G1 WashG1 물청소기 새제품,420000,3,판매완료,장충동,2025-10-30 21:49:42,https://web.joongna.com/product/220407686
다이슨 청소기,221260979,다이슨 V6 무선청소기,100000,3,판매완료,서초4동,2025-10-29 22:28:53,https://web.joongna.com/product/221260979
다이슨 청소기,221249053,다이슨 워시 G1 물걸레 청소기,400000,3,판매완료,복정동,2025-10-29 16:54:25,https://web.joongna.com/product/221249053
다이슨 청소기,221244316,다이슨 V7 진공청소기 배터리(새상품),30000,3,판매완료,반여제1동,2025-10-29 14:55:57,https://web.joongna.com/product/221244316
다이슨 청소기,221182020,다이슨무선청소기 정품 모터헤드 A급,30000,3,판매완료,동백2동,2025-10-27 20:40:16,https://web.joongna.com/product/221182020
다이슨 청소기,220782555,다이슨무선청소기 v10싸이클론 부품,6000,3,판매완료,동백2동,2025-10-27 20:28:12,https://web.joongna.com/product/220782555
다이슨 청소기,221181339,다이슨 무선청소기 브러쉬 툴 v7 이상,20000,3,판매완료,,2025-10-27 20:22:42,https://web.joongna.com/product/221181339
다이슨 청소기,221038942,다이슨 V10 무선청소기 풀세트,170000,3,판매완료,감일동,2025-10-27 17:51:56,https://web.joongna.com/product/221038942
다이슨 청소기,221167749,다이슨 청소기 정품 충전기 v10.11.12.15용,16000,3,판매완료,,2025-10-27 14:26:56,https://web.joongna.com/product/221167749
다이슨 청소기,220918925,다이슨무선청소기 정품 고토크모터헤드 A급,35000,3,판매완료,동백2동,2025-10-26 10:31:28,https://web.joongna.com/product/220918925
다이슨 청소기,220890030,다이슨 wash g1 물걸레 청소기(롤러 2세트 포함,280000,3,판매완료,상암동,2025-10-26 10:26:59,https://web.joongna.com/product/220890030
다이슨 청소기,220971399,다이슨v10 무선청소기,85000,3,판매완료,,2025-10-25 17:02:09,https://web.joongna.com/product/220971399
다이슨 청소기,221055507,새상품 다이슨 청소기 헤드 V15 V11 외,20000,3,판매완료,신월1동,2025-10-24 11:09:51,https://web.joongna.com/product/221055507
다이슨 청소기,221052894,다이슨 v11 컴플리트 청소기 싸게 팝니다.,220000,1,예약중,길상면,2025-10-24 09:54:38,https://web.joongna.com/product/221052894
다이슨 청소기,220564177,다이슨 v8 청소기,145000,0,판매중,,2025-10-23 18:46:07,https://web.joongna.com/product/220564177
다이슨 청소기,220954784,다이슨V8본체+배터리13분사용가/다이슨청소기/다이슨V8,43000,3,판매완료,,2025-10-23 15:37:07,https://web.joongna.com/product/220954784
다이슨 청소기,221023605,다이슨 청소기SV33(미개봉),380000,0,판매중,둔포면,2025-10-23 13:25:22,https://web.joongna.com/product/221023605
다이슨 청소기,220673607,다이슨 청소기 v10 부품 6개 일괄,15000,3,판매완료,,2025-10-23 08:09:57,https://web.joongna.com/product/220673607
다이슨 청소기,221004713,다이슨 펜슬백청소기,600000,3,판매완료,유천동,2025-10-22 21:47:44,https://web.joongna.com/product/221004713
다이슨 청소기,220833696,다이슨 디지털 슬림 청소기 sv18 팝니다.,200000,3,판매완료,길상면,2025-10-22 08:32:01,https://web.joongna.com/product/220833696
다이슨 청소기,219977556,다이슨 디지털 슬림 청소기,300000,3,판매완료,송천2동,2025-10-21 22:50:04,https://web.joongna.com/product/219977556
다이슨 청소기,220007430,다이슨 V10 청소기,30000,3,판매완료,,2025-10-21 20:36:57,https://web.joongna.com/product/220007430
다이슨 청소기,220943707,다이슨 V8 진공청소기 배터리(새상품),37000,3,판매완료,반여제1동,2025-10-21 11:52:54,https://web.joongna.com/product/220943707
다이슨 청소기,220922248,다이슨 청소기 V6,50000,3,판매완료,,2025-10-20 19:16:24,https://web.joongna.com/product/220922248
다이슨 청소기,220918899,다이슨무선청소기 정품 고토크모터헤드,20000,3,판매완료,동백2동,2025-10-20 17:43:50,https://web.joongna.com/product/220918899
다이슨 청소기,220888281,다이슨 청소기(V11.정품부품),35000,3,판매완료,,2025-10-19 21:00:11,https://web.joongna.com/product/220888281
다이슨 청소기,220871145,다이슨 싸이클론 청소기 V8(새상품),280000,3,판매완료,효자3동,2025-10-19 12:56:02,https://web.joongna.com/product/220871145
다이슨 청소기,220840868,다이슨 청소기 V15 충전 거치대 도킹 스테이션,10000,3,판매완료,,2025-10-18 15:07:00,https://web.joongna.com/product/220840868
다이슨 청소기,220833626,다이슨 디지털 슬림 sv18 청소기 팝니다.,160000,3,판매완료,길상면,2025-10-18 11:40:50,https://web.joongna.com/product/220833626
다이슨 청소기,220810543,"다이슨 무선청소기 헤드,거치대",55000,3,판매완료,,2025-10-17 16:53:29,https://web.joongna.com/product/220810543
다이슨 청소기,219301133,다이슨무선청소기 v10 v11 정품배터리,35000,3,판매완료,동백2동,2025-10-17 07:25:53,https://web.joongna.com/product/219301133
다이슨 청소기,218975534,다이슨무선청소기v10.v11도킹스테이션 부품용,10000,3,판매완료,동백2동,2025-10-17 07:21:43,https://web.joongna.com/product/218975534
다이슨 청소기,176771769,다이슨청소기 정품 미니모터헤드 v7.v8.v10.v11,9000,3,판매완료,동백2동,2025-10-17 07:12:19,https://web.joongna.com/product/176771769
다이슨 청소기,220197060,다이슨무선청소기 정품 고토크모터헤드,18000,3,판매완료,동백2동,2025-10-17 07:24:19,https://web.joongna.com/product/220197060
다이슨 청소기,220742191,"다이슨 v6,v7,v8 무선청소기 정품 충전기",15000,0,판매중,,2025-10-15 20:03:14,https://web.joongna.com/product/220742191
다이슨 청소기,220729314,다이슨 v8 청소기 팝니다.,110000,3,판매완료,길상면,2025-10-15 14:35:56,https://web.joongna.com/product/220729314
다이슨 청소기,220278677,다이슨 V7 플러피 청소기 막대 봉,10000,3,판매완료,고아읍,2025-10-14 08:39:04,https://web.joongna.com/product/220278677
다이슨 청소기,220457545,다이슨 v8 무선청소기,80000,3,판매완료,방화제3동,2025-10-13 21:43:53,https://web.joongna.com/product/220457545
다이슨 청소기,220655676,다이슨 V10 카본파이버 프로 무선청소기,130000,1,예약중,안양3동,2025-10-13 15:15:12,https://web.joongna.com/product/220655676
다이슨 청소기,220654451,다이슨 청소기 배터리 v10,30000,3,판매완료,성거읍,2025-10-13 14:43:31,https://web.joongna.com/product/220654451
다이슨 청소기,220654237,다이슨 청소기 배터리 v8,30000,3,판매완료,성거읍,2025-10-13 14:38:06,https://web.joongna.com/product/220654237
다이슨 청소기,219669748,다이슨 Wash G1 무선 물청소기,430000,0,판매중,일직동,2025-10-13 12:15:42,https://web.joongna.com/product/219669748
다이슨 청소기,220610461,다이슨v8청소기,41000,3,판매완료,도림동,2025-10-12 12:10:45,https://web.joongna.com/product/220610461
다이슨 청소기,220609138,다이슨 청소기 v11 메인바디 세트 팝니다,120000,3,판매완료,정관읍,2025-10-12 11:32:46,https://web.joongna.com/product/220609138
다이슨 청소기,162312068,다이슨무선청소기 v7.v8 먼지통뚜껑 새상품,9000,3,판매완료,동백2동,2025-10-12 10:20:37,https://web.joongna.com/product/162312068
다이슨 청소기,206216838,다이슨무선청소기 정품 소프트롤러헤드,39000,3,판매완료,동백2동,2025-10-12 10:27:57,https://web.joongna.com/product/206216838
다이슨 청소기,219418165,미개봉 새상품 / 448804-01 dyson 다이슨 V12s 디텍트 슬림 서브마린 컴플리트 무선청소기 새제품 팔아요.,930000,3,판매완료,관문동,2025-10-11 17:14:34,https://web.joongna.com/product/219418165
다이슨 청소기,219990303,다이슨 V6 V7 V8 무선청소기 배터리 고장 부품용,55000,0,판매중,방학제1동,2025-10-11 07:42:17,https://web.joongna.com/product/219990303
다이슨 청소기,220564768,다이슨 무선청소기 sv12,60000,3,판매완료,방화제3동,2025-10-11 00:03:17,https://web.joongna.com/product/220564768
다이슨 청소기,219828929,"청소기 다이슨 V6,v7,v8,v10 배터리 내놓습니다",28000,0,판매중,,2025-10-10 19:33:14,https://web.joongna.com/product/219828929
다이슨 청소기,213091013,다이슨 로봇청소기,770000,0,판매중,가양제1동,2025-10-10 17:54:44,https://web.joongna.com/product/213091013
다이슨 청소기,220089220,다이슨 무선 청소기 브러쉬 툴(정품),25000,0,판매중,화곡제8동,2025-10-09 17:05:22,https://web.joongna.com/product/220089220
다이슨 청소기,219427073,다이슨 무선청소기 V7 V8 V10 소프트 브러쉬 헤드 카펫 브러쉬 헤드 각 3만5천원 경기도 죽전동,35000,3,판매완료,,2025-10-08 17:00:14,https://web.joongna.com/product/219427073
다이슨 청소기,220479741,다이슨 청소기 v8 소프트 헤드와 틈새솔(택포),25000,3,판매완료,유림동,2025-10-08 15:12:37,https://web.joongna.com/product/220479741
다이슨 청소기,220474910,(택포)다이슨 V8 진공청소기 배터리(새상품),37000,3,판매완료,반여제1동,2025-10-08 12:39:33,https://web.joongna.com/product/220474910
다이슨 청소기,220429010,(유아장난감)다이슨장난감/청소기장난감/상태최상/무료배송,20000,3,판매완료,,2025-10-06 17:45:52,https://web.joongna.com/product/220429010
다이슨 청소기,220397440,다이슨 v8 청소기 (새재품 미개봉),280000,3,판매완료,,2025-10-05 12:44:52,https://web.joongna.com/product/220397440
다이슨 청소기,220149737,다이슨 청소기 v12 새상품급 팝니다,398000,3,판매완료,,2025-10-05 11:56:59,https://web.joongna.com/product/220149737
다이슨 청소기,220153397,다이슨 청소기 v12 디텍트슬림 새제품,500000,3,판매완료,,2025-10-04 14:50:22,https://web.joongna.com/product/220153397
다이슨 청소기,219973625,다이슨무선청소기 v6완드봉.충전기,6000,3,판매완료,동백2동,2025-10-04 10:48:21,https://web.joongna.com/product/219973625
다이슨 청소기,220229550,다이슨 청소기 디지털슬림 배터리 세트팝니다,50000,3,판매완료,,2025-10-03 23:29:08,https://web.joongna.com/product/220229550
다이슨 청소기,220336486,다이슨 옴니 글라이드 청소기,120000,3,판매완료,,2025-10-03 08:44:15,https://web.joongna.com/product/220336486
다이슨 청소기,220324971,다이슨 G1 청소기,450000,3,판매완료,군포1동,2025-10-02 19:17:40,https://web.joongna.com/product/220324971
다이슨 청소기,220061395,다이슨 60 무선 청소기 부품용 3만원 팝니다,30000,3,판매완료,방이1동,2025-10-01 08:25:34,https://web.joongna.com/product/220061395
다이슨 청소기,220268715,다이슨 청소기 v11 팝니다,140000,3,판매완료,정관읍,2025-09-30 23:08:15,https://web.joongna.com/product/220268715
다이슨 청소기,220230881,다이슨무선청소기 v10 메인모터. 메인바디,55000,3,판매완료,동백2동,2025-09-29 21:47:54,https://web.joongna.com/product/220230881
다이슨 청소기,220190607,다이슨 펜슬백 청소기,550000,3,판매완료,덕이동,2025-09-28 19:35:10,https://web.joongna.com/product/220190607
다이슨 청소기,219895285,다이슨 워시 G1 물걸레 청소기 판매해요.,400000,3,판매완료,,2025-09-28 17:09:08,https://web.joongna.com/product/219895285
다이슨 청소기,220149622,새상품 다이슨 청소기 브러쉬 팝니다,60000,3,판매완료,,2025-09-27 16:04:26,https://web.joongna.com/product/220149622
다이슨 청소기,220148623,다이슨 V10 플러피 청소기,100000,3,판매완료,다사읍,2025-09-27 15:36:40,https://web.joongna.com/product/220148623
다이슨 청소기,220142336,다이슨청소기 v10 풀셋팝니다,130000,3,판매완료,와부읍,2025-09-27 12:37:00,https://web.joongna.com/product/220142336
다이슨 청소기,220119886,새상품) 다이슨 청소기 플러피 콘,750000,0,판매중,평촌동,2025-09-26 18:13:38,https://web.joongna.com/product/220119886
다이슨 청소기,220117537,다이슨무선청소기 정품 소프트롤러헤드 S급,55000,3,판매완료,동백2동,2025-09-26 17:06:33,https://web.joongna.com/product/220117537
다이슨 청소기,220088309,다이슨 청소기 v11 고장품 팝니다 택포,60000,3,판매완료,,2025-09-25 20:53:54,https://web.joongna.com/product/220088309
다이슨 청소기,217078958,다이슨 v10 청소기 판매,50000,3,판매완료,별내동,2025-09-23 11:49:48,https://web.joongna.com/product/217078958
다이슨 청소기,218634828,v8 다이슨 청소기,120000,3,판매완료,가정1동,2025-09-22 11:05:29,https://web.joongna.com/product/218634828
다이슨 청소기,219944652,엘지 LG 코드제로 A9 청소기 버큠 오브제 비스포크 청소 무선청소 강력흡입다이슨 싸이킹 로보락 일렉트로,120000,3,판매완료,청담동,2025-09-22 09:44:28,https://web.joongna.com/product/219944652
다이슨 청소기,219889966,다이슨 최상급 청소기 Gen5 디텍트 컴플리드 (블루/코퍼) SV23 판매합니다.,690000,3,판매완료,,2025-09-21 11:56:29,https://web.joongna.com/product/219889966
다이슨 청소기,219875399,다이슨 무선청소기 일루미네이션 디텍트,150000,3,판매완료,방학제1동,2025-09-21 06:25:00,https://web.joongna.com/product/219875399
다이슨 청소기,219838815,다이슨청소기 충전기 어댑터 217160-07 v10 v11용 판매(택포 2),20000,3,판매완료,,2025-09-20 14:32:46,https://web.joongna.com/product/219838815
다이슨 청소기,219825144,다이슨무선청소기 Submarine 물청소헤드 미사용품,60000,3,판매완료,,2025-09-20 11:00:18,https://web.joongna.com/product/219825144
다이슨 청소기,219825116,다이슨무선청소기 sv10 v8 풀세트 배터리 새제품,140000,3,판매완료,,2025-09-20 10:59:58,https://web.joongna.com/product/219825116
다이슨 청소기,219817494,다이슨 무선 청소기,100000,3,판매완료,방학제1동,2025-09-20 08:48:42,https://web.joongna.com/product/219817494
다이슨 청소기,219814450,다이슨 청소기 나선형 브러시,15000,3,판매완료,,2025-09-20 06:45:08,https://web.joongna.com/product/219814450
다이슨 청소기,219814325,다이슨 청소기 정품 헤드,15000,3,판매완료,,2025-09-20 06:33:21,https://web.joongna.com/product/219814325
다이슨 청소기,219799647,다이슨무선청소기 v10 풀세트,180000,3,판매완료,,2025-09-19 20:53:36,https://web.joongna.com/product/219799647
다이슨 청소기,219798461,다이슨 V8 플러피 무선 청소기,85000,3,판매완료,,2025-09-19 20:33:53,https://web.joongna.com/product/219798461
다이슨 청소기,219798305,다이슨 V6 플러피 무선 청소기,110000,3,판매완료,,2025-09-19 20:31:07,https://web.joongna.com/product/219798305
다이슨 청소기,219560321,새상품 다이슨 청소기 다이슨 마이크로 니켈,360000,3,판매완료,,2025-09-19 10:40:29,https://web.joongna.com/product/219560321
다이슨 청소기,218787553,다이슨청소기 헤드 LED,15000,0,판매중,서종면,2025-09-18 17:57:59,https://web.joongna.com/product/218787553
다이슨 청소기,219132149,다이슨V8본체/배터리10분사용/다이슨청소기본체,45000,3,판매완료,,2025-09-17 14:43:45,https://web.joongna.com/product/219132149
다이슨 청소기,219085370,택포 다이슨 v7 v8 무선청소기 본체 싸이클론 단품,13500,3,판매완료,,2025-09-16 22:17:11,https://web.joongna.com/product/219085370
다이슨 청소기,219606918,"청소기 다이슨 V6,v7,v8,v10 배터리 내놓습니다",28000,3,판매완료,,2025-09-16 22:39:41,https://web.joongna.com/product/219606918
다이슨 청소기,219606560,다이슨무선청소기 v10.정품스탠드거치대포함,200000,3,판매완료,,2025-09-16 22:33:29,https://web.joongna.com/product/219606560
다이슨 청소기,219569365,다이슨 V10(SV12)무선청소기 풀세트,190000,3,판매완료,,2025-09-16 12:39:29,https://web.joongna.com/product/219569365
다이슨 청소기,218656409,다이슨dc62청소기 (밧데리 교체요망),50000,3,판매완료,목감동,2025-09-16 06:08:30,https://web.joongna.com/product/218656409
다이슨 청소기,219511911,다이슨 무선청소기 필터,10000,3,판매완료,,2025-09-15 15:13:46,https://web.joongna.com/product/219511911
다이슨 청소기,219468835,다이슨유선청소기 DC22,30000,3,판매완료,,2025-09-14 21:32:19,https://web.joongna.com/product/219468835
다이슨 청소기,219447427,다이슨 무선 청소기 파워트리거 그린라이트 거치대 포함,100000,3,판매완료,방학제1동,2025-09-14 15:31:53,https://web.joongna.com/product/219447427
다이슨 청소기,219446927,다이슨 V6 무선 청소기 판매,40000,3,판매완료,,2025-09-14 15:23:25,https://web.joongna.com/product/219446927
다이슨 청소기,219360294,다이슨 V6 무선 청소기 풀셋,40000,3,판매완료,광교1동,2025-09-14 13:45:01,https://web.joongna.com/product/219360294
다이슨 청소기,219360252,다이슨 v8 무선 청소기 거치대 포함,100000,3,판매완료,광교1동,2025-09-14 13:45:11,https://web.joongna.com/product/219360252
다이슨 청소기,219425012,다이슨 V11 청소기 220 air watts,300000,3,판매완료,,2025-09-14 09:43:00,https://web.joongna.com/product/219425012
다이슨 청소기,219417310,다이슨 무선청소기 V12 디텍트 (2회사용),440000,3,판매완료,,2025-09-14 01:53:03,https://web.joongna.com/product/219417310
다이슨 청소기,219409469,"청소기 다이슨 V6,v7,v8,v10 배터리 내놓습니다",28000,3,판매완료,,2025-09-13 22:18:42,https://web.joongna.com/product/219409469
다이슨 청소기,219277983,다이슨 v8 무선청소기 팝니다,120000,0,판매중,곡선동,2025-09-13 21:22:41,https://web.joongna.com/product/219277983
다이슨 청소기,219364262,다이슨 무선 청소기 파워트리거 그린라이트 거치대 포함,100000,3,판매완료,방학제1동,2025-09-13 09:34:37,https://web.joongna.com/product/219364262
다이슨 청소기,219350367,다이슨무선청소기 sv10 v8 풀세트 배터리 새제품,150000,3,판매완료,,2025-09-12 22:34:46,https://web.joongna.com/product/219350367
다이슨 청소기,219330388,다이슨 청소기 파워트리거 + 그린라이트 + 거치대 포함,100000,3,판매완료,방학제1동,2025-09-12 16:33:44,https://web.joongna.com/product/219330388
다이슨 청소기,219324934,다이슨 V8 무선청소기 본체,40000,3,판매완료,,2025-09-12 15:04:59,https://web.joongna.com/product/219324934
다이슨 청소기,219301139,다이슨무선청소기 정품 소프트롤러헤드,35000,3,판매완료,,2025-09-12 09:06:53,https://web.joongna.com/product/219301139
다이슨 청소기,219297696,다이슨무선청소기 Submarine 물청소헤드 미사용품 택포,65000,3,판매완료,,2025-09-12 07:45:09,https://web.joongna.com/product/219297696
다이슨 청소기,217462189,다이슨 마이크로 무선청소기(니켈),420000,3,판매완료,용암1동,2025-09-12 00:34:26,https://web.joongna.com/product/217462189
다이슨 청소기,219290856,"청소기 다이슨 V6,v7,v8,v10 배터리 내놓습니다",28000,3,판매완료,,2025-09-11 23:50:49,https://web.joongna.com/product/219290856
다이슨 청소기,219289481,다이슨 V8 슬림 플러피 플러스 무선 청소기,150000,3,판매완료,광교1동,2025-09-11 23:22:02,https://web.joongna.com/product/219289481
다이슨 청소기,219237935,다이슨 청소기V7 팝니다.,60000,3,판매완료,,2025-09-11 09:16:13,https://web.joongna.com/product/219237935
다이슨 청소기,219197111,다이슨무선청소기 Submarine 물청소헤드 미사용품 택포,65000,3,판매완료,,2025-09-10 15:24:25,https://web.joongna.com/product/219197111
다이슨 청소기,219186209,다이슨 청소기V7 팝니다.,60000,3,판매완료,,2025-09-10 12:43:16,https://web.joongna.com/product/219186209
다이슨 청소기,219180442,다이슨청소기 충전기 어댑터 217160-07 v10 v11용 판매(택포 2.5),25000,3,판매완료,,2025-09-10 11:15:18,https://web.joongna.com/product/219180442
다이슨 청소기,219165854,다이슨 무선청소기 v7 본체만 ( 6만원 택배시 6천원 추가 ).,60000,3,판매완료,,2025-09-10 05:54:19,https://web.joongna.com/product/219165854
다이슨 청소기,219164027,.정품 다이슨 V10 무선 청소기 본체와 배터리 판매 합니다,90000,3,판매완료,,2025-09-10 01:22:44,https://web.joongna.com/product/219164027
다이슨 청소기,219163924,다이슨무선청소기 v10.정품스탠드거치대포함,210000,3,판매완료,,2025-09-10 01:16:15,https://web.joongna.com/product/219163924
다이슨 청소기,219152325,다이슨 진공청소기 dc63 헤드 호스,20000,3,판매완료,방화제3동,2025-09-09 21:14:07,https://web.joongna.com/product/219152325
다이슨 청소기,219141749,배터리새상품)다이슨 정품 앱솔루트 무선청소기,145000,3,판매완료,,2025-09-09 18:14:41,https://web.joongna.com/product/219141749
다이슨 청소기,219139276,다이슨 Wash G1 무선청소기,300000,3,판매완료,갈매동,2025-09-09 17:32:17,https://web.joongna.com/product/219139276
다이슨 청소기,219123022,케이락 S1 다이슨청소기 거치대,5000,3,판매완료,대야동,2025-09-09 13:15:24,https://web.joongna.com/product/219123022
다이슨 청소기,218809236,다이슨 무선청소기 MICRO 1.5,230000,3,판매완료,별내동,2025-09-09 08:45:48,https://web.joongna.com/product/218809236
다이슨 청소기,219078904,다이슨 펜슬백 플러피콘 무선청소기 새상품,690000,3,판매완료,,2025-09-08 18:57:01,https://web.joongna.com/product/219078904
다이슨 청소기,219067508,다이슨 무선 청소기,100000,3,판매완료,방학제1동,2025-09-08 15:57:54,https://web.joongna.com/product/219067508
다이슨 청소기,219062049,배터리새상품)다이슨 정품 앱솔루트 무선청소기,145000,3,판매완료,,2025-09-08 14:35:45,https://web.joongna.com/product/219062049
다이슨 청소기,219062040,A급)초경량 초예쁨 다이슨 옴니 글라이드 무선청소기 풀세트,230000,3,판매완료,,2025-09-08 14:35:31,https://web.joongna.com/product/219062040
다이슨 청소기,219060857,다이슨무선청소기 v10.정품스탠드거치대포함,210000,3,판매완료,,2025-09-08 14:19:38,https://web.joongna.com/product/219060857
다이슨 청소기,219049418,(택포)다이슨 V7 진공청소기 배터리(새상품),30000,3,판매완료,반여제1동,2025-09-08 11:31:40,https://web.joongna.com/product/219049418
다이슨 청소기,219031890,다이슨무선청소기 v10 v11 정품배터리,35000,3,판매완료,,2025-09-08 00:39:59,https://web.joongna.com/product/219031890
다이슨 청소기,219018193,다이슨 무선청소기 v6 모터헤드+ 정품 연결봉(완드봉),13000,3,판매완료,,2025-09-07 20:16:00,https://web.joongna.com/product/219018193
다이슨 청소기,219000531,다이슨 V11 청소기팝니다. 모터교체 + 새배터리,250000,3,판매완료,,2025-09-07 15:13:18,https://web.joongna.com/product/219000531
다이슨 청소기,218990354,배터리새상품)다이슨 정품 앱솔루트 무선청소기,145000,3,판매완료,,2025-09-07 12:35:33,https://web.joongna.com/product/218990354
다이슨 청소기,218975528,다이슨무선청소기 정품 소프트롤러헤드,35000,3,판매완료,,2025-09-07 07:50:02,https://web.joongna.com/product/218975528
다이슨 청소기,218975512,다이슨무선청소기 v11풀세트,250000,3,판매완료,,2025-09-07 07:49:25,https://web.joongna.com/product/218975512
다이슨 청소기,218975416,다이슨무선청소기 sv10 v8 풀세트 배터리 새제품,140000,3,판매완료,,2025-09-07 07:44:09,https://web.joongna.com/product/218975416
다이슨 청소기,218974689,다이슨 옴니 글라이드 청소기 팝니다,180000,3,판매완료,,2025-09-07 07:01:02,https://web.joongna.com/product/218974689
다이슨 청소기,218970780,.정품 다이슨 V10 무선 청소기 본체와 배터리 판매 합니다,9999,3,판매완료,,2025-09-07 00:35:02,https://web.joongna.com/product/218970780
다이슨 청소기,218965450,"청소기 다이슨 V6,V7,V8,V10 배터리 내놓습니다",28000,0,판매중,,2025-09-06 22:37:07,https://web.joongna.com/product/218965450
다이슨 청소기,218962708,다이슨 V6 무선 청소기 판매,40000,3,판매완료,,2025-09-06 21:43:29,https://web.joongna.com/product/218962708
다이슨 청소기,218955820,다이슨 무선 청소기,100000,3,판매완료,방학제1동,2025-09-06 19:32:06,https://web.joongna.com/product/218955820
다이슨 청소기,218935150,A급)초경량 초예쁨 다이슨 옴니 글라이드 무선청소기 풀세트,230000,3,판매완료,,2025-09-06 13:25:57,https://web.joongna.com/product/218935150
다이슨 청소기,218935189,A급)초경량 초예쁨 다이슨 옴니 글라이드 무선청소기 풀세트,230000,3,판매완료,,2025-09-06 13:25:57,https://web.joongna.com/product/218935189
다이슨 청소기,218886972,다이슨V8본체/배터리10분사용/다이슨청소기본체,48000,3,판매완료,,2025-09-06 09:50:49,https://web.joongna.com/product/218886972
다이슨 청소기,218911135,배터리새상품)다이슨 정품 앱솔루트 무선청소기,145000,3,판매완료,,2025-09-06 00:19:19,https://web.joongna.com/product/218911135
다이슨 청소기,217469756,다이슨 청소기 거치대,10000,3,판매완료,상암동,2025-09-05 22:58:42,https://web.joongna.com/product/217469756
다이슨 청소기,218900723,A급)초경량 초예쁨 다이슨 옴니 글라이드 무선청소기 풀세트,230000,3,판매완료,,2025-09-05 20:41:14,https://web.joongna.com/product/218900723
다이슨 청소기,218857432,다이슨무선청소기 v11풀세트,250000,3,판매완료,,2025-09-05 08:54:09,https://web.joongna.com/product/218857432
다이슨 청소기,218849966,.정품 다이슨 V10 무선 청소기 본체와 배터리 판매 합니다,9999,3,판매완료,,2025-09-05 00:52:04,https://web.joongna.com/product/218849966
다이슨 청소기,218837491,다이슨무선청소기 v10정품배터리,20000,3,판매완료,,2025-09-04 20:44:24,https://web.joongna.com/product/218837491
다이슨 청소기,218837393,다이슨무선청소기 v11메인모터 작동안되는(부품용),10000,3,판매완료,,2025-09-04 20:42:41,https://web.joongna.com/product/218837393
다이슨 청소기,218831741,A급)초경량 초예쁨 다이슨 옴니 글라이드 무선청소기 풀세트,230000,3,판매완료,,2025-09-04 19:02:15,https://web.joongna.com/product/218831741
다이슨 청소기,218817482,"청소기 다이슨 V6,V7,V8,V10 배터리 내놓습니다",28000,3,판매완료,,2025-09-04 15:04:10,https://web.joongna.com/product/218817482
다이슨 청소기,218802425,다이슨 청소기 v12 팝니다,500000,3,판매완료,,2025-09-04 11:21:14,https://web.joongna.com/product/218802425
다이슨 청소기,218771640,.정품 다이슨 V10 무선 청소기 본체와 배터리 판매 합니다,9999,3,판매완료,,2025-09-03 20:16:47,https://web.joongna.com/product/218771640
다이슨 청소기,218766841,다이슨 디지털 슬림 플러피 플러스 청소기 판매,200000,3,판매완료,,2025-09-03 18:50:52,https://web.joongna.com/product/218766841
다이슨 청소기,218722484,다이슨 펜슬백 플러피 콘 무선청소기,700000,0,판매중,,2025-09-03 04:51:11,https://web.joongna.com/product/218722484
다이슨 청소기,218682719,다이슨무선청소기 v11 메인모터.하우징.싸이클론.먼지통.배터리.헤파필터,12345,3,판매완료,,2025-09-02 14:20:08,https://web.joongna.com/product/218682719
다이슨 청소기,218666007,다이슨 청소 브러쉬 소품 충전기치대 일괄,15000,3,판매완료,고아읍,2025-09-02 10:20:52,https://web.joongna.com/product/218666007
다이슨 청소기,218665497,다이슨 V7 청소기 본체 부품용,20000,3,판매완료,고아읍,2025-09-02 10:13:29,https://web.joongna.com/product/218665497
다이슨 청소기,218656628,다이슨 펜슬백 플러피 콘 무선청소기,700000,3,판매완료,,2025-09-02 06:58:12,https://web.joongna.com/product/218656628
다이슨 청소기,218638359,A급)초경량 초예쁨 다이슨 옴니 글라이드 무선청소기 풀세트,230000,3,판매완료,,2025-09-01 20:10:46,https://web.joongna.com/product/218638359
다이슨 청소기,218555098,다이슨 V8 플러피 Pro 무선 청소기,111111,3,판매완료,평동,2025-09-01 16:25:07,https://web.joongna.com/product/218555098
다이슨 청소기,218594106,"청소기 다이슨 V6,V7,V8,V10 배터리 내놓습니다",28000,3,판매완료,,2025-09-01 08:30:01,https://web.joongna.com/product/218594106
다이슨 청소기,218579737,다이슨 디지털 슬림 플러피 플러스 무선 청소기,220000,3,판매완료,,2025-08-31 21:58:27,https://web.joongna.com/product/218579737
다이슨 청소기,218554424,A급)초경량 초예쁨 다이슨 옴니 글라이드 무선청소기 풀세트,230000,3,판매완료,,2025-08-31 14:46:12,https://web.joongna.com/product/218554424
다이슨 청소기,218535752,"다이슨 v12 청소기 정품 거치대,툴,충전기",90000,3,판매완료,,2025-08-31 09:51:27,https://web.joongna.com/product/218535752
다이슨 청소기,218523661,A급)초경량 초예쁨 다이슨 옴니 글라이드 무선청소기 풀세트,230000,3,판매완료,,2025-08-30 23:41:52,https://web.joongna.com/product/218523661
다이슨 청소기,218485374,다이슨무선청소기 sv10 v8 풀세트.배터리새제품,150000,3,판매완료,,2025-08-30 12:01:35,https://web.joongna.com/product/218485374
다이슨 청소기,218483621,다이슨무선청소기 옴니글라이드 판매,170000,3,판매완료,,2025-08-30 11:35:29,https://web.joongna.com/product/218483621
다이슨 청소기,217994345,다이슨 V6 무선 청소기,100000,0,판매중,,2025-08-29 17:53:18,https://web.joongna.com/product/217994345
다이슨 청소기,218421415,다이슨 로봇청소기 360 비즈 나브,900000,3,판매완료,불당1동,2025-08-29 10:49:47,https://web.joongna.com/product/218421415
다이슨 청소기,218411897,"청소기 다이슨 V6,V7,V8,V10 배터리 내놓습니다",28000,3,판매완료,,2025-08-29 07:52:02,https://web.joongna.com/product/218411897
다이슨 청소기,218407771,정품 다이슨 v7 무선 청소기 본체/ V10 무선 청소기 본체와 배터리 판매 합니다,99999,3,판매완료,,2025-08-29 01:23:58,https://web.joongna.com/product/218407771
다이슨 청소기,218396455,다이슨무선청소기 v8.v10.v11 정품배터리,12345,3,판매완료,,2025-08-28 21:06:47,https://web.joongna.com/product/218396455
다이슨 청소기,218395974,다이슨무선청소기 v8본체,40000,3,판매완료,,2025-08-28 20:58:18,https://web.joongna.com/product/218395974
다이슨 청소기,218378329,다이슨 v10청소기,220000,3,판매완료,,2025-08-28 15:57:59,https://web.joongna.com/product/218378329
다이슨 청소기,218375619,다이슨무선청소기 정품 소프트롤러헤드,35000,3,판매완료,,2025-08-28 15:13:19,https://web.joongna.com/product/218375619
다이슨 청소기,218339862,다이슨 g1 물걸레청소기,480000,3,판매완료,,2025-08-27 23:41:12,https://web.joongna.com/product/218339862
다이슨 청소기,218314064,다이슨무선청소기 v10 v11 고토크모터헤드 거의새제품,39000,3,판매완료,,2025-08-27 16:09:29,https://web.joongna.com/product/218314064
다이슨 청소기,218315517,다이슨 v10 앱솔루트 청소기 (국내 정품),12345,3,판매완료,삼송1동,2025-08-27 16:31:42,https://web.joongna.com/product/218315517
다이슨 청소기,218300442,다이슨 레이저빔 나오는 무선 청소기 판매합니다.,200000,3,판매완료,은행동,2025-08-27 12:50:23,https://web.joongna.com/product/218300442
다이슨 청소기,218187282,[대구] 다이슨 V11 무선 청소기 + 거치대 팝니다.,250000,3,판매완료,유가읍,2025-08-27 10:17:40,https://web.joongna.com/product/218187282
다이슨 청소기,218280997,다이슨 무선청소기 충전기및 도킹스테이션,20000,3,판매완료,,2025-08-27 07:38:32,https://web.joongna.com/product/218280997
