platform,source_file,product_id,search_keyword,model,title,price,rejection_reason,detail_status,product_url,description
elecmart,brezza_formula_products.csv,406558956,브레짜 분유,제품군 공통,브라비 브레비 분유 유아 신생아 출산 육아 브레짜 허밍베베 베이비 라비,65999,검색어 오탐/타제품,200,https://m.bunjang.co.kr/products/406558956,"브라비 분유제조 분유 유아 신생아 출산 육아 브레짜 허밍베베 베이비 라비킷 버들맘마 - 모델명: 02S-GW1707 - 제조년월: 23년 9월 - 버튼 한 번으로 7초 만에 분유 완성! - 스마트폰 앱 연동 가능 - 분유량, 온수량, 농도 조절 가능 - 자동 세척 기능으로 위생적인 관리 새상품급 사진구성 개인입니다 가까운곳은 1.5만원추가시 집 문앞에 놓아드려요 (대신 분실 고장 이상등 책임지지 않습니다) 착불 + 고화질 디테일한 사진 확인부탁드립니다 최우선 직거래 희망하며 판매자 미쳐 발견하지 못한 부분등 어떠한경우라도 중고 거래 특성상 환불 절대 불가능하니 신중한 거래 부탁드립니다. 디지털/가전들은 직접오셔서 꼭 테스팅후 가져가세요 사이즈는 직접오셔서 확인바랍니다 그럼에도 구매자의 요청으로 택배거래 가능하나 파손면책 동의 되어야 배송됩니다 강남구 청담동 직거래가능 소중한 시간 매너거래 부탁드려요"
elecmart,brezza_formula_products.csv,416557820,브레짜 분유,BRZFRP-1A,베이비 브레짜 자동 분유제조기 출수형 분유포트 BRZFRP-1A,220000,검색어 오탐/타제품,not_requested,https://m.bunjang.co.kr/products/416557820,
elecmart,brezza_formula_products.csv,276636169,브레짜 분유,제품군 공통,브레짜 분유포트기 23년5월제조,100000,검색어 오탐/타제품,200,https://m.bunjang.co.kr/products/276636169,브레짜 판매합니다 아기3월말 태어나서 한달정도만 사용했고 사용하면서 주기적으로 세척하며 썼어요 2023년5월제조상품이고 깔때기 총 3개 있습니다 쿨거래시 네고 가능 환불 불가 시티4차 문고리거래
elecmart,brezza_formula_products.csv,379283328,브레짜 분유,FORMULA_PRO,버들맘마 자동분유 제조기,55000,검색어 오탐/타제품,not_requested,https://m.bunjang.co.kr/products/379283328,
elecmart,cuckoo_rice_cooker_products.csv,423295391,쿠쿠 밥솥,제품군 공통,쿡셀 저당밥솥 코랄 2L 미개봉상품,26000,검색어 오탐/타브랜드,200,https://m.bunjang.co.kr/products/423295391,"쿡셀 저당밥솥 코랄 색상 2L 미개봉 새 상품입니다. 건강한 밥을 짓기 위한 저당 기능과 예쁜 코랄 색상으로 주방 어디에나 잘 어울립니다. 구성품 모두 갖춰진 새 상품으로 선물용으로도 좋습니다. 구매 원하시면 바로 안전결제 해주시면 됩니다! 건강한 식습관을 위한 쿡셀 저당밥솥이에요 코랄 색상에 2L 용량으로 예쁘고 실용적이랍니다 박스 구성 그대로 새상품으로 보내드려요 맛있는 밥을 짓고 싶은 분들께 추천드려요 8만원에 구매했는데 아예 사용안해서 새상품이고 구성품 모두 다 있습니다 네고 불가합니다 중간에서 만나면 물건 안사시는분들 잦아서, 직거래는 저희집 밑에서만하는 부분 양해 부탁드립니다"
elecmart,cuckoo_rice_cooker_products.csv,424114522,쿠쿠 밥솥,전기보온밥솥_6인용,미개봉) 쿠첸 6인용 전기밥솥 새제품 팝니다.,244000,검색어 오탐/타브랜드,not_requested,https://m.bunjang.co.kr/products/424114522,
elecmart,cuckoo_rice_cooker_products.csv,206526759,쿠쿠 밥솥,전기보온밥솥_10인용,G1 (고장) 쿠첸 10인용 IH 전기밥솥 (고급형) 밥통,40000,검색어 오탐/타브랜드,not_requested,https://m.bunjang.co.kr/products/206526759,
elecmart,cuckoo_rice_cooker_products.csv,420685707,쿠쿠 밥솥,CRP-R108FS10,쿠쿠 CRP-R108FS10인용 밥솥,500,가격 무효/자리표시,200,https://m.bunjang.co.kr/products/420685707,내솥 코팅 살짝 벗겨져있어요 쿠쿠 1~2인용이나 3~4인용 밥솥이랑 교환하실분 구해요
elecmart,cuckoo_rice_cooker_products.csv,419513167,쿠쿠 밥솥,전기압력밥솥_10인용,쿠첸 듀얼프레셔 10인용 전기압력밥솥 CRS-FWK1040W,155000,검색어 오탐/타브랜드,not_requested,https://m.bunjang.co.kr/products/419513167,
elecmart,cuckoo_rice_cooker_products.csv,417474796,쿠쿠 밥솥,전기압력밥솥_10인용,쿠첸 듀얼프레셔 10인용 전기압력밥솥 새상품 14.9만,149000,검색어 오탐/타브랜드,not_requested,https://m.bunjang.co.kr/products/417474796,
elecmart,cuckoo_rice_cooker_products.csv,417474285,쿠쿠 밥솥,전기압력밥솥_6인용,쿠첸 더 뉴핏 듀얼프레셔 전기 압력밥솥 6인용 새상품 14.9만,149000,검색어 오탐/타브랜드,not_requested,https://m.bunjang.co.kr/products/417474285,
elecmart,cuckoo_rice_cooker_products.csv,263690050,쿠쿠 밥솥,제품군 공통,최고급 명품 경량 핸디 쿠쿠 6인용. 내솥 무상처 깨끗,30000,액세서리/소모품 단품,200,https://m.bunjang.co.kr/products/263690050,최고급 명품 경량 핸디 쿠쿠 6인용. 내솥 무상처 깨끗. 대전권 무료배달됩니다. 환불불가.
elecmart,cuckoo_rice_cooker_products.csv,403966821,쿠쿠 밥솥,모델 미상,블루 멀티 전기 라면 포트 미니 냄비 쌀 쿠커 cooker ramen,10000,검색어 오탐/타브랜드,200,https://m.bunjang.co.kr/products/403966821,"전기 라면 포트, 미니 냄비, 쌀 쿠커 기능이 있는 블루 색상 제품입니다. 크기가 작아서 캠핑이나 여행갈 때 휴대하기 좋을 것 같아요. 간단한 취사를 하기에 안성맞춤입니다. 문의 없으시면 바로 안전결제해주시면 됩니다! 한두번 사용했습니다 rice and noodle multi cooker non refundable"
elecmart,cuckoo_rice_cooker_products.csv,144234183,쿠쿠 밥솥,제품군 공통,"밥솥덮개, 밥솥깔개, 밥통덮개, 밥솥커버 제작",26000,검색어 오탐/타브랜드,200,https://m.bunjang.co.kr/products/144234183,"ㅡㅡㅡㅡㅡㅡㅡㅡㅡㅡㅡㅡㅡㅡㅡㅡㅡ 주문후 제작, 판매하는 물품들이니 구매 원하시면 톡 주세요 개인결제창을 열어드리겠습니다 ㅡㅡㅡㅡㅡㅡㅡㅡㅡㅡㅡㅡㅡㅡㅡㅡㅡ 구매자께서 프릴이 *넓은 밥솥덮개와 밥솥깔개 제작을 원하셔서 만든 물품입니다 ◼ 6인용 밥솥덮개 (넓은 프릴) - 26,000원 가로 47cm, 세로 57cm 10인용 밥솥덮개 (넓은 프릴) - 26,000원 가로 51cm, 세로 61cm 밥통깔개 - 20,000원 가로 33cm, 세로41cm 밥솥덮개 + 밥솥깔개 - 43,000원 겉감 - 30수면 100% 원단, 30수 워싱면 안감 - 30수 워싱면, T/C 누빔원단 ➡ 상점에 다른 물품 원단으로도 제작 가능하니 톡으로 문의해주세요 ▶ 택배 [ CJ 대한통운 ] 주문 확인후 제작, 3~10일 제작기간이 소요되니 참고해주세요 사용자의 모니터와 해상도에 따라 색상이 달라 보일수 있으니 참고해주시고 모든 물품은 주문 확인후 사이즈에 따라 제작이 되므로 교환, 환불이 불가합니다"
elecmart,cuckoo_rice_cooker_products.csv,397471397,쿠쿠 밥솥,IH압력밥솥_10인용,쿠첸 IH 압력밥솥 10인용,65000,검색어 오탐/타브랜드,not_requested,https://m.bunjang.co.kr/products/397471397,
elecmart,cuckoo_rice_cooker_products.csv,146405305,쿠쿠 밥솥,제품군 공통,"영국장미 원단으로 만든 밥솥덮개, 밥솥깔개",27000,검색어 오탐/타브랜드,200,https://m.bunjang.co.kr/products/146405305,"ㅡㅡㅡㅡㅡㅡㅡㅡㅡㅡㅡㅡㅡㅡㅡㅡㅡ 주문후 제작, 판매하는 물품들이니 구매 원하시면 톡 주세요 개인결제창을 열어드리겠습니다 ㅡㅡㅡㅡㅡㅡㅡㅡㅡㅡㅡㅡㅡㅡㅡㅡㅡ 오랫동안 사랑 받아온 영국장미 원단으로 만든 #밥솥덮개 #밥솥깔개 입니다 ◼ 6인용 밥솥덮개 (넓은 프릴) - 27,000원 가로 47cm, 세로 57cm 10인용 밥솥덮개 (넓은 프릴) - 27,000원 가로 51cm, 세로 61cm 밥솥깔개 (민무늬) - 20,000원 (영국장미 무늬 넣어 제작) - 21,000원 가로 33cm, 세로41cm 밥솥덮개 + 밥솥깔개 - 44,000원 ~ 45,000원 겉감 - 30수면 100% 원단, 30수 선염워싱면 안감 - 30수 선염워싱면, T/C 누빔원단 ⬆ 영국장미 원단은 표백이 되지 않은, 목화씨가 그대로 보이는 내츄럴한 원단입니다~ 사진 참고해주세요^^ ➡ 상점에 다른 물품 원단으로도 제작 가능하니 톡으로 문의해주세요 ▶ 택배 [ CJ 대한통운 ] 주문 확인후 제작, 3~10일 제작기간이 소요되니 참고해주세요 🎀 구매시 참고사항 🎀 1. 다른 물품의 원단으로도 제작 가능하니 톡으로 문의해주시고 원단 잘라짐에 따라 물품들의 무늬가 조금씩 다르게 제작이 될수 있으니 참고해주세요 2. 모든 제품들은 구매자의 모니터와 해상도에 따라 색상이 달라 보일수 있음을 참고해주시고 주문 확인후 사이즈에 따라 제작이 되므로 교환, 환불이 불가하니 신중히 선택하셔서 주문해주세요"
elecmart,cuckoo_rice_cooker_products.csv,392071544,쿠쿠 밥솥,제품군 공통,쿠쿠IH6인용 밥솥 빈 박스 구매,15000,빈 포장,200,https://m.bunjang.co.kr/products/392071544,쿠쿠 밥솥 빈 박스구매중
elecmart,cuckoo_rice_cooker_products.csv,380856880,쿠쿠 밥솥,제품군 공통,쿠쿠 올 스테인리스 내솥,82000,액세서리/소모품 단품,200,https://m.bunjang.co.kr/products/380856880,제품명: 올 스테인리스 와이드 앤 플랫 무코팅 내솥 연마제 제거만 한번 한 새상품입니다. 밥해먹은적이없어요. 택배박스째로 보관중입니다. 번톡 먼저 부탁드립니다.
elecmart,cuckoo_rice_cooker_products.csv,362586763,쿠쿠 밥솥,제품군 공통,"[대구] 쿠쿠밥솥, 창틀걸이형 식기건조대 일괄",15000,부품/고장품,200,https://m.bunjang.co.kr/products/362586763,쿠쿠밥솥 내솥바깥 스텐있고 led 있는 고급모델입니다 구입당시 40만원정도 줬어요 패킹교체해야합니다 사용감많고 빨리처분해야해서 가격책정합니다 작동은 잘됩니다 부품용으로 사용하실분이 편하게 가져가셨음 해요 창틀에 거는 식기건조대도 닦으면 깨끗하게 쓰실수있어요 같이 일괄로 드려요 택배 포장이 어려울듯해서 직거래 우선이요
elecmart,cuckoo_rice_cooker_products.csv,415751539,쿠쿠 밥솥,CRP-AHXB1060FB,쿠쿠 10인용 IH압력밥솥 CRP-AHXB1060FB 정상작동 부품용,30000,부품/고장품,not_requested,https://m.bunjang.co.kr/products/415751539,
elecmart,cuckoo_rice_cooker_products.csv,368948614,쿠쿠 밥솥,전기보온밥솥,업소용 대용량 전기 밥솥(35인)주방용품,35000,검색어 오탐/타브랜드,not_requested,https://m.bunjang.co.kr/products/368948614,
elecmart,cuckoo_rice_cooker_products.csv,255482472,쿠쿠 밥솥,전기압력밥솥,쿠첸압력밥솥,15000,검색어 오탐/타브랜드,not_requested,https://m.bunjang.co.kr/products/255482472,
elecmart,dyson_vacuum_products.csv,414738449,다이슨 청소기,V7,"부품용 다이슨 V7, V8 무선 청소기 싸이클론과 먼지통 - 하자있슴.",15000,부품/고장품,not_requested,https://m.bunjang.co.kr/products/414738449,
elecmart,dyson_vacuum_products.csv,410539909,다이슨 청소기,CYCLONE,차이슨 BLDC 무선 스틱 청소기 싸게 팝니다 미개봉 새상품!,78000,검색어 오탐/타제품,200,https://m.bunjang.co.kr/products/410539909,"❤️‍🔥대량 구매도 가능합니다❤️‍🔥 무선 BLDC 청소기 가성비 좋은 제품!!!! 마진 안보고 손해보고 팝니다 한정수량이고요 BLDC 싸이클론 모터 저소음 22,000pa 흡입력 최대 45분 사용 가능하고요 초경량 제품입니다 2,500mAh 리튬이온배터리 강력한 흡입 🙏싸게 팔아서 문의&판매 증가로 조기 품절 예상 됩니다🙏 👍택배비는 무료입니다👍"
elecmart,dyson_vacuum_products.csv,410539717,다이슨 청소기,CYCLONE,차이슨 무선 핸디 스틱 저소음 BLDC 진공 청소기 새상품 미개봉 프리미,78000,검색어 오탐/타제품,200,https://m.bunjang.co.kr/products/410539717,"❤️‍🔥대량 구매도 가능합니다❤️‍🔥 무선 BLDC 청소기 가성비 좋은 제품!!!! 마진 안보고 손해보고 팝니다 한정수량이고요 BLDC 싸이클론 모터 저소음 22,000pa 흡입력 최대 45분 사용 가능하고요 초경량 제품입니다 2,500mAh 리튬이온배터리 강력한 흡입 🙏싸게 팔아서 문의&판매 증가로 조기 품절 예상 됩니다🙏 👍택배비는 무료입니다👍"
elecmart,dyson_vacuum_products.csv,414571601,다이슨 청소기,V7,"부품용 다이슨 V7, V8 무선 청소기 싸이클론과 먼지통 - 하자있슴.",15000,부품/고장품,not_requested,https://m.bunjang.co.kr/products/414571601,
elecmart,dyson_vacuum_products.csv,425445416,다이슨 청소기,V8,다이슨 청소기 v8 부품용,25000,부품/고장품,not_requested,https://m.bunjang.co.kr/products/425445416,
elecmart,dyson_vacuum_products.csv,425443980,다이슨 청소기,V6,다이슨 무선 청소기 v6 부품용,13000,부품/고장품,not_requested,https://m.bunjang.co.kr/products/425443980,
elecmart,dyson_vacuum_products.csv,412160197,다이슨 청소기,CYCLONE,고급 BLDC 무선 스틱 핸디 진공 청소기 팝니다 미개봉 새상품 최저가,78000,검색어 오탐/타브랜드,200,https://m.bunjang.co.kr/products/412160197,"무선 BLDC 청소기 가성비 좋은 제품!!!! 마진 안보고 손해보고 팝니다 한정수량이고요 BLDC 싸이클론 모터 저소음 22,000pa 흡입력 최대 45분 사용 가능하고요 초경량 제품입니다 2,500mAh 리튬이온배터리 강력한 흡입 🙏싸게 팔아서 문의&판매 증가로 조기 품절 예상 됩니다🙏 👍택배비는 무료입니다👍 ❤️‍🔥대량 구매도 가능합니다❤️‍🔥"
elecmart,dyson_vacuum_products.csv,412450876,다이슨 청소기,V8,부품용 다이슨 무선 청소기 V8(10분 연속동작)-개별판매,45321,부품/고장품,not_requested,https://m.bunjang.co.kr/products/412450876,
elecmart,dyson_vacuum_products.csv,271361720,다이슨 청소기,제품군 공통,신형 오토모 bldc 블랙스완 무선청소기 SW1X 싸게 판매합니다,175000,검색어 오탐/타브랜드,200,https://m.bunjang.co.kr/products/271361720,오토모 bldc 블랙스완 무선청소기 SW1X 싸게 판매합니다 가볍고 손목에 무리가 없어 편리합니다 bldc모터라 조용하고 흡입력이 강력합니다 프로상점 에스에스글로벌
elecmart,dyson_vacuum_products.csv,425611752,다이슨 청소기,제품군 공통,다이슨청소기(본체),30000,불완전상품,200,https://m.bunjang.co.kr/products/425611752,다이슨 청소기 본체 판매합니다. 사진 그대로 먼지통과 본체 구성입니다. 작동 잘 되고 상태 좋습니다. 충전기 없고 본체만. 작동잘됩니다.
elecmart,dyson_vacuum_products.csv,425605569,다이슨 청소기,제품군 공통,다이슨 무선 진공청소기 흡입력 좋아요 배터리 수명이 다대여서 배터리 교체서 사용 하실분은 연락주세요 브레시 해드 어덥터 충전기는 딱 1회사용한 새거여요,60000,거래 목적 불일치,400,https://m.bunjang.co.kr/products/425605569,
elecmart,dyson_vacuum_products.csv,231289020,다이슨 청소기,제품군 공통,흡입력 최강 무선청소기,135000,검색어 오탐/타브랜드,400,https://m.bunjang.co.kr/products/231289020,
elecmart,dyson_vacuum_products.csv,139270926,다이슨 청소기,V6,다이슨 V6 미니모터헤드 툴  (슬림.헤파.모터헤드용),18000,액세서리/소모품 단품,not_requested,https://m.bunjang.co.kr/products/139270926,
elecmart,dyson_vacuum_products.csv,398674662,다이슨 청소기,V7,다이슨 청소기 V7 V8 V10 헤드 브러쉬 부품용,48000,부품/고장품,not_requested,https://m.bunjang.co.kr/products/398674662,
elecmart,dyson_vacuum_products.csv,412268555,다이슨 청소기,V8,부품용 다이슨 무선 청소기 V8(10분 연속동작) - 개별판매 가능,45321,부품/고장품,not_requested,https://m.bunjang.co.kr/products/412268555,
elecmart,dyson_vacuum_products.csv,425311953,다이슨 청소기,제품군 공통,"차이슨 ,다이슨 무선청소기 일괄2대 부품용",39000,부품/고장품,200,https://m.bunjang.co.kr/products/425311953,"방전인지 정상작동불가 작동이점점 짧아집니다. 부품용입니다. 모든 판매물품은 미쳐 발견하지 못한 오염,구김,스크래치등 있을수 있어요. 모든것을 감안하여 가격을 정해 판매합니다. 구싱은 사진에 보이는것이 전부입니다 중고특성반품XXX 에어캡 등 꼼꼼하게 포장0 모든택배사 파손면책동의(배송과정중 파손이나 충격등으로 파손이나 기능에 문제가생겨도 택배사는 책임이없다는 동의필수)모든 판매물품은 미쳐 발견하지 못한 오염,구김,스크래치등 있을수 있어요. 모든것을 감안하여 가격을 정해 판매합니다. 구성은 사진에 보이는것이 전부입니다. 중고특성반품XXX 에어캡 등 꼼꼼하게 포장0 모든택배사 파손면책동의(배송과정중 파손이나 충격등으로 파손이나 기능에 문제가생겨도 택배사는 책임이없다는 동의필수)"
elecmart,dyson_vacuum_products.csv,362491882,다이슨 청소기,DC62,다이슨 청소기  DC62 부품용 (배송료 포함),28000,부품/고장품,not_requested,https://m.bunjang.co.kr/products/362491882,
elecmart,dyson_vacuum_products.csv,347441667,다이슨 청소기,제품군 공통,삽니다 다이슨 에어랩 id 슈퍼소닉 청소기 출장 구매 매입 덤핑,1200000,거래 목적 불일치,200,https://m.bunjang.co.kr/products/347441667,안녕하세요~😆 금액협의 후 최고가 가능합니다. 빠른 문의 됩니다 대량환영 덤핑 문의주세요. 다이슨 에어랩.스타일러. 에어랩id 청소기 슈퍼소닉. 헤어 드라이기 삽니다. 미개봉 위주로 삽니다 대량 문의 주세요!! 그외 로봇청소기. 스타일러. 에어드에서. 공기청 정기. 뇌새김. 퓨리케어. 비스포크. 듀얼소 닉. 하만카돈. 파우제m2. 코드제로. 년식 알고계시면.구성품 하자 말씀주시면 감가없습니다. 직거래출장. 안전거래 가능
elecmart,dyson_vacuum_products.csv,401679360,다이슨 청소기,V6,다이슨 V6 무선청소기 본체만,28000,불완전상품,not_requested,https://m.bunjang.co.kr/products/401679360,
elecmart,dyson_vacuum_products.csv,400214770,다이슨 청소기,V7,다이슨 청소기 헤드 롤러 브러쉬 V7 V8 V10 V11 호환 부품용,52000,부품/고장품,not_requested,https://m.bunjang.co.kr/products/400214770,
elecmart,dyson_vacuum_products.csv,224459297,다이슨 청소기,V12,다이슨 모든 제품 미개봉 구매합니다. 공기청정기 청소기 조명 등등,1000,가격 무효/자리표시,200,https://m.bunjang.co.kr/products/224459297,"다이슨 공기청정기 청소기 구매합니다 다이슨 V12 / V12S/ v15 / V15s젠 / 5 /PH04(PH-04) TP-09(TP09) / PH2 (휴미디파이 쿨) / BP04 , BP03(빅+콰이엇 포름알데히드 ) 다이슨 V15 디텍트 컴플리트 / V15 오리진 플러피 다이슨 젠5 디텍트 컴플리트 다이슨 PH04 휴미디파이+쿨 포름알데히드 공기청정기 싸이클론 V10 마이크로 핫앤쿨 제트 포커스 AM09 (AM-09) 클린앤워시 하이진 V8 허쉬젯 컴팩트 공기청정기 V16 피스톤 애니멀 DS60 펜슬백 플러피 AM-07 (AM07) 에어멀티플라이어 그외 에어랩 / 드라이기 / 고데기 / 슈퍼소닉 / 에어스트레이트 스트레이트러 HD-08(HD08) / / HD-15 / 다이슨 조명 펜슬백 플러피콘 다이슨 솔라 사이클 모프 데스크 / LED 솔라사이클 모프 플로어스탠드 미개봉 상품만 구매가능합니다. 단가는 별도 연락주세요 대량 구매가능합니다."
elecmart,dyson_vacuum_products.csv,381614800,다이슨 청소기,제품군 공통,아토케어 침대  침구 소파 청소기,24500,검색어 오탐/타브랜드,200,https://m.bunjang.co.kr/products/381614800,"아토케어 침구 소파 알러지 청소기 🌀 강력한 흡입 & 회전 브러시 실리콘 회전 브러시: 침구를 두드리고 쓸어내리며 먼지 제거 분당 4,000번 고속 회전: 집먼지, 머리카락, 애완동물 털까지 깔끔하게 청소 듀얼 먼지통: 큰 먼지 → 작은 먼지 2단계 필터링 ​ 💧 간편한 관리 & 위생적인 청소 자석 탈착 먼지통: 원터치 분리로 간편 세척 물세척 가능: 위생적인 유지 관리 반영구 UV-C LED: 교체 부담 없이 오래 사용 가능 ​"
elecmart,dyson_vacuum_products.csv,420033660,다이슨 청소기,V7,다이슨 무선 청소기 헤드 브러쉬 V7 V8 V10 부품용,48000,부품/고장품,not_requested,https://m.bunjang.co.kr/products/420033660,
elecmart,dyson_vacuum_products.csv,423480108,다이슨 청소기,V11,다이슨 무선 청소기 V11 본체만,160000,불완전상품,not_requested,https://m.bunjang.co.kr/products/423480108,
elecmart,dyson_vacuum_products.csv,324407702,다이슨 청소기,제품군 공통,한경희 전기 바닥 스팀 청소기,30000,검색어 오탐/타브랜드,200,https://m.bunjang.co.kr/products/324407702,택배비 만원 정도 나옵니다 바닥에 까는거 없어요
elecmart,dyson_vacuum_products.csv,423831968,다이슨 청소기,V10,다이슨 V10 무선청소기  본체만 부품용판매합니다,80000,부품/고장품,not_requested,https://m.bunjang.co.kr/products/423831968,
elecmart,dyson_vacuum_products.csv,404782289,다이슨 청소기,DC74,dyson DC74 무선청소기 본체와 배터리 부품용 배터리 짱짱,50000,부품/고장품,not_requested,https://m.bunjang.co.kr/products/404782289,
elecmart,dyson_vacuum_products.csv,404778490,다이슨 청소기,DC62,dyson DC62 무선청소기 본체와 배터리 부품용 배터리 짱짱,50000,부품/고장품,not_requested,https://m.bunjang.co.kr/products/404778490,
elecmart,dyson_vacuum_products.csv,423618318,다이슨 청소기,제품군 공통,삼성 로봇청소기 비스포크 제트봇,220000,검색어 오탐/타브랜드,200,https://m.bunjang.co.kr/products/423618318,삼성 로봇청소기 화이트 색상입니다. 사진에 보이는 것처럼 상태 깨끗하고 좋습니다. 구성품은 본체와 충전기 포함입니다.
elecmart,dyson_vacuum_products.csv,343173121,다이슨 청소기,제품군 공통,기펠 듀얼글라이드 360 무선청소기,165000,검색어 오탐/타브랜드,200,https://m.bunjang.co.kr/products/343173121,기펠무선청소기 68만원 듀얼글라이드 360도회전 청소기 새상품입니다 박스미개봉
elecmart,dyson_vacuum_products.csv,410538048,다이슨 청소기,CYCLONE,미개봉 새상품 흡입력 최강 무선 진공 청소기 핸디스틱 팝니다 1+1,149000,검색어 오탐/타브랜드,200,https://m.bunjang.co.kr/products/410538048,"❤️‍🔥대량 구매도 가능합니다❤️‍🔥 무선 BLDC 청소기 가성비 좋은 제품!!!! 마진 안보고 손해보고 팝니다 한정수량이고요 BLDC 싸이클론 모터 저소음 22,000pa 흡입력 최대 45분 사용 가능하고요 초경량 제품입니다 2,500mAh 리튬이온배터리 강력한 흡입 🙏싸게 팔아서 문의&판매 증가로 조기 품절 예상 됩니다🙏 👍택배비는 무료입니다👍"
elecmart,dyson_vacuum_products.csv,404883252,다이슨 청소기,CYCLONE,고급 무선 진공 핸디 스틱 청소기 BLDC 흡입력좋은 새상품미개봉 팝니다,78000,검색어 오탐/타브랜드,200,https://m.bunjang.co.kr/products/404883252,"프리미엄 저소음 모터 BLDC 싸이클론 청소기 22,000Pa 강력한 흡입력 3중 필터 최대 45분 사용합니다 (1단 시) 삼성 2,500mAh 리튬이온 배터리 초경량으로 손목에 무리 없는 가벼운 무게 핸디,스틱 2in1 구성 3개 브러쉬로 구석구석 깔끔한 청소 가능 +벽걸이 거치대"
elecmart,dyson_vacuum_products.csv,388172424,다이슨 청소기,V8,(부품용) 다이슨 V8 청소기 배터리,15000,부품/고장품,not_requested,https://m.bunjang.co.kr/products/388172424,
elecmart,dyson_vacuum_products.csv,190494428,다이슨 청소기,제품군 공통,집먼지 진드기 청소기,20000,검색어 오탐/타브랜드,200,https://m.bunjang.co.kr/products/190494428,"1회사용후 게으름으로 보관만 함. 모든청소기에 끼워서 사용가능하다고함. 필터 물로 씻어도 된다하고, 여분필터 새거도 있음. 이불이 달라붙지 않는다고함. 우체국택비 4000원.반값택배 안해요. 초과분은 당연히 제가 냅니다^^; 한번써서..질문해도 저도 잘몰라요 ㅋ 반품.환불.불가합니다"
elecmart,dyson_vacuum_products.csv,405995135,다이슨 청소기,제품군 공통,다이슨 무선청소기 부품용 여러개 일괄,50000,부품/고장품,200,https://m.bunjang.co.kr/products/405995135,"다이슨 무선 청소기 헤드 및 연장봉 등 부품 일괄 판매합니다. 사진에 있는 부품 전부 다 드립니다. 사용감은 있지만, 사용하는데 전혀 문제 없습니다. 문의 없으시면 바로 안전결제해주시면 됩니다! 환불 반품 안됩니다 밧데리상태 잘 몰라요"
elecmart,dyson_vacuum_products.csv,313543817,다이슨 청소기,V7,다이슨 v7/v8용 청소기 전용 흡입스테이션,261000,검색어 오탐/타제품,200,https://m.bunjang.co.kr/products/313543817,큰 맘먹고 구매했는데 알고보니 모델이 달라서 설치 당시 한번만 가동해보고(설치 후 알게 되었어요 ㅠㅠ) 박스채 놔뒀습니다. 다이슨 청소기 v7/v8 모델에 사용가능하고 설치된 먼지봉투외에 새 봉투 하나 더 들어가있습니다. 청소기 먼지통 비울때 흡입기 설치해 끼우기만 하면 먼지가 싹 흡입됩니다. 이사 정리로 싸게 내놓습니다. 벽설치 실리콘 스티커도 손자국이 났지만 뒤 아래 모두 들어있어서 드라이기로 녹여서 붙이면 정상화 됩니다. 구매 결정 이후 반품 불가이고 직거래시 신설동 9번출구 가능합니다.
elecmart,dyson_vacuum_products.csv,410540689,다이슨 청소기,CYCLONE,실물 깡패 인테리어 해치지 않는 고급스러운 무선 청소기 미개봉 새상품,78000,검색어 오탐/타브랜드,200,https://m.bunjang.co.kr/products/410540689,"❤️‍🔥대량 구매도 가능합니다❤️‍🔥 무선 BLDC 청소기 가성비 좋은 제품!!!! 마진 안보고 손해보고 팝니다 한정수량이고요 BLDC 싸이클론 모터 저소음 22,000pa 흡입력 최대 45분 사용 가능하고요 초경량 제품입니다 2,500mAh 리튬이온배터리 강력한 흡입 🙏싸게 팔아서 문의&판매 증가로 조기 품절 예상 됩니다🙏 👍택배비는 무료입니다👍"
elecmart,dyson_vacuum_products.csv,410538714,다이슨 청소기,CYCLONE,자취방 강추 강력한 흡입력 무선 핸디스틱 청소기 새상품 미개봉 팔아요,78000,검색어 오탐/타브랜드,200,https://m.bunjang.co.kr/products/410538714,"❤️‍🔥대량 구매도 가능합니다❤️‍🔥 무선 BLDC 청소기 가성비 좋은 제품!!!! 마진 안보고 손해보고 팝니다 한정수량이고요 BLDC 싸이클론 모터 저소음 22,000pa 흡입력 최대 45분 사용 가능하고요 초경량 제품입니다 2,500mAh 리튬이온배터리 강력한 흡입 🙏싸게 팔아서 문의&판매 증가로 조기 품절 예상 됩니다🙏 👍택배비는 무료입니다👍"
elecmart,dyson_vacuum_products.csv,404883285,다이슨 청소기,CYCLONE,미개봉 항공모터 BLDC 무선 진공 청소기 흡입력좋은 새상품 팝니다,78000,검색어 오탐/타브랜드,200,https://m.bunjang.co.kr/products/404883285,"❤️‍🔥대량 구매도 가능합니다❤️‍🔥 미개봉 르젠 무선 청소기 판매합니다. 원룸에서 쓰기 좋은 가벼운 무게와 BLDC 모터가 장착된 진공 청소기입니다. 흡입력도 좋고, 보관도 용이해서 추천드려요! 문의 없으시면 바로 안전결제해주시면 됩니다! 무선 BLDC 청소기 가성비 좋은 제품!!!! 마진 안보고 손해보고 팝니다 한정수량이고요 BLDC 싸이클론 모터 저소음 22,000pa 흡입력 최대 45분 사용 가능하고요 초경량 제품입니다 2,500mAh 리튬이온배터리 강력한 흡입 🙏싸게 팔아서 문의&판매 증가로 조기 품절 예상 됩니다🙏 👍택배비는 무료입니다👍"
elecmart,dyson_vacuum_products.csv,410537855,다이슨 청소기,CYCLONE,미개봉 새상품 디자인 예쁜 무선 청소기 싸게 내놓습니다 선물 추천 1+1,149000,검색어 오탐/타브랜드,200,https://m.bunjang.co.kr/products/410537855,"❤️‍🔥대량 구매도 가능합니다❤️‍🔥 무선 BLDC 청소기 가성비 좋은 제품!!!! 마진 안보고 손해보고 팝니다 한정수량이고요 BLDC 싸이클론 모터 저소음 22,000pa 흡입력 최대 45분 사용 가능하고요 초경량 제품입니다 2,500mAh 리튬이온배터리 강력한 흡입 🙏싸게 팔아서 문의&판매 증가로 조기 품절 예상 됩니다🙏 👍택배비는 무료입니다👍"
elecmart,dyson_vacuum_products.csv,416261690,다이슨 청소기,V16,렌탈 다이슨 피스톤 애니멀 서브마린 V16 무선청소기,2091600,거래 목적 불일치,200,https://m.bunjang.co.kr/products/416261690,"안녕하세요. 가전렌탈 전문 렌탈타운입니다. 렌탈타운 찾아주시면 상담 및 진행이 가능합니다. 초기비용 없이 제품 먼저 받고 다음달부터 렌탈료만 내고 사용하시면 됩니다. 약정기간 끝나면 고객님 소유입니다. 3년약정 58,100원 4년약정 46,900원 5년약정 40,400원 제휴카드 할인 최대 25,000원 A/S 기간 2년 무상 A/S (단, 고객과실 제외) 배송안내 제주도, 도서산간 추가 배송비 5천원 반품안내 미개봉 반품비 3만원 가입가능연령 연 나이 25세 ~ 70세"
elecmart,dyson_vacuum_products.csv,416261193,다이슨 청소기,PENCILVAC,렌탈 다이슨 펜슬백 플러피 콘 무선청소기,1274400,거래 목적 불일치,200,https://m.bunjang.co.kr/products/416261193,"안녕하세요. 가전렌탈 전문 렌탈타운입니다. 렌탈타운 찾아주시면 상담 및 진행이 가능합니다. 초기비용 없이 제품 먼저 받고 다음달부터 렌탈료만 내고 사용하시면 됩니다. 약정기간 끝나면 고객님 소유입니다. 3년약정 35,300원 4년약정 28,500원 5년약정 24,600원 제휴카드 할인 최대 25,000원 A/S 기간 2년 무상 A/S (단, 고객과실 제외) 배송안내 제주도, 도서산간 추가 배송비 5천원 반품안내 미개봉 반품비 3만원 가입가능연령 연 나이 25세 ~ 70세"
elecmart,dyson_vacuum_products.csv,416259521,다이슨 청소기,제품군 공통,렌탈 다이슨 클린앤워시 하이진 무선 물걸레 청소기,982800,거래 목적 불일치,200,https://m.bunjang.co.kr/products/416259521,"안녕하세요. 가전렌탈 전문 렌탈타운입니다. 렌탈타운 찾아주시면 상담 및 진행이 가능합니다. 초기비용 없이 제품 먼저 받고 다음달부터 렌탈료만 내고 사용하시면 됩니다. 약정기간 끝나면 고객님 소유입니다. 3년약정 27,300원 4년약정 22,000원 5년약정 19,000원 제휴카드 할인 최대 25,000원 A/S 기간 2년 무상 A/S (단, 고객과실 제외) 배송안내 제주도, 도서산간 추가 배송비 5천원 반품안내 미개봉 반품비 3만원 가입가능연령 연 나이 25세 ~ 70세"
elecmart,dyson_vacuum_products.csv,416257738,다이슨 청소기,V8,렌탈 다이슨 싸이클론 V8 무선청소기,784800,거래 목적 불일치,200,https://m.bunjang.co.kr/products/416257738,"안녕하세요. 가전렌탈 전문 렌탈타운입니다. 렌탈타운 찾아주시면 상담 및 진행이 가능합니다. 초기비용 없이 제품 먼저 받고 다음달부터 렌탈료만 내고 사용하시면 됩니다. 약정기간 끝나면 고객님 소유입니다. 3년약정 21,800원 4년약정 17,600원 5년약정 15,200원 제휴카드 할인 최대 25,000원 A/S 기간 2년 무상 A/S (단, 고객과실 제외) 배송안내 제주도, 도서산간 추가 배송비 5천원 반품안내 미개봉 반품비 3만원 가입가능연령 연 나이 25세 ~ 70세"
elecmart,dyson_vacuum_products.csv,415867494,다이슨 청소기,V6,(DYSON) 다이슨 무선 청소기 배터리,10000,부품/고장품,200,https://m.bunjang.co.kr/products/415867494,방전된 다이슨 배터리 입니다 V6 (SV09) / V8 (SV10) / V10 (호환) 입니다 제품 구성품 및 상태는 사진과 같고 파손 없습니다 부품용 / 수리용으로만 꼭 구매하세요 중고가전제품 특성상 직접 제품 확인후 꼭 구매하세요 일괄판매 이며 가격흥정은 하지 않습니다 중고이며 확인후에 구매했으므로 기타이유/사용감/고장/판매글미숙지등등 구매후 교환이나 환불은 불가입니다
elecmart,dyson_vacuum_products.csv,355449902,다이슨 청소기,V6,다이슨 V6 청소기 배터리 정품 부품용,20000,부품/고장품,not_requested,https://m.bunjang.co.kr/products/355449902,
elecmart,dyson_vacuum_products.csv,401535593,다이슨 청소기,DC62,다이슨 무선청소기 DC62 부품용,56000,부품/고장품,not_requested,https://m.bunjang.co.kr/products/401535593,
elecmart,dyson_vacuum_products.csv,411721506,다이슨 청소기,V6,다이슨 V6 무선청소기 본체만,30000,불완전상품,not_requested,https://m.bunjang.co.kr/products/411721506,
elecmart,dyson_vacuum_products.csv,411535690,다이슨 청소기,제품군 공통,다이슨 무선 청소기 브러쉬들 4개 일괄,59000,부품/고장품,200,https://m.bunjang.co.kr/products/411535690,4개 일괄 가격입니다 실물 모두 정상작동입니다 세척 안된 것들도 있습니다 * 마지막사진 보시면 소프트 브러쉬 중 1개가 파란 노즐 파손있습니다 저렴하게 판매하오니 사진 잘 보시고 부품용으로 구입하시면 좋겠습니다
elecmart,dyson_vacuum_products.csv,382275394,다이슨 청소기,제품군 공통,미니어처 다이슨 청소기,82000,장난감/모형,200,https://m.bunjang.co.kr/products/382275394,중국 작가님 제품인데 단종된 제품이예요.제가 산 청소기중에서 디테일이 제일 좋습니다.육일돌 사이즈에 좋아요.30cm사이즈 인형까지도 사용하기 좋고 피규어도 괜찮을것 같아요.제품 이뻐요
elecmart,dyson_vacuum_products.csv,402641537,다이슨 청소기,V8,다이슨청소기 V8 본체  부품용으로 판매합니다,35000,부품/고장품,not_requested,https://m.bunjang.co.kr/products/402641537,
elecmart,dyson_vacuum_products.csv,386044357,다이슨 청소기,DC74,다이슨 무선청소기 DC74 부품용,65000,부품/고장품,not_requested,https://m.bunjang.co.kr/products/386044357,
elecmart,dyson_vacuum_products.csv,399970362,다이슨 청소기,제품군 공통,샤크(Shark) 클린센스 IQ+ 무선청소기 IW3241KR,389000,검색어 오탐/타브랜드,200,https://m.bunjang.co.kr/products/399970362,"샤크(Shark) 클린센스 IQ+ 무선청소기 IW3241KR 구매후 사용한지 1년정도 됬고 먼지통 이외 다른 부품들은 사용안하고 보관중입니다. 실사용 제품인만큼 생활기스 있으나 파손이나 기능상 문제없습니다. 사진상 표시한 부분 보호필름 붙여서 사용했고 그 이전에 생긴 기스가 있습니다. *사진상 확인가능 먼지통이나 롤러쪽같은 경우는 자주 세척해줬고 구매시 한번 세척해서 보내드리겠습니다. 아직도 구매가 80만원정도인걸 감안했을때 충분히 합리적인 가격이라고 생각합니다. 가전제품인맘큼 왠만하면 직거래로 진행하고 파손면책 동의시 택배거래 가능합니다. 완충재 잘 넣어서 보내드립니다. - 중고제품이기 때문에 찾지못한 사용감이 조금은 있을수 있습니다, 예민하신 분들은 패스해주세요. - 먼 거리는 파손면책 동의해주시면 택배가능합니다 - 중고거래 특성상 환불,교환 불가능합니다."
elecmart,dyson_vacuum_products.csv,404730130,다이슨 청소기,SV10,다이슨 청소기 Sv10 부품용 케이스만 파손,29900,부품/고장품,not_requested,https://m.bunjang.co.kr/products/404730130,
elecmart,dyson_vacuum_products.csv,401778063,다이슨 청소기,DC45,다이슨dc45청소기부품용,45000,부품/고장품,not_requested,https://m.bunjang.co.kr/products/401778063,
elecmart,dyson_vacuum_products.csv,375888975,다이슨 청소기,V6,다이슨 청소기 V6 본체 배터리포함 하드 브러쉬 부품용,55000,부품/고장품,not_requested,https://m.bunjang.co.kr/products/375888975,
elecmart,dyson_vacuum_products.csv,398716764,다이슨 청소기,V10,다이슨청소기 V10(SV12)  본체  부품용으로 판매합니다,34000,부품/고장품,not_requested,https://m.bunjang.co.kr/products/398716764,
elecmart,dyson_vacuum_products.csv,320462399,다이슨 청소기,모델 미상,로보락 s7 플러스,390000,검색어 오탐/타브랜드,200,https://m.bunjang.co.kr/products/320462399,사용감 있습니다. 구성품 박스 모두 보유중입니다. 걸레 2개 있어요.
elecmart,dyson_vacuum_products.csv,351656266,다이슨 청소기,제품군 공통,[OS SIZE] 네오메타 2 in 1 청소기 Neo-160VC 판매,300000,검색어 오탐/타브랜드,200,https://m.bunjang.co.kr/products/351656266,"—————————————————————————————————————————— ■ Lux가전. 네오메타 2 in 1 NEO-160VC —————————————————————————————————————————— 제품상태 : S급 구성품 : 본품, 충전기, 여분 키트 상품설명 : 고급스러운 디자인과 화이트 컬러 제품으로 집 인테리어를 해치지 않는 청소기입니다. 컨디션 매우 좋으며, 현재 구매 가능한 금액에 대비하여 저렴하게 판매합니다. —————————————————————————————————————————— ■ Lux타임에 업로드 된 모든 상품은 번개페이 및 번개케어 구매 가능합니다. 직거래 인천 청라동,송도동 에서 상시 가능합니다. ■ Lux타임 상품을 택배 거래로 구매 해주신 경우 4시반 이전 결제건은 우체국 택배로 출고됩니다. 주말이나 4시반 이후 결제건은 다음날 출고됩니다. 혹시라도 편의점 택배를 원하신다면 미리 말씀해주세요. ■ 업로드 된 모든 상품들은 명품 자격증 보유중인 감정사가 100% 정품 검수 및 컨디션 체크가 완료된 상품입니다. ■ 상점 팔로우후 물건 문의 및 구매해주신다면 무료배송으로 빠르게 배송해드립니다. 물건 구매후 리뷰 작성 해주신 손님은 카카오톡으로 스타벅스 커피 쿠폰을 전송해 드리고 있습니다. ■ 모든 물건은 100% 포토샵 없이 핸드폰으로 촬영한 원본 사진입니다. 최대한 정확한 상태를 고지하기 위해 자세한 사진과 설명을 기제하지만 중고품 특성상 사진에 잘 나오지 않는 사용감이 있을 수 있습니다. ■ Lux타임에서 판매한 상품이 한국명품감정원에서 가품 판정이 나오면 100% 책임지고 환불해드립니다. 그 이외 다른 사유에 대해서는 어떠한 교환 및 환불 불가능합니다. ——————————————————————————————————————————"
elecmart,dyson_vacuum_products.csv,394557172,다이슨 청소기,V10,다이슨청소기 V10(SV12)  본체  부품용으로 판매합니다,52000,부품/고장품,not_requested,https://m.bunjang.co.kr/products/394557172,
elecmart,dyson_vacuum_products.csv,389447066,다이슨 청소기,제품군 공통,차이슨 무선청소기 새상품 AIDUSON 판매합니다,80000,검색어 오탐/타제품,200,https://m.bunjang.co.kr/products/389447066,https://item.gmarket.co.kr/Item?goodscode=4064641468&spm=gmktpc.myaccount.orderlistall.ditem0.65192421HQnd1x 최저가 8.2만원 수많은 리뷰로 검증된 무선청소기 새상품 입니다. 사진은 이해를 위해 다른 리뷰 사진을 가져왔습니다 완전한 새상품입니다. 이번에 새로 바꾸려고 구매했는데 다른 상품 선물 받게되어 판매합니다. 근처에 사시면 차로 가져다 드립니다. 직거래는 신림동 서울대벤처타운역 입니다.
elecmart,dyson_vacuum_products.csv,388363670,다이슨 청소기,V6,다이슨  V6 무선청소기 본체 부품용으로 판매합니다,25000,부품/고장품,not_requested,https://m.bunjang.co.kr/products/388363670,
elecmart,dyson_vacuum_products.csv,387669411,다이슨 청소기,SV18,다이슨청소기 SV18 본체 부품용으로 판매합니다,50000,부품/고장품,not_requested,https://m.bunjang.co.kr/products/387669411,
elecmart,dyson_vacuum_products.csv,379312808,다이슨 청소기,V8,부품용다이슨 V8 무선청소기 본체,20000,부품/고장품,not_requested,https://m.bunjang.co.kr/products/379312808,
elecmart,dyson_vacuum_products.csv,377256135,다이슨 청소기,모델 미상,풀무원 에어프라이어,28000,검색어 오탐/타브랜드,200,https://m.bunjang.co.kr/products/377256135,풀무원 에어 프라이어
elecmart,dyson_vacuum_products.csv,317574762,다이슨 청소기,제품군 공통,"(삽니다)다이슨 청소기, 다이슨 공기청정기  매입 초스피드거래",500000,거래 목적 불일치,200,https://m.bunjang.co.kr/products/317574762,다이슨 청소기 및 공기청정기 삽니다 아주 깔끔하게 거래해드리겠습니다! 전국 어디든 거래가능합니다~ 번개톡 주셔요!
elecmart,dyson_vacuum_products.csv,371920262,다이슨 청소기,제품군 공통,홈니즈 보랄 BR-611XLDC 화이트 청소기,200000,검색어 오탐/타브랜드,200,https://m.bunjang.co.kr/products/371920262,보랄 TWIN GLIDE BLDC 무선청소기 모델명:BR-611XLDC 미개봉 새제품 입니다 (사진클릭하셔서 보세요) 가전제품 특성상 미개봉 새제품이라 반품 환불 안됩니다 필요하신분만 연락주세요.!
elecmart,dyson_vacuum_products.csv,371920434,다이슨 청소기,제품군 공통,홈니즈 보랄 BR-611XLDC 화이트 청소기,200000,검색어 오탐/타브랜드,200,https://m.bunjang.co.kr/products/371920434,보랄 TWIN GLIDE BLDC 무선청소기 모델명:BR-611XLDC 미개봉 새제품 입니다 (사진클릭하셔서 보세요) 가전제품 특성상 미개봉 새제품이라 반품 환불 안됩니다 필요하신분만 연락주세요.!
elecmart,dyson_vacuum_products.csv,369674584,다이슨 청소기,DC22,다이슨 유선청소기 DC22 부품용,50000,부품/고장품,not_requested,https://m.bunjang.co.kr/products/369674584,
elecmart,dyson_vacuum_products.csv,354109895,다이슨 청소기,제품군 공통,한경희 스팀 청소기,30000,검색어 오탐/타브랜드,200,https://m.bunjang.co.kr/products/354109895,집에 있는 한경희 스팀 청소기 판매합니다. 사진에서 보시는 것처럼 깨끗하게 사용했습니다. 스팀으로 찌든 때까지 말끔하게 청소해보세요! 문의 없으시면 바로 안전결제해주시면 됩니다!
elecmart,dyson_vacuum_products.csv,328504426,다이슨 청소기,제품군 공통,퀸메이드 트윈클 무선 물걸레청소기 팝니다.,36830,검색어 오탐/타브랜드,200,https://m.bunjang.co.kr/products/328504426,택배수령 후 보관중새상품 그대로 보내드려요
elecmart,dyson_vacuum_products.csv,424755782,다이슨 청소기,V8,다이슨 V8 무선청소기 본체 부품용입니다,20000,부품/고장품,not_requested,https://m.bunjang.co.kr/products/424755782,
elecmart,dyson_vacuum_products.csv,423507753,다이슨 청소기,V11,(부품용) 다이슨 무선청소기 V11,45000,부품/고장품,not_requested,https://m.bunjang.co.kr/products/423507753,
elecmart,dyson_vacuum_products.csv,422899948,다이슨 청소기,제품군 공통,다이슨 청소기 헤드 소프트롤러 부품용,15000,부품/고장품,200,https://m.bunjang.co.kr/products/422899948,"다이슨 소프트롤러 헤드 부품용 판매합니다. 사진에 보이는 그대로이며, 호스부분 파손되어 작동하지않습니다. 부품용으로 구매하세요. 구매 원하시면 바로 안전결제 해주시면 됩니다!"
elecmart,dyson_vacuum_products.csv,418945219,다이슨 청소기,V6,다이슨 무선 청소기 v6 본체 부품용,10000,부품/고장품,not_requested,https://m.bunjang.co.kr/products/418945219,
elecmart,dyson_vacuum_products.csv,418260379,다이슨 청소기,V11,다이슨 v11 무선청소기 부품용,30000,부품/고장품,not_requested,https://m.bunjang.co.kr/products/418260379,
elecmart,dyson_vacuum_products.csv,414132683,다이슨 청소기,V7,다이슨 청소기 본체 3대 일관 팝니다,30000,불완전상품,200,https://m.bunjang.co.kr/products/414132683,다이슨 v7: 1개 다이슨 v6: 1개 다이슨 DC34: 1개 청소 완료 상태입니다. 모터 살아있습니다. 하자 없습니다. 본체만 팝니다. 사진 그대로 팝니다. 직거래: 충남 당진버스터미널 문의 없으시면 안전결제 부탁 드립니다. 택배비는 착불입니다.
elecmart,dyson_vacuum_products.csv,416079599,다이슨 청소기,제품군 공통,LG 코드제로 R9 로봇청소기,55000,부품/고장품,200,https://m.bunjang.co.kr/products/416079599,"LG 코드제로 R9 로봇청소기 부품용 판매합니다. 사진과 같이 사용감 및 생활 스크래치 있습니다. 구성품은 사진에 보이는 것이 전부이며, 바퀴 한쪽이 뻑뻑하고 배터리 방전 입니다. 배터리는 전주인분이 예전에 자가수리 한번 하셨다고 하는데 방전 이네요. 바퀴에도 스핀들 오일 도포 했다고 하셨습니다. 충전전원 잘들어 오는데 청소시작하면 바로 꺼집니다. 저도 장터에서 부품용으로 구매했고 필요없어저서 판매 합니다. 손재주 좋으신분은 고쳐서 사용하시거나 부품용으로 쓰세요. 별도 문의 없으시면 바로 안전결제 부탁드려요! 교환 반품 환불 안됩니다."
elecmart,dyson_vacuum_products.csv,416056673,다이슨 청소기,V10,다이슨V10청소기(부품용),70000,부품/고장품,not_requested,https://m.bunjang.co.kr/products/416056673,
elecmart,dyson_vacuum_products.csv,414699721,다이슨 청소기,V11,다이슨청소기 V11 싸이클론 부품용으로 판매합니다,10000,부품/고장품,not_requested,https://m.bunjang.co.kr/products/414699721,
elecmart,dyson_vacuum_products.csv,393496628,다이슨 청소기,제품군 공통,다이슨 청소기 브러쉬 2개 부품용,20000,부품/고장품,200,https://m.bunjang.co.kr/products/393496628,잘 안돌아갑니다 수리 부품용으로 쓰실 분만 2개 일괄 가격입니다 ☆반품 불가합니다 사용감 잘 확인하시고 예민하신 분은 구매 신중 부탁드릴게요
elecmart,medicube_booster_pro_products.csv,396500872,메디큐브 부스터 프로,BOOSTER_PRO,"홈모드 써마리프트 (부스팅젤,클리너,파우치 포함+마스크팩) 메디큐브 부스터프로 하이포커스샷 티타몬드",280000,검색어 오탐/타제품,not_requested,https://m.bunjang.co.kr/products/396500872,
elecmart,medicube_booster_pro_products.csv,368619113,메디큐브 부스터 프로,BOOSTER_PRO,메디큐브 부스터 프로 교환 저 쿠로미 > 님 헬로키티,123456,가격 무효/자리표시,200,https://m.bunjang.co.kr/products/368619113,메디큐브 부스터 프로 교환 희망해요 저 쿠로미 > 님 헬로키티 본체 헤드 교환 희망합니당 ㅜㅜ
elecmart,medicube_booster_pro_products.csv,424488698,메디큐브 부스터 프로,BOOSTER_PRO,메디큐브 3종 세트 (부스터프로/하이포커스/브이롤러),320000,검색어 오탐/타제품,not_requested,https://m.bunjang.co.kr/products/424488698,
elecmart,medicube_booster_pro_products.csv,424175072,메디큐브 부스터 프로,BOOSTER_PRO_MINI,"메디큐브 에이지알 부스터 브이롤러 핑크 (부스터프로미니플러스,브이롤러 헤드)",130000,검색어 오탐/타제품,not_requested,https://m.bunjang.co.kr/products/424175072,
elecmart,medicube_booster_pro_products.csv,424417500,메디큐브 부스터 프로,BOOSTER_PRO_MINI,"메디큐브 에이지알 부스터 프로 미니 , 젤 & 브이롤러",110000,검색어 오탐/타제품,not_requested,https://m.bunjang.co.kr/products/424417500,
elecmart,medicube_booster_pro_products.csv,424248855,메디큐브 부스터 프로,BOOSTER_PRO_MINI,메디큐브 EMS 부스터 브이롤러(부스터프로 미니 플러스 포함),90000,검색어 오탐/타제품,not_requested,https://m.bunjang.co.kr/products/424248855,
elecmart,medicube_booster_pro_products.csv,405905236,메디큐브 부스터 프로,BOOSTER_PRO_MINI,메디큐브 EMS 부스터 프로 미니 플러스+브이롤러 헤드 핑크,150000,검색어 오탐/타제품,not_requested,https://m.bunjang.co.kr/products/405905236,
elecmart,medicube_booster_pro_products.csv,424642268,메디큐브 부스터 프로,BOOSTER_PRO_MINI,메디큐브 부스터프로미니플러스 브이롤러 클렌징헤드 부스터젤,180000,검색어 오탐/타제품,not_requested,https://m.bunjang.co.kr/products/424642268,
elecmart,medicube_booster_pro_products.csv,424521733,메디큐브 부스터 프로,BOOSTER_PRO,AGE-R 부스터 프로 / 울트라튠 40.68 일괄 판매,160000,검색어 오탐/타제품,not_requested,https://m.bunjang.co.kr/products/424521733,
elecmart,medicube_booster_pro_products.csv,424339508,메디큐브 부스터 프로,BOOSTER_PRO,"(일괄) 메디큐브 에지알 부스터프로, 울트라튠",180000,검색어 오탐/타제품,not_requested,https://m.bunjang.co.kr/products/424339508,
elecmart,medicube_booster_pro_products.csv,424173360,메디큐브 부스터 프로,BOOSTER_PRO_MINI,메디큐브 부스터 프로 미니+브이롤러+부스터젤 2개 베이지 화이트 아이보리,80000,검색어 오탐/타제품,not_requested,https://m.bunjang.co.kr/products/424173360,
elecmart,medicube_booster_pro_products.csv,394512710,메디큐브 부스터 프로,BOOSTER_PRO,AGE-R 부스터 프로 뷰티 디바이스,180000,검색어 오탐/타브랜드,not_requested,https://m.bunjang.co.kr/products/394512710,
elecmart,medicube_booster_pro_products.csv,423814450,메디큐브 부스터 프로,BOOSTER_PRO,메디큐브 하이포커스샷 플러스+부스터프로 짱구 에디션(새상품) 일괄판매,350000,검색어 오탐/타제품,not_requested,https://m.bunjang.co.kr/products/423814450,
elecmart,medicube_booster_pro_products.csv,395043181,메디큐브 부스터 프로,BOOSTER_PRO,(풀박) 에이지알 AGE-R 부스터 프로,190000,검색어 오탐/타브랜드,not_requested,https://m.bunjang.co.kr/products/395043181,
elecmart,medicube_booster_pro_products.csv,401847023,메디큐브 부스터 프로,BOOSTER_PRO_MINI,메디큐브 부스터 프로 미니+브이롤러+부스터젤,135000,검색어 오탐/타제품,not_requested,https://m.bunjang.co.kr/products/401847023,
elecmart,medicube_booster_pro_products.csv,421444548,메디큐브 부스터 프로,BOOSTER_PRO,부스터프로 헬로키티 에디션,550000,검색어 오탐/타브랜드,not_requested,https://m.bunjang.co.kr/products/421444548,
elecmart,medicube_booster_pro_products.csv,419552704,메디큐브 부스터 프로,BOOSTER_PRO_MINI,미개봉 메디큐브 에이지알 부스터프로 미니 플러스 짱구+선크림 새상품,123456,가격 무효/자리표시,200,https://m.bunjang.co.kr/products/419552704,✔️안전거래만가능. 네고사절X 직거래는 안하는점 양해부탁드립니다. ✔️메디큐브 에이지알 부스터프로 미니 플러스 짱구에디션 (구성 미니플러스+헤어밴드+파우치) 미개봉 새상품 정품 ❗️구매시 (타사제품 비건제품 ) ondo 선 클로토 아이스핏 쿨링 선스크린 50ml 함께드립니다. 미개봉 새상품 유통기한 28년5월19일까지 선물받은제품입니다. ✔️123.456원에판매.배송비4천원별도.네고사절X ✔️교환불가X환불불가❌ ✔️설명과 금액 확인하신후 꼭확실히 구매하실분만 안전결제주세요. 사진도용시 신고
elecmart,medicube_booster_pro_products.csv,414651024,메디큐브 부스터 프로,BOOSTER_PRO,"메디큐브 울트라튠, 부스터프로 일괄 판매",250000,검색어 오탐/타제품,not_requested,https://m.bunjang.co.kr/products/414651024,
elecmart,medicube_booster_pro_products.csv,418495049,메디큐브 부스터 프로,BOOSTER_PRO,"메디큐브 포커스샷, 울트라튠, 부스터프로",310000,검색어 오탐/타제품,not_requested,https://m.bunjang.co.kr/products/418495049,
elecmart,medicube_booster_pro_products.csv,415601450,메디큐브 부스터 프로,BOOSTER_PRO,"메디큐브 부스터프로,하이포커스샷, 부스터 글로우 10만원이하 구해요",100000,거래 목적 불일치,not_requested,https://m.bunjang.co.kr/products/415601450,
elecmart,medicube_booster_pro_products.csv,415974650,메디큐브 부스터 프로,BOOSTER_PRO,메디큐브 하이포커스샷/(플러스)/울트라튠/부스터프로/브이롤러/앰플,1000000,검색어 오탐/타제품,200,https://m.bunjang.co.kr/products/415974650,예전에 부모님 선물해드렸었는데 박스채로 보관해두셔서 판매합니다 상품명: 메디큐브 전 디바이스 + 메디큐브pdrn앰플(미니공병x20개) + 메디큐브 부스터젤(새상품) 300ml x2 + 메디큐브 pdrn 모이스처크림(미개봉새상품) - 부스터프로(1세대)+하이포커스샷(1세대) 제외한 모든 기기 사용감 거의 없습니다 - 알콜솜으로 기기 전부 닦아서 보내드립니다 - 개별구매 문의x - 패키징 그대로 보내드리는 점 참고 부탁드립니다 (해시태그) 울트라튠/부스터프로/메디큐브/메디큐브디바이스/홈디바이스/홈케어디바이스/메디큐브디바이스세트
elecmart,medicube_booster_pro_products.csv,373061188,메디큐브 부스터 프로,BOOSTER_PRO_MINI,메디큐브 부스터프로미니 박스만 판매,1500,빈 포장,not_requested,https://m.bunjang.co.kr/products/373061188,
elecmart,medicube_booster_pro_products.csv,366467249,메디큐브 부스터 프로,BOOSTER_PRO,메디큐브 부스터프로 핑크 박스만 판매! 기기없어요!!! 박스만!!판매,2000,불완전상품,not_requested,https://m.bunjang.co.kr/products/366467249,
elecmart,medicube_booster_pro_products.csv,413747092,메디큐브 부스터 프로,BOOSTER_PRO_MINI,(미개봉)메디큐브 부스터프로 미니+브이롤러+젤,132000,검색어 오탐/타제품,not_requested,https://m.bunjang.co.kr/products/413747092,
elecmart,medicube_booster_pro_products.csv,410819739,메디큐브 부스터 프로,BOOSTER_PRO,메디큐브 에이지알 부스터 프로 ema 에어샷 소닉 더마샷 뷰티 디바이스,90000,검색어 오탐/타제품,not_requested,https://m.bunjang.co.kr/products/410819739,
elecmart,medicube_booster_pro_products.csv,407522098,메디큐브 부스터 프로,BOOSTER_PRO,메디큐브 부스터프로 / 하이포커스샷 일괄 판매,350000,검색어 오탐/타제품,not_requested,https://m.bunjang.co.kr/products/407522098,
elecmart,medicube_booster_pro_products.csv,407281557,메디큐브 부스터 프로,BOOSTER_PRO_MINI,메디큐브 브이롤러 + 부스터프로 미니 플러스,120000,검색어 오탐/타제품,not_requested,https://m.bunjang.co.kr/products/407281557,
elecmart,medicube_booster_pro_products.csv,334043671,메디큐브 부스터 프로,BOOSTER_PRO,메디큐브 부스터힐러 에어샷 일괄로 판매 급처 부스터 프로 뷰티디바이스,180000,검색어 오탐/타제품,not_requested,https://m.bunjang.co.kr/products/334043671,
elecmart,medicube_booster_pro_products.csv,403663312,메디큐브 부스터 프로,BOOSTER_PRO,부스터소닉 + 부스터프로 + 하이포커스샷,550000,검색어 오탐/타제품,not_requested,https://m.bunjang.co.kr/products/403663312,
elecmart,medicube_booster_pro_products.csv,400562016,메디큐브 부스터 프로,BOOSTER_PRO_MINI,메디큐브 부스터 프로 미니 + 브이롤러 풀박스 ㅅㅊㅇ)브이쎄라 앤모드,130000,검색어 오탐/타제품,not_requested,https://m.bunjang.co.kr/products/400562016,
elecmart,medicube_booster_pro_products.csv,398243781,메디큐브 부스터 프로,BOOSTER_PRO,"메디큐브 부스터프로,울트라튠",230000,검색어 오탐/타제품,not_requested,https://m.bunjang.co.kr/products/398243781,
elecmart,medicube_booster_pro_products.csv,394073707,메디큐브 부스터 프로,BOOSTER_PRO,메디큐브 에이지알 부스터 프로 + 세럼,12345,가격 무효/자리표시,200,https://m.bunjang.co.kr/products/394073707,"한두번 사용 득템하세요~ // 그래도 중고이니 예민하신분 정중히 사양합니다. 새제품 사세요. 메디큐브 AGE-R 부스터 프로 블랙 색상 풀박스 - AGE-R 글루타치온 광채 앰플 세럼 함께 드립니다. - 풀박스 구성품 모두 포함 (본체, 충전 케이블, 사용 설명서, 박스) // 핑크색 케이스도 드려요."
elecmart,medicube_booster_pro_products.csv,380726872,메디큐브 부스터 프로,BOOSTER_PRO,메디큐브 부스터프로 쿠로미 풀구성 컨디션 좋은 중고 삽니다,300000,거래 목적 불일치,not_requested,https://m.bunjang.co.kr/products/380726872,
elecmart,medicube_booster_pro_products.csv,378710618,메디큐브 부스터 프로,BOOSTER_PRO,"메디큐브(울트라튠,부스터프로,하이포커스샷)",150000,검색어 오탐/타제품,not_requested,https://m.bunjang.co.kr/products/378710618,
elecmart,medicube_booster_pro_products.csv,377744694,메디큐브 부스터 프로,BOOSTER_PRO,매디큐브 진동 클렌저 부스터 프로 (베이지),110000,검색어 오탐/타브랜드,not_requested,https://m.bunjang.co.kr/products/377744694,
elecmart,medicube_booster_pro_products.csv,361357494,메디큐브 부스터 프로,BOOSTER_PRO,구매완)메디큐브 부스터 프로(미니) 삽니다!,100000,거래 목적 불일치,not_requested,https://m.bunjang.co.kr/products/361357494,
elecmart,medicube_booster_pro_products.csv,358245742,메디큐브 부스터 프로,BOOSTER_PRO,메디큐브부스터프로  삽니다,200000,거래 목적 불일치,not_requested,https://m.bunjang.co.kr/products/358245742,
elecmart,medicube_booster_pro_products.csv,357827580,메디큐브 부스터 프로,BOOSTER_PRO,메디큐브 울트라튠 부스터프로,215000,검색어 오탐/타제품,not_requested,https://m.bunjang.co.kr/products/357827580,
elecmart,medicube_booster_pro_products.csv,349814747,메디큐브 부스터 프로,BOOSTER_PRO,"가격내림! 메디큐브 에이지알 부스터프로, 하이포커스샷, 울트라튠",630000,검색어 오탐/타제품,200,https://m.bunjang.co.kr/products/349814747,"에이지알 3종 풀세트입니다. 언박싱만하고 사용은 하지 않은 새제품입니다! 3가지 세트로 가져가시면 더 저렴해요 :) 개별로도 판매합니다 부스터프로 290,000 하이포커스샷 240,000 울트라튠 300,000 택배비 별도 입니다 환불은 안됩니다 :)"
elecmart,medicube_booster_pro_products.csv,348965747,메디큐브 부스터 프로,BOOSTER_PRO,*새상품* 부스터프로 헬로키티 에디션+글루타치온앰플50ml,359000,검색어 오탐/타브랜드,not_requested,https://m.bunjang.co.kr/products/348965747,
elecmart,medicube_booster_pro_products.csv,425367609,메디큐브 부스터 프로,BOOSTER_PRO_MINI,가격내림@@ 택포 9만원) 메디큐브 부스터프로미니 마이멜로디 에디션+ 브이롤러,60000,검색어 오탐/타제품,not_requested,https://m.bunjang.co.kr/products/425367609,
elecmart,medicube_booster_pro_products.csv,424642717,메디큐브 부스터 프로,BOOSTER_PRO_MINI,메디큐브 부스터프로 미니 플러스 + 브이롤러 + 부스터젤 세트,96000,검색어 오탐/타제품,not_requested,https://m.bunjang.co.kr/products/424642717,
elecmart,medicube_booster_pro_products.csv,424943625,메디큐브 부스터 프로,BOOSTER_PRO,메디큐브 부스터프로+울트라튠 팝니당,130000,검색어 오탐/타제품,not_requested,https://m.bunjang.co.kr/products/424943625,
elecmart,medicube_booster_pro_products.csv,415969779,메디큐브 부스터 프로,BOOSTER_PRO,"메디큐브 에이지알 울트라튠 ,부스터프로",126000,검색어 오탐/타제품,not_requested,https://m.bunjang.co.kr/products/415969779,
elecmart,medicube_booster_pro_products.csv,424314661,메디큐브 부스터 프로,제품군 공통,메디큐브 부스터 미니 프로,35000,불완전상품,200,https://m.bunjang.co.kr/products/424314661,메디큐브 부스터 미니 프로 화이트 색상입니다. 피부 관리기에요. 박스 없는 본체만 판매합니다. 구매 원하시면 바로 안전결제 해주시면 됩니다!
elecmart,medicube_booster_pro_products.csv,423911522,메디큐브 부스터 프로,BOOSTER_PRO_MINI,메디큐브 부스터 프로 미니 플러스 + EMS 브이롤러 + 진동 클렌저 디바이스 3개 일괄,100000,검색어 오탐/타제품,not_requested,https://m.bunjang.co.kr/products/423911522,
elecmart,medicube_booster_pro_products.csv,420938143,메디큐브 부스터 프로,BOOSTER_PRO_MINI,메디큐브 EMS 부스터 브이롤러(부스터프로 미니 플러스) 베이지,85000,검색어 오탐/타제품,not_requested,https://m.bunjang.co.kr/products/420938143,
elecmart,medicube_booster_pro_products.csv,418038282,메디큐브 부스터 프로,BOOSTER_PRO_MINI,메디큐브 부스터 프로 미니 플러스+브이롤러 헤드 아이보리,100000,검색어 오탐/타제품,not_requested,https://m.bunjang.co.kr/products/418038282,
elecmart,medicube_booster_pro_products.csv,418347487,메디큐브 부스터 프로,BOOSTER_PRO_MINI,메디큐브 부스터 프로 미니플러스+ems 브이롤러,120000,검색어 오탐/타제품,not_requested,https://m.bunjang.co.kr/products/418347487,
elecmart,medicube_booster_pro_products.csv,404601906,메디큐브 부스터 프로,BOOSTER_PRO_MINI,"메디큐브 브이롤러 헤드+부스터프로 미니플러스+(부스터젤,리프트 마스크)",130000,검색어 오탐/타제품,not_requested,https://m.bunjang.co.kr/products/404601906,
elecmart,medicube_booster_pro_products.csv,411359645,메디큐브 부스터 프로,BOOSTER_PRO_MINI,메디큐브 브이롤러+부스터프로미니플러스,95000,검색어 오탐/타제품,not_requested,https://m.bunjang.co.kr/products/411359645,
elecmart,medicube_booster_pro_products.csv,411661587,메디큐브 부스터 프로,BOOSTER_PRO,메디큐브 부스터프로+울트라튠 판매합니다(박스포함),250000,검색어 오탐/타제품,not_requested,https://m.bunjang.co.kr/products/411661587,
elecmart,medicube_booster_pro_products.csv,410605563,메디큐브 부스터 프로,BOOSTER_PRO_MINI,메디큐브 에이지알부스터 브이롤러+부스터프로미니플러스,80000,검색어 오탐/타제품,not_requested,https://m.bunjang.co.kr/products/410605563,
elecmart,medicube_booster_pro_products.csv,371233810,메디큐브 부스터 프로,BOOSTER_PRO,메디큐브 부스터프로,123456,가격 무효/자리표시,200,https://m.bunjang.co.kr/products/371233810,sold out!!!!!
elecmart,pulio_massage_products.csv,422767655,풀리오 마사지기,MASSAGE_GUN,오아 슈퍼건 마사지건,22000,검색어 오탐/타제품,not_requested,https://m.bunjang.co.kr/products/422767655,
elecmart,pulio_massage_products.csv,424208938,풀리오 마사지기,CALF,풀리오 pulio 휴대용 무선 공기압 다리 종아리 마사지기 (부품용),10900,부품/고장품,not_requested,https://m.bunjang.co.kr/products/424208938,
elecmart,pulio_massage_products.csv,422669321,풀리오 마사지기,제품군 공통,풀리오 괄사 마사지기,60000,빈 포장,200,https://m.bunjang.co.kr/products/422669321,본품과 설명서만 있습니다. 구매하고 거의 사용하지 않아 판매합니다.
elecmart,pulio_massage_products.csv,409099340,풀리오 마사지기,NECK_SHOULDER_V2,퓰리오 목어깨 마사지기 v2,45000,검색어 오탐/타브랜드,not_requested,https://m.bunjang.co.kr/products/409099340,
elecmart,pulio_massage_products.csv,395482002,풀리오 마사지기,제품군 공통,목쿠션 안마기 마사지기 라미 피부케어 생활가전 안마볼 안마,30000,검색어 오탐/타브랜드,200,https://m.bunjang.co.kr/products/395482002,새상품 라미 목쿠션 안마기 판매합니다. 2개의 특수형상 안마볼이 내장되어 시원하게 마사지 받을 수 있습니다. USB 충전식이라 간편하게 사용 가능합니다. 미개봉입니다 일택만가능 +4500
elecmart,pulio_massage_products.csv,386313955,풀리오 마사지기,NECK_SHOULDER,스파알 포터블 목어깨 마사지기,45000,검색어 오탐/타브랜드,not_requested,https://m.bunjang.co.kr/products/386313955,
elecmart,pulio_massage_products.csv,381935716,풀리오 마사지기,제품군 공통,제스파 뷰티슬리밍 공기압 마사지기,38000,검색어 오탐/타제품,200,https://m.bunjang.co.kr/products/381935716,"제스파 뷰티슬리밍 공기압 마사지기 모델명 ZP419 정가 57,000원주고 구매했습니다. 구매하고 실사용 5번 이내입니다. 새상품이나 다름없을정도로 상태 최상급입니다. 하자 없고 풀박스로 보관중입니다. 네고가능"
elecmart,pulio_massage_products.csv,361153709,풀리오 마사지기,NECK_SHOULDER_V2,풀리오 목어깨 마사지기 V2,500,가격 무효/자리표시,200,https://m.bunjang.co.kr/products/361153709,"아래 제품 사진은 제가 카메라로 직접 찍은 사진이며 사기와 저작권 도용 우려로 추가 사진 요청 받지 않습니다. 구매의사 확실하게 정하신분만 연락주시고 네고나 찔러보기, 쉽게 검색 가능한 상품 관련 정보 문의 대답안합니다. 직거래 : 부천 신중동역 랜드마크 푸르지오 시티 주차장이나 신중동역 4번 5번 출구 연결통로 직거래는 금방 출발 가능하실때 연락 부탁드리며 예약은 파토 확률이 높아 예약금 미리 입금 하셔야 받습니다. 택배 비용 : 일반 택배 4400원 / 반값 택배 불가 . . . 구매 : 2025년 7월 11일 현대카드M몰 사용 : 5회 사용 풀리오 목어깨 마사지기 V2 판매합니다. 구매하고 사용한지 몇 번 안되었지만 마찰로 인해 재질 특성상 보풀 존재합니다. 확대 촬영했으니 확인하시면 됩니다. 성격이 깔끔해서 샤워후에만 사용했으며 비흡연자입니다."
elecmart,pulio_massage_products.csv,418086552,풀리오 마사지기,CALF,새상품 혼바디 에어링 EMS 종아리 마사지기,45000,검색어 오탐/타브랜드,not_requested,https://m.bunjang.co.kr/products/418086552,
elecmart,pulio_massage_products.csv,421770319,풀리오 마사지기,CALF,미개봉 발란스핏 종아리 마사지기,48000,검색어 오탐/타브랜드,not_requested,https://m.bunjang.co.kr/products/421770319,
elecmart,pulio_massage_products.csv,417469485,풀리오 마사지기,CALF,플리오 다리 마사지기,48000,검색어 오탐/타브랜드,not_requested,https://m.bunjang.co.kr/products/417469485,
elecmart,pulio_massage_products.csv,415477510,풀리오 마사지기,CALF,[미개봉 새상품] 힐리머 종아리 마사지기 (실사용 강추!),60000,검색어 오탐/타브랜드,not_requested,https://m.bunjang.co.kr/products/415477510,
elecmart,pulio_massage_products.csv,415395249,풀리오 마사지기,CALF,[미개봉 새상품] 힐리머 종아리 마사지기 (실사용 강추!),60000,검색어 오탐/타브랜드,not_requested,https://m.bunjang.co.kr/products/415395249,
elecmart,pulio_massage_products.csv,415264800,풀리오 마사지기,CALF,슈미트 공기압 종아리 마사지기,30000,검색어 오탐/타브랜드,not_requested,https://m.bunjang.co.kr/products/415264800,
elecmart,pulio_massage_products.csv,413664848,풀리오 마사지기,CALF,"[DDB하남,A급] 오예 OHYEAH 종아리 온열 공기압 마사지기",30000,검색어 오탐/타브랜드,not_requested,https://m.bunjang.co.kr/products/413664848,
elecmart,pulio_massage_products.csv,408467618,풀리오 마사지기,제품군 공통,풀리오 v3 박스 없음,86000,액세서리/소모품 단품,200,https://m.bunjang.co.kr/products/408467618,박스 없고 전용 충전기만 있어요 그거빼곤 작동잘 되고 새거입니당 마지막 가격내림
elecmart,dyson_vacuum_products.csv,371282088,다이슨 청소기,제품군 공통,다이슨 청소기(거의 새거),640000,가격 이상치-복수상품,200,https://m.bunjang.co.kr/products/371282088,"다이슨 청소기 풀세트 거의 새것과 동일합니다. 스탠드 거치대에 세워두고 사용해서 기스도 거의 없어요. 흡입력 좋고, 꼼꼼하게 청소 잘됩니다. 별도 문의 없으시면 바로 안전결제 부탁드려요! 구입은 1년정도 되었구요. 메인 청소브러쉬만 5회정도 사용했습니다 발판 비밀도 안 벗겼구요. 나머지 청소도구 사진보시면 새겁니다. 로봇청소기가 있어서 잘 사용안했어요 1년전 구입가격은 90만원대 얐습니다 박스를 구해야하니 갖가가심이 좋을 듯합니다 서울, 구리지역 거래가능요"
elecmart,medicube_booster_pro_products.csv,413906132,메디큐브 부스터 프로,BOOSTER_PRO_MINI,메디큐브 부스터프로 + 부스터프로미니플러스 일괄,300000,가격 이상치-복수상품,200,https://m.bunjang.co.kr/products/413906132,메디큐브 부스터프로와 부스터프로 미니 플러스 두 가지 기기 일괄 판매합니다. 상태 좋고 작동 잘 됩니다. 구매 원하시면 바로 안전결제 해주시면 됩니다! 저는 귀차니즘이 너무 심해서 방치만 하게 되더라구여.. 두개 다 싸게 가져가세욤
elecmart,medicube_booster_pro_products.csv,394793813,메디큐브 부스터 프로,BOOSTER_PRO,메디큐브 하이포커스 샷 플러스 핑크 + 메디큐브 부스터프로 핑크 + 부스,535000,가격 이상치-복수상품,200,https://m.bunjang.co.kr/products/394793813,메디큐브 에이지알 하이포커스 샷 플러스 핑크색은 팔에만 시험해본 새상품이며 부스터 젤 새상품 같이 드립니다 ! 메디큐브 부스터 프로 핑크색은 10회 미만 사용하였고 콜라겐 젤리 세럼이 함께 드립니다 ! 일괄 50으로 싸게 드려욥 ! 메디큐브에서 두 기기 같이 사도 75만원입니다 ! 완전 싸게 내놓아요
elecmart,medicube_booster_pro_products.csv,376586295,메디큐브 부스터 프로,BOOSTER_PRO,메디큐브 부스터프로 선물세트,930000,가격 이상치-복수상품,200,https://m.bunjang.co.kr/products/376586295,미개봉 메디큐브 부스터프로 선물세트입니다. 고급스러운 블랙 패키지로 선물용으로도 좋아요. 묵직한 본체에서 느껴지는 고급스러움이 남다릅니다. 별도 문의 없으시면 바로 안전결제 부탁드려요!
elecmart,pulio_massage_products.csv,411939387,풀리오 마사지기,NECK_SHOULDER,급처)풀리오 마사지매트+손마사지기+목 어깨 마사지기,180000,가격 이상치-복수상품,200,https://m.bunjang.co.kr/products/411939387,"풀리오 마사지매트 +손 마사지기+목 어깨 마사지기 입니다. 세 개 다 박스는 없으며, 개별 판매, 일괄 판매 다 하고 있습니다. 손 마사지기와 목 어깨 마사지기는 본품만 있습니다. ‼️이번주 금요일(6/5)까지 일괄 쿨거 시 18만원에 판매합니다!‼️ ❗️마사지매트 - 180,000원 ❗️손 마사지기 - 60,000원 ❗️목 어깨 마사지기 - 50,000원 ❗️일괄 - 290,000원 ※신중한 구매 부탁드리며, 구매의사 없는 찜은 누르지 말아주세요."
elecmart,pulio_massage_products.csv,412570241,풀리오 마사지기,CALF,풀리오 다리전체마사지기,140000,가격 이상치-복수상품,200,https://m.bunjang.co.kr/products/412570241,한두번 사용했고 사용감 적습니다 구성품 안내서 인증서 충전기 2개 다리마사지기 한세트 박스빼고 다 있습니다~ 포장 꼼꼼히해서 드릴게요 편하게 연락주세요😊
joonggonara,brezza_formula_products.csv,231814672,브레짜 분유,FORMULA_PRO,브라비 분유제조기 분유 유아 신생아 출산 육아 브레짜,49000,검색어 오탐/타제품,not_requested,https://web.joongna.com/product/231814672,
joonggonara,brezza_formula_products.csv,230733741,브레짜 분유,BRZFRP-1A,베이비 브레짜 자동 분유제조기 출수형 분유포트 BRZFRP-1A,210000,검색어 오탐/타제품,not_requested,https://web.joongna.com/product/230733741,
joonggonara,brezza_formula_products.csv,230041335,브레짜 분유,FORMULA_PRO,브레짜 젖병세척기 + 분유제조기 세트,400000,검색어 오탐/타제품,not_requested,https://web.joongna.com/product/230041335,
joonggonara,brezza_formula_products.csv,228370520,브레짜 분유,FORMULA_PRO,브레짜 젖병세척기 + 분유제조기 세트 +꿈비분유쉐이커,400000,검색어 오탐/타제품,not_requested,https://web.joongna.com/product/228370520,
joonggonara,brezza_formula_products.csv,228123614,브레짜 분유,FORMULA_PRO,베이비 브레짜 올인원 젖병세척기 블랙 + 분유제조기 블랙 미개봉 팝니다,350000,검색어 오탐/타제품,not_requested,https://web.joongna.com/product/228123614,
joonggonara,brezza_formula_products.csv,227885233,브레짜 분유,FORMULA_PRO,[미개봉]베이비 브레짜 분유제조기 출수형 분유포트 화이트,240000,검색어 오탐/타제품,not_requested,https://web.joongna.com/product/227885233,
joonggonara,brezza_formula_products.csv,226750551,브레짜 분유,제품군 공통,브레짜 분유포트,20000,검색어 오탐/타제품,404,https://web.joongna.com/product/226750551,
joonggonara,brezza_formula_products.csv,223996863,브레짜 분유,FORMULA_PRO_ADVANCED,베이비 브레짜 포뮬라 프로 어드벤스드 분유포트신형 미개봉,200000,검색어 오탐/타제품,not_requested,https://web.joongna.com/product/223996863,
joonggonara,brezza_formula_products.csv,223941215,브레짜 분유,FORMULA_PRO_ADVANCED,미개봉새상품 베이비브레짜 포뮬러 프로 어드밴스드 화이트 분유제조기,123456,가격 무효/자리표시,200,https://web.joongna.com/product/223941215,* 베이비브레짜 포뮬러 프로 어드밴스 화이트 새제품. * 26년 1월 8일 선물받음. * 미개봉 새상품이니 구매 바로 바실분만 연락주세요. 택배는 택배사 직접 접수하셔도 되고 없으시면 cj택배 접수합니다.
joonggonara,brezza_formula_products.csv,222119721,브레짜 분유,FORMULA_PRO,버들맘마 스마트 분유제조기(브레짜 상위버전),250000,검색어 오탐/타제품,not_requested,https://web.joongna.com/product/222119721,
joonggonara,brezza_formula_products.csv,222999817,브레짜 분유,FORMULA_PRO,"베이비브레짜 분유제조기, 젖병세척기",420000,검색어 오탐/타제품,not_requested,https://web.joongna.com/product/222999817,
joonggonara,brezza_formula_products.csv,222163652,브레짜 분유,FORMULA_PRO,새제품/풀구성)베이비브레짜 분유제조기 + 젖병세척기,500000,검색어 오탐/타제품,not_requested,https://web.joongna.com/product/222163652,
joonggonara,cuckoo_rice_cooker_products.csv,231169887,쿠쿠 밥솥,BHXB0660FB,쿠쿠 IH 압력밥솥 BHXB0660FB,0,가격 무효/자리표시,200,https://web.joongna.com/product/231169887,쿠쿠 IH 압력밥솥 BHXB0660FB 년식이 좀있지만 안은깨끗한편이고 거이 햇반또는 직작에서 먹구있어서 판매합니다
joonggonara,cuckoo_rice_cooker_products.csv,228407409,쿠쿠 밥솥,전기압력밥솥_6인용,쿠쿠 SMART IH 6인용 압력밥솥 ENERGY SAVER 부품용 (2만원),20000,부품/고장품,not_requested,https://web.joongna.com/product/228407409,
joonggonara,cuckoo_rice_cooker_products.csv,228407409,쿠쿠 밥솥,전기압력밥솥_6인용,쿠쿠 SMART IH 6인용 압력밥솥 ENERGY SAVER 부품용 (2만원),20000,부품/고장품,not_requested,https://web.joongna.com/product/228407409,
joonggonara,cuckoo_rice_cooker_products.csv,230986780,쿠쿠 밥솥,트윈프레셔_6인용,쿠쿠 트윈프레셔 6인용 밥솥 | 전기밥솥,123456,가격 무효/자리표시,200,https://web.joongna.com/product/230986780,판매완료판매완료판매완료판매완료
joonggonara,cuckoo_rice_cooker_products.csv,229590451,쿠쿠 밥솥,JHR0660FD,고장난 쿠쿠 6인용 압력밥솥 JHR0660FD(부품용),12000,부품/고장품,not_requested,https://web.joongna.com/product/229590451,
joonggonara,cuckoo_rice_cooker_products.csv,229194791,쿠쿠 밥솥,제품군 공통,"에어프라이어, 쿠쿠 밥솥, 타코야키 팬, 미니오븐",99999,검색어 오탐/타제품,200,https://web.joongna.com/product/229194791,"모두 기능에 이상 없어요. 가격 제안 받아요. 에어프라이어 용량 5 리터 정도 되고 미니 오븐은 쿠키 굽는 용으로 가로 30센티 정도 이고 모두 사용 가능해요. 에어 프라이어 만원, 미니 오븐 나눔 가능, 밥솥은 2만원 생각중입니다."
joonggonara,cuckoo_rice_cooker_products.csv,228258432,쿠쿠 밥솥,제품군 공통,치치쿠쿠 업소용 전기솥밥 15인분 23년식 렌탈X,1500000,거래 목적 불일치,200,https://web.joongna.com/product/228258432,"치치쿠쿠 업소용 전기솥밥 15인분 23년식 렌탈X 년식: 23년식 색상: 블랙 특징: 렌탈X 배선 작업된 선반 이라서 설치시 전기 작업만 하시면 쉽게 사용 가능 합니다 (설치비 별도발생) 나무 받침대 제공 인터넷 최저가 220만원 직거래 경기도 남양주시 금곡동 배송비 지역에따라 발생할수 있습니다. (2층 혹은 특수한 경우 미리 말씀부탁드립니다. ^^ ) 문의주세요😄 언제든지 가격,배송비 문의주세요"
joonggonara,cuckoo_rice_cooker_products.csv,228048834,쿠쿠 밥솥,CRP-AHXB1060FD,쿠쿠 스마트 IH 10인용 압력밥솥 (CRP-AHXB1060FD) 부품용쿠쿠 스마트 IH 10인용 압력밥솥 판매합니,30000,부품/고장품,not_requested,https://web.joongna.com/product/228048834,
joonggonara,cuckoo_rice_cooker_products.csv,224399739,쿠쿠 밥솥,전기압력밥솥_10인용,쿠쿠 10인용 압력밥솥 깐바스님산거 재판매 부품용,10000,부품/고장품,not_requested,https://web.joongna.com/product/224399739,
joonggonara,cuckoo_rice_cooker_products.csv,227711070,쿠쿠 밥솥,전기압력밥솥_6인용,(완료)쿠쿠 압력밥솥 6인용,12345,가격 무효/자리표시,200,https://web.joongna.com/product/227711070,판매되었습니다 감사합니다 잘쓰세요
joonggonara,cuckoo_rice_cooker_products.csv,227403446,쿠쿠 밥솥,CRP-R069FGW,6인용 쿠쿠밥솥 팝니다,150000,불완전상품,200,https://web.joongna.com/product/227403446,"기종은 CRP-R069FGW입니다. 사실 예전에 요리하려고 샀는데 먼지만 쌓여서 팝니다...ㅋㅋ 쿠쿠몰에서 263,000원 정가, 할인가는 223,500원에 팔고 있으니 15에 팔겠습니다. 박스는 없고 본체만 있습니다."
joonggonara,cuckoo_rice_cooker_products.csv,226449035,쿠쿠 밥솥,CRP-QS10,쿠쿠 10인용 압력밥솥 (CRP-QS10) 부품용으로 팝니다23년 8월 제조된 거의 신품급 쿠쿠 압력밥솥입니다.작동,40000,부품/고장품,not_requested,https://web.joongna.com/product/226449035,
joonggonara,cuckoo_rice_cooker_products.csv,225162851,쿠쿠 밥솥,CRP-R069FP,쿠쿠 6인용 밥솥 내솥+고장난 밥솥 CRP-R069FP,10000,부품/고장품,not_requested,https://web.joongna.com/product/225162851,
joonggonara,cuckoo_rice_cooker_products.csv,224679205,쿠쿠 밥솥,제품군 공통,"[사기범공유-계좌변경] eee 송파다이노스 상품 결제하지 마세요(콧물흡입, 러닝스마트워치, 쿠쿠 밥솥)샥즈 오버핏",1000,가격 무효/자리표시,200,https://web.joongna.com/product/224679205,"아이디 계속 바꾸며 이런 저런 상품 계속 올립니다. 특징은 글을 직접 타이핑하지 않고 회색 이미지에 타이핑된 걸 올려요. 그 안에 번호 010 3261 8974,또는 카톡 아이디 ba3999 라는 정보가 들어있습니다. (더치트에 올라온거보니 sh로 시작하는 카톡 아이디도 있는듯) 일단 모든 카톡 프로필에 애기 사진, 애기 있는 가족적인 사진(다 전문가가 찍은 사진)걸려있습니다. 신고로 계좌가 막히니 새로운 계좌 뚫었네요 너네 잡힌다고 했잖아. 이걸 머리라고 쓴거야?ㅉㅉㅉ (기존) 입금은행 : 카카오뱅크 예금주 : 김영원(주)NAVER 계좌번호 : 3333-082-551-288 (변경) 입금은행 : 카카오뱅크 예금주 : 황유빈 계좌번호 : 3333-30-6227727 수법은 메시지 보내면 안전결제라며 외부 링크 따로 보내주고 카뱅으로 입금하게 합니다. 안전결제라며 http://pay.cafe.naver1.jonggo80.com/ 이런 이상한 주소줍니다. 보시면 네이버 뒤에 1이 붙어 있죠? 카뱅이나 토스 어플로는 하지 말라고 합니다. 입금 후 수수료를 안보냈다며 금액이 맞지 않아 환불이 안되니 다시 입금해주면 처음건 자동 환불된다 하고 그 다음은 다른 사유를 대며 또 추가 입금을 요구합니다. 중고나라 피해사려 검색에서는 아직 안걸러질 수 있으니 꼭 ‘더치트’에서 계좌번호 검색하세요. 중고나라 이상거래 신고해도 빨리 처리는 안되는듯해 올립니다.하루에 1-2건씩 피해가 올라오는것 같네요. 피해입으시면 저처럼 꼭 사이버범죄 신고시스템이나 경찰서에 먼저 신고부터 하시고 이후 고소나 민사 진행하시면 됩니다. 현재 다른 피해자분들과 함께 공유하며 수사 진행 중입니다. 아! 중고나라 말고도 네이버 블로그나 카카오를 통해서도 사기친다고 신고 올라왔으니 꼭 잘 살피십시오. 너 아이디 바뀔때마다 신고하고 글 올릴거다. 나 3월까지 휴가라고 했다. 돈 찾는것 보다 니 얼굴 보는게 목적이다. P.s 너네 잡힌다고 했잖아. 이걸 머리라고 쓴거야?ㅉㅉㅉ법도 모르면서 그렇게 아는 법용어 막 쓰면 사람들이 무서워하디? 나 겁네 웃었네. 니들이 사람들한테 보낸 그 법으로 협박한 톡 내용ㅋ꙼̈ㅋ꙼̈ㅋ꙼̈ㅋ꙼̈ 맞는게 하나도 없어ㅋ꙼̈ㅋ꙼̈ 무식하면 다물자. 니들이한게 협박이야ㅋ꙼̈ㅋ꙼̈ㅋ꙼̈ㅋ꙼̈ㅋ꙼̈ 26년에 제일 웃겼다ㅋ꙼̈ㅋ꙼̈ㅋ꙼̈ㅋ꙼̈ 댓글 참고 https://cafe.naver.com/joonggonara/1124297961"
joonggonara,cuckoo_rice_cooker_products.csv,224665339,쿠쿠 밥솥,제품군 공통,"[사기범 주의] 계좌공개-판매자,구매자로도 접근(콧물 흡입기, 러닝스마트워치, 쿠쿠 밥솥, 샥즈 오버핏 2+, 버",1000,가격 무효/자리표시,200,https://web.joongna.com/product/224665339,"[사기범 주의] 계좌공개-판매자, 구매자로도 접근(신지훈, 엠씨더맥스 이수, 윤도현, 미스터 트롯3) 아이디 계속 바꾸며 이런 저런 상품 계속 올립니다. 판매자로 접근 시, 안전결제라며 http://pay.cafe.naver1.jonggo80.com/ 이런 이상한 주소줍니다. 보시면 네이버 뒤에 1이 붙어 있죠? 수수료를 핑계로 재입금 요구하고 다른 핑계로 또 재입금 요구합니다. 절대 접근하지 마세요. 구매자로 접근 시, 자사이 포인트가 있는 사이트에 올려주면 포인트 이용하고 싶다며 사이트 보내주며 올려달라 합니다. 그러면서 여러 이유로 판매자때문에 내통장이 지급 금지됐다며 협박하고 돈 뜯어냅니다. 딱 봐도 사기죠? 카카오채널에서 ‘보아르 서비스’라는 이름으로 AS제품 무상 교환해준다고 하기 피싱사이트로 연결해서 먼저 입금을 하면 제품회수후 환불해준다고합니다. 피싱사이트 : 명성물류(http://audtjakoreabest.) 운영진이 일을 안하니 저라도 꾸준히 올려볼랍니다. 피해자가 공동 대응하고 정보공유하고 있습니다. 혹시 아래 계좌로 피해보신 분들 꼭 ‘더치트’와 ‘사이버 범조 신고센터’ 또는 ‘경찰서’에 신고하세요. 저희와 공유하시고 싶으시면 더치트 통해 아무에게나 메시지 주시면 됩니다. 신고로 계좌가 막히니 새로운 계좌 뚫었네요 너네 잡힌다고 했잖아. 이걸 머리라고 쓴거야?ㅉㅉㅉ (기존) 입금은행 : 카카오뱅크 예금주 : 김영원(주)NAVER 계좌번호 : 3333-082-551-288 (변경) 입금은행 : 카카오뱅크 예금주 : 황유빈 계좌번호 : 3333-30-6227727 P.s 너네 잡힌다고 했잖아. 이걸 머리라고 쓴거야?ㅉㅉㅉ법도 모르면서 그렇게 아는 법용어 막 쓰면 사람들이 무서워하디? 나 겁네 웃었네. 니들이 사람들한테 보낸 그 법으로 협박한 톡 내용ㅋ꙼̈ㅋ꙼̈ㅋ꙼̈ㅋ꙼̈ 맞는게 하나도 없어ㅋ꙼̈ㅋ꙼̈ 무식하면 다물자. 니들이한게 협박이야ㅋ꙼̈ㅋ꙼̈ㅋ꙼̈ㅋ꙼̈ㅋ꙼̈ 26년에 제일 웃겼다ㅋ꙼̈ㅋ꙼̈ㅋ꙼̈ㅋ꙼̈"
joonggonara,cuckoo_rice_cooker_products.csv,224344087,쿠쿠 밥솥,CRP-JHR1010FC,CRP-JHR1010FC 쿠쿠밥솥 내솥(고장난 본체도있어요),50000,부품/고장품,not_requested,https://web.joongna.com/product/224344087,
joonggonara,cuckoo_rice_cooker_products.csv,219719823,쿠쿠 밥솥,제품군 공통,치치쿠쿠 업소용 인덕션 솥밥기계 20구 세트｜직거래/화물 가능,2800000,거래 목적 불일치,200,https://web.joongna.com/product/219719823,"치치쿠쿠 업소용 인덕션 솥밥기계 20구 세트｜직거래/화물 가능 합리적 가격·검증된 품질의 업소용 인덕션 솥밥기계 20구 판매합니다. ■ 판매가격 상기 견적은 부가세별도 가격입니다. ■ 제품 개요 모델: 인덕션 솥밥기계 20구 세트 상태: 시운전급/양호 구성: 본체(20구), [솥/뚜껑/압력뚜껑/선반 포함] 사용 용도: 한식당/솥밥 전문점/단체 급식/프랜차이즈 등 ■ 구성품 전체 포함 - 선반 5열 4단 1대 - 인덕션 20개 - 1인 압력뚜껑 20개 - 1인 스테인리스 솥 20개 - 솥 받침대 20개 - 솥 뚜껑 20개 ■ 전기/설치 안내 전원: 3상 전원(현장 전압 확인 필수) / 단상 220V 불가 권장 차단기/케이블(참고): 15~20구 → 차단기 50A, 케이블 10sq 권장 설치: 메인 분전반 여유 차단기 확인 → 없을 경우 보조 분전함 추가 후 연결 권장 필요 시, 설치/전기 기사 기본 상담 도와드립니다. ■ 특징 인덕션 방식으로 빠른 가열과 안정적인 화력 유지 조리 시 온도 조절이 정밀하고 에너지 절감 효과 튼튼하고 깔끔한 디자인, 매장 분위기까지 살림 낱개 부품 교체 가능, 관리와 유지보수 편리 제조사 보증 가능 (조건 협의) ■ 거래 안내 위치: 김포 거래: 직거래(수도권 환영) / 화물·택배 가능(포장 안전하게 진행) 가격: 부가세 별도 문의: 채팅 우선 / 안심번호 공 5 공 6 7 1 8 2 3 1 7 ■ 추가 서비스(선택) 간단 사용 가이드 제공 렌탈/리스 상담 가능(원하실 경우 조건 안내) 📷 실제 제품 사진과 상세페이지 이미지는 첨부 파일 참고 부탁드립니다."
joonggonara,cuckoo_rice_cooker_products.csv,219975229,쿠쿠 밥솥,제품군 공통,치치쿠쿠 업소용 인덕션 솥밥기계 9구 세트｜전시품 미사용 새제품｜직거래/화물 가능,1530000,거래 목적 불일치,200,https://web.joongna.com/product/219975229,"치치쿠쿠 업소용 인덕션 솥밥기계 9구 세트｜직거래/화물 가능 합리적 가격·검증된 품질의 업소용 인덕션 솥밥기계 9구 판매합니다. ■ 판매가격 상기 견적은 부가세별도 가격입니다. ■ 제품 개요 모델: 인덕션 솥밥기계 9구 세트 상태: 시운전급/양호 구성: 본체(9구), [솥/뚜껑/압력뚜껑/선반 포함] 사용 용도: 한식당/솥밥 전문점/단체 급식/프랜차이즈 등 ■ 구성품 전체 포함 - 선반 3열 4단 1대 - 인덕션 9개 - 1인 압력뚜껑 9개 - 1인 스테인리스 솥 9개 - 나무 받침대 9개 - 스테인리스 뚜껑 9개 ■ 전기/설치 안내 전원: 3상 전원(현장 전압 확인 필수) / 단상 220V 불가 권장 차단기/케이블(참고): 12~8구 → 차단기 40A, 케이블 6sq 권장 설치: 메인 분전반 여유 차단기 확인 → 없을 경우 보조 분전함 추가 후 연결 권장 필요 시, 설치/전기 기사 기본 상담 도와드립니다. ■ 특징 인덕션 방식으로 빠른 가열과 안정적인 화력 유지 조리 시 온도 조절이 정밀하고 에너지 절감 효과 튼튼하고 깔끔한 디자인, 매장 분위기까지 살림 낱개 부품 교체 가능, 관리와 유지보수 편리 제조사 보증 가능 (조건 협의) ■ 거래 안내 위치: 김포 거래: 직거래(수도권 환영) / 화물·택배 가능(포장 안전하게 진행) 가격: 부가세 별도 문의: 채팅 우선 / 안심번호 공 5 공 6 7 1 8 2 3 1 7 ■ 추가 서비스(선택) 간단 사용 가이드 제공 렌탈/리스 상담 가능(원하실 경우 조건 안내) 📷 실제 제품 사진과 상세페이지 이미지는 첨부 파일 참고 부탁드립니다."
joonggonara,cuckoo_rice_cooker_products.csv,219975038,쿠쿠 밥솥,제품군 공통,치치쿠쿠 업소용 인덕션 솥밥기계 15구 세트｜전시품 미사용 새제품｜직거래/화물 가능,2250000,거래 목적 불일치,200,https://web.joongna.com/product/219975038,"치치쿠쿠 업소용 인덕션 솥밥기계 15구 세트｜직거래/화물 가능 합리적 가격·검증된 품질의 업소용 인덕션 솥밥기계 15구 판매합니다. ■ 판매가격 상기 견적은 부가세별도 가격입니다. ■ 제품 개요 모델: 인덕션 솥밥기계 15구 세트 상태: 시운전급/양호 구성: 본체(15구), [솥/뚜껑/압력뚜껑/선반 포함] 사용 용도: 한식당/솥밥 전문점/단체 급식/프랜차이즈 등 ■ 구성품 전체 포함 - 선반 5열 4단 1대 - 인덕션 15개 - 1인 압력뚜껑 15개 - 1인 스테인리스 솥 15개 - 솥 받침대 15개 - 솥 뚜껑 15개 ■ 전기/설치 안내 전원: 3상 전원(현장 전압 확인 필수) / 단상 220V 불가 권장 차단기/케이블(참고): 15~20구 → 차단기 50A, 케이블 10sq 권장 설치: 메인 분전반 여유 차단기 확인 → 없을 경우 보조 분전함 추가 후 연결 권장 필요 시, 설치/전기 기사 기본 상담 도와드립니다. ■ 특징 인덕션 방식으로 빠른 가열과 안정적인 화력 유지 조리 시 온도 조절이 정밀하고 에너지 절감 효과 튼튼하고 깔끔한 디자인, 매장 분위기까지 살림 낱개 부품 교체 가능, 관리와 유지보수 편리 제조사 보증 가능 (조건 협의) ■ 거래 안내 위치: 김포 거래: 직거래(수도권 환영) / 화물·택배 가능(포장 안전하게 진행) 가격: 부가세 별도 문의: 채팅 우선 / 안심번호 공 5 공 6 7 1 8 2 3 1 7 ■ 추가 서비스(선택) 간단 사용 가이드 제공 렌탈/리스 상담 가능(원하실 경우 조건 안내) 📷 실제 제품 사진과 상세페이지 이미지는 첨부 파일 참고 부탁드립니다."
joonggonara,cuckoo_rice_cooker_products.csv,223117117,쿠쿠 밥솥,제품군 공통,치치쿠쿠 업소용 인덕션 솥밥기계 8구 세트｜전시품 미사용 새제품｜직거래/화물 가능,1440000,거래 목적 불일치,200,https://web.joongna.com/product/223117117,"치치쿠쿠 업소용 인덕션 솥밥기계 8구 세트｜직거래/화물 가능 합리적 가격·검증된 품질의 업소용 인덕션 솥밥기계 8구 판매합니다. ■ 판매가격 상기 견적은 부가세별도 가격입니다. ■ 제품 개요 모델: 인덕션 솥밥기계 8구 세트 상태: 시운전급/양호 구성: 본체(8구), [솥/뚜껑/압력뚜껑/선반 포함] 사용 용도: 한식당/솥밥 전문점/단체 급식/프랜차이즈 등 ■ 구성품 전체 포함 - 선반 2열 4단 1대 - 인덕션 8개 - 1인 압력뚜껑 8개 - 1인 스테인리스 솥 8개 - 솥 받침대 8개 - 솥 뚜껑 8개 ■ 전기/설치 안내 전원: 3상 전원(현장 전압 확인 필수) / 단상 220V 불가 권장 차단기/케이블(참고): 12~8구 → 차단기 40A, 케이블 6sq 권장 설치: 메인 분전반 여유 차단기 확인 → 없을 경우 보조 분전함 추가 후 연결 권장 필요 시, 설치/전기 기사 기본 상담 도와드립니다. ■ 특징 인덕션 방식으로 빠른 가열과 안정적인 화력 유지 조리 시 온도 조절이 정밀하고 에너지 절감 효과 튼튼하고 깔끔한 디자인, 매장 분위기까지 살림 낱개 부품 교체 가능, 관리와 유지보수 편리 제조사 보증 가능 (조건 협의) ■ 거래 안내 위치: 김포 거래: 직거래(수도권 환영) / 화물·택배 가능(포장 안전하게 진행) 가격: 부가세 별도 문의: 채팅 우선 / 안심번호 공 5 공 6 7 1 8 2 3 1 7 ■ 추가 서비스(선택) 간단 사용 가이드 제공 렌탈/리스 상담 가능(원하실 경우 조건 안내) 📷 실제 제품 사진과 상세페이지 이미지는 첨부 파일 참고 부탁드립니다."
joonggonara,cuckoo_rice_cooker_products.csv,219975156,쿠쿠 밥솥,제품군 공통,치치쿠쿠 업소용 인덕션 솥밥기계 12구 세트｜전시품 미사용 새제품｜직거래/화물 가능,1920000,거래 목적 불일치,200,https://web.joongna.com/product/219975156,"치치쿠쿠 업소용 인덕션 솥밥기계 12구 세트｜직거래/화물 가능 합리적 가격·검증된 품질의 업소용 인덕션 솥밥기계 12구 판매합니다. ■ 판매가격 상기 견적은 부가세별도 가격입니다. ■ 제품 개요 모델: 인덕션 솥밥기계 12구 세트 상태: 시운전급/양호 구성: 본체(12구), [솥/뚜껑/압력뚜껑/선반 포함] 사용 용도: 한식당/솥밥 전문점/단체 급식/프랜차이즈 등 ■ 구성품 전체 포함 - 선반 3열 4단 1대 - 인덕션 12개 - 1인 압력뚜껑 12개 - 1인 스테인리스 솥 12개 - 솥 받침대 12개 - 솥 뚜껑 12개 ■ 전기/설치 안내 전원: 3상 전원(현장 전압 확인 필수) / 단상 220V 불가 권장 차단기/케이블(참고): 12~8구구 → 차단기 40A, 케이블 6sq 권장 설치: 메인 분전반 여유 차단기 확인 → 없을 경우 보조 분전함 추가 후 연결 권장 필요 시, 설치/전기 기사 기본 상담 도와드립니다. ■ 특징 인덕션 방식으로 빠른 가열과 안정적인 화력 유지 조리 시 온도 조절이 정밀하고 에너지 절감 효과 튼튼하고 깔끔한 디자인, 매장 분위기까지 살림 낱개 부품 교체 가능, 관리와 유지보수 편리 제조사 보증 가능 (조건 협의) ■ 거래 안내 위치: 김포 거래: 직거래(수도권 환영) / 화물·택배 가능(포장 안전하게 진행) 가격: 부가세 별도 문의: 채팅 우선 / 안심번호 공 5 공 6 7 1 8 2 3 1 7 ■ 추가 서비스(선택) 간단 사용 가이드 제공 렌탈/리스 상담 가능(원하실 경우 조건 안내) 📷 실제 제품 사진과 상세페이지 이미지는 첨부 파일 참고 부탁드립니다."
joonggonara,cuckoo_rice_cooker_products.csv,223117475,쿠쿠 밥솥,제품군 공통,치치쿠쿠 업소용 인덕션 솥밥기계 6구 세트｜전시품 미사용 새제품｜직거래/화물 가능,1200000,거래 목적 불일치,200,https://web.joongna.com/product/223117475,"치치쿠쿠 업소용 인덕션 솥밥기계 6구 세트｜직거래/화물 가능 합리적 가격·검증된 품질의 업소용 인덕션 솥밥기계 6구 판매합니다. ■ 판매가격 상기 견적은 부가세별도 가격입니다. ■ 제품 개요 모델: 인덕션 솥밥기계 6구 세트 상태: 시운전급/양호 구성: 본체(6구), [솥/뚜껑/압력뚜껑/선반 포함] 사용 용도: 한식당/솥밥 전문점/단체 급식/프랜차이즈 등 ■ 구성품 전체 포함 - 선반 2열 4단 1대 - 인덕션 6개 - 1인 압력뚜껑 6개 - 1인 스테인리스 솥 6개 - 솥받침대 6개 - 솥뚜껑 6개 ■ 전기/설치 안내 전원: 분전함에서 차단기 연결 / 단상 220V 불가 권장 차단기/케이블(참고): 인덕션 한 개에 누전차단기 30A 1개 단독 연결 설치: 메인 분전반 여유 차단기 확인 → 없을 경우 보조 분전함 추가 후 연결 권장 필요 시, 설치/전기 기사 기본 상담 도와드립니다. ■ 특징 인덕션 방식으로 빠른 가열과 안정적인 화력 유지 조리 시 온도 조절이 정밀하고 에너지 절감 효과 튼튼하고 깔끔한 디자인, 매장 분위기까지 살림 낱개 부품 교체 가능, 관리와 유지보수 편리 제조사 보증 가능 (조건 협의) ■ 거래 안내 위치: 김포 거래: 직거래(수도권 환영) / 화물·택배 가능(포장 안전하게 진행) 가격: 부가세 별도 문의: 채팅 우선 / 안심번호 공 5 공 6 7 1 8 2 3 1 7 ■ 추가 서비스(선택) 간단 사용 가이드 제공 렌탈/리스 상담 가능(원하실 경우 조건 안내) 📷 실제 제품 사진과 상세페이지 이미지는 첨부 파일 참고 부탁드립니다."
joonggonara,cuckoo_rice_cooker_products.csv,223117301,쿠쿠 밥솥,제품군 공통,치치쿠쿠 업소용 인덕션 솥밥기계 4구 세트｜전시품 미사용 새제품｜직거래/화물 가능,880000,거래 목적 불일치,200,https://web.joongna.com/product/223117301,"치치쿠쿠 업소용 인덕션 솥밥기계 4구 세트｜직거래/화물 가능 합리적 가격·검증된 품질의 업소용 인덕션 솥밥기계 4구 판매합니다. ■ 판매가격 상기 견적은 부가세별도 가격입니다. ■ 제품 개요 모델: 인덕션 솥밥기계 4구 세트 상태: 시운전급/양호 구성: 본체(4구), [솥/뚜껑/압력뚜껑/선반 포함] 사용 용도: 한식당/솥밥 전문점/단체 급식/프랜차이즈 등 ■ 구성품 전체 포함 - 선반 2열 4단 1대 - 인덕션 4개 - 1인 압력뚜껑 4개 - 1인 스테인리스 솥 4개 - 나무 받침대 4개 - 스테인리스 뚜껑 4개 ■ 전기/설치 안내 전원: 분전함에서 차단기 연결 / 단상 220V 불가 권장 차단기/케이블(참고): 인덕션 한 개에 누전차단기 30A 1개 단독 연결 설치: 메인 분전반 여유 차단기 확인 → 없을 경우 보조 분전함 추가 후 연결 권장 필요 시, 설치/전기 기사 기본 상담 도와드립니다. ■ 특징 인덕션 방식으로 빠른 가열과 안정적인 화력 유지 조리 시 온도 조절이 정밀하고 에너지 절감 효과 튼튼하고 깔끔한 디자인, 매장 분위기까지 살림 낱개 부품 교체 가능, 관리와 유지보수 편리 제조사 보증 가능 (조건 협의) ■ 거래 안내 위치: 김포 거래: 직거래(수도권 환영) / 화물·택배 가능(포장 안전하게 진행) 가격: 부가세 별도 문의: 채팅 우선 / 안심번호 공 5 공 6 7 1 8 2 3 1 7 ■ 추가 서비스(선택) 간단 사용 가이드 제공 렌탈/리스 상담 가능(원하실 경우 조건 안내) 📷 실제 제품 사진과 상세페이지 이미지는 첨부 파일 참고 부탁드립니다."
joonggonara,cuckoo_rice_cooker_products.csv,221421225,쿠쿠 밥솥,제품군 공통,치치쿠쿠 업소용 인덕션 솥밥기계 8구 세트 판매합니다. (전시품 미사용/새제품),1440000,검색어 오탐/타제품,200,https://web.joongna.com/product/221421225,"📦 치치쿠쿠 업소용 인덕션 솥밥기계 8구 세트 (미사용/새제품) 판매합니다! 업장에서 바로 사용 가능한 대용량 모델로, 이번에 입고된 **미사용 새제품**입니다. 식당, 한식 전문점, 프랜차이즈 매장 등에서 활용도가 높습니다. ✅ 가격 상기 가격은 부가세 별도 금액입니다. 📦 구성품 (8구 세트) - 인덕션 본체 8개 - 1인용 압력뚜껑 8개 - 1인용 스테인리스 솥 8개 - 나무 받침대 8개 - 스테인리스 뚜껑 8개 - 8구선반 : 580 x 340 x 1420 ✅ 제품 특징 - 인덕션 방식으로 화력 안정성과 에너지 효율이 뛰어남 - 깔끔한 디자인과 내구성 우수 - 업장에서 설치 후 바로 사용 가능 - 제조사 보증 가능(조건 협의) - 부가세 별도 금액입니다. - 추가 구성품도 구매 가능합니다. (1인솥,솥뚜껑,솥받침) 🚚 배송/거래 안내 위치: 김포 거래: 직거래(수도권) / 화물·택배 가능(안전 포장) 가격: [가격] (부가세 별도) - **일반 택배 불가 / 화물배송만 가능 (비용 별도 협의)** - 서울·경기 직거래 가능 - 지방은 지역에 따라 화물배송 협의 가능 📞 문의: 050 안심번호 사용 (연락 시 편하게 문자 남겨주세요) 공 5 공 6 7 1 8 2 3 1 7 📷 실제 제품 사진과 상세페이지 이미지는 첨부 파일 참고 부탁드립니다."
joonggonara,cuckoo_rice_cooker_products.csv,221421314,쿠쿠 밥솥,제품군 공통,치치쿠쿠 업소용 인덕션 솥밥기계 6구 세트 판매합니다. (전시품 미사용/새제품),1200000,검색어 오탐/타제품,200,https://web.joongna.com/product/221421314,"📦 치치쿠쿠 업소용 인덕션 솥밥기계 6구 세트 (미사용/새제품) 판매합니다! 업장에서 바로 사용 가능한 대용량 모델로, 이번에 입고된 **미사용 새제품**입니다. 식당, 한식 전문점, 프랜차이즈 매장 등에서 활용도가 높습니다. ✅ 가격 상기 가격은 부가세 별도 금액입니다. 📦 구성품 (6구 세트) - 인덕션 본체 6개 - 1인용 압력뚜껑 6개 - 1인용 스테인리스 솥 6개 - 나무 받침대 6개 - 스테인리스 뚜껑 6개 - 8구선반 : 580 x 340 x 1420 ✅ 제품 특징 - 인덕션 방식으로 화력 안정성과 에너지 효율이 뛰어남 - 깔끔한 디자인과 내구성 우수 - 업장에서 설치 후 바로 사용 가능 - 제조사 보증 가능(조건 협의) - 부가세 별도 금액입니다. - 추가 구성품도 구매 가능합니다. (1인솥,솥뚜껑,솥받침) 🚚 배송/거래 안내 위치: 김포 거래: 직거래(수도권) / 화물·택배 가능(안전 포장) 가격: [가격] (부가세 별도) - **일반 택배 불가 / 화물배송만 가능 (비용 별도 협의)** - 서울·경기 직거래 가능 - 지방은 지역에 따라 화물배송 협의 가능 📞 문의: 050 안심번호 사용 (연락 시 편하게 문자 남겨주세요) 공 5 공 6 7 1 8 2 3 1 7 📷 실제 제품 사진과 상세페이지 이미지는 첨부 파일 참고 부탁드립니다."
joonggonara,cuckoo_rice_cooker_products.csv,221421344,쿠쿠 밥솥,제품군 공통,치치쿠쿠 업소용 인덕션 솥밥기계 4구 세트 판매합니다. (전시품 미사용/새제품),880000,검색어 오탐/타제품,200,https://web.joongna.com/product/221421344,"📦 치치쿠쿠 업소용 인덕션 솥밥기계 6구 세트 (미사용/새제품) 판매합니다! 업장에서 바로 사용 가능한 대용량 모델로, 이번에 입고된 **미사용 새제품**입니다. 식당, 한식 전문점, 프랜차이즈 매장 등에서 활용도가 높습니다. ✅ 가격 상기 가격은 부가세 별도 금액입니다. 📦 구성품 (4구 세트) - 인덕션 본체 4개 - 1인용 압력뚜껑 4개 - 1인용 스테인리스 솥 4개 - 나무 받침대 4개 - 스테인리스 뚜껑 4개 - 8구선반 : 580 x 340 x 1420 ✅ 제품 특징 - 인덕션 방식으로 화력 안정성과 에너지 효율이 뛰어남 - 깔끔한 디자인과 내구성 우수 - 업장에서 설치 후 바로 사용 가능 - 제조사 보증 가능(조건 협의) - 부가세 별도 금액입니다. - 추가 구성품도 구매 가능합니다. (1인솥,솥뚜껑,솥받침) 🚚 배송/거래 안내 위치: 김포 거래: 직거래(수도권) / 화물·택배 가능(안전 포장) 가격: [가격] (부가세 별도) - **일반 택배 불가 / 화물배송만 가능 (비용 별도 협의)** - 서울·경기 직거래 가능 - 지방은 지역에 따라 화물배송 협의 가능 📞 문의: 050 안심번호 사용 (연락 시 편하게 문자 남겨주세요) 공 5 공 6 7 1 8 2 3 1 7 📷 실제 제품 사진과 상세페이지 이미지는 첨부 파일 참고 부탁드립니다."
joonggonara,cuckoo_rice_cooker_products.csv,222955359,쿠쿠 밥솥,전기보온밥솥_6인용,고장난 쿠쿠 6인용 IH 전기밥솥,25000,부품/고장품,not_requested,https://web.joongna.com/product/222955359,
joonggonara,cuckoo_rice_cooker_products.csv,220721058,쿠쿠 밥솥,제품군 공통,치치쿠쿠 업소용 인덕션 솥밥기계 20구 세트 판매합니다. (전시용/미사용제품),2800000,검색어 오탐/타제품,200,https://web.joongna.com/product/220721058,"📦 치치쿠쿠 업소용 인덕션 솥밥기계 20구 세트 (전시용 미사용/새제품) 판매합니다! 손님이 많은 업장에 최적화된 **20구 대용량 모델**입니다. 이번에 입고된 **미사용 새제품**으로, 설치 후 바로 영업에 투입 가능합니다. 백반집, 한식 전문점, 대형 프랜차이즈 매장 등에서 효율적으로 활용할 수 있습니다. ✅ 가격 상기 가격은 부가세 별도 금액입니다. --- 📦 구성품 (20구 세트) - 인덕션 본체 20개 - 1인용 압력뚜껑 20개 - 1인용 스테인리스 솥 20개 - 나무 받침대 20개 - 스테인리스 뚜껑 20개 - **20구 전용 선반 :1250 x 340 x 1420(mm)** --- ✅ 제품 특징 - 인덕션 방식으로 빠른 가열과 안정적 화력 유지 - 내구성 높은 스테인리스 구조, 깔끔한 디자인 - 다수 손님 대응에 유리한 대용량 모델 - 부품 단위 교체 가능 → 관리·유지보수 편리 - 제조사 보증 가능 (조건 협의) - 부가세 별도 금액입니다. - 추가 구성품도 구매 가능합니다. (1인솥,솥뚜껑,솥받침) --- 🚚 배송/거래 안내 위치: 김포 거래: 직거래(수도권) / 화물·택배 가능(안전 포장) 가격: [가격] (부가세 별도) - **일반 택배 불가 / 화물배송만 가능 (비용 별도 협의)** - 서울·경기 직거래 가능 - 지방은 지역에 따라 화물배송 협의 가능 --- 📞 문의 - 050 안심번호 사용 (연락 시 문자 남겨주시면 빠르게 회신드립니다) 📱 공5공 67182317 --- 📷 실제 제품 사진과 상세페이지 이미지는 첨부 파일 참고 부탁드립니다. 상품 등록 정책에 위배되어 마스킹 처리된 정보가 있습니다."
joonggonara,cuckoo_rice_cooker_products.csv,220721161,쿠쿠 밥솥,제품군 공통,치치쿠쿠 업소용 인덕션 솥밥기계 15구 세트 판매합니다. (전시품 미사용/ 새제품),2250000,검색어 오탐/타제품,200,https://web.joongna.com/product/220721161,"📦 치치쿠쿠 업소용 인덕션 솥밥기계 15구 세트 (미사용/새제품) 판매합니다! 손님이 많은 업장에 최적화된 **15구 대용량 모델**입니다. 이번에 입고된 **미사용 새제품**으로, 설치 후 바로 영업에 투입 가능합니다. 백반집, 한식 전문점, 대형 프랜차이즈 매장 등에서 효율적으로 활용할 수 있습니다. --- ✅ 가격 상기 가격은 부가세 별도 금액입니다. 📦 구성품 (15구 세트) - 인덕션 본체 15개 - 1인용 압력뚜껑 15개 - 1인용 스테인리스 솥 15개 - 나무 받침대 15개 - 스테인리스 뚜껑 15개 - **20구 전용 선반 : 1250 × 340 × 1420 (mm)** --- ✅ 제품 특징 - 인덕션 방식으로 빠른 가열과 안정적 화력 유지 - 내구성 높은 스테인리스 구조, 깔끔한 디자인 - 다수 손님 대응에 유리한 대용량 모델 - 부품 단위 교체 가능 → 관리·유지보수 편리 - 제조사 보증 가능 (조건 협의) - 부가세 별도 금액입니다. - 추가 구성품도 구매 가능합니다. (1인솥,솥뚜껑,솥받침) --- 🚚 배송/거래 안내 위치: 김포 거래: 직거래(수도권) / 화물·택배 가능(안전 포장) 가격: [가격] (부가세 별도) - **일반 택배 불가 / 화물배송만 가능 (비용 별도 협의)** - 서울·경기 직거래 가능 - 지방은 지역에 따라 화물배송 협의 가능 --- 📞 문의 - 050 안심번호 사용 (연락 시 문자 남겨주시면 빠르게 회신드립니다) 📱공 5 공 6 7 1 8 2 3 1 7 --- 📷 실제 제품 사진과 상세페이지 이미지는 첨부 파일 참고 부탁드립니다. 상품 등록 정책에 위배되어 마스킹 처리된 정보가 있습니다."
joonggonara,cuckoo_rice_cooker_products.csv,200477809,쿠쿠 밥솥,IH압력밥솥,쿠쿠 IH 압력밥솥 부품용,20000,부품/고장품,not_requested,https://web.joongna.com/product/200477809,
joonggonara,cuckoo_rice_cooker_products.csv,221546696,쿠쿠 밥솥,전기보온밥솥_6인용,쿠쿠 고장난 6인용 전기밥솥 팝니다.,50000,부품/고장품,not_requested,https://web.joongna.com/product/221546696,
joonggonara,cuckoo_rice_cooker_products.csv,221777995,쿠쿠 밥솥,IH압력밥솥_6인용,쿠쿠 6인용 IH 전기밥솥,123456,가격 무효/자리표시,200,https://web.joongna.com/product/221777995,쿠쿠 스마트 IH 압력밥솥 DHS068FD 모델입니다 - 풀 스테인리스 ECO 제품으로 위생적입니다 - IH 기술로 밥맛이 좋습니다 - 2019년 3월 제조되었습니다 - 6인용입니다 구입후 몇 번 사용하지 않아 년식은 있지만 새것 같은 중고입니다 고무패킹 및 내솥 모두 새것과 마찬가지로 상태가 좋습니다 검수후 내놓습니다 밥 잘되고 기능에 이상없습니다 구입후 환불불가하니 신중히 선택해 주세요 택배시 (택배비 5천원) 별도 직거래시 (인천 미추홀구 도화2.3동)입니다
joonggonara,cuckoo_rice_cooker_products.csv,219231745,쿠쿠 밥솥,제품군 공통,쿠쿠 10인용 밥솥 (우체국운포) 내용필독,37000,부품/고장품,200,https://web.joongna.com/product/219231745,"쿠쿠 10인용이며 취사되는것 확인했으나 보온 이 안되고 오작동이 반복됩니다 고장이니 그냥 부품용으로 쓰실분이 구매하세요 수리하셔서 쓰셔도 되고요 20년 09월식이고 음성은 잘나 오며 부착물유실 파손 없습니다 외관은 상태좋 으며 내솥은 없습니다 우체국운임 포함입니다. ※ 사진의 내솥은 취사시연용으로 실제는 포함 되지 않습니다. ※ 고장부품용, 내솥없음 (숙지하세요~) ﻿°안전거래 로만 판매하며, 결제하시면 포장잘해서 우체국택배로 보내드립니다 직거래 원하시면 다른 것을 구매하시고 직거래문의시 답변하지 않습니다. °결제 하셨다가 취소요청 하실경우 판매자에게 상당한 피해가 될수있고, 부득이 취소수락이 늦어질수 있으므로 신중한구매 부탁 드립니다. °문의없이 그냥 결제하셔도 수시로 확인하니 알아 서 발송해 드립니다 오전 7시전 주문은 당일 발송 해 드리고, 이후는 익일 발송됩니다 사정상 예약을 통해 방문택배를 이용해서 그렇습니다 휴일이나 주 말 안끼면, 결제후 늦어도 이틀안에는 받으십니다. 《수령후 확인해보시고 가급적 신속한 '구매확정' 부탁 드립니다~》"
joonggonara,cuckoo_rice_cooker_products.csv,218572478,쿠쿠 밥솥,전기압력밥솥_10인용,쿠쿠 압력밥솥 GHXB1010FD 10인용,0,가격 무효/자리표시,200,https://web.joongna.com/product/218572478,쿠쿠 압력밥솥 판매합니다~ 모델명은 GHXB1010FD입니다 생활 스크래치 감안해주세요! 내솥은 따로 구입하셔야해요
joonggonara,cuckoo_rice_cooker_products.csv,218292921,쿠쿠 밥솥,제품군 공통,치치쿠쿠 업소용 인덕션 솥밥기계 9구 세트 판매합니다. (전시품 미사용 / 새제품),1530000,검색어 오탐/타제품,200,https://web.joongna.com/product/218292921,"📦 치치쿠쿠 업소용 인덕션 솥밥기계 9구 세트 (미사용/새제품) 판매합니다! **소규모 업장에 딱 맞는 9구 세트 모델**입니다. 이번에 입고된 **미사용 새제품**으로, 설치만 하면 바로 영업에 활용할 수 있습니다. 한식당, 백반집, 분식·소규모 전문점 등 다양한 업소에서 효율적으로 사용할 수 있습니다. --- ✅ 가격 상기 가격은 부가세 별도 금액입니다. 📦 구성품 (9구 세트) - 인덕션 본체 9개 - 1인용 압력뚜껑 9개 - 1인용 스테인리스 솥 9개 - 나무 받침대 9개 - 스테인리스 뚜껑 9개 - **9구 전용 선반 : 800 × 340 × 1420 (mm)** --- ✅ 제품 특징 - 인덕션 방식으로 빠르고 안정적인 화력 구현 - 공간 활용이 뛰어난 실속형 구성 - 소규모 매장에도 잘 어울리는 최적 사이즈 - 내구성 우수 & 관리 편리 - 제조사 보증 가능 (조건 협의) - 부가세 별도 금액입니다. - 추가 구성품도 구매 가능합니다. (1인솥,솥뚜껑,솥받침) --- 🚚 배송/거래 안내 위치: 김포 거래: 직거래(수도권) / 화물·택배 가능(안전 포장) 가격: [가격] (부가세 별도) - **일반 택배 불가 / 화물배송만 가능 (비용 별도 협의)** - 서울·경기 직거래 가능 - 지방은 지역에 따라 화물배송 협의 가능 --- 📞 문의 - 050 안심번호 사용 (연락 시 문자 남겨주시면 빠르게 회신드립니다) 📱 공5공 6718 2317 --- 📷 실제 제품 사진과 상세페이지 이미지는 첨부 파일 참고 부탁드립니다."
joonggonara,cuckoo_rice_cooker_products.csv,217226004,쿠쿠 밥솥,제품군 공통,치치쿠쿠 업소용 인덕션 솥밥기계 12구 세트 판매합니다. (전시품 미사용/새제품),1920000,검색어 오탐/타제품,200,https://web.joongna.com/product/217226004,"📦 치치쿠쿠 업소용 인덕션 솥밥기계 12구 세트 (미사용/새제품) 판매합니다! 업장에서 바로 사용 가능한 대용량 모델로, 이번에 입고된 **미사용 새제품**입니다. 식당, 한식 전문점, 프랜차이즈 매장 등에서 활용도가 높습니다. ✅ 가격 상기 가격은 부가세 별도 금액입니다. 📦 구성품 (12구 세트) - 인덕션 본체 12개 - 1인용 압력뚜껑 12개 - 1인용 스테인리스 솥 12개 - 나무 받침대 12개 - 스테인리스 뚜껑 12개 - 12구선반 : 800*340*1420 ✅ 제품 특징 - 인덕션 방식으로 화력 안정성과 에너지 효율이 뛰어남 - 깔끔한 디자인과 내구성 우수 - 업장에서 설치 후 바로 사용 가능 - 제조사 보증 가능(조건 협의) - 부가세 별도 금액입니다. - 추가 구성품도 구매 가능합니다. (1인솥,솥뚜껑,솥받침) 🚚 배송/거래 안내 위치: 김포 거래: 직거래(수도권) / 화물·택배 가능(안전 포장) 가격: [가격] (부가세 별도) - **일반 택배 불가 / 화물배송만 가능 (비용 별도 협의)** - 서울·경기 직거래 가능 - 지방은 지역에 따라 화물배송 협의 가능 📞 문의: 050 안심번호 사용 (연락 시 편하게 문자 남겨주세요) 공 5 공 6 7 1 8 2 3 1 7 📷 실제 제품 사진과 상세페이지 이미지는 첨부 파일 참고 부탁드립니다."
joonggonara,dyson_vacuum_products.csv,231652666,다이슨 청소기,V8,부품용 다이슨 무선 청소기 V8(10분 연속동작)-개별판매,54321,부품/고장품,not_requested,https://web.joongna.com/product/231652666,
joonggonara,dyson_vacuum_products.csv,231671538,다이슨 청소기,V7,"부품용 다이슨 V7, V8 무선 청소기 싸이클론과 먼지통 - 하자있슴.",15000,부품/고장품,not_requested,https://web.joongna.com/product/231671538,
joonggonara,dyson_vacuum_products.csv,231836856,다이슨 청소기,V11,다이슨 무선청소기V11 본체 부품용,45000,부품/고장품,not_requested,https://web.joongna.com/product/231836856,
joonggonara,dyson_vacuum_products.csv,231329957,다이슨 청소기,V8,부품용>> 다이슨 무선 청소기 V8 처분 (배터리 방전),32000,부품/고장품,not_requested,https://web.joongna.com/product/231329957,
joonggonara,dyson_vacuum_products.csv,231481673,다이슨 청소기,V7,"부품용 다이슨 V7, V8 무선 청소기 싸이클론과 먼지통 - 하자있슴.",15000,부품/고장품,not_requested,https://web.joongna.com/product/231481673,
joonggonara,dyson_vacuum_products.csv,231374790,다이슨 청소기,V8,부품용 다이슨 무선 청소기 V8(10분 연속동작) - 개별판매 가능,54321,부품/고장품,not_requested,https://web.joongna.com/product/231374790,
joonggonara,dyson_vacuum_products.csv,231870216,다이슨 청소기,제품군 공통,다이슨무선청소기 본체 부품용,20000,부품/고장품,404,https://web.joongna.com/product/231870216,
joonggonara,dyson_vacuum_products.csv,229705349,다이슨 청소기,V6,다이슨 V6 무선청소기 본체만,28000,불완전상품,not_requested,https://web.joongna.com/product/229705349,
joonggonara,dyson_vacuum_products.csv,231857969,다이슨 청소기,V10,다이슨 V10 무선 청소기 부품용,40000,부품/고장품,not_requested,https://web.joongna.com/product/231857969,
joonggonara,dyson_vacuum_products.csv,231839649,다이슨 청소기,V10,다이슨 v10 무선청소기 부품용 본체,30000,부품/고장품,not_requested,https://web.joongna.com/product/231839649,
joonggonara,dyson_vacuum_products.csv,229818766,다이슨 청소기,제품군 공통,"다이슨 공기청정 선풍기, 미홀 로봇청소기",275000,검색어 오탐/타제품,200,https://web.joongna.com/product/229818766,"다이슨 TP04 , 미홀 M8 로봇청소기 모델 -TP04 : 사진과 같은 컨디션으로 호환 리모컨 새거 있어요. 필터는 그냥 쓰셔두 새필터 추가판매 -미홀 로봇 : 사용감 있으나 세척하면서 썼어요. 추가 소모품은 구비하시면 됩니다.박스제공 배송협의"
joonggonara,dyson_vacuum_products.csv,231782756,다이슨 청소기,V10,다이슨 청소기 배터리팩 4개,10000,부품/고장품,200,https://web.joongna.com/product/231782756,"다이슨 무선 청소기용 배터리팩 4개입니다. 사진에서 보시는 것처럼 다양한 모델에 호환되는 배터리팩으로 구성되어 있습니다. 다이슨 v10: 1개 다이슨 v8: 2개 다이슨 v6: 1개 V10, V8 배터리 2개는 아직 사용 가능한 것 같습니다. 총 4개를 고장난 배터리 가격으로 묶어서 1만원에 판매합니다. 필요하신 분은 연락 주세요. 직거래: 당진버스터미널 근처 택배 가능합니다. 문의 없으면 안전결제 부탁드립니다"
joonggonara,dyson_vacuum_products.csv,230327596,다이슨 청소기,제품군 공통,다이슨 청소기 장난감,35000,장난감/모형,200,https://web.joongna.com/product/230327596,다이슨 장난감 청소기 구성품 그대로 있구 작동은 잘 됩니다.ㅎ
joonggonara,dyson_vacuum_products.csv,231239715,다이슨 청소기,V8,다이슨 V8 무선 청소기 본체만,40000,불완전상품,not_requested,https://web.joongna.com/product/231239715,
joonggonara,dyson_vacuum_products.csv,216951697,다이슨 청소기,V7,[새상품] 다이슨 청소기 트리거 고정쇠,500,가격 무효/자리표시,200,https://web.joongna.com/product/216951697,"다이슨 청소기 트리거 고정쇠 레드, 그레이 컬러 2종 *다이슨 V7~V15 호환 가능합니다 **트리거 고정쇠 장착 시, 트리거를 계속 당기지 않아도 청소가 가능해 손가락에 무리가 가지 않습니다 여러개 구매 가능하며 반값 택배도 가능합니다"
joonggonara,dyson_vacuum_products.csv,229049102,다이슨 청소기,V8,"다이슨 v8용 거치대와 충전기, 청소툴",30000,액세서리/소모품 단품,not_requested,https://web.joongna.com/product/229049102,
joonggonara,dyson_vacuum_products.csv,231018218,다이슨 청소기,SV33,부품용 다이슨 sv33 소형무선 청소기 본체,20000,부품/고장품,not_requested,https://web.joongna.com/product/231018218,
joonggonara,dyson_vacuum_products.csv,229724770,다이슨 청소기,V8,다이슨 V8 청소해드와 충전기그리고 청소툴 일괄판매,55000,액세서리/소모품 단품,not_requested,https://web.joongna.com/product/229724770,
joonggonara,dyson_vacuum_products.csv,230241687,다이슨 청소기,V11,고장 다이슨v11 청소기 본체만,50000,불완전상품,not_requested,https://web.joongna.com/product/230241687,
joonggonara,dyson_vacuum_products.csv,230187301,다이슨 청소기,제품군 공통,다이슨 청소기 장난감,15000,장난감/모형,200,https://web.joongna.com/product/230187301,다이슨 청소기 장난감 아이들이 좋아하는 다이슨 청소기 장난감이에요 실제 청소기처럼 생긴 디자인으로 아이들의 흥미를 유발해요 구성품 모두 사진에 나와있어요 청소 놀이를 좋아하는 아이에게 선물하기 좋아요 사진에 보이는 구성품이 전부입니다~ 작동(??) 소리 잘 나요😅
joonggonara,dyson_vacuum_products.csv,230130539,다이슨 청소기,V10,다이슨 청소기 (부품용),80000,부품/고장품,200,https://web.joongna.com/product/230130539,V10 손가락받침 떨어져 없음 * 본체 상단에 땜빵 있음 * 배터리가 다 된것 같아요 (-->충전하면 현재 작동은 되는데 오래가지는 않고 작동끌때 피웅~ 소리 납니다 ) * 주름고무 터진곳 있음 * 필터 손잡이 파손 * 배터리 사망 충전안됨 * 부품용으로 쓰실분 구매해주세요~~~ --> 사진에 있는거 모두 다해서 택배포함 가격 입니다
joonggonara,dyson_vacuum_products.csv,229924618,다이슨 청소기,V6,(DYSON) 다이슨 무선 청소기 배터리,10000,부품/고장품,200,https://web.joongna.com/product/229924618,방전된 다이슨 배터리 입니다. V6 (SV09) / V8 (SV10) / V10 (호환) 입니다. 제품 구성품 및 상태는 사진과 같고 파손 없습니다. 부품용 / 수리용으로만 꼭 구매하세요. 중고가전제품 특성상 직접 제품 확인후 꼭 구매하세요. 일괄판매 이며 가격흥정은 하지 않습니다. 중고이며 확인후에 구매했으므로 기타이유/사용감/고장/판매글미숙지등등 구매후 교환이나 환불은 불가입니다.
joonggonara,dyson_vacuum_products.csv,206252455,다이슨 청소기,V10,다이슨청소기 v10먼지통.하우징.v11싸이클론,12345,가격 무효/자리표시,200,https://web.joongna.com/product/206252455,"📢 제목에 ""제조사/ 브랜드 명""과 ""상품명(ex. 3000시리즈 전동 면도기)”을 넣어 작성하면, 보다 빠른 판매가 가능합니다! 📢 게시글 작성 시 배송 방법에 “직거래”와 “내 위치” 설정할 경우, 보다 빠른 판매가 가능합니다! v10메인모터 부품용 작동안됨 4천원 v10 하우징 20000원 .v11 싸이클론 20000원 v10.v11 고토크모터헤드 30000원 v10 먼지통 12000원 v10 롱버젼 먼지통 15000원 v10.v11 정품충전기 20000원 직거래 는 용인 동백지구 택배거래시 4천원추가 ㅇ10 519ㅇ 구162"
joonggonara,dyson_vacuum_products.csv,229375376,다이슨 청소기,V10,다이슨 V10 무선청소기 부품용,75000,부품/고장품,not_requested,https://web.joongna.com/product/229375376,
joonggonara,dyson_vacuum_products.csv,216951733,다이슨 청소기,V6,[새상품] 다이슨 청소기 헤파필터 (V6 ~ V15),1000,가격 무효/자리표시,200,https://web.joongna.com/product/216951733,"다이슨 청소기 헤파필터 호환 모델 : V6 V7 V8 V11 V12 V15 (V6 ~V15) *호환 불가 시, 환불해드립니다. 먼지를 걸러내기 위해 3개월마다 필터 교체 권장 드립니다 →교체가 늦어지면 흡입력 저하, 악취 발생, 세균 발생 *개당 가격 프리필터 (기다란 필터) : 품절 후면필터 V6 : 1500원 후면필터 V7, V8 : 1500원 후면필터 V10 : 품절 후면필터 V11 : 2000원 후면필터 V12 : 3000원 후면필터 V15 : 3000원 여러개 구매 가능합니다 반값택배 가능합니다"
joonggonara,dyson_vacuum_products.csv,206252455,다이슨 청소기,V10,다이슨청소기 v10먼지통.하우징.v11싸이클론,12345,가격 무효/자리표시,200,https://web.joongna.com/product/206252455,"📢 제목에 ""제조사/ 브랜드 명""과 ""상품명(ex. 3000시리즈 전동 면도기)”을 넣어 작성하면, 보다 빠른 판매가 가능합니다! 📢 게시글 작성 시 배송 방법에 “직거래”와 “내 위치” 설정할 경우, 보다 빠른 판매가 가능합니다! v10메인모터 부품용 작동안됨 4천원 v10 하우징 20000원 .v11 싸이클론 20000원 v10.v11 고토크모터헤드 30000원 v10 먼지통 12000원 v10 롱버젼 먼지통 15000원 v10.v11 정품충전기 20000원 직거래 는 용인 동백지구 택배거래시 4천원추가 ㅇ10 519ㅇ 구162"
joonggonara,dyson_vacuum_products.csv,229375376,다이슨 청소기,V10,다이슨 V10 무선청소기 부품용,75000,부품/고장품,not_requested,https://web.joongna.com/product/229375376,
joonggonara,dyson_vacuum_products.csv,216951733,다이슨 청소기,V6,[새상품] 다이슨 청소기 헤파필터 (V6 ~ V15),1000,가격 무효/자리표시,200,https://web.joongna.com/product/216951733,"다이슨 청소기 헤파필터 호환 모델 : V6 V7 V8 V11 V12 V15 (V6 ~V15) *호환 불가 시, 환불해드립니다. 먼지를 걸러내기 위해 3개월마다 필터 교체 권장 드립니다 →교체가 늦어지면 흡입력 저하, 악취 발생, 세균 발생 *개당 가격 프리필터 (기다란 필터) : 품절 후면필터 V6 : 1500원 후면필터 V7, V8 : 1500원 후면필터 V10 : 품절 후면필터 V11 : 2000원 후면필터 V12 : 3000원 후면필터 V15 : 3000원 여러개 구매 가능합니다 반값택배 가능합니다"
joonggonara,dyson_vacuum_products.csv,228412202,다이슨 청소기,V6,다이슨 v6 청소기 sv03 모터 핸들손잡이만 메인바디 본체 부품용,5000,부품/고장품,not_requested,https://web.joongna.com/product/228412202,
joonggonara,dyson_vacuum_products.csv,228725116,다이슨 청소기,제품군 공통,다이슨 청소기 헤드 툴 세트 부품용,60000,부품/고장품,200,https://web.joongna.com/product/228725116,"다이슨 청소기 헤드 툴 세트 부품 판매합니다. 틈새 브러쉬, 메인 헤드, 연장관 등 다양하게 활용 가능한 구성입니다. 기존에 쓰시던 다이슨 청소기에 호환되는지 확인 후 구매 부탁드려요! 문의 없으시면 바로 안전결제해주시면 됩니다! 본체 작동안대요 전원 안들어와요 4번 사진에 잇는거는 새거에요 한번도 사용 안햇어요 직거래 하시면 거차대도 드려요 택배는 거치대 안드려요"
joonggonara,dyson_vacuum_products.csv,228523669,다이슨 청소기,V6,다이슨 무선청소기 본체,40000,불완전상품,200,https://web.joongna.com/product/228523669,다이슨 무선청소기 V6 본체만 판매해요.사용감은 있지만 작동 잘 되고 먼지통도 깨끗한 상태입니다. 충전거치대는 포함되지 않아요. 밧데리 호환밧데리로 새로 갈았어요
joonggonara,dyson_vacuum_products.csv,219825190,다이슨 청소기,V11,다이슨무선청소기 v11메인모터 (부품용),6000,부품/고장품,not_requested,https://web.joongna.com/product/219825190,
joonggonara,dyson_vacuum_products.csv,228044411,다이슨 청소기,SV12,다이슨SV12(V10) B3A-KR-NER3258A 무선 청소기본체만팝니다,30000,불완전상품,not_requested,https://web.joongna.com/product/228044411,
joonggonara,dyson_vacuum_products.csv,228204521,다이슨 청소기,V10,무선청소기 본체만 다이슨 v10 부품용,30000,부품/고장품,not_requested,https://web.joongna.com/product/228204521,
joonggonara,dyson_vacuum_products.csv,227683037,다이슨 청소기,V8,다이슨청소기 V8 본체 부품용으로 판매합니다,35000,부품/고장품,not_requested,https://web.joongna.com/product/227683037,
joonggonara,dyson_vacuum_products.csv,227152792,다이슨 청소기,V10,다이슨청소기 V10(SV12) 본체 부품용으로 판매합니다,50000,부품/고장품,not_requested,https://web.joongna.com/product/227152792,
joonggonara,dyson_vacuum_products.csv,226975364,다이슨 청소기,V8,다이슨v8.v10.v11무선청소기 부품용 브러시,35000,부품/고장품,not_requested,https://web.joongna.com/product/226975364,
joonggonara,dyson_vacuum_products.csv,225903372,다이슨 청소기,제품군 공통,다이슨 청소기 수리.청소.매입합니다,11111,거래 목적 불일치,200,https://web.joongna.com/product/225903372,다이슨청소기 파손.모터교체.청소.매입합니다 연락주세요
joonggonara,dyson_vacuum_products.csv,227001948,다이슨 청소기,V10,다이슨청소기 V10(SV12) 본체 부품용으로 판매합니다,34000,부품/고장품,not_requested,https://web.joongna.com/product/227001948,
joonggonara,dyson_vacuum_products.csv,227149295,다이슨 청소기,V8,다이슨 V8 무선청소기 본체만(정상 작동),25000,불완전상품,not_requested,https://web.joongna.com/product/227149295,
joonggonara,dyson_vacuum_products.csv,227124356,다이슨 청소기,V11,다이슨 청소기 v11 팝니다- 고장품 -택포,60000,부품/고장품,not_requested,https://web.joongna.com/product/227124356,
joonggonara,dyson_vacuum_products.csv,226404770,다이슨 청소기,V11,다이슨 청소기 V11 메인바디 부품용,35000,부품/고장품,not_requested,https://web.joongna.com/product/226404770,
joonggonara,dyson_vacuum_products.csv,227059593,다이슨 청소기,제품군 공통,캐스돈 다이슨 청소기 장난감 택비포함,29000,장난감/모형,200,https://web.joongna.com/product/227059593,캐스돈 다이슨 청소기 장난감 입니다 새상품 구매해서 아이혼자 잘 갖고놀았습니다 택비포함 29000원 미처 확인못한 부분 있을 수 있습니다 중고거래특성상 반품환불안하오니 고려하시어 구매부탁드려요 반값택배문의사양합니다
joonggonara,dyson_vacuum_products.csv,226831168,다이슨 청소기,V8,다이슨 V8 청소기 부품용,39000,부품/고장품,not_requested,https://web.joongna.com/product/226831168,
joonggonara,dyson_vacuum_products.csv,226901491,다이슨 청소기,V6,다이슨 무선 V6 청소기 부품용,20000,부품/고장품,not_requested,https://web.joongna.com/product/226901491,
joonggonara,dyson_vacuum_products.csv,226896067,다이슨 청소기,제품군 공통,다이슨 진공청소기 청소 도구 보관가방,7000,검색어 오탐/타제품,200,https://web.joongna.com/product/226896067,다이슨 진공청소기 및 헤어드라이기 악세사리 수납하기 좋아요. 가볍고 튼튼한 소재로 제작되었습니다
joonggonara,dyson_vacuum_products.csv,219767805,다이슨 청소기,제품군 공통,[새상품]다이슨 차이슨 청소기 거치대 / 블랙,5000,검색어 오탐/타제품,200,https://web.joongna.com/product/219767805,다이슨 차이슨 청소기 거치대 전기종 호환 가능 컬러 : 블랙 화이트 색상은 품절입니다. 튼튼하고 미니멀한 디자인으로 청소기 세워두기 좋습니다 **여러개 구매 가능하며 반값 택배도 가능합니다
joonggonara,dyson_vacuum_products.csv,226351648,다이슨 청소기,DC45,다이슨 청소기 dc45 부품용으로 판매합니다 판매합니다,27000,부품/고장품,not_requested,https://web.joongna.com/product/226351648,
joonggonara,dyson_vacuum_products.csv,226501864,다이슨 청소기,V10,다이슨 v10 청소기 팝니다(부품용),80000,부품/고장품,not_requested,https://web.joongna.com/product/226501864,
joonggonara,dyson_vacuum_products.csv,226693473,다이슨 청소기,V10,다이슨 청소기 V10 부품용 본체,20000,부품/고장품,not_requested,https://web.joongna.com/product/226693473,
joonggonara,dyson_vacuum_products.csv,225277691,다이슨 청소기,제품군 공통,다이슨 무선청소기,5000,불완전상품,200,https://web.joongna.com/product/225277691,작동잘됩니다본체만싸게팔아요
joonggonara,dyson_vacuum_products.csv,222381295,다이슨 청소기,V6,다이슨 청소기 V6.7.8 부품용으로 활용하세요 필독,130000,부품/고장품,not_requested,https://web.joongna.com/product/222381295,
joonggonara,dyson_vacuum_products.csv,226309249,다이슨 청소기,V10,다이슨무선청소기 v10 메인모터 부품용,5000,부품/고장품,not_requested,https://web.joongna.com/product/226309249,
joonggonara,dyson_vacuum_products.csv,216926436,다이슨 청소기,V7,다이슨 v7/v8용 청소기 전용 흡입스테이션,300000,검색어 오탐/타제품,200,https://web.joongna.com/product/216926436,"📢 제목에 ""제조사/ 브랜드 명""과 ""상품명(ex. 3000시리즈 전동 면도기)”을 넣어 작성하면, 보다 빠른 판매가 가능합니다! 📢 게시글 작성 시 배송 방법에 “직거래”와 “내 위치” 설정할 경우, 보다 빠른 판매가 가능합니다! 큰 맘먹고 구매했는데 알고보니 모델이 달라서 설치 당시 한번만 가동해보고(설치 후 알게 되었어요 ㅠㅠ) 박스채 놔뒀습니다. 다이슨 청소기 v7/v8 모델에 사용가능하고 설치된 먼지봉투외에 새 봉투 하나 더 들어가있습니다. 청소기 먼지통 비울때 흡입기 설치해 끼우기만 하면 먼지 싹 흡입됩니다. 이사 정리로 싸게 내놓습니다. 벽설치 실리콘 스티커도 손자국이 났지만 뒤 아래 모두 들어있어서 드라이기로 녹여서 붙이면 정상화 됩니다. 구매 결정 이후 반품 불가이고 직거래시 신설동 9번출구 가능합니다. 🚨회원님의 거래 게시글을 노린 중고나라 운영진 사칭 피싱 사이트를 주의하세요🚨"
joonggonara,dyson_vacuum_products.csv,226110564,다이슨 청소기,V10,정품 다이슨 v10 무선청소기 싸이클론 집진기 필터 본체 부품용,20000,부품/고장품,not_requested,https://web.joongna.com/product/226110564,
joonggonara,dyson_vacuum_products.csv,226084287,다이슨 청소기,V11,다이슨청소기 v11부품용,95000,부품/고장품,not_requested,https://web.joongna.com/product/226084287,
joonggonara,dyson_vacuum_products.csv,217995334,다이슨 청소기,V7,다이슨 무선청소기 v7.v8.v10.v11 모든부속품,123456,가격 무효/자리표시,200,https://web.joongna.com/product/217995334,"📢 제목에 ""제조사/ 브랜드 명""과 ""상품명(ex. 3000시리즈 전동 면도기)”을 넣어 작성하면, 보다 빠른 판매가 가능합니다! 📢 게시글 작성 시 배송 방법에 “직거래”와 “내 위치” 설정할 경우, 보다 빠른 판매가 가능합니다! 다이슨무선청소기 v7.v8.v10.v11 모든부품 판매중입니다 필요한부품 문의주세요 체팅 잘못봅니다 핸드폰으로 전화나 문자주세요 미니모터헤드 8천원 미사용품 15000원 정품 싸이클론 v10.2만원 v11 2만원 v10정품 먼지통 12000원 v10.v11정품 먼지통 런너부속품 6천원 v7.v8정품 충전기 15000원 v10.v11 정품충전기 2만원 미사용품 3만원 v10.v11 도킹스테이션 v10 1만원 v11 미사용품 15000원 v7.v8 헤파필터 개당 3천원 v10 헤파필터 3천원 v11헤파필터 5천원 v10 정품 하우징 2만원 위에 나열된제품외 필요한부품 문의주시면 답변드리겠습니다 직거래는 용인 동백지구 입니다 전제품 택배거래시 4천원추가 01ㅇ-519ㅇ-9162"
joonggonara,dyson_vacuum_products.csv,226004680,다이슨 청소기,V10,다이슨청소기 V10(SV12) 본체 부품용으로 판매합니다,55000,부품/고장품,not_requested,https://web.joongna.com/product/226004680,
joonggonara,dyson_vacuum_products.csv,225894457,다이슨 청소기,V6,다이슨 V6 무선청소기 본체만,30000,불완전상품,not_requested,https://web.joongna.com/product/225894457,
joonggonara,dyson_vacuum_products.csv,225876188,다이슨 청소기,V6,다이슨 v6 무선청소기 부품용,10000,부품/고장품,not_requested,https://web.joongna.com/product/225876188,
joonggonara,dyson_vacuum_products.csv,225807105,다이슨 청소기,V10,다이슨 청소기 v10 부품용팝니다 택포,80000,부품/고장품,not_requested,https://web.joongna.com/product/225807105,
joonggonara,dyson_vacuum_products.csv,225726498,다이슨 청소기,제품군 공통,다이슨 청소기 헤드만 판매 합니다 (택포 1만원),10000,부품/고장품,200,https://web.joongna.com/product/225726498,"부품용까진 아니지만, 간헐적으로 롤러가 늦게 돌기도 하고 타제품에 비해서 도는 소리가 조금 크네요. 그래서 저렴하게 판매 합니다. 택포 10,000원 입니다. 감사합니다!"
joonggonara,dyson_vacuum_products.csv,225297091,다이슨 청소기,V10,"다이슨 v10 메인바디 본체 하우징 부품용 고장,파손있음 청소기 sv12",9000,부품/고장품,not_requested,https://web.joongna.com/product/225297091,
joonggonara,dyson_vacuum_products.csv,225527889,다이슨 청소기,DC45,다이슨 청소기 dc45 부품용으로 판매합니다 판매합니다,28000,부품/고장품,not_requested,https://web.joongna.com/product/225527889,
joonggonara,dyson_vacuum_products.csv,225490666,다이슨 청소기,V8,다이슨 v8 청소기 2대(부품용),75000,부품/고장품,not_requested,https://web.joongna.com/product/225490666,
joonggonara,dyson_vacuum_products.csv,223502520,다이슨 청소기,V8,다이슨 V8 무선청소기 미개봉 새상품,490000,거래 목적 불일치,200,https://web.joongna.com/product/223502520,"새제품 다이슨 V8 무선청소기 미개봉 상태로 판매합니다. 정가 579,000원 제품이고 완전 새 상품이라 안심하고 구매하셔도 됩니다! 정품 박스 미개봉 새상품 그대로구요~ 제품등록도 안한 상태여서, 등록하시면 5만원 상당 액세서리도 준다네요 인터넷에 판매하는 30만원 짜리 v8은 다이슨코리아 정식 판매제품 아닙니다 이 상품은 다이슨 코리아 정품이라 2년 무상보증, 제품 무료대여, 72시간 내 수리 제품 등록 시 5만원여 악세사리 증정 다 가능합니다 사실분만 연락 주세요~~"
joonggonara,dyson_vacuum_products.csv,223402270,다이슨 청소기,SV10,다이슨 SV10 무선청소기(부품용) 판매합니다~~,21000,부품/고장품,not_requested,https://web.joongna.com/product/223402270,
joonggonara,dyson_vacuum_products.csv,223286852,다이슨 청소기,V8,정품)다이슨 V8 무선청소기,12345,가격 무효/자리표시,200,https://web.joongna.com/product/223286852,"정품 다이슨 V8 앱솔루트 무선청소기 판매합니다 다이슨 V8은 싸이클론 기술로 미세먼지까지 효과적으로 제거해줍니다. 비품으로 배터리 한번 교환했었고, 현재 배터리 거의 방전되서 교환해서 쓰셔야해서 저렴히 올립니다. 사진에 보시는것처럼 봉에 생활 기스 많아요.(쓰시는덴 상관없지만 신경쓰이시면 봉만 중고거래하셔서 쓰셔도 좋을듯합니다) 거치대 미포함입니다. 쿨거래 하시면 택배비 제가요 예민하신분은 패스해주세요 거래중입니다"
joonggonara,dyson_vacuum_products.csv,223246212,다이슨 청소기,OMNI_GLIDE,다이슨 무선청소기 옴니 글라이드 부품용,45000,부품/고장품,not_requested,https://web.joongna.com/product/223246212,
joonggonara,dyson_vacuum_products.csv,221494275,다이슨 청소기,V6,다이슨 V6 무선청소기 본체만,30000,불완전상품,not_requested,https://web.joongna.com/product/221494275,
joonggonara,dyson_vacuum_products.csv,224725986,다이슨 청소기,제품군 공통,"[사기범공유-계좌변경] D` 102동601호dw (샥즈 오버핏 2+, 버즈3프로, 다이슨 청소기)",1000,가격 무효/자리표시,200,https://web.joongna.com/product/224725986,"아이디 계속 바꾸며 이런 저런 상품 계속 올립니다. 특징은 글을 직접 타이핑하지 않고 회색 이미지에 타이핑된 걸 올려요. 그 안에 번호 010 3261 8974,또는 카톡 아이디 ba3999 라는 정보가 들어있습니다. (더치트에 올라온거보니 sh로 시작하는 카톡 아이디도 있는듯) 일단 모든 카톡 프로필에 애기 사진, 애기 있는 가족적인 사진(다 전문가가 찍은 사진)걸려있습니다. 신고로 계좌가 막히니 새로운 계좌 뚫었네요 너네 잡힌다고 했잖아. (기존) 입금은행 : 카카오뱅크 예금주 : 김영원(주)NAVER 계좌번호 : 3333-082-551-288 (변경) 입금은행 : 카카오뱅크 예금주 : 황유빈 계좌번호 : 3333-30-6227727 수법은 메시지 보내면 안전결제라며 외부 링크 따로 보내주고 카뱅으로 입금하게 합니다. 안전결제라며 http://pay.cafe.naver1.jonggo80.com/ 이런 이상한 주소줍니다. 보시면 네이버 뒤에 1이 붙어 있죠? 카뱅이나 토스 어플로는 하지 말라고 합니다. 입금 후 수수료를 안보냈다며 금액이 맞지 않아 환불이 안되니 다시 입금해주면 처음건 자동 환불된다 하고 그 다음은 다른 사유를 대며 또 추가 입금을 요구합니다. 중고나라 피해사려 검색에서는 아직 안걸러질 수 있으니 꼭 ‘더치트’에서 계좌번호 검색하세요. 중고나라 이상거래 신고해도 빨리 처리는 안되는듯해 올립니다.하루에 1-2건씩 피해가 올라오는것 같네요. 피해입으시면 저처럼 꼭 사이버범죄 신고시스템이나 경찰서에 먼저 신고부터 하시고 이후 고소나 민사 진행하시면 됩니다. 현재 다른 피해자분들과 함께 공유하며 수사 진행 중입니다. 아! 중고나라 말고도 네이버 블로그나 카카오를 통해서도 사기친다고 신고 올라왔으니 꼭 잘 살피십시오. 너 아이디 바뀔때마다 신고하고 글 올릴거다. 나 3월까지 휴가라고 했다. 돈 찾는것 보다 니 얼굴 보는게 목적이다. P.s 너네 잡힌다고 했잖아. 이걸 머리라고 쓴거야?ㅉㅉㅉ법도 모르면서 그렇게 아는 법용어 막 쓰면 사람들이 무서워하디? 나 겁네 웃었네. 니들이 사람들한테 보낸 그 법으로 협박한 톡 내용ㅋ꙼̈ㅋ꙼̈ㅋ꙼̈ㅋ꙼̈ 맞는게 하나도 없어ㅋ꙼̈ㅋ꙼̈ 무식하면 다물자. 니들이한게 협박이야ㅋ꙼̈ㅋ꙼̈ㅋ꙼̈ㅋ꙼̈ㅋ꙼̈ 26년에 제일 웃겼다ㅋ꙼̈ㅋ꙼̈ㅋ꙼̈ㅋ꙼̈ 댓글 참고 https://cafe.naver.com/joonggonara/1124297961"
joonggonara,dyson_vacuum_products.csv,224722629,다이슨 청소기,V8,"다이슨 v8 청소기 모터, 트리거 정상작동 외관파손 메인바디 본체 부품용",5000,부품/고장품,not_requested,https://web.joongna.com/product/224722629,
joonggonara,dyson_vacuum_products.csv,224679379,다이슨 청소기,제품군 공통,"[사기범공유-계좌변경] eee 송파다이노스 상품 결제하지 마세요(샥즈 오버핏 2+, 버즈3프로, 다이슨 청소기)",1000,가격 무효/자리표시,200,https://web.joongna.com/product/224679379,"아이디 계속 바꾸며 이런 저런 상품 계속 올립니다. 특징은 글을 직접 타이핑하지 않고 회색 이미지에 타이핑된 걸 올려요. 그 안에 번호 010 3261 8974,또는 카톡 아이디 ba3999 라는 정보가 들어있습니다. (더치트에 올라온거보니 sh로 시작하는 카톡 아이디도 있는듯) 일단 모든 카톡 프로필에 애기 사진, 애기 있는 가족적인 사진(다 전문가가 찍은 사진)걸려있습니다. 신고로 계좌가 막히니 새로운 계좌 뚫었네요 너네 잡힌다고 했잖아. 이걸 머리라고 쓴거야?ㅉㅉㅉ (기존) 입금은행 : 카카오뱅크 예금주 : 김영원(주)NAVER 계좌번호 : 3333-082-551-288 (변경) 입금은행 : 카카오뱅크 예금주 : 황유빈 계좌번호 : 3333-30-6227727 수법은 메시지 보내면 안전결제라며 외부 링크 따로 보내주고 카뱅으로 입금하게 합니다. 안전결제라며 http://pay.cafe.naver1.jonggo80.com/ 이런 이상한 주소줍니다. 보시면 네이버 뒤에 1이 붙어 있죠? 카뱅이나 토스 어플로는 하지 말라고 합니다. 입금 후 수수료를 안보냈다며 금액이 맞지 않아 환불이 안되니 다시 입금해주면 처음건 자동 환불된다 하고 그 다음은 다른 사유를 대며 또 추가 입금을 요구합니다. 중고나라 피해사려 검색에서는 아직 안걸러질 수 있으니 꼭 ‘더치트’에서 계좌번호 검색하세요. 중고나라 이상거래 신고해도 빨리 처리는 안되는듯해 올립니다.하루에 1-2건씩 피해가 올라오는것 같네요. 피해입으시면 저처럼 꼭 사이버범죄 신고시스템이나 경찰서에 먼저 신고부터 하시고 이후 고소나 민사 진행하시면 됩니다. 현재 다른 피해자분들과 함께 공유하며 수사 진행 중입니다. 아! 중고나라 말고도 네이버 블로그나 카카오를 통해서도 사기친다고 신고 올라왔으니 꼭 잘 살피십시오. 너 아이디 바뀔때마다 신고하고 글 올릴거다. 나 3월까지 휴가라고 했다. 돈 찾는것 보다 니 얼굴 보는게 목적이다. P.s 너네 잡힌다고 했잖아. 이걸 머리라고 쓴거야?ㅉㅉㅉ법도 모르면서 그렇게 아는 법용어 막 쓰면 사람들이 무서워하디? 나 겁네 웃었네. 니들이 사람들한테 보낸 그 법으로 협박한 톡 내용ㅋ꙼̈ㅋ꙼̈ㅋ꙼̈ㅋ꙼̈ 맞는게 하나도 없어ㅋ꙼̈ㅋ꙼̈ 무식하면 다물자. 니들이한게 협박이야ㅋ꙼̈ㅋ꙼̈ㅋ꙼̈ㅋ꙼̈ㅋ꙼̈ 26년에 제일 웃겼다ㅋ꙼̈ㅋ꙼̈ㅋ꙼̈ㅋ꙼̈ 댓글 참고 https://cafe.naver.com/joonggonara/1124297961"
joonggonara,dyson_vacuum_products.csv,224236338,다이슨 청소기,V11,다이슨 V11 애니멀 본체+충전기+청소봉 일괄 판매,90000,액세서리/소모품 단품,not_requested,https://web.joongna.com/product/224236338,
joonggonara,dyson_vacuum_products.csv,224155918,다이슨 청소기,V8,다이슨 V8 무선청소기 배터리팩 본체만팝니다,37000,불완전상품,not_requested,https://web.joongna.com/product/224155918,
joonggonara,dyson_vacuum_products.csv,224152609,다이슨 청소기,SV12,다이슨 SV12 무선청소기(부품용) 판매합니다~~,17000,부품/고장품,not_requested,https://web.joongna.com/product/224152609,
joonggonara,dyson_vacuum_products.csv,223963205,다이슨 청소기,제품군 공통,다이슨 무선청소기 부품용,40000,부품/고장품,200,https://web.joongna.com/product/223963205,"다이슨 무선 청소기 부품용 판매합니다. 본체 3대와 스틱 1개, 충전기 1개 있습니다. 일괄 4만원에 판매합니다. 네고 가능하며 일주일 내에 가장 높은 금액을 말씀하시는 분께 판매하겠습니다. 연락처는 010-6팔팔6-14공6 입니다."
joonggonara,dyson_vacuum_products.csv,223694061,다이슨 청소기,제품군 공통,캐스돈 다이슨 청소기 장난감 판매합니다.,22222,장난감/모형,200,https://web.joongna.com/product/223694061,새 상품 사서 여아 혼자 사용하였습니다. 상태 좋고 작동 잘 돼요.
joonggonara,dyson_vacuum_products.csv,223502520,다이슨 청소기,V8,다이슨 V8 무선청소기 미개봉 새상품,490000,거래 목적 불일치,200,https://web.joongna.com/product/223502520,"새제품 다이슨 V8 무선청소기 미개봉 상태로 판매합니다. 정가 579,000원 제품이고 완전 새 상품이라 안심하고 구매하셔도 됩니다! 정품 박스 미개봉 새상품 그대로구요~ 제품등록도 안한 상태여서, 등록하시면 5만원 상당 액세서리도 준다네요 인터넷에 판매하는 30만원 짜리 v8은 다이슨코리아 정식 판매제품 아닙니다 이 상품은 다이슨 코리아 정품이라 2년 무상보증, 제품 무료대여, 72시간 내 수리 제품 등록 시 5만원여 악세사리 증정 다 가능합니다 사실분만 연락 주세요~~"
joonggonara,dyson_vacuum_products.csv,223402270,다이슨 청소기,SV10,다이슨 SV10 무선청소기(부품용) 판매합니다~~,21000,부품/고장품,not_requested,https://web.joongna.com/product/223402270,
joonggonara,dyson_vacuum_products.csv,223286852,다이슨 청소기,V8,정품)다이슨 V8 무선청소기,12345,가격 무효/자리표시,200,https://web.joongna.com/product/223286852,"정품 다이슨 V8 앱솔루트 무선청소기 판매합니다 다이슨 V8은 싸이클론 기술로 미세먼지까지 효과적으로 제거해줍니다. 비품으로 배터리 한번 교환했었고, 현재 배터리 거의 방전되서 교환해서 쓰셔야해서 저렴히 올립니다. 사진에 보시는것처럼 봉에 생활 기스 많아요.(쓰시는덴 상관없지만 신경쓰이시면 봉만 중고거래하셔서 쓰셔도 좋을듯합니다) 거치대 미포함입니다. 쿨거래 하시면 택배비 제가요 예민하신분은 패스해주세요 거래중입니다"
joonggonara,dyson_vacuum_products.csv,223246212,다이슨 청소기,OMNI_GLIDE,다이슨 무선청소기 옴니 글라이드 부품용,45000,부품/고장품,not_requested,https://web.joongna.com/product/223246212,
joonggonara,dyson_vacuum_products.csv,221494275,다이슨 청소기,V6,다이슨 V6 무선청소기 본체만,30000,불완전상품,not_requested,https://web.joongna.com/product/221494275,
joonggonara,dyson_vacuum_products.csv,222813978,다이슨 청소기,V7,다이슨 v7 v6 무선청소기 방전배터리 부품용 각오천,5000,부품/고장품,not_requested,https://web.joongna.com/product/222813978,
joonggonara,dyson_vacuum_products.csv,223049017,다이슨 청소기,제품군 공통,다이슨 무선청소기 본체,45000,부품/고장품,200,https://web.joongna.com/product/223049017,충전기없어서상태모름부품용득템하세요 손가락으로작동하는부분이 들어간거같네요
joonggonara,dyson_vacuum_products.csv,223078883,다이슨 청소기,V10,정품 다이슨 v10 무선청소기 싸이클론 집진기 필터 레드 본체 부품용,25000,부품/고장품,not_requested,https://web.joongna.com/product/223078883,
joonggonara,dyson_vacuum_products.csv,223064176,다이슨 청소기,SV18,"다이슨 디지털 슬림 컴플리트 무선청소기+정품거치대 판매(다이슨코리아정품,SV18)",12345,가격 무효/자리표시,200,https://web.joongna.com/product/223064176,"신세계백화점(하남점)에서 구입한 '다이슨코리아'정품 제품입니다. 문제발생시 A/S도 확실하고 정말 좋은 컨디션의 제품으로 직접 보시고 구입하시는 걸 추천드립니다. 로청 사용으로 사용빈도가 거의 없어 정리차원에서 판매합니다. 가정에서 사용하시기에 이만한 제품이 없다고 생각합니다. 잠실 다이슨 프리미엄 센터에 들러 정상작동 확인하였으며 클리닝 서비스를 받아 먼지통 역시 청소가 되서 바로 사용가능합니다. 현재도 공홈 판매중인 디지털 슬림 무선청소기 풀셋이라고 보시면 될 꺼 같습니다. 거치대 역시 정품 거치대입니다. [판매제품의 설명] - 다이슨 코리아 정품 '디지털 슬림 컴플리트'+정품 거치대 - 모델명 : SV18 - 슬림 플러피 클리너 헤드, 콤비네이션 툴, 크레비스 툴, 미니 모터 툴(미사용) - 1.9kg의 가벼운 청소기, 100W의 강력한 흡입력 에눌 관련 문의에 대해서는 답변드리지 않습니다. 참고로 공홈 새제품 가격은 디지털 슬림+스탠드형 충전 거치대=699000원 입니다. 직거래시 방문해주실 곳은 '노원구 포레나 노원 정문(마들역근처)'입니다. 직거래시 당일거래가 아닌 경우 예약이 불가합니다. (며칠을 기다렸지만 잠수타시는 분들이 다수 계심) 먼저 방문주신 분께 판매가능하니 방문가능한 날 당일에 판매가능여부를 문의주세요 제품의 무게와 부피가 있어 택배는 불가하며 직거래만 가능합니다. 차량으로 오시는 경우 아파트단지 지하주차장 및 단지 정문 앞에서 거래가능합니다. 늦은 시간에도 방문주시면 거래가 가능하니 편하게 연락주세요."
joonggonara,dyson_vacuum_products.csv,223064201,다이슨 청소기,SV18,"다이슨 디지털 슬림 컴플리트 무선청소기+정품거치대 판매(다이슨코리아정품,SV18)",12345,가격 무효/자리표시,200,https://web.joongna.com/product/223064201,"신세계백화점(하남점)에서 구입한 '다이슨코리아'정품 제품입니다. 문제발생시 A/S도 확실하고 정말 좋은 컨디션의 제품으로 직접 보시고 구입하시는 걸 추천드립니다. 로청 사용으로 사용빈도가 거의 없어 정리차원에서 판매합니다. 가정에서 사용하시기에 이만한 제품이 없다고 생각합니다. 잠실 다이슨 프리미엄 센터에 들러 정상작동 확인하였으며 클리닝 서비스를 받아 먼지통 역시 청소가 되서 바로 사용가능합니다. 현재도 공홈 판매중인 디지털 슬림 무선청소기 풀셋이라고 보시면 될 꺼 같습니다. 거치대 역시 정품 거치대입니다. [판매제품의 설명] - 다이슨 코리아 정품 '디지털 슬림 컴플리트'+정품 거치대 - 모델명 : SV18 - 슬림 플러피 클리너 헤드, 콤비네이션 툴, 크레비스 툴, 미니 모터 툴(미사용) - 1.9kg의 가벼운 청소기, 100W의 강력한 흡입력 에눌 관련 문의에 대해서는 답변드리지 않습니다. 참고로 공홈 새제품 가격은 디지털 슬림+스탠드형 충전 거치대=699000원 입니다. 직거래시 방문해주실 곳은 '노원구 포레나 노원 정문(마들역근처)'입니다. 직거래시 당일거래가 아닌 경우 예약이 불가합니다. (며칠을 기다렸지만 잠수타시는 분들이 다수 계심) 먼저 방문주신 분께 판매가능하니 방문가능한 날 당일에 판매가능여부를 문의주세요 제품의 무게와 부피가 있어 택배는 불가하며 직거래만 가능합니다. 차량으로 오시는 경우 아파트단지 지하주차장 및 단지 정문 앞에서 거래가능합니다. 늦은 시간에도 방문주시면 거래가 가능하니 편하게 연락주세요."
joonggonara,dyson_vacuum_products.csv,222441324,다이슨 청소기,V11,다이슨청소기 V11 부품용으로 판매합니다,45000,부품/고장품,not_requested,https://web.joongna.com/product/222441324,
joonggonara,dyson_vacuum_products.csv,221349838,다이슨 청소기,V8,다이슨 V8 무선청소기 새제품+거치대,12345,가격 무효/자리표시,200,https://web.joongna.com/product/221349838,"안녕하세요, 다이슨 청소기 v8 새제품+거치대(별도 구매한 것) 판매합니다. 링크 참고 부탁드립니다. https://www.dyson.co.kr/dyson-v8?utm_source=naver&utm_medium=cpc&utm_campaign=shoppingnaver&NaPm=ct%3Dmhfsgicw%7Cci%3Dc7eecbce7329fd154fe88c833d807589c5490b90%7Ctr%3Dbrcbb%7Csn%3D940872%7Chk%3D15dc1e5cf0166a11cb8b5f6728f33b9465ad910c 저희 집에 오셔서 가져가시면 됩니다. (신금호역 부근 아파트) 가격: 30만원 감사합니다."
joonggonara,dyson_vacuum_products.csv,221878239,다이슨 청소기,V10,다이슨무선청소기 v10싸이클론 부품용,6000,부품/고장품,not_requested,https://web.joongna.com/product/221878239,
joonggonara,dyson_vacuum_products.csv,221877174,다이슨 청소기,V10,다이슨 V10 무선청소기 본체 부품용,30000,부품/고장품,not_requested,https://web.joongna.com/product/221877174,
joonggonara,dyson_vacuum_products.csv,221766277,다이슨 청소기,V8,정품 다이슨 v8 v7 무선청소기 본체 싸이클론 단품 필터 포함 부품용,15000,부품/고장품,not_requested,https://web.joongna.com/product/221766277,
joonggonara,dyson_vacuum_products.csv,221661655,다이슨 청소기,V10,다이슨 V10 무선청소기 부품용,16000,부품/고장품,not_requested,https://web.joongna.com/product/221661655,
joonggonara,dyson_vacuum_products.csv,218975534,다이슨 청소기,V10,다이슨무선청소기v10.v11도킹스테이션 부품용,10000,부품/고장품,not_requested,https://web.joongna.com/product/218975534,
joonggonara,dyson_vacuum_products.csv,219990303,다이슨 청소기,V6,다이슨 V6 V7 V8 무선청소기 배터리 고장 부품용,55000,부품/고장품,not_requested,https://web.joongna.com/product/219990303,
joonggonara,dyson_vacuum_products.csv,220429010,다이슨 청소기,제품군 공통,(유아장난감)다이슨장난감/청소기장난감/상태최상/무료배송,20000,장난감/모형,200,https://web.joongna.com/product/220429010,아이가 한동안 잘가져놀았던 캐스돈 다이슨 Cord-free Vacuum 청소기 장난감 내놓아요 재밌게 청소놀이 할수있어서 어린유아들 갖고놀기 좋은 장난감이에요 박스와 설명서 추가부품 모두있어서 사용법 파악하기도 수월하고 좋아요 상태좋은편이지만 까다로운 예민맘들은 정중히 사양합니다 네고.환불은 안되니 구매하실분만 톡 부탁 드립니다 🙏 필요하신분은 연락주세요 ^^
joonggonara,dyson_vacuum_products.csv,220061395,다이슨 청소기,제품군 공통,다이슨 60 무선 청소기 부품용 3만원 팝니다,30000,부품/고장품,200,https://web.joongna.com/product/220061395,"다이슨 60 무선 청소기 부품용 3만원 팝니다 작동에 문제 없지만 사진의 필터 교체가 필요하여 부품용으로 팝니다 호환품 배터리 이지만 교환한지 얼마 되지 않아 사용에도 문제 없습니다 사용감 있고 생활 기스는 있습니다~ 민감 하신분은 거절 합니다 직접 가져가시는 조건입니다! 거래는 부피가 있어서 직거래만 가능합니다 직거래는 저희집 오셔서 직접 가지고 가셔야 됩니다 장소는 강일동 강일리버파크 3단지 입니다 세부 주소는 거래 확정되면 알려 드리겠습니다. 택배거래도 가능하나 이유불문 반품 및 환불 불가 조건으로만 가능합니다 택배비 6,000원 추가 있습니다 문의는 문자 주세요 평일 낮시간은 일하는 중이라 답변이 늦을수 있습니다"
joonggonara,dyson_vacuum_products.csv,220088309,다이슨 청소기,V11,다이슨 청소기 v11 고장품 팝니다 택포,60000,부품/고장품,not_requested,https://web.joongna.com/product/220088309,
joonggonara,dyson_vacuum_products.csv,219165854,다이슨 청소기,V7,다이슨 무선청소기 v7 본체만 ( 6만원 택배시 6천원 추가 ).,60000,불완전상품,not_requested,https://web.joongna.com/product/219165854,
joonggonara,dyson_vacuum_products.csv,218837393,다이슨 청소기,V11,다이슨무선청소기 v11메인모터 작동안되는(부품용),10000,부품/고장품,not_requested,https://web.joongna.com/product/218837393,
joonggonara,dyson_vacuum_products.csv,218682719,다이슨 청소기,V11,다이슨무선청소기 v11 메인모터.하우징.싸이클론.먼지통.배터리.헤파필터,12345,가격 무효/자리표시,200,https://web.joongna.com/product/218682719,"📢 제목에 ""제조사/ 브랜드 명""과 ""상품명(ex. 3000시리즈 전동 면도기)”을 넣어 작성하면, 보다 빠른 판매가 가능합니다! 📢 게시글 작성 시 배송 방법에 “직거래”와 “내 위치” 설정할 경우, 보다 빠른 판매가 가능합니다!"
joonggonara,dyson_vacuum_products.csv,218666007,다이슨 청소기,제품군 공통,다이슨 청소 브러쉬 소품 충전기치대 일괄,15000,액세서리/소모품 단품,200,https://web.joongna.com/product/218666007,"📢 제목에 ""제조사/ 브랜드 명""과 ""상품명(ex. 3000시리즈 전동 면도기)”을 넣어 작성하면, 보다 빠른 판매가 가능합니다! 📢 게시글 작성 시 배송 방법에 “직거래”와 “내 위치” 설정할 경우, 보다 빠른 판매가 가능합니다! 다이슨 청소 브러쉬 소품 충전기치대 일괄 입니다 모두 드립니다 직거래 및 택배거래 가능합니다 🚨회원님의 거래 게시글을 노린 중고나라 운영진 사칭 피싱 사이트를 주의하세요🚨"
joonggonara,dyson_vacuum_products.csv,218665497,다이슨 청소기,V7,다이슨 V7 청소기 본체 부품용,20000,부품/고장품,not_requested,https://web.joongna.com/product/218665497,
joonggonara,dyson_vacuum_products.csv,218396455,다이슨 청소기,V8,다이슨무선청소기 v8.v10.v11 정품배터리,12345,가격 무효/자리표시,200,https://web.joongna.com/product/218396455,"📢 제목에 ""제조사/ 브랜드 명""과 ""상품명(ex. 3000시리즈 전동 면도기)”을 넣어 작성하면, 보다 빠른 판매가 가능합니다! 📢 게시글 작성 시 배송 방법에 “직거래”와 “내 위치” 설정할 경우, 보다 빠른 판매가 가능합니다!"
joonggonara,dyson_vacuum_products.csv,218315517,다이슨 청소기,V10,다이슨 v10 앱솔루트 청소기 (국내 정품),12345,가격 무효/자리표시,200,https://web.joongna.com/product/218315517,"다이슨 v10 앱솔루트 (정품 등록 완료) 박스만 없고 풀구성& 설명서 기본 브러쉬 툴만 사용했고, 다른 툴은 미사용 완충 상태입니다. 로봇 청소기 사용중이라 다이슨은 10번 미만으로 사용 분리해서 보관중이며, 흡입력 좋고 깨끗하고 상태 좋습니다. 봉 앞 쪽에 기스가 있는데 기스 방지 스티커 붙여 놨어요. (기스 사진 첨부) 거치대 없이도 벽에 잘 세워져요. 삼송역 근처 직거래만 가능 거래후 반품, 환불 불가합니다."
joonggonara,medicube_booster_pro_products.csv,231399071,메디큐브 부스터 프로,BOOSTER_PRO,[박스미개봉 새상품] 메디큐브 에이지알 부스터 프로+ 울트라튠+토너 스프레이 4종 풀세트,400000,검색어 오탐/타제품,not_requested,https://web.joongna.com/product/231399071,
joonggonara,medicube_booster_pro_products.csv,231731555,메디큐브 부스터 프로,BOOSTER_PRO,(박스미개봉 정품) 메디큐브 에이지알 부스터 프로 라벤더 + 울트라튠 + 글루타치온 앰플 세트,198000,검색어 오탐/타제품,not_requested,https://web.joongna.com/product/231731555,
joonggonara,medicube_booster_pro_products.csv,231596852,메디큐브 부스터 프로,BOOSTER_PRO,메디큐브 3종 세트 (부스터프로/하이포커스/브이롤러),320000,검색어 오탐/타제품,not_requested,https://web.joongna.com/product/231596852,
joonggonara,medicube_booster_pro_products.csv,228240743,메디큐브 부스터 프로,BOOSTER_PRO_MINI,메디큐브 EMS 부스터 프로 미니 플러스+브이롤러 헤드 핑크,140000,검색어 오탐/타제품,not_requested,https://web.joongna.com/product/228240743,
joonggonara,medicube_booster_pro_products.csv,230979805,메디큐브 부스터 프로,BOOSTER_PRO,(박스미개봉 정품) 메디큐브 에이지알 부스터 프로 라벤더 + 울트라튠 + 글루타치온 앰플 세트,396000,검색어 오탐/타제품,not_requested,https://web.joongna.com/product/230979805,
joonggonara,medicube_booster_pro_products.csv,231494347,메디큐브 부스터 프로,BOOSTER_PRO_MINI,메디큐브 브이롤러 / 부스터 프로 미니 플러스,100000,검색어 오탐/타제품,not_requested,https://web.joongna.com/product/231494347,
joonggonara,medicube_booster_pro_products.csv,229706882,메디큐브 부스터 프로,BOOSTER_PRO,(박스미개봉 정품) 메디큐브 에이지알 부스터 프로 라벤더 + 울트라튠 + 글루타치온 앰플 세트,198000,검색어 오탐/타제품,not_requested,https://web.joongna.com/product/229706882,
joonggonara,medicube_booster_pro_products.csv,229315367,메디큐브 부스터 프로,BOOSTER_PRO_MINI,메디큐브 부스터프로미니+브이롤러 뷰티디바이스,75000,검색어 오탐/타제품,not_requested,https://web.joongna.com/product/229315367,
joonggonara,medicube_booster_pro_products.csv,230557625,메디큐브 부스터 프로,BOOSTER_PRO_MINI,미개봉 메디큐브 에이지알 부스터프로 미니플러스 짱구 에디션+선크림 50ml 미개봉 새상품,123456,가격 무효/자리표시,200,https://web.joongna.com/product/230557625,✔️안심거래만가능. 네고사절X 직거래는 안하는점 양해부탁드립니다. ✔️메디큐브 에이지알 부스터프로 미니 플러스 짱구에디션 (구성 미니플러스+헤어밴드+파우치) 미개봉 새상품 ❗️구매시 (타사제품 비건제품 ) ondo 선 클로토 아이스핏 쿨링 선스크린 50ml 함께드립니다. 미개봉 유통기한 28년5월19일까지 선물받은제품입니다. ✔️123.456에판매.배송비4천원별도.네고사절X ✔️교환불가X환불불가❌ ✔️설명과 금액 확인하신후 꼭확실히 구매하실분만 안심결제주세요. 사진도용시 신고
joonggonara,medicube_booster_pro_products.csv,229715442,메디큐브 부스터 프로,BOOSTER_PRO_MINI,메디큐브 부스터 프로 미니 플러스 마이멜로디 + 브이롤러,100000,검색어 오탐/타제품,not_requested,https://web.joongna.com/product/229715442,
joonggonara,medicube_booster_pro_products.csv,228092715,메디큐브 부스터 프로,BOOSTER_PRO,"메디큐브 하이포커스, 울트라튠. 유쎄라딥샷, 부스터프로",170000,검색어 오탐/타제품,not_requested,https://web.joongna.com/product/228092715,
joonggonara,medicube_booster_pro_products.csv,227450530,메디큐브 부스터 프로,BOOSTER_PRO_MINI,메디큐브 EMS 부스터 브이롤러 (부스터프로 미니 플러스+브이롤러 헤드),130000,검색어 오탐/타제품,not_requested,https://web.joongna.com/product/227450530,
joonggonara,medicube_booster_pro_products.csv,226924737,메디큐브 부스터 프로,BOOSTER_PRO_MINI,메디큐브 부스터프로 미니플러스 브이롤러세트,150000,검색어 오탐/타제품,not_requested,https://web.joongna.com/product/226924737,
joonggonara,medicube_booster_pro_products.csv,225238598,메디큐브 부스터 프로,BOOSTER_PRO,메디큐브 부스터프로 및 울트라튠 40.68 일괄판매,200000,검색어 오탐/타제품,not_requested,https://web.joongna.com/product/225238598,
joonggonara,medicube_booster_pro_products.csv,225221995,메디큐브 부스터 프로,BOOSTER_PRO_MINI,메디큐브 브이롤러 부스터 프로 미니,100000,검색어 오탐/타제품,not_requested,https://web.joongna.com/product/225221995,
joonggonara,medicube_booster_pro_products.csv,225090570,메디큐브 부스터 프로,BOOSTER_PRO,메디큐브 에이지알 부스터 프로 세트 + 아이샷 홈케어 미용기기,120000,검색어 오탐/타제품,not_requested,https://web.joongna.com/product/225090570,
joonggonara,medicube_booster_pro_products.csv,224071264,메디큐브 부스터 프로,BOOSTER_PRO_MINI,메디큐브 부스터프로미니+브이롤러+젤+앰플,120000,검색어 오탐/타제품,not_requested,https://web.joongna.com/product/224071264,
joonggonara,medicube_booster_pro_products.csv,223065491,메디큐브 부스터 프로,BOOSTER_PRO,"가격인하)메디큐브 부스터 프로, 울트라튠, 엠플",400000,검색어 오탐/타제품,not_requested,https://web.joongna.com/product/223065491,
joonggonara,medicube_booster_pro_products.csv,223065491,메디큐브 부스터 프로,BOOSTER_PRO,"가격인하)메디큐브 부스터 프로, 울트라튠, 엠플",400000,검색어 오탐/타제품,not_requested,https://web.joongna.com/product/223065491,
joonggonara,medicube_booster_pro_products.csv,222806572,메디큐브 부스터 프로,BOOSTER_PRO,메디큐브 부스터프로 키티에디션 미개봉(판매완료),12345,가격 무효/자리표시,200,https://web.joongna.com/product/222806572,"메디큐브 부스터프로 키티에디션 새상품 판매해요. 사진찍으려고 겉박스만 오픈했어요. 미개봉이나 다름없어요. 일반택배로 보내드려요. 구매 가격 그대로 판매합니다. 받은 그대로 포장해서 보내드릴게요. 구매 후 반품,환불 불가입니다. 궁금한 점 문의주세요. (직거래 판매완료)"
joonggonara,medicube_booster_pro_products.csv,222322406,메디큐브 부스터 프로,BOOSTER_PRO,메디큐브 에이지알 부스터 프로 ems 에어샷 더마샷 블랙,150000,검색어 오탐/타제품,not_requested,https://web.joongna.com/product/222322406,
joonggonara,medicube_booster_pro_products.csv,222114450,메디큐브 부스터 프로,제품군 공통,메디큐브 에이지알 부스터 미니프로,50000,검색어 오탐/타제품,200,https://web.joongna.com/product/222114450,메디큐브 미니 전동칫솔이에요. 박스와 함께 깔끔한 상태로 보관되어 있어서 상태 좋습니다. 소형이라 휴대하기 편해요!
joonggonara,medicube_booster_pro_products.csv,220298162,메디큐브 부스터 프로,BOOSTER_PRO,"메디큐브 부스터프로,울트라튠,하이포커스샷 3종",450000,검색어 오탐/타제품,not_requested,https://web.joongna.com/product/220298162,
joonggonara,medicube_booster_pro_products.csv,220840454,메디큐브 부스터 프로,BOOSTER_PRO,25년10월 메디큐브 에이지알 부스터프로 하이포커스샷,487000,검색어 오탐/타제품,not_requested,https://web.joongna.com/product/220840454,
joonggonara,medicube_booster_pro_products.csv,220893051,메디큐브 부스터 프로,BOOSTER_PRO,메디큐브 부스터프로 + 하이포커스샷 + 에어샷,270000,검색어 오탐/타제품,not_requested,https://web.joongna.com/product/220893051,
joonggonara,medicube_booster_pro_products.csv,219676481,메디큐브 부스터 프로,BOOSTER_PRO,메디큐브 부스터프로(새상품),12345,가격 무효/자리표시,200,https://web.joongna.com/product/219676481,"📢 제목에 ""제조사/ 브랜드 명""과 ""상품명(ex. 3000시리즈 전동 면도기)”을 넣어 작성하면, 보다 빠른 판매가 가능합니다! 📢 게시글 작성 시 배송 방법에 “직거래”와 “내 위치” 설정할 경우, 보다 빠른 판매가 가능합니다! 🚨회원님의 거래 게시글을 노린 중고나라 운영진 사칭 피싱 사이트를 주의하세요🚨 📢 제목에 ""제조사/ 브랜드 명""과 “상품명”을 넣어 작성하면, 보다 빠른 판매가 가능합니다! 📢 게시글 작성 시 배송 방법에 “직거래”와 “내 위치” 설정할 경우, 보다 빠른 판매가 가능합니다! 🚨회원님의 거래 게시글을 노린 중고나라 운영진 사칭 피싱 사이트를 주의하세요🚨 메디큐브 부스터프로 새상품입니다 미사용이고 라벨도 제거안했습니다 올해 산건데 귀찮아서 안열어보다가 사용안할거같애서 내놓습니다 - 택포 21만원입니다 - 챗주세요"
joonggonara,medicube_booster_pro_products.csv,215976376,메디큐브 부스터 프로,BOOSTER_PRO,[홈케어 피부관리 끝판왕] 메디큐브 에이지알 부스터프로,450000,검색어 오탐/타제품,200,https://web.joongna.com/product/215976376,"메디큐브 유명한 두 제품 + 세럼 거래합니다. 홈쇼핑으로 구매한지 얼마 안돼서 사용을 거의 못 했는데 임신으로 뷰티 디바이스 모두 올리는 중이에요…ㅠㅠ 풀충전 해둬서 바로 사용하시면 돼요! -AGE-R Booster Pro 부스터프로 -Ultra Tune 울트라튠 40.68 -콜라겐 글로우 버블 세럼 (유통기한 2027.2.18) 사진과 같이 거의 새거고 박스랑 사용 설명서, C타입 충전라인 (미사용) 모두 포함되어 있습니다 홈케어 피부 관리에 관심 있으신 분들께 추천드려요🙂 - 처음 사용하시는 분들 보시면 좋을 메디큐브 공식 유튜브도 첨부해드립니다. 부스터프로 사용법 유튜브 링크 https://youtu.be/gGyTsrjwyTg?si=NdTzXSzpYlOp91aZ 울트라튠 사용법 유튜브 링크 https://youtu.be/r2SkTn-R9H8?si=49frTx75OZ1oAFNO - 직거래는 망원2동 주민센터 근처인 설병상점 (서울 마포구 방울내로7길 25) 앞에서 가능합니다. + 문고리 거래 가능 + 일반 택배만 가능 (반값은 박스 크기 때문에 안됨)"
joonggonara,minix_food_processor_products.csv,231865994,미닉스 음식물처리기,THE_PLENDER,원가이하) 풀무원 음식물처리기 +필터 총 5개 NEW 그린더 에어드라이 3L | 미닉스 더플랜더 락앤락 등,320000,검색어 오탐/타제품,not_requested,https://web.joongna.com/product/231865994,
joonggonara,minix_food_processor_products.csv,230426161,미닉스 음식물처리기,THE_PLENDER,미닉스 음식물처리기(사기계좌공유합니다.),1000,가격 무효/자리표시,200,https://web.joongna.com/product/230426161,미닉스 음식물처리기 사기꾼입니다. 중고나라 닉네임 찌게와국수 농협 3561371395823 예금주 고다연 닉네임 달리해서 계속 올리고 있을 수 있으니 조심하시길.. 더치트에 신고완료했으면 경찰서 신고 진행중입니다.
joonggonara,minix_food_processor_products.csv,230228139,미닉스 음식물처리기,THE_PLENDER,풍선공방 미닉스 음식물처리기 필터 3개,100,가격 무효/자리표시,200,https://web.joongna.com/product/230228139,필터3개 결재창 입니다
joonggonara,pulio_massage_products.csv,231176416,풀리오 마사지기,제품군 공통,풀리오 광사 마사지기,60000,빈 포장,200,https://web.joongna.com/product/231176416,본품과 설명서만 있습니다. 구매하고 거의 사용하지 않아 판매합니다.
joonggonara,pulio_massage_products.csv,228610805,풀리오 마사지기,N003,(정품 미개봉 새제품) 풀리오 목 어깨 마사지기 V3,1,가격 무효/자리표시,200,https://web.joongna.com/product/228610805,"(정품 미개봉 새제품) 풀리오 목 어깨 마사지기 V3 모델명/품번 × 색상: N003 × 다크퍼플 택배가능 직거래가능-부산 영도 방문수령 목과 어깨 마사지기 새 제품이에요. 박스 상태도 깨끗하고 미개봉 상품입니다. 목과 어깨 마사지를 위한 전문 마사지기로 효과 좋을 거예요! 가격조정없으니 구매하실분만 문의해주세요. 중고나라 거래내역보시면 계속거래 확인 되십니다. 발송후 중고거래 특성상 단순반품 발송후 주문취소 불가합니다. 제품명: 풀리오 목 어깨 마사지기 V3 (Pulio Neck & Shoulder Massager V3) 모델명: N003 제품규격: 320 x 170 x 170 mm | 1,360g 정격: DC 5V / 2A 배터리용량: 7.4V / 2,500mAh / 18.5Wh 제조자: Putian Comfier Technology Co., Ltd"
joonggonara,pulio_massage_products.csv,223400719,풀리오 마사지기,CALF_V2,풀리오 종아리 마사지기 V2 플리오,12345,가격 무효/자리표시,200,https://web.joongna.com/product/223400719,"미사용 단순개봉품 USB C타입 포트로 충전해서 사용하는 방식 선물 받았는데 종아리 불편감이 없고 사용하지 않아서 판매합니다 충전기, 충전케이블, 품질보증서, 설명서 포함 직거래, 택배(3000원추가), 반값택배(1800원추가) 가능합니다"
joonggonara,pulio_massage_products.csv,220464942,풀리오 마사지기,NECK_SHOULDER_V2,풀리오 목어깨 마사지기 V2,1000,가격 무효/자리표시,200,https://web.joongna.com/product/220464942,"아래 제품 사진은 제가 카메라로 직접 찍은 사진이며 사기와 저작권 도용 우려로 추가 사진 요청 받지 않습니다. 구매의사 확실하게 정하신분만 연락주시고 네고나 찔러보기, 쉽게 검색 가능한 상품 관련 정보 문의 대답안합니다. 직거래 : 부천 신중동역 랜드마크 푸르지오 시티 주차장이나 신중동역 4번 5번 출구 연결통로 직거래는 금방 출발 가능하실때 연락 부탁드리며 예약은 파토 확률이 높아 예약금 미리 입금 하셔야 받습니다. 택배 비용 : 일반 택배 4400원 / 반값 택배 불가 . . . 구매 : 2025년 7월 11일 현대카드M몰 사용 : 5회 사용 풀리오 목어깨 마사지기 V2 판매합니다. 구매하고 사용한지 몇 번 안되었지만 마찰로 인해 재질 특성상 보풀 존재합니다. 확대 촬영했으니 확인하시면 됩니다. 성격이 깔끔해서 샤워후에만 사용했으며 비흡연자입니다."
joonggonara,dyson_vacuum_products.csv,230957663,다이슨 청소기,V6,다이슨V6 + V7 플러피 무선청소기,155000,가격 이상치-복수상품,200,https://web.joongna.com/product/230957663,다이슨 무선청소기 두대입니다. -V7 (9만)배터리 호환 새거 장착 -V6 (6.5만) 소프트 헤드툴 깨끗히 세척한다고 했다가 원래색보다 물이 빠져있습니다. 두개다 아파트 정도는 무리 없이 청소가 가능하고요. 좀 더 쓰시다가 부족하면 호환 배터리 교체하시면 됩니다. 배송협의 다양한 구성품과 함께 편리하게 사용해보세요 사진에서 보이는 모든 구성품 포함되어 있어요 청소 효율을 높여줄 강력한 흡입력을 자랑합니다
joonggonara,dyson_vacuum_products.csv,230404897,다이슨 청소기,V15S,다이슨 프리미엄 디텍트 서브마린 물걸레+진공 무선청소기 V15S / 엘로니켈프리미엄 디텍트 서브마린 물걸레+진공 무,830000,가격 이상치-복수상품,200,https://web.joongna.com/product/230404897,"다이슨 프리미엄 디텍트 서브마린 물걸레+진공 무선청소기 V15S / 엘로니켈 프리미엄 디텍트 서브마린 물걸레+진공 무선청소기 V15S / 엘로니켈 혁신적인 기술력으로 많은 사랑을 받고 있는 다이슨 무선청소기입니다. 물청소 롤러 브러시가 액체, 오염 물질, 찌든 때를 동시에 닦아냅니다."
joonggonara,dyson_vacuum_products.csv,227199656,다이슨 청소기,V6,다이슨 v6 풀세트 미사용 무선청소기,120000,가격 이상치-복수상품,200,https://web.joongna.com/product/227199656,다이슨 V6 앱솔루트 무선청소기 풀세트입니다. - 다양한 툴을 제공하여 집안 곳곳을 청소하기 용이합니다 - 21.6v 새 배터리 교체 최대용량 12800 mAh 저용량이랑 비교불가 - 헤드툴 세트(미사용) 사진참조 - 먼지 필터세트(미사용) 박스에 미사용 모든 구성품이 포함되어 있습니다. 장안동 사무실 혹은 워커힐 직거래
joonggonara,dyson_vacuum_products.csv,222635838,다이슨 청소기,V15S,다이슨 프리미엄 디텍트 서브마린 물걸레+진공 무선청소기 V15S / 옐로니켈,700000,가격 이상치-복수상품,200,https://web.joongna.com/product/222635838,새 상품 입니다. 인터넷 가격 대비 싸게 판매합니다.
joonggonara,dyson_vacuum_products.csv,224510685,다이슨 청소기,V15S,다이슨 프리미엄 디텍트 서브마린 물걸레+진공 무선청소기 V15S / 엘로니켈,760000,가격 이상치-복수상품,200,https://web.joongna.com/product/224510685,"무선 청소기예요. 깔끔한 화이트 컬러로 어디든 잘 어울리고, 무선으로 사용하기 편리해요. 상태 좋은 제품입니다! 다이슨 V15s 디텍트 서브마린 (옐로/니켈) 물걸레 겸용 무선 청소기입니다 강력한 흡입력과 물걸레 기능이 결합되어 청소가 더욱 편리해요 세련된 디자인으로 집안 인테리어와도 잘 어울립니다 무선의 자유로움 속에서도 강력한 성능을 자랑합니다 정가는 1,035,000원입니다 새상품입니다 830000에 팝니다 직거래만 합니다 서울입니다"
joonggonara,dyson_vacuum_products.csv,222635838,다이슨 청소기,V15S,다이슨 프리미엄 디텍트 서브마린 물걸레+진공 무선청소기 V15S / 옐로니켈,700000,가격 이상치-복수상품,200,https://web.joongna.com/product/222635838,새 상품 입니다. 인터넷 가격 대비 싸게 판매합니다.
joonggonara,dyson_vacuum_products.csv,219889966,다이슨 청소기,SV23,다이슨 최상급 청소기 Gen5 디텍트 컴플리드 (블루/코퍼) SV23 판매합니다.,690000,가격 이상치-복수상품,200,https://web.joongna.com/product/219889966,"다이슨 최상급 청소기 Gen5 디텍트 컴플리드 (블루/코퍼) SV23 판매합니다. 얼마 사용하지 않았어요 해당 모델은 다이슨에서 가장 강하고 가장 좋은 청소기 라인업 모델 입니다. 최상급이에요 V12라인보다 상위에 있습니다. 색상: 블루 / 코퍼 모델: Gen5 Detect Complete (무선 스틱 청소기) 헤드에 레이저 감지(Detect) 기능 포함 → Fluffy Optic 클리너 헤드의 레이저 불빛으로 어두운 바닥에서도 미세 먼지까지 잘 보입니다. 정품 / 국내 정상 작동 상태 매우 좋음 모든 기능 정상 작동함 이전 모델인 V15 대비 Gen5의 강점 Dyson Gen5 Detect는 V15 Detect보다 레이저 조명이 더 밝고 넓은 범위의 먼지를 보여줌. 파워 버튼 방식 채택 → 트리거 방식보다 손가락/손목 부담 줄어듦. HEPA 전체 머신 필터링으로 미세 입자, 알레르기 유발 물질 차단 능력 향상됨. 배터리 효율 높아짐 / 약 최대 70분 사용 가능(모드 및 사용 환경에 따라 다름). 정품 스탠드 포함 구성품 완비 (헤드, 본체, 충전기 그리고 추가 툴) 보증기간 및 보증 관련 자료는 사진 참고 직거래 장소: 서울 동대문구 장안동 관심 있으신 분들은 연락 주세요! 🚨회원님의 거래 게시글을 노린 중고나라 운영진 사칭 피싱 사이트를 주의하세요🚨다이슨 Gen5 디텍트 컴플리트 (블루/코퍼)) SV2"
joonggonara,minix_food_processor_products.csv,227536262,미닉스 음식물처리기,THE_PLENDER_MAX,미닉스 더플렌더 max 3L 음식물처리기,850000,가격 이상치-복수상품,200,https://web.joongna.com/product/227536262,"미닉스 더플렌더 max 3L 음식물처리기 2대 850,000에 처분 합니다 1대씩 개별 판매 안되고 한번에 구매 하셔야 됩니다."
joonggonara,pulio_massage_products.csv,229245012,풀리오 마사지기,NECK_SHOULDER,급처)풀리오 마사지매트+손 마사지기+목 어깨 마사지기,180000,가격 이상치-복수상품,200,https://web.joongna.com/product/229245012,"풀리오 마사지매트 +손 마사지기+목 어깨 마사지기 입니다. 세 개 다 박스는 없으며, 개별 판매, 일괄 판매 다 하고 있습니다. 손 마사지기와 목 어깨 마사지기는 본품만 있습니다. ‼️이번주 금요일(6/5)까지 일괄 쿨거 시 18만원에 판매합니다!‼️ ❗️마사지매트 - 180,000원 ❗️손 마사지기 - 60,000원 ❗️목 어깨 마사지기 - 50,000원 ❗️일괄 - 290,000원"
joonggonara,pulio_massage_products.csv,228468128,풀리오 마사지기,CALF_V2,풀리오 목어깨 마사지기 V2 + 종아리 마사지기 V3,150000,가격 이상치-복수상품,200,https://web.joongna.com/product/228468128,부모님께 선물 드렸는데 2회 사용하고 아파서 사용 안하고 방치 하셔서 팝니다 구성품 다 있습니다 일괄 판매
joonggonara,pulio_massage_products.csv,225320911,풀리오 마사지기,BACK_PULLER,풀리오 허벅지 마사지기.백풀러 허리 마사지기 팝니다. [판매완료],180000,가격 이상치-복수상품,200,https://web.joongna.com/product/225320911,"1. 폴리오 허벅지 마사지기 - 박스 포장 그대로 미개봉 - 신제품 19만원이며, 15만에 팝니다. 2. 폴리오 허리 마사지기 - 1주일 사용했습니다. 깨끗하게 정상 작동 잘 됩니다. - 구성품 모두 있습니다. - 새제품 11만원인데, 6만원에 팝니다. 2개 일괄 구매시 18만원입니다. 택배비 제가 부담. 문의 : 일괄 판매완료"
