search_keyword,product_id,title,price,status_code,status,condition,location,free_shipping,num_faved,num_comment,update_time,update_timestamp,tag,category_id,product_url
쿠쿠 밥솥,371762188,쿠쿠 트윈프레셔 저당 IH밥솥 새제품,459000,0,판매중,새상품,광주광역시 서구 풍암동,True,8,0,2026-08-27 14:18:46,1787807926,쿠쿠밥솥 전기밥솥 압력밥솥 쿠첸 cuckoo,610600008,https://m.bunjang.co.kr/products/371762188
쿠쿠 밥솥,373012988,쿠쿠 CRP-QS107FG 로즈골드 전기밥솥,139000,0,판매중,중고,,False,1,0,2026-08-27 13:43:58,1787805838,,610600008,https://m.bunjang.co.kr/products/373012988
쿠쿠 밥솥,426141604,쿠쿠 미니 에그밥솥(상태좋음),50000,0,판매중,중고,부산광역시 남구 용호제3동,False,0,0,2026-08-27 13:22:11,1787804531,,610600008,https://m.bunjang.co.kr/products/426141604
쿠쿠 밥솥,426131270,쿠쿠 30인용 업소용 대용량 전기보온밥솥 CR-3055B,78000,0,판매중,중고,,True,0,0,2026-08-27 12:50:02,1787802602,,610600008,https://m.bunjang.co.kr/products/426131270
쿠쿠 밥솥,426127336,쿠쿠 10인용 전기압력밥솥 CRP-QK1010BUG,110000,0,판매중,중고,,True,0,0,2026-08-27 12:38:10,1787801890,,610600008,https://m.bunjang.co.kr/products/426127336
쿠쿠 밥솥,425805385,CUCKOO 전기밥솥 6인용 저렴하게 구입하세요,30000,0,판매중,중고,,False,0,0,2026-08-27 11:41:13,1787798473,쿠쿠6인용밥솥 중고밥솥 밥솥중고 전기압력밥솥 전기밥솥중고,610600008,https://m.bunjang.co.kr/products/425805385
쿠쿠 밥솥,424664976,쿠쿠 전기IH압력밥솥 6인용 음성기능 저렴하게 구입하세요,70000,0,판매중,중고,,False,2,0,2026-08-27 11:40:20,1787798420,쿠쿠전기밥솥 중고압력밥솥 6인용압력밥솥 압력밥솥 전기압력밥솥중고,610600008,https://m.bunjang.co.kr/products/424664976
쿠쿠 밥솥,415446195,쿠쿠밥솥 미개봉 팔아요,270000,0,판매중,새상품,,True,9,0,2026-08-27 10:57:24,1787795844,밭솥 밥솥 쿠쿠밥솥 밥 쌀밥,610600008,https://m.bunjang.co.kr/products/415446195
쿠쿠 밥솥,409731796,(쿠쿠) RT067FP 압력밥솥 6인용 초고압 무압취사 음성안내 자동세척,52000,0,판매중,중고,,False,5,0,2026-08-27 10:31:56,1787794316,,610600008,https://m.bunjang.co.kr/products/409731796
쿠쿠 밥솥,402913359,<새 상품> 정품 쿠쿠 밥솥,275000,0,판매중,새상품,강원특별자치도 춘천시 남산면,True,5,0,2026-08-27 10:25:14,1787793914,,610600008,https://m.bunjang.co.kr/products/402913359
쿠쿠 밥솥,403202375,쿠쿠 IH압력밥솥 1등급 음성가드  무압.고압취사,140000,0,판매중,중고,대전광역시 중구 오류동,False,19,0,2026-08-27 10:21:24,1787793684,,610600008,https://m.bunjang.co.kr/products/403202375
쿠쿠 밥솥,397118616,쿠쿠 IH압력밥솥 음성가드 1등급  고급형,135000,0,판매중,중고,대전광역시 중구 오류동,False,8,0,2026-08-27 10:17:36,1787793456,,610600008,https://m.bunjang.co.kr/products/397118616
쿠쿠 밥솥,424861557,쿠쿠 IH 밥솥 HUF10BS,85000,0,판매중,중고,,False,1,0,2026-08-27 09:45:47,1787791547,,610600008,https://m.bunjang.co.kr/products/424861557
쿠쿠 밥솥,402469275,쿠쿠 6인용 IH 압력밥솥 FHR0610FD(급처분),115000,0,판매중,중고,,False,7,0,2026-08-27 09:44:36,1787791476,,610600008,https://m.bunjang.co.kr/products/402469275
쿠쿠 밥솥,385694806,쿠쿠 전기밥솥,25000,0,판매중,중고,,False,5,0,2026-08-27 08:15:28,1787786128,,610600008,https://m.bunjang.co.kr/products/385694806
쿠쿠 밥솥,407421528,쿠쿠 IH 전기압력밥솥,50000,0,판매중,중고,,False,2,0,2026-08-27 08:15:25,1787786125,,610600008,https://m.bunjang.co.kr/products/407421528
쿠쿠 밥솥,399728996,89  쿠쿠6인용 전기압력밥솥,150000,0,판매중,중고,,False,4,0,2026-08-27 07:38:29,1787783909,,610600008,https://m.bunjang.co.kr/products/399728996
쿠쿠 밥솥,393842634,94 쿠쿠10인용 전기압력밥솥,140000,0,판매중,중고,,False,10,0,2026-08-27 07:38:29,1787783909,,610600008,https://m.bunjang.co.kr/products/393842634
쿠쿠 밥솥,315311099,24. 쿠쿠6인용 전기압력밥솥,70000,0,판매중,중고,,False,8,0,2026-08-27 07:38:29,1787783909,,610600008,https://m.bunjang.co.kr/products/315311099
쿠쿠 밥솥,283981592,5419   쿠쿠6인용 전기압력밥솥,110000,0,판매중,중고,,False,17,0,2026-08-27 07:38:29,1787783909,,610600008,https://m.bunjang.co.kr/products/283981592
쿠쿠 밥솥,424618864,쿠쿠 IH 전기밥솥 JHT0610FS,92000,0,판매중,중고,경기도 화성시 만세구 새솔동,False,2,0,2026-08-27 07:08:02,1787782082,,610600008,https://m.bunjang.co.kr/products/424618864
쿠쿠 밥솥,424455151,쿠쿠10인용 압력밥솥,59000,0,판매중,중고,경기도 남양주시 호평동,False,0,0,2026-08-27 06:48:34,1787780914,,610600008,https://m.bunjang.co.kr/products/424455151
쿠쿠 밥솥,425518325,쿠쿠 IH 압력밥솥 3~4인용,54000,0,판매중,중고,부산광역시 남구 용호제3동,False,0,0,2026-08-27 04:16:16,1787771776,,610600008,https://m.bunjang.co.kr/products/425518325
쿠쿠 밥솥,424280414,쿠쿠 10인용 2기압 압력밥솥 FHR1010FG,90000,0,판매중,중고,,False,1,0,2026-08-27 01:39:18,1787762358,,610600008,https://m.bunjang.co.kr/products/424280414
쿠쿠 밥솥,425984958,쿠쿠 IH 밥솥 HWXF1070FR 레드,69000,0,판매중,중고,서울특별시 송파구 가락2동,False,0,0,2026-08-27 00:39:00,1787758740,,610600008,https://m.bunjang.co.kr/products/425984958
쿠쿠 밥솥,425984313,쿠쿠 IH 전기밥솥 HWF1060FB,69000,0,판매중,중고,서울특별시 송파구 가락2동,False,0,0,2026-08-27 00:36:43,1787758603,,610600008,https://m.bunjang.co.kr/products/425984313
쿠쿠 밥솥,425216106,IH 압력밥솥 내솥 쿠쿠 10인용,38000,0,판매중,중고,,False,2,0,2026-08-27 00:19:18,1787757558,쿠쿠내솥10인용 쿠쿠 내솥,610600008,https://m.bunjang.co.kr/products/425216106
쿠쿠 밥솥,425019275,쿠쿠 X-wall 밥솥 내솥 10인용,35000,0,판매중,중고,,False,1,0,2026-08-27 00:08:31,1787756911,쿠쿠10인용내솥 10인용내솥 Xwell 쿠쿠,610600008,https://m.bunjang.co.kr/products/425019275
쿠쿠 밥솥,422258163,쿠쿠 전기밥솥 CR-0681Y 6인용,70000,0,판매중,새상품,,False,2,0,2026-08-27 00:02:05,1787756525,쿠쿠 쿠쿠밥솥 쿠쿠전기밥솥 자취밥솥 미니밥솥새상품,610600008,https://m.bunjang.co.kr/products/422258163
쿠쿠 밥솥,425962800,밥솥 < 쿠쿠 CR-0675FW 6인용 > 팝니다,30000,0,판매중,중고,경기도 부천시 오정구 고강본동,False,0,0,2026-08-26 23:44:55,1787755495,밥솥 자취,610600008,https://m.bunjang.co.kr/products/425962800
쿠쿠 밥솥,425018319,쿠쿠 6인용 압력밥솥,45000,0,판매중,중고,,False,3,0,2026-08-26 23:02:22,1787752942,,610600008,https://m.bunjang.co.kr/products/425018319
쿠쿠 밥솥,425868105,쿠쿠압력밥솥,70000,0,판매중,중고,부산광역시 북구 구포제3동,False,0,0,2026-08-26 20:59:19,1787745559,,610600008,https://m.bunjang.co.kr/products/425868105
쿠쿠 밥솥,425817034,쿠쿠 IH 10인용 스마트 IH 밥솥 JHR1020FD,90000,0,판매중,중고,,False,0,0,2026-08-26 19:21:02,1787739662,,610600008,https://m.bunjang.co.kr/products/425817034
쿠쿠 밥솥,418041920,쿠쿠 전기밥솥 6인용 레드,37000,0,판매중,중고,경기도 수원시 팔달구 지동,False,1,0,2026-08-26 18:48:33,1787737713,,610600008,https://m.bunjang.co.kr/products/418041920
쿠쿠 밥솥,425256560,쿠쿠 전기밥솥압력밥솥주방인덕션잔자렌지앰비프라이팬쿠첸,15000,0,판매중,중고,,False,0,0,2026-08-26 18:23:54,1787736234,,610600008,https://m.bunjang.co.kr/products/425256560
쿠쿠 밥솥,425787456,쿠쿠 IH 전기밥솥 DHP0610FD,90000,0,판매중,중고,경기도 수원시 영통구 영통2동,True,0,0,2026-08-26 18:23:50,1787736230,,610600008,https://m.bunjang.co.kr/products/425787456
쿠쿠 밥솥,425769236,쿠쿠10인용 압력밥솥,49900,0,판매중,중고,경기도 남양주시 호평동,False,0,0,2026-08-26 17:44:43,1787733883,,610600008,https://m.bunjang.co.kr/products/425769236
쿠쿠 밥솥,425760883,[전기압력밥솥] 쿠쿠 6인용 IH압력밥솥 CRP-DHB0660FDM 판매합니다.,150000,0,판매중,중고,서울특별시 강서구 등촌제1동,True,2,0,2026-08-26 17:25:50,1787732750,쿠쿠 IH압력밥솥 6인용밥솥 쿠쿠전기압력밥솥,610600008,https://m.bunjang.co.kr/products/425760883
쿠쿠 밥솥,423873877,쿠쿠 3인용 전기밥솥 압력밥솥 CRP-EHS0310FW,50000,0,판매중,중고,서울특별시 송파구 잠실3동,False,6,0,2026-08-26 17:13:32,1787732012,쿠쿠전기밥솥 쿠쿠압력밥솥 전기밥솥 압력밥솥,610600008,https://m.bunjang.co.kr/products/423873877
쿠쿠 밥솥,425750699,쿠쿠 2인용 마시멜로 밥솥 퓨어 핑크 CR-0215MP,35000,0,판매중,중고,,False,0,0,2026-08-26 17:02:24,1787731344,쿠쿠 2인용 마시멜로 밥솥 가정용,610600008,https://m.bunjang.co.kr/products/425750699
쿠쿠 밥솥,425727534,쿠쿠10인용 압력밥솥,129000,0,판매중,중고,경기도 남양주시 호평동,False,0,0,2026-08-26 16:07:03,1787728023,,610600008,https://m.bunjang.co.kr/products/425727534
쿠쿠 밥솥,424668790,쿠쿠 전기압력밥솥 6인용 CRP-N068FR,37000,0,판매중,중고,강원특별자치도 정선군 고한읍,False,1,0,2026-08-26 15:28:51,1787725731,,610600008,https://m.bunjang.co.kr/products/424668790
쿠쿠 밥솥,391443423,쿠쿠IH 6인용밥솥,160000,0,판매중,중고,,False,3,0,2026-08-26 15:27:08,1787725628,쿠쿠6인용밥솥,610600008,https://m.bunjang.co.kr/products/391443423
쿠쿠 밥솥,424103474,쿠쿠 6인용 압력밥솥,72000,0,판매중,중고,,False,5,0,2026-08-26 12:00:38,1787713238,,610600008,https://m.bunjang.co.kr/products/424103474
쿠쿠 밥솥,403509614,쿠쿠 스마트 IH 전기압력밥솥 CRP-CHS108FD (10인용),90000,0,판매중,중고,,False,5,0,2026-08-26 11:57:24,1787713044,,610600008,https://m.bunjang.co.kr/products/403509614
쿠쿠 밥솥,414269662,쿠쿠 6인용 IH압력밥솥 DHB0660FDM,160000,0,판매중,중고,,True,5,0,2026-08-26 11:31:04,1787711464,,610600008,https://m.bunjang.co.kr/products/414269662
쿠쿠 밥솥,414269368,쿠쿠 트윈프레셔 압력밥솥 10인용 RT108FC,159000,0,판매중,중고,,True,3,0,2026-08-26 11:31:04,1787711464,,610600008,https://m.bunjang.co.kr/products/414269368
쿠쿠 밥솥,403571719,쿠쿠밥솥 쿠첸 전기밥솥 압력밥솥,25000,0,판매중,중고,,False,3,0,2026-08-26 11:06:54,1787710014,,610600008,https://m.bunjang.co.kr/products/403571719
쿠쿠 밥솥,424433863,[무료배송]새제품 쿠쿠 IH 전기밥솥 6인용 블랙 브라운,204000,0,판매중,새상품,,True,2,0,2026-08-26 10:56:50,1787709410,밥솥 쿠쿠전기밥솥 쿠쿠밥솥6인용 전기밥솥 쿠쿠압력밥솥,610600008,https://m.bunjang.co.kr/products/424433863
쿠쿠 밥솥,298380933,쿠쿠 IH 압력밥솥 6인용  팝니다,67000,0,판매중,중고,,False,2,0,2026-08-26 10:43:43,1787708623,,610600008,https://m.bunjang.co.kr/products/298380933
쿠쿠 밥솥,424174770,쿠쿠 IH 압력밥솥 3~4인용,54000,0,판매중,중고,부산광역시 남구 용호제1동,False,1,0,2026-08-26 10:36:27,1787708187,,610600008,https://m.bunjang.co.kr/products/424174770
쿠쿠 밥솥,407849588,쿠쿠6인용압력밥솥,63000,0,판매중,중고,,False,4,0,2026-08-26 10:22:40,1787707360,쿠쿠 6인용 압력밥솥,610600008,https://m.bunjang.co.kr/products/407849588
쿠쿠 밥솥,291393112,쿠쿠IH6인용압력밥솥,53000,0,판매중,중고,,False,9,0,2026-08-26 10:22:36,1787707356,쿠쿠 IH 6인용 압력밥솥,610600008,https://m.bunjang.co.kr/products/291393112
쿠쿠 밥솥,425614393,쿠쿠10인용 압력밥솥,35000,0,판매중,중고,경기도 남양주시 호평동,False,0,0,2026-08-26 10:16:02,1787706962,,610600008,https://m.bunjang.co.kr/products/425614393
쿠쿠 밥솥,425614312,쿠쿠 IH 6인용 압력밥솥,99000,0,판매중,중고,경기도 남양주시 호평동,False,0,0,2026-08-26 10:15:07,1787706907,,610600008,https://m.bunjang.co.kr/products/425614312
쿠쿠 밥솥,416864493,쿠쿠 IH압력밥솥 3인용 EHS0320FW,105000,0,판매중,중고,서울특별시 관악구 성현동,False,3,0,2026-08-26 09:05:38,1787702738,쿠쿠 ih EHS0320FW 3인용 밥솥,610600008,https://m.bunjang.co.kr/products/416864493
쿠쿠 밥솥,425610582,쿠쿠10인용 압력밥솥,59000,0,판매중,중고,경기도 남양주시 호평동,False,0,0,2026-08-26 09:04:22,1787702662,,610600008,https://m.bunjang.co.kr/products/425610582
쿠쿠 밥솥,422147475,쿠쿠 압력밥솥 레드6인용 내솥스텐레스 에코,85000,0,판매중,중고,,False,1,0,2026-08-26 08:59:28,1787702368,,610600008,https://m.bunjang.co.kr/products/422147475
쿠쿠 밥솥,425610213,쿠쿠6인용 압력밥솥 내솥,65000,0,판매중,중고,경기도 남양주시 호평동,False,1,0,2026-08-26 08:54:53,1787702093,,610600008,https://m.bunjang.co.kr/products/425610213
쿠쿠 밥솥,425316440,쿠쿠10인용 압력밥솥,35000,0,판매중,중고,경기도 남양주시 호평동,False,2,0,2026-08-26 07:16:04,1787696164,,610600008,https://m.bunjang.co.kr/products/425316440
쿠쿠 밥솥,425606486,쿠쿠 밥솥6인용  JHR0620FD 스마트 IH,90000,0,판매중,중고,,False,0,0,2026-08-26 07:12:17,1787695937,,610600008,https://m.bunjang.co.kr/products/425606486
쿠쿠 밥솥,425605514,쿠쿠 전기 압력밥솥 6인용 음성기능 자동새척 깨끗해요,55000,0,판매중,중고,,True,0,0,2026-08-26 06:47:44,1787694464,,610600008,https://m.bunjang.co.kr/products/425605514
쿠쿠 밥솥,425605477,쿠쿠 전기 압력밥솥 10인용 음성기능 자동세척 깨꿋해요,50000,0,판매중,중고,,True,0,0,2026-08-26 06:45:46,1787694346,,610600008,https://m.bunjang.co.kr/products/425605477
쿠쿠 밥솥,425605413,쿠쿠 전기 압력밥솥 6인용 음성기능 자동새척 깨끗해요,55000,0,판매중,중고,,True,0,0,2026-08-26 06:41:51,1787694111,,610600008,https://m.bunjang.co.kr/products/425605413
쿠쿠 밥솥,425605386,쿠쿠 전기 압력밥솥 10인용 깨끗해요,43000,0,판매중,중고,,True,1,0,2026-08-26 06:40:40,1787694040,,610600008,https://m.bunjang.co.kr/products/425605386
쿠쿠 밥솥,425050727,쿠쿠 스마트 IH 압력밥솥 3~4인용,54000,0,판매중,중고,부산광역시 남구 용호제3동,False,0,0,2026-08-26 05:55:45,1787691345,,610600008,https://m.bunjang.co.kr/products/425050727
쿠쿠 밥솥,425140248,쿠쿠 6인용 미니 에그밥솥(상태좋음),52000,0,판매중,중고,부산광역시 남구 용호제3동,False,0,0,2026-08-26 05:46:21,1787690781,,610600008,https://m.bunjang.co.kr/products/425140248
쿠쿠 밥솥,424715986,쿠쿠 IH 압력밥솥 3~4인용,54000,0,판매중,중고,부산광역시 남구 용호제3동,False,0,0,2026-08-26 03:42:10,1787683330,,610600008,https://m.bunjang.co.kr/products/424715986
쿠쿠 밥솥,424584826,쿠쿠 핑크 미니 밥솥 1~2인용,37000,0,판매중,중고,부산광역시 남구 용호제3동,False,1,0,2026-08-26 03:42:06,1787683326,,610600008,https://m.bunjang.co.kr/products/424584826
쿠쿠 밥솥,413088144,쿠쿠 전기밥솥 레드,45000,0,판매중,중고,,True,3,0,2026-08-26 01:58:40,1787677120,,610600008,https://m.bunjang.co.kr/products/413088144
쿠쿠 밥솥,425588899,쿠쿠 밥솥 내솥10안용 DYKING 코팅 A급,42000,0,판매중,중고,,True,0,0,2026-08-25 23:28:22,1787668102,쿠쿠10인용내솥 쿠쿠,610600008,https://m.bunjang.co.kr/products/425588899
쿠쿠 밥솥,424514989,쿠쿠 트윈프레셔 10인용밥솥 KHTS1060FD,150000,0,판매중,중고,,False,1,0,2026-08-25 21:31:10,1787661070,,610600008,https://m.bunjang.co.kr/products/424514989
쿠쿠 밥솥,418592498,쿠쿠 에코미니 3인용 IH밥솥 EHS0320FS,130000,0,판매중,중고,,False,6,0,2026-08-25 21:28:28,1787660908,,610600008,https://m.bunjang.co.kr/products/418592498
쿠쿠 밥솥,425573280,쿠쿠 10인용 IH 압력밥솥 CRP-PW1085FD 판매합니다,70000,0,판매중,중고,서울특별시 동작구 상도제1동,False,0,0,2026-08-25 21:27:03,1787660823,,610600008,https://m.bunjang.co.kr/products/425573280
쿠쿠 밥솥,424070987,쿠쿠 에코미니 3인용 밥솥  EHS0320FS,150000,0,판매중,중고,,False,0,0,2026-08-25 21:26:52,1787660812,,610600008,https://m.bunjang.co.kr/products/424070987
쿠쿠 밥솥,424651572,쿠쿠 트윈프레셔 마스타쉐프 6인밥솥 LHTR0610FW,140000,0,판매중,중고,,False,0,0,2026-08-25 21:24:27,1787660667,,610600008,https://m.bunjang.co.kr/products/424651572
쿠쿠 밥솥,425207964,쿠쿠 30인용 대용량 전기밥솥 CR-3031V,266000,0,판매중,중고,경기도 용인시 수지구 상현3동,True,0,0,2026-08-25 20:10:19,1787656219,,610600008,https://m.bunjang.co.kr/products/425207964
쿠쿠 밥솥,376443095,쿠쿠 압력밥솥 10인용 스텐레스 커버,39000,0,판매중,새상품,,True,7,0,2026-08-25 19:20:42,1787653242,,610600008,https://m.bunjang.co.kr/products/376443095
쿠쿠 밥솥,421545477,쿠쿠 30인용 전기보온밥솥 업소용 CR3055B,75000,0,판매중,중고,,True,3,0,2026-08-25 18:57:03,1787651823,,610600008,https://m.bunjang.co.kr/products/421545477
쿠쿠 밥솥,404309113,쿠쿠 10인용 전기압력밥솥 CRP-P1015FBB,85000,0,판매중,중고,,True,3,0,2026-08-25 18:56:46,1787651806,,610600008,https://m.bunjang.co.kr/products/404309113
쿠쿠 밥솥,418272794,쿠쿠 6인용 전기보온밥솥 CRP-P0620FDM,115000,0,판매중,중고,,True,1,0,2026-08-25 18:54:28,1787651668,,610600008,https://m.bunjang.co.kr/products/418272794
쿠쿠 밥솥,395832637,쿠쿠 6인용 전기밥솥 P0620FDM 블랙색상,119000,0,판매중,중고,,True,1,0,2026-08-25 18:54:28,1787651668,,610600008,https://m.bunjang.co.kr/products/395832637
쿠쿠 밥솥,346757538,쿠쿠 전기압력밥솥 6인용 CRP-P0620FDM,119000,0,판매중,중고,경기도 양주시 양주2동,True,6,0,2026-08-25 18:54:28,1787651668,,610600008,https://m.bunjang.co.kr/products/346757538
쿠쿠 밥솥,418266434,쿠쿠 전기압력밥솥 6인용 CRP-R0615FBS,120000,0,판매중,중고,,True,8,0,2026-08-25 18:54:18,1787651658,,610600008,https://m.bunjang.co.kr/products/418266434
쿠쿠 밥솥,393460755,쿠쿠 IH 10인용 전기밥솥,139000,0,판매중,중고,,True,2,0,2026-08-25 18:53:32,1787651612,,610600008,https://m.bunjang.co.kr/products/393460755
쿠쿠 밥솥,387242316,쿠쿠 트윈프레셔 전기압력밥솥 10인용 CRT-RT107FC,147000,0,판매중,중고,,True,7,0,2026-08-25 18:53:08,1787651588,,610600008,https://m.bunjang.co.kr/products/387242316
쿠쿠 밥솥,402852774,쿠쿠 10인용 전기압력밥솥 HWF1060FB,130000,0,판매중,중고,,True,4,0,2026-08-25 18:52:41,1787651561,,610600008,https://m.bunjang.co.kr/products/402852774
쿠쿠 밥솥,413274998,쿠쿠 10인용 전기 IH 압력밥솥 JHP1010FGPS,220000,0,판매중,중고,,True,8,0,2026-08-25 18:50:36,1787651436,,610600008,https://m.bunjang.co.kr/products/413274998
쿠쿠 밥솥,417173947,쿠쿠 트윈프레셔 IH 전기압력밥솥 10인용,260000,0,판매중,중고,경기도 부천시 약대동,True,4,0,2026-08-25 17:45:33,1787647533,쿠쿠 압력밥솥 IH 트윈프레셔 마스터셰프,610600008,https://m.bunjang.co.kr/products/417173947
쿠쿠 밥솥,425525369,쿠쿠 IH 전기압력밥솥 6인용(CRP-DHP0610FD),90000,0,판매중,중고,,False,2,0,2026-08-25 15:29:11,1787639351,,610600008,https://m.bunjang.co.kr/products/425525369
쿠쿠 밥솥,425523101,쿠쿠 10인용 내솥 무쇠가마 밥솥 내솥 A급,42000,0,판매중,중고,,False,0,0,2026-08-25 15:08:26,1787638106,쿠쿠 10인용내솥 쿠쿠밥솥내솥 내솥,610600008,https://m.bunjang.co.kr/products/425523101
쿠쿠 밥솥,424077370,쿠쿠 마스터셰프 트윈프레셔 IH밥솥,250000,0,판매중,중고,경기도 평택시 용이동,True,4,0,2026-08-25 15:04:07,1787637847,밥솥 쿠쿠 쿠쿠밥솥 쿠쿠밥솥6인용,610600008,https://m.bunjang.co.kr/products/424077370
쿠쿠 밥솥,394534425,쿠쿠 6인용 IH 압력밥솥 DHB0660FDM,88000,0,판매중,중고,,False,0,0,2026-08-25 13:39:05,1787632745,쿠쿠 압력밥솥 IH 음성지원 6인용,610600008,https://m.bunjang.co.kr/products/394534425
쿠쿠 밥솥,385611801,쿠쿠 전기밥솥 6인용,90000,0,판매중,중고,,False,1,0,2026-08-25 13:05:22,1787630722,,610600008,https://m.bunjang.co.kr/products/385611801
쿠쿠 밥솥,420030658,쿠쿠 전기압력밥솥 6인용 CRP-FA0661SP,29000,0,판매중,중고,강원특별자치도 정선군 고한읍,False,2,0,2026-08-25 12:04:38,1787627078,,610600008,https://m.bunjang.co.kr/products/420030658
쿠쿠 밥솥,425503967,쿠쿠 전기보온밥솥 업소용 30인용 CR-3055B,90000,0,판매중,새상품,인천광역시 계양구 계양1동,False,0,0,2026-08-25 11:59:50,1787626790,,610600008,https://m.bunjang.co.kr/products/425503967
쿠쿠 밥솥,409312685,쿠쿠 압력밥솥 10인용 밥맛 좋기로 유명한,150000,0,판매중,중고,서울특별시 서초구 서초1동,False,1,0,2026-08-25 10:06:45,1787620005,,800400100,https://m.bunjang.co.kr/products/409312685
쿠쿠 밥솥,400365872,쿠쿠압력밥솥,40000,0,판매중,중고,,False,3,0,2026-08-25 08:44:30,1787615070,,610600008,https://m.bunjang.co.kr/products/400365872
쿠쿠 밥솥,415148255,919. 쿠쿠6인용 전기압력밥솥,120000,0,판매중,중고,,False,8,0,2026-08-25 07:44:52,1787611492,,610600008,https://m.bunjang.co.kr/products/415148255
쿠쿠 밥솥,292555237,48  쿠쿠10인용 전기압력밥솥,120000,0,판매중,중고,,False,13,0,2026-08-25 07:44:52,1787611492,,610600008,https://m.bunjang.co.kr/products/292555237
쿠쿠 밥솥,283981726,25  쿠쿠6인용 전기압력밥솥,110000,0,판매중,중고,,False,13,0,2026-08-25 07:44:52,1787611492,,610600008,https://m.bunjang.co.kr/products/283981726
쿠쿠 밥솥,407549636,쿠쿠6인용압력밥솥,35000,0,판매중,중고,,False,1,0,2026-08-25 07:39:24,1787611164,쿠쿠 6인용 압력밥솥,610600008,https://m.bunjang.co.kr/products/407549636
쿠쿠 밥솥,400048897,쿠쿠6인용압력밥솥 트윈프레셔 (22년1월제품),98000,0,판매중,중고,,False,2,0,2026-08-25 07:39:14,1787611154,쿠쿠 6인용 압력밥솥 트윈프레셔,610600008,https://m.bunjang.co.kr/products/400048897
쿠쿠 밥솥,425077228,쿠쿠 6인용 압력밥솥,90000,0,판매중,중고,,False,0,0,2026-08-25 07:34:40,1787610880,압력밥솥 압력밥솥6인용 쿠쿠전기밥솥,610600008,https://m.bunjang.co.kr/products/425077228
쿠쿠 밥솥,406124345,쿠쿠 IH 중고밥솥 HVT0610SR,69000,0,판매중,중고,서울특별시 성동구 용답동,True,0,0,2026-08-25 06:31:39,1787607099,쿠쿠 쿠쿠밥솓,610600008,https://m.bunjang.co.kr/products/406124345
쿠쿠 밥솥,402475630,쿠쿠 CRP-RT067FP 6인용 압력밥솥(급처분),80000,0,판매중,중고,,False,4,0,2026-08-25 06:13:26,1787606006,,610600008,https://m.bunjang.co.kr/products/402475630
쿠쿠 밥솥,424956454,쿠쿠 미니 에그밥솥(상태좋음),50000,0,판매중,중고,부산광역시 남구 용호제3동,False,2,0,2026-08-25 06:02:58,1787605378,,610600008,https://m.bunjang.co.kr/products/424956454
쿠쿠 밥솥,404705497,쿠쿠6인용압력밥솥,38000,0,판매중,중고,,False,2,0,2026-08-24 22:26:50,1787578010,쿠쿠 압력밥솥 6인용,610600008,https://m.bunjang.co.kr/products/404705497
쿠쿠 밥솥,346060335,"쿠쿠10인용압력밥솥 (트윈프레셔,20년식)",88000,0,판매중,중고,,False,8,0,2026-08-24 22:26:47,1787578007,쿠쿠 트윈프레셔 10인용 압력밥솥,610600008,https://m.bunjang.co.kr/products/346060335
쿠쿠 밥솥,421796253,쿠쿠 IH6인용압력밥솥,105000,0,판매중,중고,,False,1,0,2026-08-24 22:26:44,1787578004,쿠쿠 IH 6인용 압력밥솥,610600008,https://m.bunjang.co.kr/products/421796253
쿠쿠 밥솥,422489664,쿠쿠6인용압력밥솥,130000,0,판매중,중고,,False,1,0,2026-08-24 22:26:41,1787578001,쿠쿠 6인용 압력밥솥,610600008,https://m.bunjang.co.kr/products/422489664
쿠쿠 밥솥,311293349,쿠쿠전기압력밥솥 6인 CRP-FA0621MR,29900,0,판매중,중고,,False,4,0,2026-08-24 20:28:27,1787570907,,610600008,https://m.bunjang.co.kr/products/311293349
쿠쿠 밥솥,425434827,쿠쿠6인용 전기밥솥,19000,0,판매중,중고,경기도 남양주시 호평동,False,0,0,2026-08-24 18:46:34,1787564794,,610600008,https://m.bunjang.co.kr/products/425434827
쿠쿠 밥솥,146771279,"6인용 10인용 밥솥덮개, 밥통덮개, 밥솥깔개",26000,0,판매중,새상품,,True,12,0,2026-08-24 17:53:16,1787561596,쿠쿠 쿠첸 밥솥덮개 밥솥커버 밥통커버,800400999,https://m.bunjang.co.kr/products/146771279
쿠쿠 밥솥,413107197,쿠쿠 압력밥솥 스마트 iH 음성가드 3등급 10인용 레드,55000,0,판매중,중고,대전광역시 중구 오류동,False,7,0,2026-08-24 09:25:37,1787531137,,610600008,https://m.bunjang.co.kr/products/413107197
쿠쿠 밥솥,395522862,쿠쿠 스마트 IH 전기압력밥솥,135000,0,판매중,중고,대전광역시 중구 오류동,False,13,0,2026-08-24 09:25:24,1787531124,,610600008,https://m.bunjang.co.kr/products/395522862
쿠쿠 밥솥,415203229,581. 쿠쿠6인용 전기압력밥솥,120000,0,판매중,중고,,False,3,0,2026-08-24 07:58:38,1787525918,,610600008,https://m.bunjang.co.kr/products/415203229
쿠쿠 밥솥,404255522,49. 쿠쿠6인용 전기압력밥솥,130000,0,판매중,중고,,False,4,0,2026-08-24 07:58:38,1787525918,,610600008,https://m.bunjang.co.kr/products/404255522
쿠쿠 밥솥,414342056,쿠쿠 밥솥 레드,50000,0,판매중,중고,,False,3,0,2026-08-24 06:18:23,1787519903,,610600008,https://m.bunjang.co.kr/products/414342056
쿠쿠 밥솥,341122941,쿠쿠 IH압력밥솥 HRP-0660SR,100000,0,판매중,중고,,False,2,0,2026-08-24 06:18:12,1787519892,,610600008,https://m.bunjang.co.kr/products/341122941
쿠쿠 밥솥,424982940,쿠쿠 6인용 풀메탈 에코 밥솥  BHXB0660FB,130000,0,판매중,중고,,False,0,0,2026-08-24 01:25:51,1787502351,,610600008,https://m.bunjang.co.kr/products/424982940
쿠쿠 밥솥,238891116,쿠쿠 밥솥 10인용 올블랙스톤 밥솥 급처,170000,0,판매중,새상품,,False,14,0,2026-08-23 21:54:12,1787489652,,610600008,https://m.bunjang.co.kr/products/238891116
쿠쿠 밥솥,425324351,(쿠쿠) 6인용 IH압력밥솥 음성안내 자동세척 22중안전,95000,0,판매중,중고,,False,0,0,2026-08-23 19:51:45,1787482305,,610600008,https://m.bunjang.co.kr/products/425324351
쿠쿠 밥솥,424393243,쿠쿠 압력밥솥 6인용 IH 블랙,90000,0,판매중,중고,서울특별시 관악구 은천동,True,4,0,2026-08-23 15:51:19,1787467879,쿠쿠 압력밥솥 전기밥솥 밥솥 쿠쿠압력밥솥6인용,610600008,https://m.bunjang.co.kr/products/424393243
쿠쿠 밥솥,425289644,쿠쿠 10인용 압력밥솥 CRP-R108FS,95000,0,판매중,중고,,False,1,0,2026-08-23 15:38:27,1787467107,,610600008,https://m.bunjang.co.kr/products/425289644
쿠쿠 밥솥,425272293,쿠쿠 CR-3055B 전기보온밥솥 30인용,85000,0,판매중,중고,,True,0,0,2026-08-23 13:10:44,1787458244,,610600008,https://m.bunjang.co.kr/products/425272293
쿠쿠 밥솥,425272245,쿠쿠 10인용 압력밥솥 CRP-QS1010FG,97000,0,판매중,중고,,False,0,0,2026-08-23 13:10:24,1787458224,,610600008,https://m.bunjang.co.kr/products/425272245
쿠쿠 밥솥,371925498,쿠쿠 IH 압력밥솥 HSXB0630,25000,0,판매중,중고,광주광역시 서구 풍암동,False,7,0,2026-08-23 12:49:03,1787456943,,610600008,https://m.bunjang.co.kr/products/371925498
쿠쿠 밥솥,425265471,쿠쿠 밥솥 10인용,100000,0,판매중,중고,대전광역시 유성구 온천2동,False,0,0,2026-08-23 12:06:03,1787454363,,610600008,https://m.bunjang.co.kr/products/425265471
쿠쿠 밥솥,401474505,1998. 쿠쿠10인용 전기압력밥솥 LHTR1010FW,200000,0,판매중,중고,,False,9,0,2026-08-23 08:45:47,1787442347,,610600008,https://m.bunjang.co.kr/products/401474505
쿠쿠 밥솥,396690777,683 쿠쿠 3인용 전기압력밥솥ㅡ당판,110000,1,예약중,중고,,False,4,0,2026-08-23 08:45:46,1787442346,,610600008,https://m.bunjang.co.kr/products/396690777
쿠쿠 밥솥,425020434,쿠쿠 스마트 IH압력밥솥 3~4인용,57000,0,판매중,중고,부산광역시 남구 용호제3동,False,0,0,2026-08-22 18:08:04,1787389684,,610600008,https://m.bunjang.co.kr/products/425020434
쿠쿠 밥솥,425185513,쿠쿠 IH 전기밥솥 6인용,110000,0,판매중,중고,경기도 부천시 원미구 원미1동,False,0,0,2026-08-22 17:53:54,1787388834,,610600008,https://m.bunjang.co.kr/products/425185513
쿠쿠 밥솥,425145078,쿠쿠 6인용 전기압력밥솥 CRP-R0615FBS 블랙 & 웜 실버-011,104571,0,판매중,중고,,True,0,0,2026-08-22 12:10:14,1787368214,쿠쿠 6인용 전기압력밥솥 블랙 웜,610600008,https://m.bunjang.co.kr/products/425145078
쿠쿠 밥솥,425140115,쿠쿠 IH 스마트 IH 밥솥,79000,0,판매중,중고,서울특별시 양천구 신정7동,False,1,0,2026-08-22 11:07:53,1787364473,,610600008,https://m.bunjang.co.kr/products/425140115
쿠쿠 밥솥,396690340,59 쿠쿠 3인용 전기압력밥솥,100000,0,판매중,중고,,False,14,0,2026-08-22 10:09:43,1787360983,,610600008,https://m.bunjang.co.kr/products/396690340
쿠쿠 밥솥,401473703,292. 쿠쿠6인용 전기압력밥솥LHTR0610FB,180000,0,판매중,중고,,False,5,0,2026-08-22 10:09:43,1787360983,,610600008,https://m.bunjang.co.kr/products/401473703
쿠쿠 밥솥,315310218,34. 쿠쿠10인용 전기압력밥솥,70000,0,판매중,중고,,False,13,0,2026-08-22 10:09:43,1787360983,,610600008,https://m.bunjang.co.kr/products/315310218
쿠쿠 밥솥,296672972,쿠쿠 10인용 전기밥솥,90000,0,판매중,중고,,True,4,0,2026-08-22 10:07:13,1787360833,,610600008,https://m.bunjang.co.kr/products/296672972
쿠쿠 밥솥,425134467,쿠쿠 업소용 17인용 대용량 전기보온밥솥 CR-1715W-001,68396,0,판매중,중고,,False,0,0,2026-08-22 09:32:25,1787358745,쿠쿠 업소용 17인용 대용량 전기보온밥솥,610600008,https://m.bunjang.co.kr/products/425134467
쿠쿠 밥솥,300826285,쿠쿠6인용압력밥솥(22년3월제품),48000,0,판매중,중고,,False,10,0,2026-08-22 08:54:19,1787356459,쿠쿠 6인용 압력밥솥,610600008,https://m.bunjang.co.kr/products/300826285
쿠쿠 밥솥,392264997,쿠쿠6인용압력밥솥,55000,0,판매중,중고,,False,2,0,2026-08-22 08:54:16,1787356456,쿠쿠 6인용 압력밥솥,610600008,https://m.bunjang.co.kr/products/392264997
쿠쿠 밥솥,396800126,쿠쿠 IH6인용압력밥솥,79000,0,판매중,중고,,False,2,0,2026-08-22 08:54:09,1787356449,쿠쿠 IH 6인용 압력밥솥,610600008,https://m.bunjang.co.kr/products/396800126
쿠쿠 밥솥,425131198,쿠쿠 IH 전기압력밥솥 10인용 CRP-JHR1010FC,149000,0,판매중,중고,,True,2,0,2026-08-22 08:01:25,1787353285,쿠쿠 IH 전기압력밥솥 10인용 A급,610600008,https://m.bunjang.co.kr/products/425131198
쿠쿠 밥솥,422131887,쿠쿠 10인용 IH 올스텐내솥 밥솥 화이트새상품,270000,0,판매중,새상품,경기도 용인시 처인구 중앙동,False,4,0,2026-08-21 23:21:15,1787322075,,610600008,https://m.bunjang.co.kr/products/422131887
쿠쿠 밥솥,406499811,쿠쿠 IH 압력밥솥 10인용 JHR1020FD,59000,0,판매중,중고,경기도 수원시 팔달구 지동,False,5,0,2026-08-21 22:12:19,1787317939,쿠쿠 압력밥솥 10인용,610600008,https://m.bunjang.co.kr/products/406499811
쿠쿠 밥솥,423295391,쿡셀 저당밥솥 코랄 2L 미개봉상품,26000,0,판매중,새상품,경상남도 김해시 북부동,False,0,0,2026-08-21 17:03:40,1787299420,밥솥 쿠쿠 쿠첸 쿡셀 저당,610600008,https://m.bunjang.co.kr/products/423295391
쿠쿠 밥솥,387643089,쿠쿠 전기밥솥 CRP-HD060SI,39800,0,판매중,중고,,False,4,0,2026-08-21 11:51:31,1787280691,,610600008,https://m.bunjang.co.kr/products/387643089
쿠쿠 밥솥,399484154,쿠쿠 IH6인용압력밥솥,150000,0,판매중,중고,,False,1,0,2026-08-21 08:17:26,1787267846,쿠쿠 IH 6인용 압력밥솥,610600008,https://m.bunjang.co.kr/products/399484154
쿠쿠 밥솥,389428739,쿠쿠 CRP-FHS0610FD 6인용 IH 압력밥솥(급처분),125000,0,판매중,중고,,True,2,0,2026-08-21 07:36:42,1787265402,,610600008,https://m.bunjang.co.kr/products/389428739
쿠쿠 밥솥,326071014,쿠쿠 CRP-HZXB0670FC 6인용 IH압력밥솥,100000,0,판매중,중고,,False,4,0,2026-08-21 07:12:57,1787263977,,610600008,https://m.bunjang.co.kr/products/326071014
쿠쿠 밥솥,391225931,17 쿠쿠10인용 전기압력밥솥,180000,0,판매중,중고,,False,6,0,2026-08-21 06:23:41,1787261021,,610600008,https://m.bunjang.co.kr/products/391225931
쿠쿠 밥솥,416230507,쿠쿠 3인용 에코미니 밥솥,130000,0,판매중,중고,,False,2,0,2026-08-21 02:35:13,1787247313,,610600008,https://m.bunjang.co.kr/products/416230507
쿠쿠 밥솥,425008110,쿠쿠내솥/6인용/일반밥솥내솣,10000,0,판매중,중고,,False,2,0,2026-08-21 02:27:12,1787246832,,610600008,https://m.bunjang.co.kr/products/425008110
쿠쿠 밥솥,423350730,쿠쿠 전기보온 에그밥솥 6인용,30000,0,판매중,중고,서울특별시 영등포구 양평제2동,True,1,0,2026-08-20 11:01:31,1787191291,쿠쿠전기밥솥 쿠쿠 밥솥,610600008,https://m.bunjang.co.kr/products/423350730
쿠쿠 밥솥,424331055,쿠쿠 미니 에그밥솥(상태좋음),52000,0,판매중,새상품,부산광역시 남구 용호제1동,False,0,0,2026-08-20 07:53:13,1787179993,,610600008,https://m.bunjang.co.kr/products/424331055
쿠쿠 밥솥,391291572,쿠쿠 풀 스테인리스 6인용 IH 압력밥솥(급처분),135000,0,판매중,중고,,True,2,0,2026-08-20 07:48:39,1787179719,,610600008,https://m.bunjang.co.kr/products/391291572
쿠쿠 밥솥,424894374,쿠쿠 IH 압력밥솥 10인용 모델이에요풀 스테인리스 2.0 에코 메탈릭 실버,260000,0,판매중,새상품,,False,1,0,2026-08-20 06:36:45,1787175405,,610600008,https://m.bunjang.co.kr/products/424894374
쿠쿠 밥솥,424889299,쿠쿠 밥솥 물받이 (10인용) + 증기배출구 청소핀 (일괄판매),7000,0,판매중,중고,서울특별시 동작구 상도제1동,False,0,0,2026-08-20 01:54:37,1787158477,,610600008,https://m.bunjang.co.kr/products/424889299
쿠쿠 밥솥,407419099,쿠쿠 스마트 IH 밥솥 FHR0610FD,50000,0,판매중,중고,,False,3,0,2026-08-20 00:13:53,1787152433,,610600008,https://m.bunjang.co.kr/products/407419099
쿠쿠 밥솥,424864130,쿠쿠 스마트 IH 전기압력밥솥 DHS067FB (6인용),80000,0,판매중,중고,,False,0,0,2026-08-19 21:51:33,1787143893,,610600008,https://m.bunjang.co.kr/products/424864130
쿠쿠 밥솥,424803439,쿠쿠 IH 전기압력밥솥 10인용,250000,0,판매중,새상품,인천광역시 계양구 계양1동,False,3,0,2026-08-19 14:07:47,1787116067,,610600008,https://m.bunjang.co.kr/products/424803439
쿠쿠 밥솥,424803095,쿠쿠 CRP-DHXB0610FS 6인용 IH 압력밥솥 실버,35000,1,예약중,중고,서울특별시 도봉구 도봉제2동,False,0,0,2026-08-19 14:04:08,1787115848,,610600008,https://m.bunjang.co.kr/products/424803095
쿠쿠 밥솥,415210305,24. 쿠쿠6인용 전기압력밥솥,130000,0,판매중,중고,,False,7,0,2026-08-19 07:52:35,1787093555,,610600008,https://m.bunjang.co.kr/products/415210305
쿠쿠 밥솥,385669869,391 쿠쿠6인용 전기압력밥솥,90000,0,판매중,중고,,False,1,0,2026-08-19 07:52:35,1787093555,,610600008,https://m.bunjang.co.kr/products/385669869
쿠쿠 밥솥,319194420,789. 쿠쿠10인용 전기압력밥솥,80000,0,판매중,중고,,False,18,0,2026-08-19 07:52:35,1787093555,,610600008,https://m.bunjang.co.kr/products/319194420
쿠쿠 밥솥,408397072,[새상품] 쿠쿠밥솥 고무패킹(압력패킹),12000,0,판매중,새상품,,False,3,0,2026-08-19 00:05:34,1787065534,쿠쿠고무패킹 쿠쿠밥솥고무패킹 압력패킹,610999,https://m.bunjang.co.kr/products/408397072
쿠쿠 밥솥,311889871,쿠쿠 10인용 밥솥 (우체국운포),62000,0,판매중,중고,,True,7,0,2026-08-18 23:04:32,1787061872,,610600008,https://m.bunjang.co.kr/products/311889871
쿠쿠 밥솥,396075687,쿠쿠 10인용 압력밥솥 풀스텐,155000,0,판매중,새상품,경기도 용인시 처인구 중앙동,False,4,0,2026-08-18 14:49:32,1787032172,,610600008,https://m.bunjang.co.kr/products/396075687
쿠쿠 밥솥,424684078,쿠쿠 CRP-QS1010FG 10인용 압력밥솥,100000,0,판매중,중고,대구광역시 수성구 만촌1동,True,0,0,2026-08-18 14:29:43,1787030983,,610600008,https://m.bunjang.co.kr/products/424684078
쿠쿠 밥솥,424656558,쿠쿠 IH 압력밥솥 3~4인용,57000,0,판매중,중고,부산광역시 남구 용호제3동,False,0,0,2026-08-18 13:48:41,1787028521,,610600008,https://m.bunjang.co.kr/products/424656558
쿠쿠 밥솥,424664516,쿠쿠 ih 6인용 전기 밥솥 hzxb0670fc,60000,0,판매중,중고,서울특별시 관악구 성현동,False,0,0,2026-08-18 11:00:05,1787018405,hzxb0670f 쿠쿠 6인용 ih 밥솥,610600008,https://m.bunjang.co.kr/products/424664516
쿠쿠 밥솥,382984863,쿠쿠 CRP-HUF1080BE 전기보온밥솥 10인용 21년9월산,75000,0,판매중,중고,대구광역시 북구 복현2동,False,2,0,2026-08-18 08:15:44,1787008544,,610600008,https://m.bunjang.co.kr/products/382984863
쿠쿠 밥솥,424655235,쿠쿠 미니 에그밥솥 (상태좋음),52000,0,판매중,중고,부산광역시 남구 용호제3동,False,2,0,2026-08-18 07:26:11,1787005571,,610600008,https://m.bunjang.co.kr/products/424655235
쿠쿠 밥솥,424172636,쿠쿠10인용 밥솥 CCP-10 패킹,10000,0,판매중,새상품,,True,3,0,2026-08-17 20:07:28,1786964848,,610600008,https://m.bunjang.co.kr/products/424172636
쿠쿠 밥솥,405166380,쿠쿠 IH 압력밥솥 화이트 CRP-PK1010FW  사는겁니다. 미개봉,750000,0,판매중,새상품,,False,4,0,2026-08-17 12:31:28,1786937488,,610600008,https://m.bunjang.co.kr/products/405166380
쿠쿠 밥솥,398317748,쿠쿠 6인용 압력밥솥의 패킹(거의 새것)과 부속품,18850,0,판매중,중고,서울특별시 용산구 이촌제2동,False,3,0,2026-08-17 07:40:49,1786920049,쿠쿠6인용 쿠쿠압력솥부품,610600008,https://m.bunjang.co.kr/products/398317748
쿠쿠 밥솥,413444694,쿠쿠 6인용 미니 에그밥솥,55000,0,판매중,중고,부산광역시 남구 용호제3동,False,4,0,2026-08-16 15:02:16,1786860136,,610600008,https://m.bunjang.co.kr/products/413444694
쿠쿠 밥솥,412840952,CRP-P067FR 쿠쿠 압력밥솥 6인용 화이트(급처분),85000,0,판매중,중고,,False,4,0,2026-08-16 07:48:27,1786834107,,610600008,https://m.bunjang.co.kr/products/412840952
쿠쿠 밥솥,424407089,"[DDB하남,B급] 쿠쿠 전기보온밥솥 30인용 CR-3055B",55000,0,판매중,중고,,True,1,0,2026-08-16 01:09:35,1786810175,쿠쿠 전기밥솥 보온밥솥 업소용밥솥 대용량밥솥,610600008,https://m.bunjang.co.kr/products/424407089
쿠쿠 밥솥,418395499,쿠쿠 IH 압력밥솥 DHB0660FDM,110000,0,판매중,중고,서울특별시 동작구 흑석동,False,1,0,2026-08-16 00:48:40,1786808920,밥솥 쿠쿠밥솥 압력밥솥,610600008,https://m.bunjang.co.kr/products/418395499
쿠쿠 밥솥,423391361,쿠쿠 압력밥솥 주황색,10000,0,판매중,중고,,False,2,0,2026-08-16 00:00:59,1786806059,,610600008,https://m.bunjang.co.kr/products/423391361
쿠쿠 밥솥,424387487,쿠쿠 IH압력밥솥 GHR1010FD,59000,0,판매중,중고,서울특별시 양천구 신정7동,False,3,0,2026-08-15 21:48:20,1786798100,,610600008,https://m.bunjang.co.kr/products/424387487
쿠쿠 밥솥,424386189,쿠쿠 밥솥 화이트,60000,0,판매중,중고,강원특별자치도 원주시 무실동,True,0,0,2026-08-15 21:36:10,1786797370,,610600008,https://m.bunjang.co.kr/products/424386189
쿠쿠 밥솥,399728007,38. 쿠쿠6인용 전기압력밥솥,90000,0,판매중,중고,,False,3,0,2026-08-15 12:03:03,1786762983,,610600008,https://m.bunjang.co.kr/products/399728007
쿠쿠 밥솥,294560977,15  쿠쿠10인용 전기압력밥솥,100000,0,판매중,중고,,False,15,0,2026-08-15 12:03:03,1786762983,,610600008,https://m.bunjang.co.kr/products/294560977
쿠쿠 밥솥,422612997,쿠쿠 10인용 IH 압력밥솥 CHP1010FD모델 21년식뚜껑 닫힘센서 고장,35000,0,판매중,중고,서울특별시 성동구 금호4가동,False,4,0,2026-08-15 10:09:54,1786756194,,610600008,https://m.bunjang.co.kr/products/422612997
쿠쿠 밥솥,423752650,쿠쿠 CR-0675FW 에그밥솥,50000,0,판매중,중고,부산광역시 남구 용호제1동,False,2,0,2026-08-15 08:17:56,1786749476,,610600008,https://m.bunjang.co.kr/products/423752650
쿠쿠 밥솥,424307022,쿠쿠 CRP-P107FR 밥솥,60000,0,판매중,중고,,True,0,0,2026-08-15 05:13:36,1786738416,,610600008,https://m.bunjang.co.kr/products/424307022
쿠쿠 밥솥,424114522,미개봉) 쿠첸 6인용 전기밥솥 새제품 팝니다.,244000,0,판매중,새상품,,False,1,0,2026-08-14 16:29:46,1786692586,밥솥 쿠쿠 쿠첸 1등급 WK0610FSP,610600008,https://m.bunjang.co.kr/products/424114522
쿠쿠 밥솥,424203208,쿠쿠 전기보온밥솥 30인용 CR-3055B-018,65000,0,판매중,중고,,True,1,0,2026-08-14 08:49:27,1786664967,,610600008,https://m.bunjang.co.kr/products/424203208
쿠쿠 밥솥,416075035,쿠쿠밥솥 6인용 crp-hvb0680sr팝니다.,40000,0,판매중,중고,서울특별시 관악구 신사동,False,5,0,2026-08-13 15:43:26,1786603406,,610600008,https://m.bunjang.co.kr/products/416075035
쿠쿠 밥솥,424112387,쿠쿠 IH 압력밥솥 3인용 레드,60000,0,판매중,중고,부산광역시 남구 용호제1동,False,0,0,2026-08-13 14:25:11,1786598711,,610600008,https://m.bunjang.co.kr/products/424112387
쿠쿠 밥솥,419617269,쿠쿠 6인용 미니 에그밥솥,55000,0,판매중,중고,부산광역시 남구 용호제3동,False,0,0,2026-08-13 13:59:22,1786597162,,610600008,https://m.bunjang.co.kr/products/419617269
쿠쿠 밥솥,423030813,쿠쿠 핑크 미니 밥솥 1~2인용,42000,0,판매중,중고,부산광역시 남구 용호제3동,False,1,0,2026-08-13 13:48:16,1786596496,,610600008,https://m.bunjang.co.kr/products/423030813
쿠쿠 밥솥,422345175,쿠쿠 IH 전기밥솥 CRP-HEG1060SV,30000,0,판매중,중고,,False,3,0,2026-08-13 10:19:16,1786583956,,610600008,https://m.bunjang.co.kr/products/422345175
쿠쿠 밥솥,424085031,쿠쿠 6인용 전기압력밥솥 CRP-PKNL0610BB 블랙,79527,0,판매중,중고,,True,0,0,2026-08-13 08:33:07,1786577587,쿠쿠 6인용 전기압력밥솥 블랙-002 A급,610600008,https://m.bunjang.co.kr/products/424085031
쿠쿠 밥솥,206526759,G1 (고장) 쿠첸 10인용 IH 전기밥솥 (고급형) 밥통,40000,0,판매중,중고,경기도 용인시 수지구 성복동,False,3,0,2026-08-13 07:55:18,1786575318,쿠첸 쿠쿠 전기밥솥 압력밥솥,610600008,https://m.bunjang.co.kr/products/206526759
쿠쿠 밥솥,424071345,"쿠쿠 밥솥 물받이+청소핀+배수구캡(6인용, 3종일괄판매)",7500,1,예약중,중고,서울특별시 동작구 상도제1동,False,0,0,2026-08-13 00:43:29,1786549409,,610600008,https://m.bunjang.co.kr/products/424071345
쿠쿠 밥솥,407493790,쿠쿠6인용전기압력밥솥,140000,0,판매중,중고,대구광역시 북구 읍내동,False,7,0,2026-08-12 18:09:47,1786525787,,610600008,https://m.bunjang.co.kr/products/407493790
쿠쿠 밥솥,421285098,쿠쿠 핑크 미니 밥솥 1~2인용,42000,0,판매중,중고,부산광역시 남구 용호제3동,False,2,0,2026-08-12 16:52:00,1786521120,,610600008,https://m.bunjang.co.kr/products/421285098
쿠쿠 밥솥,405019433,쿠쿠 미니 에그밥솥 (새상품급),53000,0,판매중,중고,부산광역시 남구 용호제1동,False,4,0,2026-08-12 16:32:41,1786519961,,610600008,https://m.bunjang.co.kr/products/405019433
쿠쿠 밥솥,402470404,쿠쿠 6인용 트윈프레셔 전기압력밥솥 6인용 (급처분),75000,0,판매중,중고,,False,8,0,2026-08-12 08:40:29,1786491629,,610600008,https://m.bunjang.co.kr/products/402470404
쿠쿠 밥솥,385029653,919. 쿠쿠6인용 전기압력밥솥,150000,0,판매중,중고,,False,11,0,2026-08-12 07:52:32,1786488752,,610600008,https://m.bunjang.co.kr/products/385029653
쿠쿠 밥솥,364696250,쿠쿠6인용 조용한밥솥,298220,0,판매중,중고,,True,2,0,2026-08-11 20:48:33,1786448913,,610600008,https://m.bunjang.co.kr/products/364696250
쿠쿠 밥솥,423890644,쿠쿠 6인용 압력밥솥 입니다,70000,0,판매중,중고,,False,1,0,2026-08-11 17:55:16,1786438516,,610600008,https://m.bunjang.co.kr/products/423890644
쿠쿠 밥솥,385669216,791 쿠쿠6인용 전기압력밥솥,110000,0,판매중,중고,,False,3,0,2026-08-11 13:17:46,1786421866,,610600008,https://m.bunjang.co.kr/products/385669216
쿠쿠 밥솥,411822207,쿠쿠10인용압력밥솥 혼자살아  사용김적습니다 6월개월 정도. 사용중입니다,170000,0,판매중,중고,충청북도 청주시 흥덕구 봉명1동,False,2,0,2026-08-11 11:14:42,1786414482,,610600008,https://m.bunjang.co.kr/products/411822207
쿠쿠 밥솥,423836007,쿠쿠 압력밥솥 P6020FDM 6인용 새상품,155000,0,판매중,새상품,서울특별시 강서구 화곡제6동,False,4,0,2026-08-11 08:41:02,1786405262,,610600008,https://m.bunjang.co.kr/products/423836007
쿠쿠 밥솥,421737600,쿠쿠 10인용 IH 압력밥솥 (신품 패킹 교체),52000,0,판매중,중고,경기도 용인시 수지구 성복동,False,0,0,2026-08-09 17:41:39,1786264899,,610600008,https://m.bunjang.co.kr/products/421737600
쿠쿠 밥솥,423615663,쿠쿠 6인용. 클린커버 +패킹  2기압 밥솥 뚜껑,20000,0,판매중,중고,,False,0,0,2026-08-09 12:35:41,1786246541,,610600008,https://m.bunjang.co.kr/products/423615663
쿠쿠 밥솥,340779368,222. 쿠쿠6인용 전기압력밥솥,100000,0,판매중,중고,,False,12,0,2026-08-09 08:42:39,1786232559,,610600008,https://m.bunjang.co.kr/products/340779368
쿠쿠 밥솥,422595845,쿠쿠 핑크 미니 밥솥 1~2인용 (상태좋음),42000,0,판매중,중고,부산광역시 남구 용호제3동,False,2,0,2026-08-09 07:06:04,1786226764,,610600008,https://m.bunjang.co.kr/products/422595845
쿠쿠 밥솥,411559105,쿠쿠 10인용 ih 올스텐 내솥 1등급 전기 압력 밥솥 CHP1010FD,150000,0,판매중,중고,서울특별시 관악구 성현동,False,4,0,2026-08-08 11:38:04,1786156684,CHP1010FD 쿠쿠 10인용 ih 밥솥,610600008,https://m.bunjang.co.kr/products/411559105
쿠쿠 밥솥,423402403,쿠쿠 밥솥 CH-0075FW 화이트,30000,0,판매중,중고,울산광역시 중구 성안동,False,4,0,2026-08-07 15:36:08,1786084568,쿠쿠전기밥솥 쿠쿠 전기밥솥 전기밥솥6인용,610600008,https://m.bunjang.co.kr/products/423402403
쿠쿠 밥솥,423396367,쿠쿠 트윈프레셔 더라이트 6인용 전기압력밥솥,145000,0,판매중,중고,,True,0,0,2026-08-07 14:46:41,1786081601,,610600008,https://m.bunjang.co.kr/products/423396367
쿠쿠 밥솥,315309670,55. 쿠쿠6인용 전기압력밥솥,130000,0,판매중,중고,,False,15,0,2026-08-07 08:14:36,1786058076,,610600008,https://m.bunjang.co.kr/products/315309670
쿠쿠 밥솥,422227925,쿠쿠 밥솥,144000,0,판매중,새상품,,True,1,0,2026-08-06 17:09:03,1786003743,,610600008,https://m.bunjang.co.kr/products/422227925
쿠쿠 밥솥,423221362,쿠쿠 밥솥 물받이 (10인용) + 증기배출구 청소핀 (일괄판매),7000,0,판매중,중고,서울특별시 동작구 상도제1동,False,0,0,2026-08-06 00:24:38,1785943478,,610600008,https://m.bunjang.co.kr/products/423221362
쿠쿠 밥솥,423219032,쿠쿠 밥솥6인용 DHP0610FD 30~30,120000,0,판매중,중고,,False,2,0,2026-08-06 00:00:01,1785942001,,610600008,https://m.bunjang.co.kr/products/423219032
쿠쿠 밥솥,409202484,"[밥솥] 쿠쿠 6인용 전기압력밥솥 화이트+웜실버, 깔끔한 상태",120000,0,판매중,중고,,False,3,0,2026-08-05 17:07:20,1785917240,쿠쿠 6인 전기 압력 밥솥,610600008,https://m.bunjang.co.kr/products/409202484
쿠쿠 밥솥,423138871,[밥솥] 쿠쿠 10인용 전기압력밥솥 CRP-QK1010BUG 어반그레이-002,80000,0,판매중,중고,,True,3,0,2026-08-05 13:39:07,1785904747,쿠쿠 10인용 전기압력밥솥 가정용 밥,610600008,https://m.bunjang.co.kr/products/423138871
쿠쿠 밥솥,383540454,129 쿠쿠6인용 전기압력밥솥,70000,0,판매중,중고,,False,8,0,2026-08-05 08:21:20,1785885680,,610600008,https://m.bunjang.co.kr/products/383540454
쿠쿠 밥솥,392693752,319 쿠쿠6인용 전기압력밥솥,150000,0,판매중,중고,,False,9,0,2026-08-04 10:17:46,1785806266,,610600008,https://m.bunjang.co.kr/products/392693752
쿠쿠 밥솥,379446878,331. 쿠쿠6인용전기입력밥솥,130000,0,판매중,중고,,False,1,0,2026-08-04 10:17:46,1785806266,,610600008,https://m.bunjang.co.kr/products/379446878
쿠쿠 밥솥,422925940,쿠쿠 밥솥 화이트6,40000,0,판매중,중고,,True,2,0,2026-08-03 23:32:54,1785767574,쿠쿠밥솥6인용,610600008,https://m.bunjang.co.kr/products/422925940
쿠쿠 밥솥,421127055,쿠쿠 핑크 미니 밥솥 1~2인용,42000,0,판매중,중고,부산광역시 남구 용호제3동,False,1,0,2026-08-03 13:40:52,1785732052,,610600008,https://m.bunjang.co.kr/products/421127055
쿠쿠 밥솥,404399165,쿠쿠 IH압력밥솥 FHS0610FD,105000,0,판매중,중고,,True,5,0,2026-08-03 09:50:57,1785718257,,610600008,https://m.bunjang.co.kr/products/404399165
쿠쿠 밥솥,422828929,쿠쿠 전기밥솥 핑크골드,49000,0,판매중,중고,,False,5,0,2026-08-03 08:47:05,1785714425,,610600008,https://m.bunjang.co.kr/products/422828929
쿠쿠 밥솥,422828820,쿠쿠밥솥,60000,1,예약중,중고,,False,1,0,2026-08-03 08:43:45,1785714225,,610600008,https://m.bunjang.co.kr/products/422828820
쿠쿠 밥솥,408608319,쿠쿠 블랙스톤 전기압력밥솥 10인용 @ 미사용@,165000,0,판매중,새상품,경기도 용인시 처인구 역북동,False,13,0,2026-08-03 01:45:47,1785689147,,610600008,https://m.bunjang.co.kr/products/408608319
쿠쿠 밥솥,422774869,쿠쿠 스마트 IH 밥솥 CHP1010FS,80000,0,판매중,중고,경기도 의정부시 신곡1동,True,1,0,2026-08-02 20:44:59,1785671099,,610600008,https://m.bunjang.co.kr/products/422774869
쿠쿠 밥솥,422678624,쿠쿠 3인용 IH 전기압력밥솥 CRP-HQB0310FS,100000,0,판매중,중고,,True,5,0,2026-08-01 21:34:34,1785587674,,610600008,https://m.bunjang.co.kr/products/422678624
쿠쿠 밥솥,420350411,쿠쿠 6인용 보온밥솥,35000,1,예약중,중고,,False,1,0,2026-08-01 14:23:27,1785561807,,610600008,https://m.bunjang.co.kr/products/420350411
쿠쿠 밥솥,422066965,쿠쿠 핑크 미니밥솥 1~2인용,42000,0,판매중,새상품,부산광역시 남구 용호제3동,False,0,0,2026-08-01 14:04:57,1785560697,,610600008,https://m.bunjang.co.kr/products/422066965
쿠쿠 밥솥,338291253,쿠쿠전기밥솥 6인용,38000,0,판매중,중고,서울특별시 강동구 둔촌제1동,False,7,0,2026-08-01 10:24:39,1785547479,전기밥솥 쿠쿠전기밥솥 소형전기밥솥,610600008,https://m.bunjang.co.kr/products/338291253
쿠쿠 밥솥,417685665,쿠쿠 CR-06610 전기밥솥,10000,0,판매중,중고,,False,1,0,2026-08-01 09:25:21,1785543921,,610600008,https://m.bunjang.co.kr/products/417685665
쿠쿠 밥솥,410892734,쿠쿠 10인용 IH전기압력밥솥 조용한 가성비 밥솥,100000,0,판매중,중고,서울특별시 구로구 고척제2동,False,1,0,2026-07-31 21:25:27,1785500727,밥솥 압력 10인 전기 쿠쿠,610600008,https://m.bunjang.co.kr/products/410892734
쿠쿠 밥솥,422402054,쿠쿠 IH압력밥솥 6인용  CRP-FHXB0610FD,200000,0,판매중,새상품,인천광역시 서구 가정3동,True,6,0,2026-07-30 14:52:29,1785390749,쿠쿠 6인용 압력밥솥,610600008,https://m.bunjang.co.kr/products/422402054
쿠쿠 밥솥,421935497,쿠쿠 스마트 IH 밥솥 3인용,50000,0,판매중,중고,서울특별시 동작구 상도제2동,False,3,0,2026-07-29 19:38:50,1785321530,,610600008,https://m.bunjang.co.kr/products/421935497
쿠쿠 밥솥,421735654,쿠쿠 트윈 프레셔 6인용 밥솥 (신품 패킹 교체),105000,0,판매중,중고,경기도 용인시 수지구 성복동,False,2,0,2026-07-29 17:12:51,1785312771,,610600008,https://m.bunjang.co.kr/products/421735654
쿠쿠 밥솥,422272830,쿠쿠 전기압력밥솥 10인용 CRP-P1010FD,85000,1,예약중,중고,경기도 부천시 오정구 원종1동,False,0,0,2026-07-29 13:19:52,1785298792,,610600008,https://m.bunjang.co.kr/products/422272830
쿠쿠 밥솥,282139186,쿠쿠 전기밥솥,20000,0,판매중,중고,서울특별시 강서구 공항동,False,5,0,2026-07-29 11:03:10,1785290590,,610600008,https://m.bunjang.co.kr/products/282139186
쿠쿠 밥솥,415975091,쿠쿠 IH 밥솥 10인용,80000,0,판매중,중고,,False,0,0,2026-07-28 01:49:13,1785170953,쿠쿠,610600008,https://m.bunjang.co.kr/products/415975091
쿠쿠 밥솥,413095166,쿠쿠 3인용 밥솥,180000,0,판매중,중고,경기도 수원시 장안구 조원2동,True,0,0,2026-07-27 19:12:43,1785147163,,610600008,https://m.bunjang.co.kr/products/413095166
쿠쿠 밥솥,422070177,(거의새것) 쿠쿠 2인용 밥솥 핑크 CR-0215MP,49000,0,판매중,중고,,False,0,0,2026-07-27 17:53:00,1785142380,,610600008,https://m.bunjang.co.kr/products/422070177
쿠쿠 밥솥,405364996,[밥솥] 쿠쿠 CRP-P0620FDM 6인용 압력밥솥,70000,0,판매중,중고,서울특별시 구로구 고척제2동,False,4,0,2026-07-27 16:45:25,1785138325,쿠쿠 전기 압력 밥솥 6인용,610600008,https://m.bunjang.co.kr/products/405364996
쿠쿠 밥솥,422019746,쿠쿠 압력밥솥 CRP-RT0610FC,45000,0,판매중,중고,경기도 화성시 병점1동,False,1,0,2026-07-27 09:40:22,1785112822,,610600008,https://m.bunjang.co.kr/products/422019746
쿠쿠 밥솥,421939294,쿠쿠 전기압력밥솥 ST1010FC 10인용(미사용),150000,1,예약중,새상품,,False,0,0,2026-07-26 15:48:10,1785048490,,610600008,https://m.bunjang.co.kr/products/421939294
쿠쿠 밥솥,264084710,최고급 명품 경량 핸디 쿠쿠 밥솥 6인용,30000,0,판매중,중고,대전광역시 서구 탄방동,True,1,0,2026-07-25 15:42:44,1784961764,밥솥 쿠쿠 rice cuckoo cooker,610600008,https://m.bunjang.co.kr/products/264084710
쿠쿠 밥솥,421821600,쿠쿠 IH 전기 압력밥솥 6인용 다크실버 CRP-DHB0660FDM,180000,0,판매중,중고,경기도 평택시 비전1동,True,1,0,2026-07-25 14:51:33,1784958693,,610600008,https://m.bunjang.co.kr/products/421821600
쿠쿠 밥솥,421817536,쿠쿠 전기압력밥솥 10인용 CRP-R1025FBS 블랙 웜실버,119000,0,판매중,중고,경기도 평택시 비전1동,True,1,0,2026-07-25 14:15:25,1784956525,,610600008,https://m.bunjang.co.kr/products/421817536
쿠쿠 밥솥,421816248,쿠쿠 전기 압력밥솥 6인용 CRP-P0620FDM,129000,0,판매중,중고,경기도 평택시 비전1동,True,1,0,2026-07-25 14:03:29,1784955809,,610600008,https://m.bunjang.co.kr/products/421816248
쿠쿠 밥솥,391153834,쿠쿠 10인용 압력밥솥   CHSN1010FS,65000,0,판매중,중고,,False,10,0,2026-07-25 07:20:10,1784931610,,610600008,https://m.bunjang.co.kr/products/391153834
쿠쿠 밥솥,421743126,다이킹 내솥 밥솥 내솥 쿠쿠 6인용 내솥입니다,10000,0,판매중,중고,,False,2,0,2026-07-24 19:29:10,1784888950,,610600008,https://m.bunjang.co.kr/products/421743126
쿠쿠 밥솥,421596512,쿠쿠 6인용 IH압력밥솥 CRP-JHR0660FBM 6인용 펄 브라운(급처분),135000,0,판매중,중고,,False,6,0,2026-07-23 17:24:42,1784795082,,610600008,https://m.bunjang.co.kr/products/421596512
쿠쿠 밥솥,371071899,쿠쿠10인용 압력밥솥패킹  CRP-CHR1060FD /새제품,12000,0,판매중,새상품,,False,3,0,2026-07-23 16:59:50,1784793590,쿠쿠전기밥솥 압력밥솥패킹 새제품,800400999,https://m.bunjang.co.kr/products/371071899
쿠쿠 밥솥,421547297,무배/바배 쿠쿠 10인용 IH 전기압력밥솥 CRP-CHP106,200000,0,판매중,중고,경기도 평택시 비전1동,True,5,0,2026-07-23 13:18:27,1784780307,,610600008,https://m.bunjang.co.kr/products/421547297
쿠쿠 밥솥,421461749,쿠쿠 IH 밥솥 KHT1010FB 브라운(10인용),100000,0,판매중,중고,,False,6,0,2026-07-22 18:02:41,1784710961,,610600008,https://m.bunjang.co.kr/products/421461749
쿠쿠 밥솥,421459542,쿠쿠 밥솥 HTXB1011FB 브라운(10인용),75000,0,판매중,중고,,False,0,0,2026-07-22 17:45:57,1784709957,,610600008,https://m.bunjang.co.kr/products/421459542
쿠쿠 밥솥,421454417,쿠쿠 IH 밥솥 H NXT1020FB(10인용),75000,0,판매중,중고,,True,4,0,2026-07-22 17:12:11,1784707931,,610600008,https://m.bunjang.co.kr/products/421454417
쿠쿠 밥솥,421442520,무배/바배 쿠쿠 트윈프레셔 더 라이트 전기압력밥솥 6인용 CRP-ST0615FGSM,140000,0,판매중,중고,경기도 평택시 비전1동,True,4,0,2026-07-22 15:48:08,1784702888,,610600008,https://m.bunjang.co.kr/products/421442520
쿠쿠 밥솥,421442367,무배/바배 쿠쿠 10인용 IH 전기압력밥솥 CRP-JHP1060FSM,225000,0,판매중,중고,경기도 평택시 비전1동,True,4,0,2026-07-22 15:46:51,1784702811,,610600008,https://m.bunjang.co.kr/products/421442367
쿠쿠 밥솥,421442128,무배/바배 쿠쿠 10인용 전기압력밥솥 CRP-R1025FBS,135000,0,판매중,중고,경기도 평택시 비전1동,True,3,0,2026-07-22 15:45:04,1784702704,,610600008,https://m.bunjang.co.kr/products/421442128
쿠쿠 밥솥,421441064,무배/바배 쿠쿠 업소용 17인용 대용량 전기보온밥솥,99000,0,판매중,중고,경기도 평택시 비전1동,True,0,0,2026-07-22 15:38:45,1784702325,,610600008,https://m.bunjang.co.kr/products/421441064
쿠쿠 밥솥,388380286,쿠쿠 ih 10인용 전기 밥솥 kht1010fb,90000,0,판매중,중고,서울특별시 관악구 성현동,False,0,0,2026-07-22 09:56:49,1784681809,kht1010fb 쿠쿠 10인용 밥솥 ih,610600008,https://m.bunjang.co.kr/products/388380286
쿠쿠 밥솥,400362318,쿠쿠 IH 압력밥솥 BHXB0660FB,70000,0,판매중,중고,,False,0,0,2026-07-22 05:55:13,1784667313,,610600008,https://m.bunjang.co.kr/products/400362318
쿠쿠 밥솥,421019338,무배/바배 쿠쿠 전기압력밥솥 CRP-OKNL1010BGW,120000,0,판매중,중고,경기도 평택시 비전1동,True,0,0,2026-07-20 13:40:32,1784522432,,610600008,https://m.bunjang.co.kr/products/421019338
쿠쿠 밥솥,420991548,쿠쿠 CRP-R0615FWS 전기 압력밥솥,135000,0,판매중,중고,경기도 평택시 비전1동,True,1,0,2026-07-20 11:04:48,1784513088,,610600008,https://m.bunjang.co.kr/products/420991548
쿠쿠 밥솥,420990611,쿠쿠 10인용 IH전기밥솥CRP-FHS 1010FMG,235000,0,판매중,중고,경기도 평택시 비전1동,True,2,0,2026-07-20 10:59:03,1784512743,,610600008,https://m.bunjang.co.kr/products/420990611
쿠쿠 밥솥,419770894,쿠쿠 핑크 미니 밥솥 1~2인용,42000,0,판매중,중고,부산광역시 남구 용호제3동,False,0,0,2026-07-20 07:45:40,1784501140,,610600008,https://m.bunjang.co.kr/products/419770894
쿠쿠 밥솥,419872068,쿠쿠 6인용 미니 에그밥솥,55000,0,판매중,중고,부산광역시 남구 용호제3동,False,8,0,2026-07-20 07:41:11,1784500871,,610600008,https://m.bunjang.co.kr/products/419872068
쿠쿠 밥솥,410835825,쿠쿠 IH전기압력밥솥 6인용(급처분),125000,0,판매중,중고,,False,3,0,2026-07-19 07:23:17,1784413397,,610600008,https://m.bunjang.co.kr/products/410835825
쿠쿠 밥솥,420685707,쿠쿠 CRP-R108FS10인용 밥솥,500,0,판매중,중고,광주광역시 광산구 첨단1동,False,1,0,2026-07-18 20:59:50,1784375990,,610600008,https://m.bunjang.co.kr/products/420685707
쿠쿠 밥솥,413208457,쿠쿠밥솥 CRP-HT0605S 6인용,33800,0,판매중,중고,,False,0,0,2026-07-17 12:16:00,1784258160,,610600008,https://m.bunjang.co.kr/products/413208457
쿠쿠 밥솥,405902759,[밥솥] 쿠쿠 QS1020FGM 10인용 열판압력밥솥,160000,0,판매중,중고,서울특별시 구로구 고척제2동,False,2,0,2026-07-16 17:05:26,1784189126,쿠쿠 전기 압력 밥솥 10인,610600008,https://m.bunjang.co.kr/products/405902759
쿠쿠 밥솥,420170885,26-7 쿠쿠 IH 전기밥솥 BHXB0660FD/6인용,79000,0,판매중,중고,,False,2,0,2026-07-16 15:03:22,1784181802,,610600008,https://m.bunjang.co.kr/products/420170885
쿠쿠 밥솥,416935180,쿠쿠 밥솥(10인용) 1번 사용한 거 싸게 팝니다.,320000,0,판매중,중고,충청남도 아산시 탕정면,False,2,0,2026-07-15 14:36:38,1784093798,,610600008,https://m.bunjang.co.kr/products/416935180
쿠쿠 밥솥,407385663,쿠쿠 압력밥솥6인 내솥,15000,0,판매중,중고,,False,1,0,2026-07-14 20:08:21,1784027301,밥솥내솥 압력밥솥6인용내솥 6인내솥,610600008,https://m.bunjang.co.kr/products/407385663
쿠쿠 밥솥,419513167,쿠첸 듀얼프레셔 10인용 전기압력밥솥 CRS-FWK1040W,155000,0,판매중,새상품,서울특별시 노원구 월계1동,False,4,0,2026-07-12 20:10:32,1783854632,쿠쿠 쿠첸 쿠첸밥솥 쿠쿠밥솥 전기밥솥,610600008,https://m.bunjang.co.kr/products/419513167
쿠쿠 밥솥,418695547,쿠쿠 밥솥 CRP-LHTR0675FG,4200000,0,판매중,새상품,서울특별시 서대문구 신촌동,True,1,0,2026-07-11 18:55:30,1783763730,,610600008,https://m.bunjang.co.kr/products/418695547
쿠쿠 밥솥,419091567,쿠쿠 밥솥,55000,0,판매중,중고,,False,0,0,2026-07-10 18:10:29,1783674629,,610600008,https://m.bunjang.co.kr/products/419091567
쿠쿠 밥솥,419059213,쿠쿠10인용 압력밥솥,99900,1,예약중,중고,경기도 남양주시 호평동,False,0,0,2026-07-10 15:26:10,1783664770,,610600008,https://m.bunjang.co.kr/products/419059213
쿠쿠 밥솥,402249543,쿠쿠압력 풀 스테인리스 에코 미니 밥솥 3인용 상태최상수준,139000,1,예약중,중고,,False,3,0,2026-07-07 07:19:02,1783376342,,610600008,https://m.bunjang.co.kr/products/402249543
쿠쿠 밥솥,417042368,쿠쿠 CR-0352FR 밥솥,23000,0,판매중,중고,서울특별시 성동구 행당제2동,False,1,0,2026-07-04 17:21:36,1783153296,,610600008,https://m.bunjang.co.kr/products/417042368
쿠쿠 밥솥,417849914,쿠쿠 트윈프레셔 10인용 IH압력밥솥 (미개봉)CRP-LHTR1020FG,370000,1,예약중,새상품,서울특별시 마포구 상암동,False,3,0,2026-07-04 11:59:30,1783133970,,610600008,https://m.bunjang.co.kr/products/417849914
쿠쿠 밥솥,417474796,쿠첸 듀얼프레셔 10인용 전기압력밥솥 새상품 14.9만,149000,0,판매중,새상품,서울특별시 중랑구 상봉제1동,False,6,0,2026-07-02 16:47:15,1782978435,쿠쿠 쿠첸 햇반 밥솥,610600008,https://m.bunjang.co.kr/products/417474796
쿠쿠 밥솥,417474285,쿠첸 더 뉴핏 듀얼프레셔 전기 압력밥솥 6인용 새상품 14.9만,149000,0,판매중,새상품,서울특별시 중랑구 상봉제1동,False,1,0,2026-07-02 16:44:39,1782978279,쿠첸 쿠쿠 전기밥솥 밥솥 햇반,610600008,https://m.bunjang.co.kr/products/417474285
쿠쿠 밥솥,417328245,쿠쿠 CR-1122R 밥솥,50000,0,판매중,중고,,True,0,0,2026-07-01 20:57:32,1782907052,,610600008,https://m.bunjang.co.kr/products/417328245
쿠쿠 밥솥,417094420,쿠쿠 6인용 전기압력밥솥 CRP-QS107FB,50000,0,판매중,중고,서울특별시 서초구 양재1동,False,1,0,2026-06-30 17:20:37,1782807637,,800400040,https://m.bunjang.co.kr/products/417094420
쿠쿠 밥솥,416248356,쿠쿠 6인용 IH 전기압력밥솥 CRP-FHXB0610FD,170000,0,판매중,중고,경기도 평택시 비전1동,True,3,0,2026-06-29 20:44:43,1782733483,,610600008,https://m.bunjang.co.kr/products/416248356
쿠쿠 밥솥,416580533,쿠쿠 IH압력밥솥 06 FHTS0610FB,370000,0,판매중,새상품,,False,3,0,2026-06-29 17:48:33,1782722913,,610600008,https://m.bunjang.co.kr/products/416580533
쿠쿠 밥솥,416897613,쿠쿠아력밥솥 KHTS1060FD,150000,0,판매중,중고,,False,5,0,2026-06-29 15:52:04,1782715924,,610600008,https://m.bunjang.co.kr/products/416897613
쿠쿠 밥솥,263690050,최고급 명품 경량 핸디 쿠쿠 6인용. 내솥 무상처 깨끗,30000,0,판매중,중고,대전광역시 중구 태평2동,True,0,0,2026-06-29 09:19:07,1782692347,rice 밥솥 쿠쿠 압력 cooker,610600008,https://m.bunjang.co.kr/products/263690050
쿠쿠 밥솥,296273800,쿠쿠밥솥,300000,0,판매중,새상품,,False,1,0,2026-06-28 20:40:53,1782646853,쿠쿠,610600008,https://m.bunjang.co.kr/products/296273800
쿠쿠 밥솥,416628510,쿠쿠 전기밥솥,35000,0,판매중,중고,,False,3,0,2026-06-28 10:23:37,1782609817,,610600008,https://m.bunjang.co.kr/products/416628510
쿠쿠 밥솥,403966821,블루 멀티 전기 라면 포트 미니 냄비 쌀 쿠커 cooker ramen,10000,0,판매중,중고,광주광역시 광산구 신창동,False,5,0,2026-06-27 17:46:06,1782549966,쿠쿠 밥솥 라면 쿠커 멀티쿠커,610600008,https://m.bunjang.co.kr/products/403966821
쿠쿠 밥솥,402201229,쿠쿠압력밥솥 6인용,70000,0,판매중,중고,전북특별자치도 익산시 송학동,True,5,0,2026-06-27 17:30:08,1782549008,,610600008,https://m.bunjang.co.kr/products/402201229
쿠쿠 밥솥,416113624,쿠쿠 IH 밥솥 FHR1010FG 에너지세이버,150000,0,판매중,중고,,False,1,0,2026-06-25 17:11:01,1782375061,,610600008,https://m.bunjang.co.kr/products/416113624
쿠쿠 밥솥,416049076,쿠쿠 전기밥솥 ih  10인용,200000,0,판매중,중고,,False,2,0,2026-06-25 10:52:57,1782352377,,610600008,https://m.bunjang.co.kr/products/416049076
쿠쿠 밥솥,397687394,[S급/밥솥] 쿠쿠 6인용 IH압력밥솥 CRP-DHB0660FDM,150000,0,판매중,중고,서울특별시 금천구 가산동,False,3,0,2026-06-24 17:13:58,1782288838,6인용 쿠쿠 압력 밥솥 ih,610600008,https://m.bunjang.co.kr/products/397687394
쿠쿠 밥솥,415921070,쿠쿠 전기밥솥  10인용,300000,0,판매중,중고,경기도 시흥시 정왕1동,False,3,0,2026-06-24 16:41:32,1782286892,,610600008,https://m.bunjang.co.kr/products/415921070
쿠쿠 밥솥,415919399,쿠쿠 CR-0352FR 밥솥,25000,0,판매중,중고,,False,2,0,2026-06-24 16:34:23,1782286463,밥솟,610600008,https://m.bunjang.co.kr/products/415919399
쿠쿠 밥솥,415814281,쿠쿠 마이콤 전기밥솥 CR-0655FR,60830,0,판매중,새상품,서울특별시 강서구 화곡제4동,False,1,0,2026-06-24 00:10:53,1782227453,쿠쿠밥솥 밥솥 전기밥솥,610600008,https://m.bunjang.co.kr/products/415814281
쿠쿠 밥솥,415805912,쿠쿠압력밥솥 10인용 CRP-CHZV101FW,98000,0,판매중,중고,,False,0,0,2026-06-23 23:25:34,1782224734,,610600008,https://m.bunjang.co.kr/products/415805912
쿠쿠 밥솥,415709914,쿠쿠 일반밥솥 화이트 중간크기 zip an ip,50000,0,판매중,중고,전북특별자치도 전주시 덕진구 금암동,True,0,0,2026-06-23 15:23:46,1782195826,,610600008,https://m.bunjang.co.kr/products/415709914
쿠쿠 밥솥,414268273,쿠쿠 CRP-QS1020FSM 10인용 압력밥솥,70000,1,예약중,중고,경기도 남양주시 다산2동,False,1,0,2026-06-22 18:27:51,1782120471,,610600008,https://m.bunjang.co.kr/products/414268273
쿠쿠 밥솥,415459067,쿠쿠 IH 밥솥 HUF108SS,80000,0,판매중,중고,전라남도 무안군 청계면,False,0,0,2026-06-22 07:22:30,1782080550,,610600008,https://m.bunjang.co.kr/products/415459067
쿠쿠 밥솥,415454909,쿠쿠 밥솥 화이트,35000,0,판매중,중고,,False,0,0,2026-06-22 05:33:09,1782073989,,610600008,https://m.bunjang.co.kr/products/415454909
쿠쿠 밥솥,415071361,쿠쿠 전기밥솥 압력밥솥 0320fw,150000,0,판매중,중고,경기도 시흥시 정왕1동,False,0,0,2026-06-20 11:22:33,1781922153,,610600008,https://m.bunjang.co.kr/products/415071361
쿠쿠 밥솥,410323597,쿠쿠 스마트 IH 압력밥솥 6인용 DHP0610FW,95000,0,판매중,중고,서울특별시 금천구 시흥제3동,True,10,0,2026-06-19 10:42:49,1781833369,,610600008,https://m.bunjang.co.kr/products/410323597
쿠쿠 밥솥,414848529,쿠쿠 전기밥솥 6인용 CR-0671V,42000,0,판매중,새상품,서울특별시 강서구 화곡제4동,False,2,0,2026-06-19 00:14:50,1781795690,전기밥솥 밥솥 쿠쿠,610600008,https://m.bunjang.co.kr/products/414848529
쿠쿠 밥솥,414771353,쿠쿠 CRP-G1020MP 밥솥(10인용),45000,0,판매중,중고,,False,1,0,2026-06-18 17:19:43,1781770783,,610600008,https://m.bunjang.co.kr/products/414771353
쿠쿠 밥솥,414641183,쿠첸 전기밥솥 압력밥솥 ih ㅣ 쿠쿠,70000,0,판매중,중고,,False,2,0,2026-06-17 20:06:35,1781694395,,610600008,https://m.bunjang.co.kr/products/414641183
쿠쿠 밥솥,393703882,쿠쿠 전기밥솥,25000,0,판매중,중고,세종특별자치시  조치원읍,False,2,0,2026-06-15 23:48:33,1781534913,,610600008,https://m.bunjang.co.kr/products/393703882
쿠쿠 밥솥,263689988,최고급 명품 대리석 코팅 압력밥솥 쿠쿠 10인용,35000,0,판매중,중고,대전광역시 중구 태평2동,True,1,0,2026-06-14 16:46:57,1781423217,쿠쿠 밥솥 압력 uh rice,610600008,https://m.bunjang.co.kr/products/263689988
쿠쿠 밥솥,414062568,쿠쿠 6인용 전기밥솥,230000,0,판매중,새상품,서울특별시 은평구 갈현제1동,False,0,0,2026-06-14 11:38:04,1781404684,쿠쿠 6인용 전기밥솥,610600008,https://m.bunjang.co.kr/products/414062568
쿠쿠 밥솥,413917305,쿠쿠 CR-0671V 밥솥 (화이트/퍼플),50000,0,판매중,중고,대구광역시 남구 봉덕1동,True,0,0,2026-06-13 14:28:10,1781328490,쿠쿠 밥솥 전기밥솥 밥 솥,610600008,https://m.bunjang.co.kr/products/413917305
쿠쿠 밥솥,413685670,쿠쿠 전기 압력밥솥 10인용 CRP-QKNL1010BGW,120000,0,판매중,중고,경기도 평택시 비전1동,True,1,0,2026-06-12 01:43:01,1781196181,,610600008,https://m.bunjang.co.kr/products/413685670
쿠쿠 밥솥,413600618,쿠쿠 일반 밥솥 10인분 판매합니다.,53000,0,판매중,중고,대구광역시 북구 산격4동,True,0,0,2026-06-11 15:29:53,1781159393,밥솥 쿠쿠 비압력 10인,610600008,https://m.bunjang.co.kr/products/413600618
쿠쿠 밥솥,411171206,쿠쿠 트윈프레셔 IH 압력밥솥 10인용,140000,1,예약중,중고,경기도 수원시 팔달구 지동,False,5,0,2026-06-08 20:47:20,1780919240,쿠쿠 트윈프레셔 압력밥솥 10인용,610600008,https://m.bunjang.co.kr/products/411171206
쿠쿠 밥솥,413114646,쿠쿠 CRP-G103MP 밥솥(10인용),70000,0,판매중,중고,,False,1,0,2026-06-08 11:32:28,1780885948,,610600008,https://m.bunjang.co.kr/products/413114646
쿠쿠 밥솥,263850956,최고급 명품 경량 핸디 밥솥 쿠쿠 6인용,30000,0,판매중,중고,,True,2,0,2026-06-07 17:52:53,1780822373,cuckoo rice cooker 밥솥 쿠쿠,610600008,https://m.bunjang.co.kr/products/263850956
쿠쿠 밥솥,412947994,쿠쿠 밥솥 내솥 Xwall Black(10인용),15000,0,판매중,중고,,False,0,0,2026-06-07 12:56:44,1780804604,,610600008,https://m.bunjang.co.kr/products/412947994
쿠쿠 밥솥,412817403,쿠쿠 IH 전기압력밥솥 CRP-HDG1015R(10인용),60000,0,판매중,중고,,False,0,0,2026-06-06 21:05:35,1780747535,,610600008,https://m.bunjang.co.kr/products/412817403
쿠쿠 밥솥,411696107,쿠쿠 6인용 미니 에그밥솥,55000,0,판매중,중고,부산광역시 남구 용호제1동,False,1,0,2026-06-06 17:34:36,1780734876,,610600008,https://m.bunjang.co.kr/products/411696107
쿠쿠 밥솥,412354258,쿠쿠 IH 압력밥솥 6인용 스텐내솥,200000,0,판매중,중고,,False,4,0,2026-06-04 18:47:16,1780566436,,610600008,https://m.bunjang.co.kr/products/412354258
쿠쿠 밥솥,412276006,쿠쿠 IH 압력밥솥 CRP-KHTS1060FLB 10인용 루미 블랙,200000,0,판매중,중고,,True,2,0,2026-06-04 11:14:02,1780539242,,610600008,https://m.bunjang.co.kr/products/412276006
쿠쿠 밥솥,412256514,쿠쿠 CRP-RT107FC 트윈 프레셔 밥솥,70000,0,판매중,중고,,False,0,0,2026-06-04 07:48:35,1780526915,,610600008,https://m.bunjang.co.kr/products/412256514
쿠쿠 밥솥,411720082,쿠쿠 6인용 미니 에그밥솥,53000,0,판매중,중고,부산광역시 남구 용호제3동,False,3,0,2026-06-04 06:07:34,1780520854,,610600008,https://m.bunjang.co.kr/products/411720082
쿠쿠 밥솥,412154840,쿠쿠 마시멜로 밥솥 CR-0215MW 그레이스 화이트,30000,0,판매중,중고,,False,1,0,2026-06-03 22:45:24,1780494324,,610600008,https://m.bunjang.co.kr/products/412154840
쿠쿠 밥솥,412150534,쿠쿠 6인용 전기압력밥솥 CRP-P0620FDM 오픈 박스,136000,0,판매중,중고,경기도 평택시 비전1동,True,4,0,2026-06-03 22:21:53,1780492913,,610600008,https://m.bunjang.co.kr/products/412150534
쿠쿠 밥솥,412149635,쿠쿠 6인용 IH압력밥솥 CRP -DHB0660FDM,170000,0,판매중,중고,경기도 평택시 비전1동,True,3,0,2026-06-03 22:16:50,1780492610,,610600008,https://m.bunjang.co.kr/products/412149635
쿠쿠 밥솥,412149086,쿠쿠 6인용 IH 전기압력밥솥 레이스 실버 CRP-JHP0660 오픈 박,190000,0,판매중,중고,경기도 평택시 비전1동,True,2,0,2026-06-03 22:13:57,1780492437,,610600008,https://m.bunjang.co.kr/products/412149086
쿠쿠 밥솥,412052135,쿠쿠 IH 전기압력밥솥 6인용 1등급 황동색내솥포함 HSXT0610FB,110000,0,판매중,중고,,False,2,0,2026-06-03 14:08:30,1780463310,,610600008,https://m.bunjang.co.kr/products/412052135
쿠쿠 밥솥,412020797,쿠쿠 6인용 프리미엄 IH 압력밥솥 (CRP-DHP0610FD),70000,0,판매중,중고,,False,4,0,2026-06-03 11:02:49,1780452169,밥솥 자취 쿠쿠 압력밥솥,610600008,https://m.bunjang.co.kr/products/412020797
쿠쿠 밥솥,411708294,쿠쿠 일렉트로맨 IH 압력밥솥 10인용 HUF1080SE,100000,0,판매중,중고,전북특별자치도 익산시 오산면,False,1,0,2026-06-01 16:53:47,1780300427,전기압력밥솥 쿠쿠,610600008,https://m.bunjang.co.kr/products/411708294
쿠쿠 밥솥,411572904,쿠쿠 밥솥 CR-1713R(17인용),35000,0,판매중,중고,,False,0,0,2026-05-31 22:26:00,1780233960,,610600008,https://m.bunjang.co.kr/products/411572904
쿠쿠 밥솥,147592986,쿠쿠밥솥,78000,0,판매중,중고,인천광역시 남동구 간석3동,False,0,0,2026-05-30 16:10:09,1780125009,쿠쿠밥솥,610600008,https://m.bunjang.co.kr/products/147592986
쿠쿠 밥솥,411144767,21년식 쿠쿠 밥솥 IH 스마트 10인용,140000,0,판매중,중고,,False,1,0,2026-05-30 11:18:37,1780107517,,610600008,https://m.bunjang.co.kr/products/411144767
쿠쿠 밥솥,411125769,쿠쿠 IH 압력밥솥 CRP-HEG1060SV,30000,1,예약중,중고,,False,0,0,2026-05-30 09:46:01,1780101961,,610600008,https://m.bunjang.co.kr/products/411125769
쿠쿠 밥솥,147733407,쿠쿠 밥솥  중고,50000,0,판매중,중고,인천광역시 남동구 간석3동,False,1,0,2026-05-29 01:39:38,1779986378,쿠쿠 밥솥,999,https://m.bunjang.co.kr/products/147733407
쿠쿠 밥솥,410859176,쿠쿠 압력밥솥 HPF0660SR중고중간크기,60000,0,판매중,중고,전북특별자치도 전주시 덕진구 금암동,True,0,0,2026-05-29 00:46:12,1779983172,,610600008,https://m.bunjang.co.kr/products/410859176
쿠쿠 밥솥,264062243,최고급 명품 대리석 코팅 압력밥솥 쿠쿠 10인용,28000,0,판매중,중고,대전광역시 서구 탄방동,True,4,0,2026-05-28 17:11:19,1779955879,밥솥 쿠쿠 rice cuckoo 압력,800400100,https://m.bunjang.co.kr/products/264062243
쿠쿠 밥솥,144234183,"밥솥덮개, 밥솥깔개, 밥통덮개, 밥솥커버 제작",26000,0,판매중,새상품,,True,15,0,2026-05-27 22:49:24,1779889764,쿠쿠 밥솥덮개 밥통덮개 밥솥커버 밥솥깔개,800400999,https://m.bunjang.co.kr/products/144234183
쿠쿠 밥솥,410606455,쿠쿠 IH압력밥솥 10인용 블랙 (실사용 5회 미만),149000,0,판매중,중고,서울특별시 구로구 고척제2동,False,0,0,2026-05-27 19:19:21,1779877161,,610600008,https://m.bunjang.co.kr/products/410606455
쿠쿠 밥솥,410550091,쿠쿠 전기압력밥솥,10000,1,예약중,중고,,False,0,0,2026-05-27 14:30:38,1779859838,,610600008,https://m.bunjang.co.kr/products/410550091
쿠쿠 밥솥,410472272,쿠쿠 트윈프레셔 10인용 전기밥솥 CRP-ST1095FGW,250000,0,판매중,새상품,경기도 평택시 비전1동,True,3,0,2026-05-27 00:01:25,1779807685,,610600008,https://m.bunjang.co.kr/products/410472272
쿠쿠 밥솥,385218439,쿠쿠 IH 압력밥솥 6인용,70000,0,판매중,중고,,False,4,0,2026-05-26 13:13:36,1779768816,,610600008,https://m.bunjang.co.kr/products/385218439
쿠쿠 밥솥,410313434,쿠쿠 IH 압력밥솥 HUT1060SP,70000,0,판매중,중고,,False,0,0,2026-05-26 08:04:17,1779750257,,610600008,https://m.bunjang.co.kr/products/410313434
쿠쿠 밥솥,409875311,쿠쿠 전기압력밥솥 6인용 CRP-P0660FD,30000,0,판매중,중고,,False,3,0,2026-05-23 23:51:14,1779547874,,610600008,https://m.bunjang.co.kr/products/409875311
쿠쿠 밥솥,409038125,새상품 무료배송 쿠쿠 트윈프레셔 밥솥 10인용 CRP-ST1095FGW,220000,0,판매중,새상품,경기도 평택시 비전2동,True,12,0,2026-05-19 20:04:51,1779188691,,610600008,https://m.bunjang.co.kr/products/409038125
쿠쿠 밥솥,372094210,쿠쿠 CR-0671V 전기보온밥솥,20000,0,판매중,중고,서울특별시 성북구 삼선동,False,2,0,2026-05-19 13:36:35,1779165395,,610600008,https://m.bunjang.co.kr/products/372094210
쿠쿠 밥솥,408953047,쿠쿠 전기압력밥솥 QS1010FG,230000,0,판매중,새상품,,False,1,0,2026-05-19 12:25:12,1779161112,,610600008,https://m.bunjang.co.kr/products/408953047
쿠쿠 밥솥,408914475,쿠쿠 전기 압력 밥솥 010FG,265000,0,판매중,새상품,,False,0,0,2026-05-19 05:41:32,1779136892,,610600008,https://m.bunjang.co.kr/products/408914475
쿠쿠 밥솥,393433507,쿠쿠 10인용 전기압력밥솥,100000,0,판매중,중고,서울특별시 강서구 등촌제1동,False,0,0,2026-05-17 10:45:46,1778982346,밥솥 압력밥솥 전기압력밥솥 쿠쿠 쿠쿠밥솥,800400999,https://m.bunjang.co.kr/products/393433507
쿠쿠 밥솥,408229993,쿠쿠IH 6인용압력밥솥,160000,0,판매중,중고,,False,1,0,2026-05-15 19:04:32,1778839472,,610600008,https://m.bunjang.co.kr/products/408229993
쿠쿠 밥솥,407588057,쿠쿠 밥솥,60000,0,판매중,중고,울산광역시 북구 효문동,True,1,0,2026-05-12 13:45:50,1778561150,,610600008,https://m.bunjang.co.kr/products/407588057
쿠쿠 밥솥,407250932,쿠쿠 밥솥 트윈프레셔 마스터세프 저당밥솥 6인용,430000,0,판매중,새상품,경기도 용인시 처인구 포곡읍,False,0,0,2026-05-10 19:57:28,1778410648,,610600008,https://m.bunjang.co.kr/products/407250932
쿠쿠 밥솥,406636225,쿠쿠 2인용 마시멜로 밥솥 CR-0255MW,18000,0,판매중,중고,,True,2,0,2026-05-07 22:39:56,1778161196,,610600008,https://m.bunjang.co.kr/products/406636225
쿠쿠 밥솥,406614667,쿠쿠 10인용 압력밥솥 P-R1025FBS,100000,0,판매중,중고,,True,2,0,2026-05-07 20:49:10,1778154550,,610600008,https://m.bunjang.co.kr/products/406614667
쿠쿠 밥솥,406595638,쿠쿠 IH 압력밥솥 HSXB063FB,75000,0,판매중,중고,,False,0,0,2026-05-07 19:08:51,1778148531,,610600008,https://m.bunjang.co.kr/products/406595638
쿠쿠 밥솥,406452125,새상품급 무료배송 쿠쿠 6인용 전기압력밥솥 CRP-P0620FDM,120000,0,판매중,중고,경기도 평택시 비전2동,True,7,0,2026-05-07 00:12:05,1778080325,,610600008,https://m.bunjang.co.kr/products/406452125
쿠쿠 밥솥,397471397,쿠첸 IH 압력밥솥 10인용,65000,1,예약중,중고,경기도 수원시 팔달구 지동,False,3,0,2026-05-06 10:55:54,1778032554,쿠쿠 ih 압력밥솥 10인용,610600008,https://m.bunjang.co.kr/products/397471397
쿠쿠 밥솥,406091962,쿠쿠 6인용 압력밥솥,60000,1,예약중,중고,,False,1,0,2026-05-05 14:19:35,1777958375,,610600008,https://m.bunjang.co.kr/products/406091962
쿠쿠 밥솥,405040816,26. 쿠쿠6인용 전기압력밥솥ㅡ확인,150000,1,예약중,중고,,False,0,0,2026-05-05 06:04:50,1777928690,,610600008,https://m.bunjang.co.kr/products/405040816
쿠쿠 밥솥,405391990,쿠쿠 에그 밥솥 6인용,55000,0,판매중,중고,부산광역시 남구 용호제1동,False,0,0,2026-05-02 18:05:25,1777712725,,610600008,https://m.bunjang.co.kr/products/405391990
쿠쿠 밥솥,405282492,쿠쿠 CRP-N0680SR 압력밥솥(6인용),50000,0,판매중,중고,,False,1,0,2026-05-02 06:11:49,1777669909,,610600008,https://m.bunjang.co.kr/products/405282492
쿠쿠 밥솥,405157721,쿠쿠 전기 압력밥솥 뚜껑,10000,0,판매중,중고,,False,0,0,2026-05-01 16:16:58,1777619818,,610600008,https://m.bunjang.co.kr/products/405157721
쿠쿠 밥솥,405157079,쿠쿠압력 밥솥 내솥 블랙,35000,0,판매중,중고,,False,1,0,2026-05-01 16:13:49,1777619629,,610600008,https://m.bunjang.co.kr/products/405157079
쿠쿠 밥솥,405040578,26. 쿠쿠10인용 전기압력밥솥ㅡ확인,80000,1,예약중,중고,,False,0,0,2026-04-30 23:22:02,1777558922,,610600008,https://m.bunjang.co.kr/products/405040578
쿠쿠 밥솥,404206094,[미개봉 새상품] 쿠쿠 트윈프레셔 IH 압력밥솥 CRP-FHTS0610F,300000,0,판매중,새상품,,False,5,0,2026-04-30 16:12:36,1777533156,,610600008,https://m.bunjang.co.kr/products/404206094
쿠쿠 밥솥,404507639,쿠쿠 CRP-R0615FWS 전기압력밥솥,99000,0,판매중,중고,경기도 평택시 비전1동,False,5,0,2026-04-28 13:25:58,1777350358,,610600008,https://m.bunjang.co.kr/products/404507639
쿠쿠 밥솥,404408355,쿠쿠 풀스테인 6인압력밥솥,65000,1,예약중,중고,,False,0,0,2026-04-27 22:20:39,1777296039,,610600008,https://m.bunjang.co.kr/products/404408355
쿠쿠 밥솥,404407782,쿠쿠 풀스테인리스 압력밥솥 10인용,65000,1,예약중,중고,,False,0,0,2026-04-27 22:17:55,1777295875,,610600008,https://m.bunjang.co.kr/products/404407782
쿠쿠 밥솥,404291799,쿠쿠밥솥 6인용 IH 밥솥,49000,1,예약중,중고,,False,2,0,2026-04-27 12:13:06,1777259586,밥솥 쿠쿠밥솥 6인용밥솥 밥솥6인용 쿠쿠,610600008,https://m.bunjang.co.kr/products/404291799
쿠쿠 밥솥,404264534,CHS108FD   쿠쿠압력밥솥 10인용,80000,0,판매중,중고,,False,4,0,2026-04-27 08:15:00,1777245300,,610600008,https://m.bunjang.co.kr/products/404264534
쿠쿠 밥솥,404189289,쿠쿠 IH압력밥솥 HUF105SS,53000,0,판매중,중고,,False,1,0,2026-04-26 21:29:51,1777206591,,610600008,https://m.bunjang.co.kr/products/404189289
쿠쿠 밥솥,404051283,메인보드~쿠쿠압력밥솥용( CRP-OS1010FG ),10000,0,판매중,중고,경기도 수원시 권선구 평동,False,1,0,2026-04-26 10:35:44,1777167344,,610600008,https://m.bunjang.co.kr/products/404051283
쿠쿠 밥솥,403689002,쿠쿠 IH 압력밥솥 CRP-HEG1070FP,40000,0,판매중,중고,,False,2,0,2026-04-24 16:59:33,1777017573,,610600008,https://m.bunjang.co.kr/products/403689002
쿠쿠 밥솥,403621601,쿠쿠 압력밥솥 10인용내솥,25000,0,판매중,중고,,False,2,0,2026-04-24 11:04:29,1776996269,,610600008,https://m.bunjang.co.kr/products/403621601
쿠쿠 밥솥,402980466,쿠쿠 IH 압력밥솥 6인용,55000,1,예약중,중고,,False,4,0,2026-04-23 11:09:36,1776910176,,610600008,https://m.bunjang.co.kr/products/402980466
쿠쿠 밥솥,403385210,쿠쿠 FHR1010FG IH 10인용전기압력밥솥,140000,0,판매중,중고,,True,3,0,2026-04-23 02:16:00,1776878160,,610600008,https://m.bunjang.co.kr/products/403385210
쿠쿠 밥솥,403270245,쿠쿠압력밥솥 현미귀리흑미보리잡곡밥 식혜용10인 SRP-152SI 아이보리,19900,0,판매중,중고,,False,2,0,2026-04-22 15:55:31,1776840931,,610600008,https://m.bunjang.co.kr/products/403270245
쿠쿠 밥솥,391813368,쿠쿠 미니 전기보온밥솥 6인용 핑크,27000,1,예약중,중고,경기도 수원시 팔달구 지동,False,1,0,2026-04-22 12:25:10,1776828310,쿠쿠 6인용 전기밥솥,610600008,https://m.bunjang.co.kr/products/391813368
쿠쿠 밥솥,402346873,쿠쿠 압력밥솥AHF1060FD10인용,200000,0,판매중,중고,,True,0,0,2026-04-21 23:31:55,1776781915,,610600008,https://m.bunjang.co.kr/products/402346873
쿠쿠 밥솥,402689082,쿠쿠 트윈프레셔 6 인용 전기압력밥솥 CRP-ST0615FW,169000,0,판매중,새상품,경기도 파주시 문산읍,False,6,0,2026-04-19 17:20:02,1776586802,,610600008,https://m.bunjang.co.kr/products/402689082
쿠쿠 밥솥,402438232,쿠쿠 마스터셰프 사일런스 6인용 밥솥,370000,0,판매중,새상품,경기도 김포시 장기본동,True,7,0,2026-04-18 18:15:57,1776503757,전기압력밥솥 쿠쿠전기밥솥 전기밥솥 6인용전기압력밥솥 쿠쿠,610600008,https://m.bunjang.co.kr/products/402438232
쿠쿠 밥솥,402231629,쿠쿠 밥솥,60000,0,판매중,새상품,경기도 성남시 중원구 금광2동,False,1,0,2026-04-17 19:38:17,1776422297,,610600008,https://m.bunjang.co.kr/products/402231629
쿠쿠 밥솥,263850473,최고급 명품 대리석 코팅 압력밥솥 쿠쿠 10인용,35000,0,판매중,중고,,True,1,0,2026-04-17 17:03:54,1776413034,밥솥 쿠쿠 rice cooker cuckoo,610600008,https://m.bunjang.co.kr/products/263850473
쿠쿠 밥솥,402171628,쿠쿠 6인용 압력밥솥 쿠쿠전자 CUCKOO CRP-DHP0610FD,120000,1,예약중,중고,,False,3,0,2026-04-17 14:48:22,1776404902,,610600008,https://m.bunjang.co.kr/products/402171628
쿠쿠 밥솥,401738560,쿠쿠밥솥,45000,0,판매중,중고,경상북도 포항시 북구 두호동,False,1,0,2026-04-16 10:01:57,1776301317,몇번쓰질않아서,610600008,https://m.bunjang.co.kr/products/401738560
쿠쿠 밥솥,401904258,쿠쿠 밥솥 물받이 (10인용) + 증기배출구 청소핀 (일괄판매),7000,0,판매중,중고,서울특별시 동작구 상도제1동,False,1,0,2026-04-16 06:09:26,1776287366,,610600008,https://m.bunjang.co.kr/products/401904258
쿠쿠 밥솥,401568348,쿠쿠 10인용 압력밥솥,65000,1,예약중,중고,,False,0,0,2026-04-14 18:37:59,1776159479,,610600008,https://m.bunjang.co.kr/products/401568348
쿠쿠 밥솥,401557982,쿠쿠 IH 압력밥솥 HNXG1010FB,70000,0,판매중,중고,,False,2,0,2026-04-14 17:49:22,1776156562,,610600008,https://m.bunjang.co.kr/products/401557982
쿠쿠 밥솥,401556434,쿠쿠 IH 압력밥솥 HNXG1010FB,70000,0,판매중,중고,,False,0,0,2026-04-14 17:41:47,1776156107,,610600008,https://m.bunjang.co.kr/products/401556434
쿠쿠 밥솥,399531755,쿠쿠 전기밥솥 3인용,320000,0,판매중,새상품,경기도 수원시 팔달구 인계동,True,4,0,2026-04-14 08:45:05,1776123905,밥솥 쿠쿠 압력밥솥,610600008,https://m.bunjang.co.kr/products/399531755
쿠쿠 밥솥,162706620,KT 쿠쿠 10인용 IH 전기밥솥 밥통 쿠첸 엔젤 휴롬 칼,50000,0,판매중,중고,경기도 용인시 수지구 성복동,False,9,0,2026-04-12 22:36:14,1776000974,압력밭솥 밥통 오븐 쿠커 그릴,610600008,https://m.bunjang.co.kr/products/162706620
쿠쿠 밥솥,400191876,쿠쿠 IH 10인 무쇠 압력밥솥,65000,1,예약중,중고,,True,1,0,2026-04-09 17:43:43,1775724223,,610600008,https://m.bunjang.co.kr/products/400191876
쿠쿠 밥솥,286880102,쿠쿠 전기밥솥 급처,49000,0,판매중,중고,서울특별시 용산구 원효로제1동,False,1,0,2026-04-09 16:25:14,1775719514,,610600008,https://m.bunjang.co.kr/products/286880102
쿠쿠 밥솥,400357928,쿠쿠 밥솥 물받이 (6인용) + 증기배출구 청소핀 (일괄판매),7000,1,예약중,중고,서울특별시 동작구 상도제1동,False,0,0,2026-04-09 03:38:43,1775673523,,610600008,https://m.bunjang.co.kr/products/400357928
쿠쿠 밥솥,400301150,쿠쿠 IH 전기압력밥솥 10인용 CRP-CHB1060FSM,275000,0,판매중,새상품,서울특별시 중랑구 면목본동,True,7,0,2026-04-08 21:19:34,1775650774,,610600008,https://m.bunjang.co.kr/products/400301150
쿠쿠 밥솥,399967066,쿠쿠 블랙 압력밥솥 내솥,80000,0,판매중,중고,전북특별자치도 전주시 덕진구 금암동,True,1,0,2026-04-07 09:51:32,1775523092,,610600008,https://m.bunjang.co.kr/products/399967066
쿠쿠 밥솥,399893822,쿠쿠 CRP-FA0621MR 압력밥솥(6인용),45000,0,판매중,중고,,True,0,0,2026-04-06 21:15:29,1775477729,,610600008,https://m.bunjang.co.kr/products/399893822
쿠쿠 밥솥,399881826,쿠쿠 스마트 IH 압력밥솥,69000,1,예약중,중고,,False,2,0,2026-04-06 20:27:45,1775474865,,610600008,https://m.bunjang.co.kr/products/399881826
쿠쿠 밥솥,399025454,쿠쿠  무쇠 압력밥솥 6인용,79000,1,예약중,중고,,False,2,0,2026-04-04 08:36:01,1775259361,,610600008,https://m.bunjang.co.kr/products/399025454
쿠쿠 밥솥,397828710,쿠쿠 풀스테인리스 ECO 밥솥,85500,0,판매중,중고,,False,1,0,2026-04-04 05:10:07,1775247007,,610600008,https://m.bunjang.co.kr/products/397828710
쿠쿠 밥솥,399143157,쿠쿠 트윈프레셔 6인용 IH압력밥솥,250000,0,판매중,중고,경상남도 통영시 북신동,True,15,0,2026-04-03 20:12:48,1775214768,,610600008,https://m.bunjang.co.kr/products/399143157
쿠쿠 밥솥,398961841,새제품) 쿠쿠 전기밥솥 CRP-BR065FB,150000,1,예약중,새상품,,False,3,0,2026-04-02 21:14:37,1775132077,쿠쿠밥솥 쿠쿠압력밥솥6인용 쿠쿠,610600008,https://m.bunjang.co.kr/products/398961841
쿠쿠 밥솥,398920505,쿠쿠 전기밥솥 화이트,50000,0,판매중,중고,전북특별자치도 전주시 완산구 중화산1동,False,2,0,2026-04-02 18:03:18,1775120598,,610600008,https://m.bunjang.co.kr/products/398920505
쿠쿠 밥솥,398905545,쿠쿠 트윈프레셔 10인용 압력밥솥,265000,0,판매중,중고,,False,4,0,2026-04-02 16:54:10,1775116450,쿠쿠 전기밥솥 압력밥솥,610600008,https://m.bunjang.co.kr/products/398905545
쿠쿠 밥솥,398690167,쿠쿠 lh 압력 밥솥,65000,0,판매중,중고,,False,5,0,2026-04-01 15:33:38,1775025218,,610600008,https://m.bunjang.co.kr/products/398690167
쿠쿠 밥솥,398542399,쿠쿠 전기밥솥,450000,0,판매중,새상품,,True,2,0,2026-03-31 19:30:00,1774953000,,610600008,https://m.bunjang.co.kr/products/398542399
쿠쿠 밥솥,396634539,쿠쿠밥솥,394000,0,판매중,새상품,부산광역시 부산진구 부전제1동,False,1,0,2026-03-29 14:00:15,1774760415,,610600008,https://m.bunjang.co.kr/products/396634539
쿠쿠 밥솥,397901254,쿠쿠 IH 압력밥솥,85000,0,판매중,중고,,False,0,0,2026-03-29 01:08:08,1774714088,밥솥,610600008,https://m.bunjang.co.kr/products/397901254
쿠쿠 밥솥,397939816,쿠쿠압력밥솥10인용 시스템,25000,0,판매중,중고,,False,0,0,2026-03-28 20:05:45,1774695945,,610600008,https://m.bunjang.co.kr/products/397939816
쿠쿠 밥솥,384691091,쿠쿠 미니 밥솥 3인 팔아용,140000,0,판매중,중고,서울특별시 구로구 고척제1동,True,8,0,2026-03-28 19:54:04,1774695244,,610600008,https://m.bunjang.co.kr/products/384691091
쿠쿠 밥솥,397832710,쿠쿠 압력밥솥 WHK-VE1080SD,70000,0,판매중,중고,,False,1,0,2026-03-28 10:39:55,1774661995,,610600008,https://m.bunjang.co.kr/products/397832710
쿠쿠 밥솥,264142622,최고급 명품 대리석 코팅 압력밥솥 쿠쿠 10인용,35000,0,판매중,중고,,True,4,0,2026-03-27 15:10:55,1774591855,밥솥 쿠쿠 rice cuckoo cooker,610600008,https://m.bunjang.co.kr/products/264142622
쿠쿠 밥솥,397312723,쿠쿠 CRP-P067FD 6인용 전기압력밥솥,60000,0,판매중,중고,대전광역시 서구 둔산3동,False,1,0,2026-03-25 14:48:56,1774417736,,610600008,https://m.bunjang.co.kr/products/397312723
쿠쿠 밥솥,397157941,쿠쿠 CRP-L108FR 전기 압력밥솥,45000,0,판매중,중고,,False,1,0,2026-03-24 18:06:14,1774343174,,610600008,https://m.bunjang.co.kr/products/397157941
쿠쿠 밥솥,397157306,쿠쿠 IH 압력밥솥 CRP-HDXG105SP(10인용)),45000,0,판매중,중고,,False,1,0,2026-03-24 18:03:24,1774343004,,610600008,https://m.bunjang.co.kr/products/397157306
쿠쿠 밥솥,396631100,쿠쿠 IH압력밥솥 10인용 새상품급,75000,1,예약중,중고,부산광역시 남구 용호제1동,False,0,0,2026-03-24 12:27:17,1774322837,,610600008,https://m.bunjang.co.kr/products/396631100
쿠쿠 밥솥,397083356,쿠쿠 트윈프레셔 6인용 피치골드 압력밥솥,150000,0,판매중,중고,인천광역시 부평구 청천2동,False,0,0,2026-03-24 11:10:34,1774318234,,610600008,https://m.bunjang.co.kr/products/397083356
쿠쿠 밥솥,396712122,20년식 쿠쿠 압력밥솥6인용,120000,0,판매중,중고,,False,0,0,2026-03-22 15:13:44,1774160024,,610600008,https://m.bunjang.co.kr/products/396712122
쿠쿠 밥솥,382782730,쿠쿠 압력밥솥 HSXB0630FB,45000,0,판매중,중고,서울특별시 서초구 양재1동,True,2,0,2026-03-20 12:35:02,1773977702,,610600008,https://m.bunjang.co.kr/products/382782730
쿠쿠 밥솥,370583452,쿠쿠 전기보온밥솥 10인용 (내솥 X),17000,1,예약중,중고,경기도 수원시 팔달구 지동,False,6,0,2026-03-19 10:35:42,1773884142,쿠쿠 전기보온밥솥 1010인용,610600008,https://m.bunjang.co.kr/products/370583452
쿠쿠 밥솥,392696336,쿠쿠3인용 전기압력밥솥,50000,1,예약중,중고,,False,5,0,2026-03-17 09:09:10,1773706150,,610600008,https://m.bunjang.co.kr/products/392696336
쿠쿠 밥솥,395589804,쿠쿠 CR-0375FW 3인용 전기밥솥,50000,0,판매중,중고,,True,2,0,2026-03-16 23:08:27,1773670107,,610600008,https://m.bunjang.co.kr/products/395589804
쿠쿠 밥솥,395589010,쿠쿠 IH 압력밥솥 HNXG1010FB,80000,0,판매중,중고,,True,0,0,2026-03-16 23:04:37,1773669877,,610600008,https://m.bunjang.co.kr/products/395589010
쿠쿠 밥솥,394521722,쿠쿠 블랙스톤 압력밥솥 6인용,69000,1,예약중,중고,경기도 수원시 팔달구 지동,False,1,0,2026-03-16 19:49:55,1773658195,쿠쿠 블랙스톤 압력밥솥 6인용,610600008,https://m.bunjang.co.kr/products/394521722
쿠쿠 밥솥,395498220,쿠쿠 전기밥솥 30인용 CR-3031V,50000,0,판매중,중고,경기도 화성시 동탄6동,False,2,0,2026-03-16 16:05:51,1773644751,,610600008,https://m.bunjang.co.kr/products/395498220
쿠쿠 밥솥,146405305,"영국장미 원단으로 만든 밥솥덮개, 밥솥깔개",27000,0,판매중,새상품,,True,7,0,2026-03-15 22:39:39,1773581979,밥솥덮개 밥솥깔개 쿠쿠 쿠첸 밥통커버,800100999,https://m.bunjang.co.kr/products/146405305
쿠쿠 밥솥,395277523,23년 쿠쿠 SMART IH 압력밥솥 6인용,150000,0,판매중,중고,서울특별시 서대문구 홍제제1동,False,0,0,2026-03-15 14:37:23,1773553043,,610600008,https://m.bunjang.co.kr/products/395277523
쿠쿠 밥솥,273810471,최고급 명품 럭셔리 디럭스 압력 밥솥 쿠쿠 6인용 CRP-P067FR,95000,0,판매중,새상품,대전광역시 중구 태평2동,True,3,0,2026-03-13 16:36:59,1773387419,rice cooker cuckoo 밥솥 쿠쿠,610600008,https://m.bunjang.co.kr/products/273810471
쿠쿠 밥솥,355259776,쿠쿠10인용 압력밥솥,199000,1,예약중,중고,경기도 남양주시 호평동,True,5,0,2026-03-12 07:47:06,1773269226,,610600008,https://m.bunjang.co.kr/products/355259776
쿠쿠 밥솥,357923908,쿠쿠 IH압력밥솥 6인용,120000,0,판매중,중고,,False,1,0,2026-03-08 18:56:51,1772963811,,610600008,https://m.bunjang.co.kr/products/357923908
쿠쿠 밥솥,392854016,(배송 가능) 쿠쿠 CRP-DHR0610FS 6인용 IH압력밥솥,215000,0,판매중,중고,부산광역시 수영구 민락동,True,1,0,2026-03-03 10:46:01,1772502361,쿠쿠 쿠쿠밥솥 압력밥솥 압력밥솥6인용 쿠쿠6인용밥솥,610600008,https://m.bunjang.co.kr/products/392854016
쿠쿠 밥솥,388021465,쿠쿠 밥솥 CRP N0680SR,40000,0,판매중,중고,,False,0,0,2026-03-01 14:15:35,1772342135,,610600008,https://m.bunjang.co.kr/products/388021465
쿠쿠 밥솥,392382379,쿠쿠밥솥3인용,70000,0,판매중,새상품,서울특별시 양천구 신정2동,False,7,0,2026-03-01 10:32:21,1772328741,,610600008,https://m.bunjang.co.kr/products/392382379
쿠쿠 밥솥,392071544,쿠쿠IH6인용 밥솥 빈 박스 구매,15000,0,판매중,중고,,True,0,0,2026-02-27 21:56:20,1772196980,,610600008,https://m.bunjang.co.kr/products/392071544
쿠쿠 밥솥,391691494,쿠쿠 IH 전기압력밥솥 다크실버 6인용,50000,0,판매중,중고,,False,0,0,2026-02-26 11:14:27,1772072067,,610600008,https://m.bunjang.co.kr/products/391691494
쿠쿠 밥솥,391593930,쿠쿠 최신상 사일런스 프로 밥솥,350000,0,판매중,새상품,서울특별시 중랑구 면목제4동,True,5,0,2026-02-25 20:26:19,1772018779,,610600008,https://m.bunjang.co.kr/products/391593930
쿠쿠 밥솥,391576944,쿠쿠 압력밥솥,50000,0,판매중,중고,,True,1,0,2026-02-25 19:03:42,1772013822,,610600008,https://m.bunjang.co.kr/products/391576944
쿠쿠 밥솥,383558227,쿠쿠 IH 압력밥솥 DHR067FS 6인용,98000,0,판매중,중고,,False,4,0,2026-02-25 04:10:53,1771960253,,610600008,https://m.bunjang.co.kr/products/383558227
쿠쿠 밥솥,234274003,미개봉새상품정품쿠쿠 블랙스톤 6인용전기밥솥 CRP-BR065FB,146900,1,예약중,새상품,,False,35,0,2026-02-25 00:43:50,1771947830,쿠쿠6인용 쿠쿠블랙스톤 쿠쿠10인용 쿠쿠압력밥솥10인 쿠쿠밥솥6인용,610600008,https://m.bunjang.co.kr/products/234274003
쿠쿠 밥솥,385381499,쿠쿠 10인용 압력밥솥 내솥입니다,20000,1,예약중,중고,경기도 남양주시 다산2동,True,2,0,2026-02-20 20:46:50,1771588010,,610600008,https://m.bunjang.co.kr/products/385381499
쿠쿠 밥솥,341110616,쿠쿠 6인용 IH압력밥솥 CRP-N068FR 입니다,100000,0,판매중,중고,,False,1,0,2026-02-19 07:31:25,1771453885,,610600008,https://m.bunjang.co.kr/products/341110616
쿠쿠 밥솥,389880786,쿠쿠 밥솥 물받이 (6인용) + 증기배출구 청소핀 (일괄판매),7000,1,예약중,중고,서울특별시 동작구 상도제1동,False,0,0,2026-02-18 02:02:13,1771347733,,610600008,https://m.bunjang.co.kr/products/389880786
쿠쿠 밥솥,389866943,쿠쿠압력밥솥6인용,90000,0,판매중,중고,인천광역시 서구 가정1동,False,8,0,2026-02-18 00:14:29,1771341269,,610600008,https://m.bunjang.co.kr/products/389866943
쿠쿠 밥솥,389536515,쿠쿠 전기압력밥솥 6인용 1등급,190000,0,판매중,중고,경기도 용인시 처인구 남사읍,True,5,0,2026-02-16 10:26:00,1771205160,,610600008,https://m.bunjang.co.kr/products/389536515
쿠쿠 밥솥,388846916,쿠쿠 미니밥솥 판매,14000,1,예약중,중고,,True,0,0,2026-02-14 20:13:20,1771067600,,610600008,https://m.bunjang.co.kr/products/388846916
쿠쿠 밥솥,389084690,쿠첸 전기밥솥 압력밥솥 ih ㅣ 쿠쿠,70000,0,판매중,중고,,False,2,0,2026-02-14 10:50:20,1771033820,,610600008,https://m.bunjang.co.kr/products/389084690
쿠쿠 밥솥,354494634,쿠쿠 미니 밥솥 CR-0631P 핑크,5000,0,판매중,중고,,False,4,0,2026-02-12 00:15:54,1770822954,,610600008,https://m.bunjang.co.kr/products/354494634
쿠쿠 밥솥,388221349,쿠쿠6인용밥솥,40000,0,판매중,중고,대전광역시 동구 자양동,False,24,0,2026-02-10 04:06:41,1770664001,,610600008,https://m.bunjang.co.kr/products/388221349
쿠쿠 밥솥,387351677,쿠쿠스텐 압력밥솥 블랙 내솥 6,45000,1,예약중,중고,,False,1,0,2026-02-10 02:29:58,1770658198,,610600008,https://m.bunjang.co.kr/products/387351677
쿠쿠 밥솥,388184705,쿠쿠 IH 압력밥솥 HNXF1020FB(10인용),80000,0,판매중,중고,,False,0,0,2026-02-09 22:07:28,1770642448,,610600008,https://m.bunjang.co.kr/products/388184705
쿠쿠 밥솥,388078232,쿠쿠 2인용 전기밥솥 CR-0215MV 새 제품 판매,67000,0,판매중,새상품,서울특별시 송파구 잠실본동,True,2,0,2026-02-09 13:44:50,1770612290,,610600008,https://m.bunjang.co.kr/products/388078232
쿠쿠 밥솥,386970806,쿠쿠 CRP-HDG1060SI 압력밥솥(10인용),50000,0,판매중,중고,,False,0,0,2026-02-04 11:17:54,1770171474,,610600008,https://m.bunjang.co.kr/products/386970806
쿠쿠 밥솥,386244849,쿠쿠 전기밥솥 EHS0320FS,170000,0,판매중,중고,경상남도 밀양시 삼문동,False,2,0,2026-02-02 14:06:20,1770008780,쿠쿠밥솥,610600008,https://m.bunjang.co.kr/products/386244849
쿠쿠 밥솥,374565445,쿠쿠 CR-3031V 업소용 전기밥솥 30인용,130000,0,판매중,중고,인천광역시 서구 가정1동,False,2,0,2026-02-01 23:19:02,1769955542,밥솥 업소용밥솥 쿠쿠밥솥 전기밥솥 쿠쿠전기밥솥,610600008,https://m.bunjang.co.kr/products/374565445
쿠쿠 밥솥,386004902,35인밥솥  쿠쿠 3555b,32000,0,판매중,중고,서울특별시 종로구 혜화동,True,0,0,2026-01-31 15:11:34,1769839894,,800400130,https://m.bunjang.co.kr/products/386004902
쿠쿠 밥솥,341008062,쿠쿠 crp-m110fd 쿠쿠밥솥 쿠쿠10인용밥솥 쿠쿠10인용 쿠쿠솥,39000,0,판매중,중고,,False,0,0,2026-01-31 09:19:31,1769818771,쿠쿠밥솥 쿠쿠10인용밥솥 쿠쿠솥 쿠쿠10인용 crp-m110f,610600008,https://m.bunjang.co.kr/products/341008062
쿠쿠 밥솥,385420602,쿠쿠 Xwall 블랙샤인 밥솥 내솥 6,8000,1,예약중,중고,,False,1,0,2026-01-28 18:56:11,1769594171,,610600008,https://m.bunjang.co.kr/products/385420602
쿠쿠 밥솥,351578279,쿠쿠 압력밥솥 10인용,45000,0,판매중,중고,서울특별시 강남구 대치1동,False,2,0,2026-01-28 16:46:32,1769586392,쿠쿠압력밥솥 쿠쿠밥솥 밥솥 쿠쿠10인용 10인용밥솥,610600008,https://m.bunjang.co.kr/products/351578279
쿠쿠 밥솥,385308246,쿠쿠 전기압력밥솥 6인용 CRP-HZXB0660FR,55000,0,판매중,중고,,True,0,0,2026-01-28 09:00:19,1769558419,,610600008,https://m.bunjang.co.kr/products/385308246
쿠쿠 밥솥,385144843,쿠쿠 IH 전기압력밥솥 6인용 CRP-DHB0660FDM 판매합니다,50000,1,예약중,중고,서울특별시 서초구 서초2동,False,0,0,2026-01-27 14:44:55,1769492695,,610600008,https://m.bunjang.co.kr/products/385144843
쿠쿠 밥솥,378329713,쿠쿠밥솥 부품)분리형커버 홀더 잠금장치 2종류,8000,0,판매중,중고,경기도 부천시 소사구 옥길동,False,0,0,2026-01-26 08:17:30,1769383050,쿠쿠부품 쿠쿠밥솥부품 쿠쿠홀더 분리형커버홀더 밥솥,610600008,https://m.bunjang.co.kr/products/378329713
쿠쿠 밥솥,378322901,상태굿)쿠쿠 6인용 IH밥솥전용 원터치 분리형커버 3개,17000,0,판매중,중고,,False,2,0,2026-01-26 08:17:30,1769383050,쿠쿠부품 쿠쿠커버 쿠쿠밥솥6인용 6인용부품 밥솥커버,610600008,https://m.bunjang.co.kr/products/378322901
쿠쿠 밥솥,384305676,쿠쿠 IH 압력밥솥 HUT1060SP(10인용),70000,0,판매중,중고,,False,1,0,2026-01-23 17:20:17,1769156417,,610600008,https://m.bunjang.co.kr/products/384305676
쿠쿠 밥솥,384024879,쿠쿠 CRP-QS107FG 전기 압력밥솥,50000,0,판매중,중고,,True,3,0,2026-01-22 12:09:15,1769051355,전기밥솥,610600008,https://m.bunjang.co.kr/products/384024879
쿠쿠 밥솥,383812171,쿠쿠전기밥솥 CRP-G1030MP,50000,1,예약중,중고,서울특별시 종로구 삼청동,False,0,0,2026-01-21 12:37:23,1768966643,,610600008,https://m.bunjang.co.kr/products/383812171
쿠쿠 밥솥,383556188,블랙샤인 압력밥솥 내솥  쿠쿠6인용 코팅상태아주조아요,19000,1,예약중,중고,,False,2,0,2026-01-20 06:48:59,1768859339,,610600008,https://m.bunjang.co.kr/products/383556188
쿠쿠 밥솥,383258716,쿠쿠  밥솥,100000,0,판매중,중고,경기도 안성시 안성2동,True,1,0,2026-01-18 20:17:43,1768735063,,610600008,https://m.bunjang.co.kr/products/383258716
쿠쿠 밥솥,382004346,쿠쿠압력밥솥  JHTS0660FS  6인용  22년구매 상태아주조아요,150000,1,예약중,중고,,False,0,0,2026-01-18 06:32:39,1768685559,,610600008,https://m.bunjang.co.kr/products/382004346
쿠쿠 밥솥,348560504,쿠쿠 트윈프레셔 마스터쉐프 IH 압력밥솥.미사용+내솥하다더,525000,0,판매중,새상품,,False,1,0,2026-01-13 12:58:23,1768276703,,610600008,https://m.bunjang.co.kr/products/348560504
쿠쿠 밥솥,381744565,쿠쿠 IH압력밥솥 6인용,53000,1,예약중,중고,경기도 수원시 팔달구 지동,False,1,0,2026-01-11 22:58:39,1768139919,쿠쿠 압력밥솥 6인용,610600008,https://m.bunjang.co.kr/products/381744565
쿠쿠 밥솥,381043671,쿠쿠 IH 전기압력밥솥 6인용 CRP-FHR0610FD,89000,1,예약중,중고,강원특별자치도 정선군 고한읍,False,2,0,2026-01-08 19:33:49,1767868429,,610600008,https://m.bunjang.co.kr/products/381043671
쿠쿠 밥솥,380856880,쿠쿠 올 스테인리스 내솥,82000,0,판매중,새상품,강원특별자치도 원주시 반곡관설동,False,13,0,2026-01-07 20:48:47,1767786527,밥솥 내솥 스테인리스,610600008,https://m.bunjang.co.kr/products/380856880
쿠쿠 밥솥,380270063,쿠쿠 cuckoo 10인용 전기밥솥(회색),300000,0,판매중,새상품,인천광역시 중구 운서동,False,1,0,2026-01-04 22:44:52,1767534292,전기밥솥 쿠쿠,610600008,https://m.bunjang.co.kr/products/380270063
쿠쿠 밥솥,379623871,쿠쿠 트윈프레셔 밥솥 CRP-RT107FC,80000,0,판매중,중고,,True,0,0,2026-01-01 22:19:00,1767273540,,610600008,https://m.bunjang.co.kr/products/379623871
쿠쿠 밥솥,379251285,쿠쿠 IH압력밥솥 6인용,65000,1,예약중,중고,경기도 수원시 팔달구 지동,False,0,0,2025-12-30 21:14:59,1767096899,쿠쿠 압력밥솥 66인용,610600008,https://m.bunjang.co.kr/products/379251285
쿠쿠 밥솥,323439422,쿠쿠 압력밥솥 6인용,80000,0,판매중,중고,,False,1,0,2025-12-30 09:14:07,1767053647,,610600008,https://m.bunjang.co.kr/products/323439422
쿠쿠 밥솥,378835745,쿠쿠 IH압력밥솥 10인용 CRP-AHXB1060FB,70000,0,판매중,중고,,False,7,0,2025-12-28 21:11:59,1766923919,,610600008,https://m.bunjang.co.kr/products/378835745
쿠쿠 밥솥,378825110,쿠쿠 IH압력밥솥 10인용,69000,1,예약중,중고,경기도 수원시 팔달구 지동,False,0,0,2025-12-28 20:28:06,1766921286,쿠쿠 압력밥솥 10인용,610600008,https://m.bunjang.co.kr/products/378825110
쿠쿠 밥솥,377906168,쿠쿠 IH 압력밥솥 HLT106SV(10인용,60000,0,판매중,중고,경상남도 창원시 성산구 성주동,False,2,0,2025-12-23 21:27:52,1766492872,,610600008,https://m.bunjang.co.kr/products/377906168
쿠쿠 밥솥,377905640,쿠쿠 CRP-G1030MP 전기 압력밥솥(10인용),45000,0,판매중,중고,,False,1,0,2025-12-23 21:25:37,1766492737,,610600008,https://m.bunjang.co.kr/products/377905640
쿠쿠 밥솥,377524259,쿠쿠 압력밥솥 화이트/그레이,45000,0,판매중,중고,서울특별시 송파구 가락2동,False,5,0,2025-12-23 13:15:26,1766463326,,610600008,https://m.bunjang.co.kr/products/377524259
쿠쿠 밥솥,377243490,쿠쿠 전기밥솥 풀스테인리스 R0695FGW,190000,0,판매중,새상품,인천광역시 서구 청라2동,True,4,0,2025-12-20 17:10:54,1766218254,,610600008,https://m.bunjang.co.kr/products/377243490
쿠쿠 밥솥,377165469,쿠쿠 밥솥 CR-0675FW 6인용,50000,0,판매중,중고,경기도 용인시 기흥구 보라동,True,7,0,2025-12-20 10:28:48,1766194128,쿠쿠 밥솥,610600008,https://m.bunjang.co.kr/products/377165469
쿠쿠 밥솥,377161176,쿠쿠 트윈프레셔 밥솥 블랙+로즈골드(10인용),70000,0,판매중,중고,경상남도 창원시 성산구 성주동,False,1,0,2025-12-20 09:54:57,1766192097,,610600008,https://m.bunjang.co.kr/products/377161176
쿠쿠 밥솥,363383626,쿠쿠 IH압력밥솥 10인용,45000,1,예약중,중고,경기도 수원시 팔달구 지동,False,5,0,2025-12-16 19:53:19,1765882399,쿠쿠 압력밥솥 10인용,610600008,https://m.bunjang.co.kr/products/363383626
쿠쿠 밥솥,264143121,최고급 명품 경량 핸디 쿠쿠 밥솥 6인용,30000,0,판매중,중고,,True,0,0,2025-12-14 21:20:33,1765714833,쿠쿠 밥솥 cuckoo cooker rice,610600008,https://m.bunjang.co.kr/products/264143121
쿠쿠 밥솥,375836063,쿠쿠 CRP-D451FX 전기 압력밥솥,33000,0,판매중,중고,,True,6,0,2025-12-14 01:47:37,1765644457,,610600008,https://m.bunjang.co.kr/products/375836063
쿠쿠 밥솥,375395681,쿠쿠 CRP-RT107FC 트윈프레셔압력밥솥(6인용),50000,0,판매중,중고,,False,0,0,2025-12-12 13:08:01,1765512481,,610600008,https://m.bunjang.co.kr/products/375395681
쿠쿠 밥솥,372055658,0045. 쿠쿠전자 3인용 전기압력밥솥(CRP-MHTR0310FW),175500,1,예약중,중고,,True,5,0,2025-12-11 12:53:23,1765425203,,610600008,https://m.bunjang.co.kr/products/372055658
쿠쿠 밥솥,364528159,쿠쿠 전기밥솥 CR-1021R,20000,0,판매중,중고,광주광역시 광산구 신창동,False,1,0,2025-12-02 12:42:16,1764646936,보온 쿠쿠 쿠쿠전기밥솥 압력밥솥 밥솥,610600008,https://m.bunjang.co.kr/products/364528159
쿠쿠 밥솥,372977536,쿠쿠 밥솥 미니 3인용,195000,0,판매중,중고,서울특별시 동작구 상도제1동,True,0,0,2025-12-01 13:39:43,1764563983,,610600008,https://m.bunjang.co.kr/products/372977536
쿠쿠 밥솥,372192253,쿠쿠밥솥,30000,0,판매중,중고,충청남도 천안시 동남구 풍세면,True,1,0,2025-11-28 16:32:31,1764315151,,610600008,https://m.bunjang.co.kr/products/372192253
쿠쿠 밥솥,370782028,쿠쿠 스마트 IH 압력밥솥 10인용,45000,1,예약중,중고,경기도 수원시 팔달구 지동,False,0,0,2025-11-27 23:27:45,1764253665,쿠쿠 IH 압력밥솥 10인용,610600008,https://m.bunjang.co.kr/products/370782028
쿠쿠 밥솥,371959189,쿠쿠 CRP-QS1010FG 10인용 압력밥솥,90000,0,판매중,중고,전북특별자치도 익산시 오산면,False,0,0,2025-11-27 13:27:35,1764217655,전기밥솥 압력밥솥 10인용,610600008,https://m.bunjang.co.kr/products/371959189
쿠쿠 밥솥,371876999,쿠쿠 밥솥,80000,0,판매중,중고,경기도 화성시 동탄1동,False,0,0,2025-11-26 23:36:58,1764167818,쿠쿠 쿠쿠밥솥 밥솥 자취생밥솥,610600008,https://m.bunjang.co.kr/products/371876999
쿠쿠 밥솥,369868564,미개봉 쿠쿠 마스터셰프 사일런스 밥솥,433200,1,예약중,새상품,광주광역시 동구 동명동,False,1,0,2025-11-25 15:22:04,1764051724,,610600008,https://m.bunjang.co.kr/products/369868564
쿠쿠 밥솥,371460573,쿠쿠 CRP-G103MP 압력밥솥(10인용),60000,0,판매중,중고,경상남도 창원시 성산구 성주동,False,1,0,2025-11-24 22:31:12,1763991072,,610600008,https://m.bunjang.co.kr/products/371460573
쿠쿠 밥솥,371434663,쿠쿠 전기 보온 에그 밥솥,45000,0,판매중,중고,경기도 수원시 장안구 연무동,True,7,0,2025-11-24 20:52:45,1763985165,밥솥 전기밥솥 자취생 미니밥솥 쿠쿠,610600008,https://m.bunjang.co.kr/products/371434663
쿠쿠 밥솥,371314096,쿠쿠 10인용 고급형 ih 압력밥솥,280000,0,판매중,중고,경기도 시흥시 정왕본동,False,2,0,2025-11-24 12:12:54,1763953974,,610600008,https://m.bunjang.co.kr/products/371314096
쿠쿠 밥솥,370930154,쿠쿠 6인용 ih 압력밥솥,90000,0,판매중,중고,,False,1,0,2025-11-22 17:15:48,1763799348,,610600008,https://m.bunjang.co.kr/products/370930154
쿠쿠 밥솥,370765762,쿠쿠 압력밥솥 HUF-105SS(10인용,60000,0,판매중,중고,,False,1,0,2025-11-21 21:09:37,1763726977,,610600008,https://m.bunjang.co.kr/products/370765762
쿠쿠 밥솥,369368127,쿠쿠 트윈프레셔 IH 6인용 밥솥 새상품,450000,0,판매중,새상품,경기도 양주시 회천2동,False,0,0,2025-11-15 11:16:35,1763172995,,610600008,https://m.bunjang.co.kr/products/369368127
쿠쿠 밥솥,369119774,쿠쿠 밥솥 물받이 (10인용) + 증기배출구 청소핀 (일괄판매),7000,1,예약중,중고,서울특별시 동작구 상도제1동,False,0,0,2025-11-14 00:20:33,1763047233,,610600008,https://m.bunjang.co.kr/products/369119774
쿠쿠 밥솥,369088657,쿠쿠 밥솥 팝니다,50000,0,판매중,중고,,True,0,0,2025-11-13 21:54:10,1763038450,,610600008,https://m.bunjang.co.kr/products/369088657
쿠쿠 밥솥,368875323,쿠쿠 CRP-HDG1080SG 전기압력밥솥,35000,0,판매중,중고,,False,2,0,2025-11-12 21:09:05,1762949345,,610600008,https://m.bunjang.co.kr/products/368875323
쿠쿠 밥솥,368661511,쿠쿠 압력밥솥 CRP-FA0661SP 6인용,90000,0,판매중,중고,,False,1,0,2025-11-11 20:40:00,1762861200,밥솥 압력밥솥,610600008,https://m.bunjang.co.kr/products/368661511
쿠쿠 밥솥,368339237,쿠쿠 IH 압력밥솥 AHXB1060FB,80000,0,판매중,중고,서울특별시 송파구 거여2동,False,2,0,2025-11-10 10:38:26,1762738706,,610600008,https://m.bunjang.co.kr/products/368339237
쿠쿠 밥솥,325955039,쿠쿠 6인용 전기밥솥,88000,0,판매중,새상품,,True,22,0,2025-11-07 17:48:47,1762505327,전기밥솥 밥솥,610600008,https://m.bunjang.co.kr/products/325955039
쿠쿠 밥솥,367582238,쿠쿠 압력밥솥 SRP-0616S 레드,25000,0,판매중,중고,,False,2,0,2025-11-06 21:01:53,1762430513,,610600008,https://m.bunjang.co.kr/products/367582238
쿠쿠 밥솥,367353513,쿠쿠 에그밥솥 CR-0675FW,45000,0,판매중,중고,,False,3,0,2025-11-05 19:04:34,1762337074,,610600008,https://m.bunjang.co.kr/products/367353513
쿠쿠 밥솥,348769134,쿠쿠 IH압력밥솥 미개봉 새상품 판매합니다,380000,0,판매중,새상품,경상남도 양산시 물금읍,True,3,0,2025-11-03 14:29:49,1762147789,최저가 쿠쿠 압력밥솥,610600008,https://m.bunjang.co.kr/products/348769134
쿠쿠 밥솥,365921039,쿠쿠 밥솥 물받이 (6인용) + 증기배출구 청소핀 (일괄판매),7000,1,예약중,중고,서울특별시 동작구 상도제1동,False,0,0,2025-10-30 00:06:54,1761750414,,610600008,https://m.bunjang.co.kr/products/365921039
쿠쿠 밥솥,365523081,쿠쿠 트윈프레셔 밥솥 CRP-RT067FC 피치골드,100000,0,판매중,중고,,False,1,0,2025-10-28 00:32:48,1761579168,,610600008,https://m.bunjang.co.kr/products/365523081
쿠쿠 밥솥,365178576,쿠쿠 압력밥솥 HPF0665SE,100000,0,판매중,중고,,False,0,0,2025-10-26 15:35:15,1761460515,,610600008,https://m.bunjang.co.kr/products/365178576
쿠쿠 밥솥,362390688,쿠쿠 전기압력밥솥 10인용 CRP-G1020MI,36000,1,예약중,중고,강원특별자치도 정선군 고한읍,False,4,0,2025-10-26 12:06:21,1761447981,,610600008,https://m.bunjang.co.kr/products/362390688
쿠쿠 밥솥,352320284,쿠쿠 압력 밥솥 6인용,415000,0,판매중,새상품,서울특별시 중구 약수동,False,4,0,2025-10-22 21:16:52,1761135412,밥솥 압력밥솥 쿠쿠 쿠쿠밥솥6인용 밥솥6인용,610600008,https://m.bunjang.co.kr/products/352320284
쿠쿠 밥솥,364389886,쿠쿠 IH 6인용 압력밥솥 FHS0610 (2020년제조) 쿨거시 만원,70000,0,판매중,중고,,True,2,0,2025-10-22 21:09:28,1761134968,,610600008,https://m.bunjang.co.kr/products/364389886
쿠쿠 밥솥,364061736,LG 쿠쿠 전기 밥솥 레드,40000,0,판매중,중고,전북특별자치도 익산시 오산면,False,2,0,2025-10-21 11:34:29,1761014069,밥솥 전기밥솥 엘지,610600008,https://m.bunjang.co.kr/products/364061736
쿠쿠 밥솥,360453841,쿠쿠 IH압력밥솥 10인용,40000,1,예약중,중고,경기도 안산시 상록구 해양동,False,6,0,2025-10-21 07:52:17,1761000737,쿠쿠 압력밥솥,610600008,https://m.bunjang.co.kr/products/360453841
쿠쿠 밥솥,363838616,쿠쿠10인용 압력밥솥 패킹 새상품(1개 가격!),20000,0,판매중,새상품,,False,5,0,2025-10-20 10:01:10,1760922070,,610600008,https://m.bunjang.co.kr/products/363838616
쿠쿠 밥솥,362468970,쿠쿠 CR-0655FR 전기 압력밥솥,15000,1,예약중,중고,,False,1,0,2025-10-19 22:43:37,1760881417,전기밥솥,610600008,https://m.bunjang.co.kr/products/362468970
쿠쿠 밥솥,363024168,쿠쿠밥솥,50000,0,판매중,중고,광주광역시 광산구 첨단2동,True,0,0,2025-10-16 16:32:52,1760599972,,610600008,https://m.bunjang.co.kr/products/363024168
쿠쿠 밥솥,362586763,"[대구] 쿠쿠밥솥, 창틀걸이형 식기건조대 일괄",15000,0,판매중,중고,대구광역시 수성구 고산2동,False,3,0,2025-10-14 14:37:07,1760420227,,610600008,https://m.bunjang.co.kr/products/362586763
쿠쿠 밥솥,362529776,쿠쿠 10인용 IH압력밥솥  CRP-AHXB1060FD,95000,0,판매중,중고,서울특별시 노원구 상계1동,True,1,0,2025-10-14 07:12:44,1760393564,,610600008,https://m.bunjang.co.kr/products/362529776
쿠쿠 밥솥,361757248,쿠쿠 3인용 밥솥 CRP-EHS0320FW,80000,1,예약중,중고,서울특별시 양천구 신정3동,False,1,0,2025-10-10 21:14:21,1760098461,,610600008,https://m.bunjang.co.kr/products/361757248
쿠쿠 밥솥,351098057,쿠쿠 6인용 밥솥 (DHS068FD) 새상품급 판매,230000,0,판매중,중고,서울특별시 관악구 인헌동,True,1,0,2025-10-10 12:25:59,1760066759,쿠쿠밥솥 전기밥솥 밥솥,610600008,https://m.bunjang.co.kr/products/351098057
쿠쿠 밥솥,361593531,쿠쿠 밥솥 물받이 (10인용) + 증기배출구 청소핀 (일괄판매),7000,0,판매중,중고,서울특별시 동작구 상도제1동,False,2,0,2025-10-10 00:20:45,1760023245,,610600008,https://m.bunjang.co.kr/products/361593531
쿠쿠 밥솥,361550700,쿠쿠 IH 압력밥솥 6인용,25000,1,예약중,중고,경기도 광명시 소하1동,False,0,0,2025-10-09 21:09:43,1760011783,,610600008,https://m.bunjang.co.kr/products/361550700
쿠쿠 밥솥,359198808,쿠쿠 압력밥솥 CRP-FHB0610EL 미사용 새제품,260000,1,예약중,새상품,인천광역시 연수구 송도4동,False,3,0,2025-10-04 12:13:44,1759547624,,610600008,https://m.bunjang.co.kr/products/359198808
쿠쿠 밥솥,351141436,쿠쿠 1인용 전기 보온 밥솥 화이트,60000,0,판매중,중고,경기도 용인시 처인구 유림동,False,5,0,2025-10-04 10:46:24,1759542384,,610600008,https://m.bunjang.co.kr/products/351141436
쿠쿠 밥솥,360299710,(새상품) 쿠쿠 마스터 셰프 IH 전기 압력밥솥  6인용,350000,0,판매중,새상품,충청남도 천안시 서북구 부성1동,True,24,0,2025-10-03 18:09:23,1759482563,압력밥솥 쿠쿠 6인용밥솥 새상품 쿠쿠압력밥솥,610600008,https://m.bunjang.co.kr/products/360299710
쿠쿠 밥솥,360002561,CRP FHB0610bs 미개봉 쿠쿠 밥솥 팝니다.,250000,0,판매중,새상품,서울특별시 중랑구 면목제3.8동,False,2,0,2025-10-02 01:31:55,1759336315,,610600008,https://m.bunjang.co.kr/products/360002561
쿠쿠 밥솥,359795314,쿠쿠6인용압력밥솥20000,20000,0,판매중,중고,,False,4,0,2025-10-01 00:38:20,1759246700,,610600008,https://m.bunjang.co.kr/products/359795314
쿠쿠 밥솥,359695903,쿠쿠 CRP-P067FD 압력밥솥,59000,0,판매중,중고,강원특별자치도 태백시 장성동,False,1,0,2025-09-30 16:21:39,1759216899,,610600008,https://m.bunjang.co.kr/products/359695903
쿠쿠 밥솥,354656517,쿠쿠 6인용 전기밥솥 CR-0681Y,29000,1,예약중,중고,경기도 수원시 팔달구 지동,False,0,0,2025-09-25 09:29:24,1758760164,쿠쿠 전기밥솥 6인용,610600008,https://m.bunjang.co.kr/products/354656517
쿠쿠 밥솥,358060798,쿠쿠 10인용 최고급형 ih밥솥,280000,0,판매중,중고,,False,3,0,2025-09-23 11:44:59,1758595499,,610600008,https://m.bunjang.co.kr/products/358060798
쿠쿠 밥솥,357640223,쿠쿠 6인용 압력밥솥팝니다,100000,0,판매중,중고,서울특별시 서대문구 홍제제1동,False,0,0,2025-09-21 13:25:40,1758428740,,610600008,https://m.bunjang.co.kr/products/357640223
쿠쿠 밥솥,355048097,쿠쿠 IH압력밥솥 10인용,70000,1,예약중,중고,경기도 수원시 팔달구 지동,False,2,0,2025-09-20 22:57:41,1758376661,쿠쿠 압력밥솥 1010인용,610600008,https://m.bunjang.co.kr/products/355048097
쿠쿠 밥솥,355494937,쿠쿠 전기압력밥솥 6인용 CRP-HSXT0610FB,48000,1,예약중,중고,강원특별자치도 정선군 고한읍,False,2,0,2025-09-20 12:08:47,1758337727,,610600008,https://m.bunjang.co.kr/products/355494937
쿠쿠 밥솥,340866713,쿠쿠 전기밥솥 6인용 거의새재품,59000,0,판매중,새상품,,False,2,0,2025-09-19 11:54:03,1758250443,,610600008,https://m.bunjang.co.kr/products/340866713
쿠쿠 밥솥,356126249,쿠쿠 압력밥솥,60000,0,판매중,중고,경기도 안산시 상록구 월피동,False,0,0,2025-09-14 12:05:50,1757819150,압력밥솥 쿠쿠,610600008,https://m.bunjang.co.kr/products/356126249
쿠쿠 밥솥,355734766,쿠쿠 IH압력밥솥 HUT1060SP,55000,0,판매중,중고,,True,0,0,2025-09-12 15:57:17,1757660237,,610600008,https://m.bunjang.co.kr/products/355734766
쿠쿠 밥솥,349561958,쿠쿠 전기압력밥솥 6인용 CRP-R069FP,45000,1,예약중,중고,강원특별자치도 정선군 고한읍,False,5,0,2025-09-09 12:35:21,1757388921,,610600008,https://m.bunjang.co.kr/products/349561958
쿠쿠 밥솥,354805554,쿠쿠 트윈프레셔밥솥 원형버튼,5000,0,판매중,중고,전북특별자치도 전주시 덕진구 인후3동,False,1,0,2025-09-07 18:57:39,1757239059,밥솥버튼 트윈프레셔 네일 출력물 3D출력물,610600008,https://m.bunjang.co.kr/products/354805554
쿠쿠 밥솥,353690897,쿠쿠 IH 압력밥솥 10인용,33000,1,예약중,중고,경기도 수원시 팔달구 지동,False,0,0,2025-09-06 07:41:18,1757112078,쿠쿠 압력밥솥 10인용,610600008,https://m.bunjang.co.kr/products/353690897
쿠쿠 밥솥,354021084,쿠쿠 CRP-OS1010FD 밥솥,18000,0,판매중,중고,,False,5,0,2025-09-03 13:35:39,1756874139,,610600008,https://m.bunjang.co.kr/products/354021084
쿠쿠 밥솥,353842309,쿠쿠 에그 밥솥 CR-0675FW 6인용,45000,0,판매중,중고,,False,4,0,2025-09-02 12:57:40,1756785460,,610600008,https://m.bunjang.co.kr/products/353842309
쿠쿠 밥솥,353549397,쿠쿠압력밥솥 25000,25000,0,판매중,중고,,False,2,0,2025-08-31 17:50:40,1756630240,,610600008,https://m.bunjang.co.kr/products/353549397
쿠쿠 밥솥,353068114,쿠쿠 IH압력밥솥 10인용 다크그레이,60000,1,예약중,중고,경기도 수원시 팔달구 지동,False,1,0,2025-08-28 22:30:36,1756387836,쿠쿠 압력밥솥 1010인용,610600008,https://m.bunjang.co.kr/products/353068114
쿠쿠 밥솥,349664833,쿠쿠 전기밥솥 3-4인용 CR-0632G,17000,1,예약중,중고,강원특별자치도 정선군 고한읍,False,1,0,2025-08-28 13:30:51,1756355451,,610600008,https://m.bunjang.co.kr/products/349664833
쿠쿠 밥솥,349257989,쿠쿠 6인용 압력밥솥,45000,1,예약중,중고,경상남도 김해시 진영읍,False,2,0,2025-08-27 22:46:55,1756302415,,610600008,https://m.bunjang.co.kr/products/349257989
쿠쿠 밥솥,425945908,쿠쿠 10인용 풀스텐 압력밥솥,35000,3,판매완료,중고,,False,1,0,2026-08-26 23:13:25,1787753605,,610600008,https://m.bunjang.co.kr/products/425945908
쿠쿠 밥솥,425714396,쿠쿠 CRP-P0620FDM 6인용 전기압력밥솥,50000,3,판매완료,중고,인천광역시 부평구 부평5동,False,0,0,2026-08-26 15:28:54,1787725734,,610600008,https://m.bunjang.co.kr/products/425714396
쿠쿠 밥솥,425458735,쿠쿠10인용 압력밥솥,129000,3,판매완료,중고,경기도 남양주시 호평동,False,0,0,2026-08-26 07:09:43,1787695783,,610600008,https://m.bunjang.co.kr/products/425458735
쿠쿠 밥솥,425428185,쿠쿠 트윈프레셔 전기압력밥솥 10인용,267000,3,판매완료,중고,,False,0,0,2026-08-24 17:57:26,1787561846,,610600008,https://m.bunjang.co.kr/products/425428185
쿠쿠 밥솥,425389039,쿠쿠 IH 전기밥솥 JHT0610FS,65000,3,판매완료,중고,,False,0,0,2026-08-24 12:27:26,1787542046,,610600008,https://m.bunjang.co.kr/products/425389039
쿠쿠 밥솥,425374187,쿠쿠 전기 압력밥솥 10인용 음성기능 자동세척 깨꿋해요,55000,3,판매완료,중고,,True,2,0,2026-08-24 08:54:35,1787529275,,610600008,https://m.bunjang.co.kr/products/425374187
쿠쿠 밥솥,424668680,쿠쿠 IH 전기압력밥솥 10인용 CRP-HYB1080FB,47000,3,판매완료,중고,강원특별자치도 정선군 고한읍,False,1,0,2026-08-22 12:05:44,1787367944,,610600008,https://m.bunjang.co.kr/products/424668680
쿠쿠 밥솥,424548985,쿠쿠6 인용 IH압력밥솥HPF0660SR,35000,3,판매완료,중고,,False,3,0,2026-08-21 19:03:16,1787306596,,610600008,https://m.bunjang.co.kr/products/424548985
쿠쿠 밥솥,424664521,쿠쿠 압력밥솥 HNXG1011FB 10인용,38000,3,판매완료,중고,,False,0,0,2026-08-21 15:41:42,1787294502,,610600008,https://m.bunjang.co.kr/products/424664521
쿠쿠 밥솥,424904162,쿠쿠 음성인식 6인용 압력밥솥,50000,3,판매완료,중고,,True,1,0,2026-08-21 12:07:19,1787281639,,610600008,https://m.bunjang.co.kr/products/424904162
쿠쿠 밥솥,424648887,쿠쿠 XWALL SHINE 밥솥 내솥 6인용,12000,3,판매완료,중고,,True,3,0,2026-08-20 03:35:23,1787164523,,610600008,https://m.bunjang.co.kr/products/424648887
쿠쿠 밥솥,424794197,쿠쿠 밥솥(10인용),30000,3,판매완료,중고,,False,0,0,2026-08-19 12:35:31,1787110531,,610600008,https://m.bunjang.co.kr/products/424794197
쿠쿠 밥솥,423122966,쿠쿠전자 CRP-PK0620BS 6인용 1등급 IH압력밥솥 GD,90000,3,판매완료,중고,부산광역시 연제구 연산제2동,False,5,0,2026-08-14 12:51:34,1786679494,,610600008,https://m.bunjang.co.kr/products/423122966
쿠쿠 밥솥,424193399,"[DDB하남,S급] 쿠쿠 3인용 트윈프레셔 미니 전기압력밥솥 CRP-TT0310FGW",105000,3,판매완료,중고,,True,0,0,2026-08-14 01:58:17,1786640297,쿠쿠밥솥 3인용밥솥 쿠쿠3인용 전기밥솥 압력밥솥,610600008,https://m.bunjang.co.kr/products/424193399
쿠쿠 밥솥,420029668,쿠쿠 IH 전기압력밥솥 6인용 CRP-HBXB0660FB,43000,3,판매완료,중고,강원특별자치도 정선군 고한읍,False,3,0,2026-08-13 11:57:39,1786589859,,610600008,https://m.bunjang.co.kr/products/420029668
쿠쿠 밥솥,423137922,쿠쿠 6인용 풀스텐 가마 압력밥솥,60000,3,판매완료,중고,,False,4,0,2026-08-12 21:57:43,1786539463,,610600008,https://m.bunjang.co.kr/products/423137922
쿠쿠 밥솥,424004704,쿠쿠10인용에코프레셔압력밥솥CRP-QS1020GM,36000,3,판매완료,중고,,False,1,0,2026-08-12 16:10:43,1786518643,,610600008,https://m.bunjang.co.kr/products/424004704
쿠쿠 밥솥,423957582,쿠쿠 전기 압력밥솥 6인용 깨끗해요,60000,3,판매완료,중고,,True,0,0,2026-08-12 07:21:59,1786486919,,610600008,https://m.bunjang.co.kr/products/423957582
쿠쿠 밥솥,412322901,쿠쿠 10인용 압력밥솥 crp-qs1010fg판매합니다.,60000,3,판매완료,중고,,False,0,0,2026-08-10 13:25:15,1786335915,,610600008,https://m.bunjang.co.kr/products/412322901
쿠쿠 밥솥,423073653,쿠쿠 IH 압력밥솥 10인용,80000,3,판매완료,중고,부산광역시 남구 용호제3동,False,1,0,2026-08-10 11:59:41,1786330781,,610600008,https://m.bunjang.co.kr/products/423073653
쿠쿠 밥솥,417251514,"(미사용, 가격내림 없음) 쿠쿠 전기 밥솥 6인용 CRP-R0655FB",125000,3,판매완료,새상품,,False,11,0,2026-08-09 20:35:56,1786275356,,610600008,https://m.bunjang.co.kr/products/417251514
쿠쿠 밥솥,420029970,쿠쿠 IH 전기압력밥솥 6인용 CRP-HZXB0660FR,47000,3,판매완료,중고,강원특별자치도 정선군 고한읍,False,2,0,2026-08-09 11:57:54,1786244274,,610600008,https://m.bunjang.co.kr/products/420029970
쿠쿠 밥솥,423248759,쿠쿠 CRP-EHB0310FW 3인용 IH압력밥솥 저렴하게 구입하세요,80000,3,판매완료,중고,,False,0,0,2026-08-08 19:40:12,1786185612,쿠쿠3인용압력밥솥 압력밥솥3인용 중고3인용밥솥 중고밥솥 밥솥중고3인용,610600008,https://m.bunjang.co.kr/products/423248759
쿠쿠 밥솥,422834274,쿠쿠 트윈프레셔 IH 전기밥솥,63000,3,판매완료,중고,,False,5,0,2026-08-07 14:28:43,1786080523,,610600008,https://m.bunjang.co.kr/products/422834274
쿠쿠 밥솥,423362175,쿠쿠 전기 압력밥솥 10인용 패킹도 새것으로 교채해서요 깨끗해요,50000,3,판매완료,중고,,True,0,0,2026-08-07 07:20:47,1786054847,,610600008,https://m.bunjang.co.kr/products/423362175
쿠쿠 밥솥,421277583,쿠쿠 6인용 압력밥솥 커브드 내솥,25000,3,판매완료,중고,,False,4,0,2026-08-06 13:48:23,1785991703,쿠쿠 내솥 커브드내솥 6인용내솥,610600008,https://m.bunjang.co.kr/products/421277583
쿠쿠 밥솥,423170564,쿠쿠 10인용 압력밥솥 입니다,85000,3,판매완료,중고,,False,1,0,2026-08-05 17:47:55,1785919675,,610600003,https://m.bunjang.co.kr/products/423170564
쿠쿠 밥솥,422814267,쿠쿠 IH 압력 밥솥 HZXB0670FC,59000,3,판매완료,중고,서울특별시 송파구 가락2동,False,1,0,2026-08-04 21:30:28,1785846628,,610600008,https://m.bunjang.co.kr/products/422814267
쿠쿠 밥솥,422926738,쿠쿠 IH 압력밥솥 6인용,55000,3,판매완료,중고,부산광역시 남구 용호제3동,False,1,0,2026-08-04 18:07:58,1785834478,,610600008,https://m.bunjang.co.kr/products/422926738
쿠쿠 밥솥,419358320,쿠쿠 3인용 IH 밥솥 HQXT0311FG,55000,3,판매완료,중고,,False,3,0,2026-08-04 00:45:07,1785771907,,610600008,https://m.bunjang.co.kr/products/419358320
쿠쿠 밥솥,422252395,쿠쿠 풀스텐 6인용 압력밥솥,59000,3,판매완료,중고,,False,0,0,2026-08-03 09:45:44,1785717944,,610600008,https://m.bunjang.co.kr/products/422252395
쿠쿠 밥솥,422774923,쿠쿠 밥솥6인용 JHT061065 스마트 IH,130000,3,판매완료,중고,,False,1,0,2026-08-02 19:13:19,1785665599,,610600008,https://m.bunjang.co.kr/products/422774923
쿠쿠 밥솥,422770130,쿠쿠밥솥 3인용,65000,3,판매완료,중고,,False,1,0,2026-08-02 18:35:02,1785663302,,610600008,https://m.bunjang.co.kr/products/422770130
쿠쿠 밥솥,422686333,쿠쿠 CRP-ST1010FL 10인용 밥솥 미사용 풀박스,140000,3,판매완료,새상품,경기도 오산시 남촌동,True,1,0,2026-08-01 22:34:14,1785591254,,610600008,https://m.bunjang.co.kr/products/422686333
쿠쿠 밥솥,415350411,쿠쿠6인용 압력밥솥,13000,3,판매완료,중고,경기도 남양주시 호평동,False,1,0,2026-07-31 14:26:08,1785475568,,610600008,https://m.bunjang.co.kr/products/415350411
쿠쿠 밥솥,421427790,cuckoo 미니 밥솥,25000,3,판매완료,중고,,False,1,0,2026-07-30 15:52:33,1785394353,,610600008,https://m.bunjang.co.kr/products/421427790
쿠쿠 밥솥,422406071,쿠쿠 IH 압력밥솥 로즈골드 6인용 CRP-FHS0610FG,40000,3,판매완료,중고,경기도 김포시 마산동,False,0,0,2026-07-30 15:25:37,1785392737,,610600008,https://m.bunjang.co.kr/products/422406071
쿠쿠 밥솥,422362058,쿠쿠압력밥솥,50000,3,판매완료,새상품,,False,3,0,2026-07-30 02:27:44,1785346064,,610600008,https://m.bunjang.co.kr/products/422362058
쿠쿠 밥솥,422142907,쿠쿠 블랙샤인 밥솥 내솥 6인용 와이드플랫입니다,15000,3,판매완료,중고,,False,0,0,2026-07-28 11:12:19,1785204739,,610600008,https://m.bunjang.co.kr/products/422142907
쿠쿠 밥솥,421942891,쿠쿠 트윈프레셔 10인용 전기압력밥솥,170000,3,판매완료,중고,,True,4,0,2026-07-26 16:17:31,1785050251,,610600008,https://m.bunjang.co.kr/products/421942891
쿠쿠 밥솥,421852177,쿠쿠 IH압력밥솥 CRP-CHP1010FD 10인용 판매합니다~~,79000,3,판매완료,중고,경기도 광명시 철산3동,False,0,0,2026-07-25 19:04:23,1784973863,쿠쿠전자 IH압력밭솥 10인용,610600008,https://m.bunjang.co.kr/products/421852177
쿠쿠 밥솥,418278790,쿠쿠 6인용 전기보온밥솥 CRP-P0620FDM,115000,3,판매완료,중고,,True,1,0,2026-07-24 16:50:09,1784879409,,610600008,https://m.bunjang.co.kr/products/418278790
쿠쿠 밥솥,421514668,쿠쿠 밥솥 물받이 (10인용) + 증기배출구 청소핀 (일괄판매),7000,3,판매완료,중고,서울특별시 동작구 상도제1동,False,0,0,2026-07-23 01:25:46,1784737546,,610600008,https://m.bunjang.co.kr/products/421514668
쿠쿠 밥솥,421441497,무배/바배 쿠쿠 10인용 전기압력밥솥 CRP-QKNL1010BGW,120000,3,판매완료,중고,경기도 평택시 비전1동,True,0,0,2026-07-22 15:41:10,1784702470,,610600008,https://m.bunjang.co.kr/products/421441497
쿠쿠 밥솥,421192619,쿠쿠 6인용 밥솥25000,25000,3,판매완료,중고,,False,0,0,2026-07-21 09:59:08,1784595548,,610600008,https://m.bunjang.co.kr/products/421192619
쿠쿠 밥솥,418173308,쿠쿠 IH전기압력밥솥 6인용 저렴하게 구입하세요,55000,3,판매완료,중고,,False,3,0,2026-07-20 22:31:25,1784554285,전기밥솥 중고전기밥솥 전기밥솥중고 IH전기압력밥솥6 6인용전기밥솥,610600008,https://m.bunjang.co.kr/products/418173308
쿠쿠 밥솥,415661935,쿠쿠10인용풀스텐레스압력밥솥CRP-R108FB,25000,3,판매완료,중고,,False,6,0,2026-07-20 10:01:30,1784509290,,610600008,https://m.bunjang.co.kr/products/415661935
쿠쿠 밥솥,420807400,쿠쿠6인용 압력밥솥 (내솥 미포함),49900,3,판매완료,중고,경기도 남양주시 호평동,False,0,0,2026-07-19 14:07:25,1784437645,,610600008,https://m.bunjang.co.kr/products/420807400
쿠쿠 밥솥,420651517,쿠쿠 10인용 전기압력밥솥 CRP-QS1020FGM 004,85000,3,판매완료,중고,,True,0,0,2026-07-18 18:04:13,1784365453,,610600008,https://m.bunjang.co.kr/products/420651517
쿠쿠 밥솥,413263459,쿠쿠 압력밥솥 고압 무압 취사 스마트 IH 음성가드 1등급 6인용 고급형,140000,3,판매완료,중고,대전광역시 중구 오류동,False,5,0,2026-07-18 17:58:17,1784365097,,610600008,https://m.bunjang.co.kr/products/413263459
쿠쿠 밥솥,416282336,쿠쿠 전기보온밥솥 6인용 CR-0671V,29000,3,판매완료,중고,,True,1,0,2026-07-18 10:23:03,1784337783,,610600008,https://m.bunjang.co.kr/products/416282336
쿠쿠 밥솥,420450570,쿠쿠 CRP-HEX0701CT 전기압력밥솥 레드,32000,3,판매완료,중고,,False,1,0,2026-07-17 18:11:03,1784279463,,610600008,https://m.bunjang.co.kr/products/420450570
쿠쿠 밥솥,420414576,Xwall 블랙샤인 밥솥 내솥 쿠쿠6인용,25000,3,판매완료,중고,,False,0,0,2026-07-17 15:12:14,1784268734,쿠쿠6인내솥 쿠쿠밥솥내솥 압력밥솥6인내솥,610600008,https://m.bunjang.co.kr/products/420414576
쿠쿠 밥솥,420284007,쿠쿠전자 압력밥솥 CRP-HUF10BS 사용감 아주 많음.,30000,3,판매완료,중고,,True,0,0,2026-07-16 19:49:15,1784198955,쿠쿠 ih압력밥솥 10인용 압력 전기압력밥솥,610600008,https://m.bunjang.co.kr/products/420284007
쿠쿠 밥솥,420218337,쿠쿠 마스터셰프 트윈프레셔 6인용 압력밥솥,150000,3,판매완료,중고,,False,1,0,2026-07-16 16:28:29,1784186909,쿠쿠 마스터셰프 트윈프레셔 6인용,610600008,https://m.bunjang.co.kr/products/420218337
쿠쿠 밥솥,414287993,쿠쿠 2~3인용 전기밥솥 실버,120000,3,판매완료,중고,,False,11,0,2026-07-16 00:06:35,1784127995,,610600008,https://m.bunjang.co.kr/products/414287993
쿠쿠 밥솥,420058554,쿠쿠 10인용 내솥 밥솥 10인,16900,3,판매완료,중고,서울특별시 성동구 행당제1동,False,0,0,2026-07-15 20:42:19,1784115739,쿠쿠 10인용 내솥 밥솥 쿠쿠10인,610600008,https://m.bunjang.co.kr/products/420058554
쿠쿠 밥솥,420056711,쿠쿠전자 CUCKOO ih 6인용 전기압력밥솥 새제품 박스없어요,90000,3,판매완료,새상품,,True,0,0,2026-07-15 20:26:18,1784114778,쿠쿠 6인용 ih전기밥솥 ih압력,610600008,https://m.bunjang.co.kr/products/420056711
쿠쿠 밥솥,413541901,쿠쿠 6인용 V라인 IH밥솥 HPXG0611FV,25000,3,판매완료,중고,,False,0,0,2026-07-14 12:49:33,1784000973,,610600008,https://m.bunjang.co.kr/products/413541901
쿠쿠 밥솥,419767744,쿠쿠 전기 압력밥솥 10인용 깨끗해요,22000,3,판매완료,중고,,True,1,0,2026-07-14 07:47:01,1783982821,,610600008,https://m.bunjang.co.kr/products/419767744
쿠쿠 밥솥,419592710,쿠쿠 IH 전기압력밥솥 10인용,120000,3,판매완료,중고,경상남도 창원시 성산구 성주동,True,0,0,2026-07-13 08:59:08,1783900748,,610600008,https://m.bunjang.co.kr/products/419592710
쿠쿠 밥솥,419485382,쿠쿠 10인용 내솥 CRP-FH S1010FG 밥솥,60000,3,판매완료,새상품,,False,2,0,2026-07-12 17:56:40,1783846600,,610600008,https://m.bunjang.co.kr/products/419485382
쿠쿠 밥솥,417251168,쿠쿠 IH 압력밥솥 10인용,43000,3,판매완료,중고,대전광역시 유성구 학하동,False,1,0,2026-07-12 11:44:51,1783824291,,610600008,https://m.bunjang.co.kr/products/417251168
쿠쿠 밥솥,418546912,쿠쿠 스마트 IH 10인용 밥솥,55000,3,판매완료,중고,,True,1,0,2026-07-11 14:59:05,1783749545,가전 주방 밥맛 가마솥 10인용,610600008,https://m.bunjang.co.kr/products/418546912
쿠쿠 밥솥,419061313,쿠쿠 IH 압력 압력밥솥고장,15000,3,판매완료,중고,,False,0,0,2026-07-10 15:37:20,1783665440,,610600008,https://m.bunjang.co.kr/products/419061313
쿠쿠 밥솥,418872284,[오픈박스] 쿠쿠 CRP-HUF10BS 전기압력밥솥 / 무료배송,120000,3,판매완료,중고,,True,4,0,2026-07-09 15:06:48,1783577208,CUCKOO 쿠쿠 CRPHUF10B 전기압력밥솥 밥솥,610600008,https://m.bunjang.co.kr/products/418872284
쿠쿠 밥솥,414302154,쿠쿠 3인용 IH밥솥 HQXT0311FG,75000,3,판매완료,중고,,False,2,0,2026-07-08 03:15:12,1783448112,,610600008,https://m.bunjang.co.kr/products/414302154
쿠쿠 밥솥,416892952,쿠쿠 압력 밥솥 6인용 전기밥솥 양천구,30000,3,판매완료,중고,서울특별시 양천구 신월4동,False,3,0,2026-07-07 13:34:08,1783398848,,610600008,https://m.bunjang.co.kr/products/416892952
쿠쿠 밥솥,418377082,쿠쿠 6인용 압력밥솥 JHR0620FD (SMART IH압력),90000,3,판매완료,중고,,True,0,0,2026-07-06 22:59:30,1783346370,,610600008,https://m.bunjang.co.kr/products/418377082
쿠쿠 밥솥,418280607,쿠쿠 IH 압력 밥솥 HZXB0660FR 레드 블랙,55000,3,판매완료,중고,,False,0,0,2026-07-06 14:50:10,1783317010,,610600008,https://m.bunjang.co.kr/products/418280607
쿠쿠 밥솥,418258627,쿠쿠6인용 전기밥솥,32000,3,판매완료,중고,경기도 남양주시 호평동,False,0,0,2026-07-06 12:37:07,1783309027,,610600008,https://m.bunjang.co.kr/products/418258627
쿠쿠 밥솥,417714119,[10회미만사용] 쿠쿠 CRP-N0680SSM 6인용 전기압력밥솥,70000,3,판매완료,중고,,False,3,0,2026-07-06 09:34:13,1783298053,쿠쿠밥솥 쿠쿠전기밥솥 쿠쿠6인용 쿠쿠압력밥솥 쿠쿠전기밥솥6인용,610600008,https://m.bunjang.co.kr/products/417714119
쿠쿠 밥솥,418156564,"[DDB하남,A급] 쿠쿠 전기보온밥솥 30인용 CR-3055B",77000,3,판매완료,중고,,True,2,0,2026-07-05 20:35:09,1783251309,쿠쿠 전기밥솥 업소용밥솥 대용량전기밥솥 보온밥솥,610600008,https://m.bunjang.co.kr/products/418156564
쿠쿠 밥솥,385076037,쿠쿠 6인용 메탈릭 IH밥솥/DHB0660FE,54000,3,판매완료,중고,,False,8,0,2026-07-05 01:30:29,1783182629,,610600008,https://m.bunjang.co.kr/products/385076037
쿠쿠 밥솥,414300104,쿠쿠 3인용 IH압력밥솥 HQXT0313FO,43000,3,판매완료,중고,,False,3,0,2026-07-05 01:06:06,1783181166,,610600008,https://m.bunjang.co.kr/products/414300104
쿠쿠 밥솥,417818806,쿠쿠 전기 압력밥솥 6인용 음성기능 자동새척 깨끗해요,33000,3,판매완료,중고,,True,1,0,2026-07-04 07:21:41,1783117301,,610600008,https://m.bunjang.co.kr/products/417818806
쿠쿠 밥솥,417400988,쿠쿠 전기 압력밥솥 6인용 음성기능 자동새척 깨끗해요,33000,3,판매완료,중고,,True,0,0,2026-07-04 06:01:52,1783112512,,610600008,https://m.bunjang.co.kr/products/417400988
쿠쿠 밥솥,378259893,미개봉)쿠쿠 사일런스 오브제 밥솥 OHTR1010FWM,380000,3,판매완료,새상품,,True,8,0,2026-07-03 21:23:30,1783081410,쿠쿠 쿠쿠압력밥솥 압력밥솥10인용 밥솥,610600008,https://m.bunjang.co.kr/products/378259893
쿠쿠 밥솥,417446848,쿠쿠 전기압력밥솥 10인용 CRP-QK1010BUG,100000,3,판매완료,중고,,True,0,0,2026-07-02 14:29:05,1782970145,,610600008,https://m.bunjang.co.kr/products/417446848
쿠쿠 밥솥,407530750,쿠쿠 트윈프레셔 6인용 밥솥 DHXB0610FS,80000,3,판매완료,중고,,False,3,0,2026-07-01 13:09:18,1782878958,,610600008,https://m.bunjang.co.kr/products/407530750
쿠쿠 밥솥,416967469,[1등급] 상태좋은 쿠쿠 CRP-P107FD 10인용 압력밥솥,70000,3,판매완료,중고,,False,0,0,2026-06-29 22:03:18,1782738198,쿠쿠밥솥 쿠쿠전기밥솥 쿠쿠10인용밥솥 전기압력밥솥,610600008,https://m.bunjang.co.kr/products/416967469
쿠쿠 밥솥,416945789,쿠쿠10인용 압력밥솥(다용도 후라이팬 덤),59000,3,판매완료,중고,경기도 남양주시 호평동,False,0,0,2026-06-29 20:03:50,1782731030,,610600008,https://m.bunjang.co.kr/products/416945789
쿠쿠 밥솥,416883820,쿠쿠 30인용 전기보온밥솥,70000,3,판매완료,중고,,True,1,0,2026-06-29 14:35:58,1782711358,,610600008,https://m.bunjang.co.kr/products/416883820
쿠쿠 밥솥,416852923,쿠쿠 압력밥솥 6인용 HPF0660SR,30000,3,판매완료,중고,,False,0,0,2026-06-29 12:34:32,1782704072,,610600008,https://m.bunjang.co.kr/products/416852923
쿠쿠 밥솥,416746343,쿠쿠 압력밥솥 10인용 (23년),70000,3,판매완료,중고,충청남도 당진시 당진1동,False,0,0,2026-06-29 07:04:20,1782684260,쿠쿠밥솥 쿠쿠10인용 압력밥솥,610600008,https://m.bunjang.co.kr/products/416746343
쿠쿠 밥솥,411220950,쿠쿠 6인용 압력밥솥 CRP-ST0610FW,128000,3,판매완료,중고,,False,1,0,2026-06-27 10:06:09,1782522369,쿠쿠 밥솥 햇반 압력 음성지원,610600008,https://m.bunjang.co.kr/products/411220950
쿠쿠 밥솥,383529169,쿠쿠 6인용 에그 밥솥 CR-0675FW,30000,3,판매완료,중고,,False,2,0,2026-06-27 02:18:47,1782494327,,610600008,https://m.bunjang.co.kr/products/383529169
쿠쿠 밥솥,416096336,쿠쿠 IH 압력밥솥 6인용 DHASO69FW,100000,3,판매완료,중고,경기도 고양시 덕양구 성사2동,True,0,0,2026-06-25 15:46:11,1782369971,,610600008,https://m.bunjang.co.kr/products/416096336
쿠쿠 밥솥,415400675,쿠쿠 XWALL SHINE 와이드앤플랫 밥솥 내솥 10인용,17000,3,판매완료,중고,,True,2,0,2026-06-25 03:55:56,1782327356,,610600008,https://m.bunjang.co.kr/products/415400675
쿠쿠 밥솥,415751539,쿠쿠 10인용 IH압력밥솥 CRP-AHXB1060FB 정상작동 부품용,30000,3,판매완료,중고,,True,1,0,2026-06-24 20:13:20,1782299600,,610600008,https://m.bunjang.co.kr/products/415751539
쿠쿠 밥솥,414076160,쿠쿠 CR-0375FW 밥솥,40000,3,판매완료,중고,서울특별시 용산구 효창동,False,1,0,2026-06-24 13:30:58,1782275458,,610600008,https://m.bunjang.co.kr/products/414076160
쿠쿠 밥솥,414503940,쿠쿠  IH전기압력밥솥 6인용 저렴하게 구입하세요,40000,3,판매완료,중고,,False,4,0,2026-06-23 21:32:09,1782217929,전기압력밥솥 중고압력밥솥 중고전기압력밥솥 6인용바솥 밥솥중고,610600008,https://m.bunjang.co.kr/products/414503940
쿠쿠 밥솥,404151882,쿠쿠전자 CRP-QS107FG 10인용 전기압력밥솥 중고 작동상태확인불가,20000,3,판매완료,중고,,False,2,0,2026-06-22 19:45:19,1782125119,QS107FG 10인용 전기압력밥솥 쿠쿠,610600008,https://m.bunjang.co.kr/products/404151882
쿠쿠 밥솥,415515279,쿠쿠6인용압력밥솥,65000,3,판매완료,중고,,False,0,0,2026-06-22 14:49:01,1782107341,쿠쿠6인용압력밥솥 6인용압력밥솥 br105fb,610600008,https://m.bunjang.co.kr/products/415515279
쿠쿠 밥솥,413195990,쿠쿠 IH 압력밥솥 10인분,300000,3,판매완료,새상품,부산광역시 금정구 구서제1동,False,4,0,2026-06-22 08:08:29,1782083309,,610600008,https://m.bunjang.co.kr/products/413195990
쿠쿠 밥솥,415209453,29 쿠쿠3인용 전기압력밥솥,80000,3,판매완료,중고,,False,4,0,2026-06-20 23:07:25,1781964445,,610600008,https://m.bunjang.co.kr/products/415209453
쿠쿠 밥솥,415174118,쿠쿠 Xwall 블랙샤인 밥솥 내솥 6인용,25000,3,판매완료,중고,,True,2,0,2026-06-20 20:04:47,1781953487,,610600008,https://m.bunjang.co.kr/products/415174118
쿠쿠 밥솥,414954528,[새상품] 쿠쿠 CR-3055B 30인용 업소용 밥솥 / 무료배송,117600,3,판매완료,새상품,,True,2,0,2026-06-19 17:33:53,1781858033,#CR3055B,610600008,https://m.bunjang.co.kr/products/414954528
쿠쿠 밥솥,412395628,82   쿠쿠6인용 전기압력밥솥,90000,3,판매완료,중고,,False,2,0,2026-06-19 08:20:01,1781824801,,610600008,https://m.bunjang.co.kr/products/412395628
쿠쿠 밥솥,414843575,쿠쿠 밥솥 10인용 미사용,160000,3,판매완료,새상품,경기도 용인시 처인구 역북동,False,0,0,2026-06-19 00:38:35,1781797115,,610600008,https://m.bunjang.co.kr/products/414843575
쿠쿠 밥솥,414826341,쿠쿠 IH3인용압력밥솥,75000,3,판매완료,중고,,False,1,0,2026-06-18 22:14:18,1781788458,쿠쿠 IH 3인용 압력밥솥,610600008,https://m.bunjang.co.kr/products/414826341
쿠쿠 밥솥,414691894,쿠쿠 IH압력밥솥 6인용 HPR0660SE 레드 제조년월은 19년 12월,60000,3,판매완료,중고,,False,0,0,2026-06-18 06:29:24,1781731764,,610600008,https://m.bunjang.co.kr/products/414691894
쿠쿠 밥솥,414255378,쿠쿠 XWALL SHINE 전기밥솥 내솥 10인용,13000,3,판매완료,중고,,True,1,0,2026-06-18 04:04:12,1781723052,,610600008,https://m.bunjang.co.kr/products/414255378
쿠쿠 밥솥,414255169,쿠쿠 Xwall 블랙샤인 밥솥 내솥 6인용,15000,3,판매완료,중고,,True,0,0,2026-06-18 03:56:33,1781722593,,610600008,https://m.bunjang.co.kr/products/414255169
쿠쿠 밥솥,414686110,쿠쿠 밥솥 물받이 (6인용) + Over Flow Tube (일괄판매),7000,3,판매완료,중고,서울특별시 동작구 상도제1동,False,0,0,2026-06-18 01:59:01,1781715541,,610600008,https://m.bunjang.co.kr/products/414686110
쿠쿠 밥솥,414658186,쿠쿠 밥솥 물받이 (10인용) + 증기배출구 청소핀 (일괄판매),7000,3,판매완료,중고,서울특별시 동작구 상도제1동,False,0,0,2026-06-17 21:59:30,1781701170,,610600008,https://m.bunjang.co.kr/products/414658186
쿠쿠 밥솥,414631317,쿠쿠6인용 압력밥솥,109000,3,판매완료,중고,경기도 남양주시 호평동,False,0,0,2026-06-17 19:00:37,1781690437,,610600008,https://m.bunjang.co.kr/products/414631317
쿠쿠 밥솥,414602783,쿠쿠 미니 3인용 전기밥솥 화이트(상태최상),35000,3,판매완료,중고,,False,1,0,2026-06-17 16:03:18,1781679798,,610600008,https://m.bunjang.co.kr/products/414602783
쿠쿠 밥솥,414475040,쿠쿠밥솥,35000,3,판매완료,중고,경기도 용인시 기흥구 신갈동,True,0,0,2026-06-16 17:52:08,1781599928,,610600008,https://m.bunjang.co.kr/products/414475040
쿠쿠 밥솥,400422824,쿠쿠 전기압력밥솥 10인용 CRP-CHS108FS,35000,3,판매완료,중고,강원특별자치도 정선군 고한읍,False,9,0,2026-06-16 12:49:22,1781581762,,610600008,https://m.bunjang.co.kr/products/400422824
쿠쿠 밥솥,414416259,쿠쿠 IH압력밥솥 고압.무압취사 1등급 음성가드 10인용 고급형,50000,3,판매완료,중고,대전광역시 중구 오류동,False,1,0,2026-06-16 10:35:04,1781573704,,610600008,https://m.bunjang.co.kr/products/414416259
쿠쿠 밥솥,414292819,51. 쿠쿠6인용 전기압력밥솥,90000,3,판매완료,중고,,False,0,0,2026-06-15 13:31:36,1781497896,,610600008,https://m.bunjang.co.kr/products/414292819
쿠쿠 밥솥,414064139,쿠쿠 전기밥솥6인용,50000,3,판매완료,중고,대구광역시 달서구 월성2동,True,0,0,2026-06-14 11:49:49,1781405389,,610600008,https://m.bunjang.co.kr/products/414064139
쿠쿠 밥솥,381036738,쿠쿠대화력내솥+패킹/6인용/쿠쿠내솥/쿠투패킹/IH압력밥솥,35000,3,판매완료,중고,,False,5,0,2026-06-14 07:57:19,1781391439,쿠쿠내솥6인용 쿠쿠패킹 쿠쿠대화력내솥 쿠쿠내솥,610600008,https://m.bunjang.co.kr/products/381036738
쿠쿠 밥솥,413695995,쿠쿠 전기 압력밥솥 6인용 음성기능 자동새척 깨끗해요,40000,3,판매완료,중고,,True,1,0,2026-06-12 07:56:34,1781218594,,610600008,https://m.bunjang.co.kr/products/413695995
쿠쿠 밥솥,413180751,쿠쿠 IH 압력밥솥 3인용,50000,3,판매완료,중고,부산광역시 남구 용호제3동,False,2,0,2026-06-10 17:55:35,1781081735,,610600008,https://m.bunjang.co.kr/products/413180751
쿠쿠 밥솥,413467008,"[DDB하남,A급]  쿠쿠 35인용 대용량 전기밥솥 어반그레이 CR-35",65000,3,판매완료,중고,,True,0,0,2026-06-10 16:55:01,1781078101,업소용밥솥 전기밥솥 밥솥 대용량밥솥 쿠쿠밥솥,610600008,https://m.bunjang.co.kr/products/413467008
쿠쿠 밥솥,413455960,유일농님쿠쿠 6인용 전기압력밥솥 CRP-P0620FDM 오픈박스,100000,3,판매완료,중고,,True,0,0,2026-06-10 15:43:54,1781073834,,610600008,https://m.bunjang.co.kr/products/413455960
쿠쿠 밥솥,413284557,쿠쿠10인용 압력밥솥,53000,3,판매완료,중고,경기도 남양주시 호평동,False,1,0,2026-06-09 14:12:24,1780981944,,610600008,https://m.bunjang.co.kr/products/413284557
쿠쿠 밥솥,413168691,쿠쿠 2인용 밥솥 핑크 CR-0215Mp,40000,3,판매완료,새상품,인천광역시 남동구 구월1동,False,0,0,2026-06-08 18:25:08,1780910708,밥솥 전기밥솥,610600008,https://m.bunjang.co.kr/products/413168691
쿠쿠 밥솥,412977627,쿠쿠 IH 밥솥  6인용 압력밥솥,35000,3,판매완료,중고,경기도 안성시 금광면,True,0,0,2026-06-07 14:51:38,1780811498,,610600008,https://m.bunjang.co.kr/products/412977627
쿠쿠 밥솥,403030356,쿠쿠 CRP-RT109FG 전기압력밥솥 10인 2023년(내솥만 없음),60000,3,판매완료,중고,경기도 남양주시 다산2동,False,2,0,2026-06-05 19:01:29,1780653689,,610600008,https://m.bunjang.co.kr/products/403030356
쿠쿠 밥솥,412508976,쿠쿠 IH 밥솥 DHB0660FDM,100000,3,판매완료,중고,대전광역시 유성구 전민동,True,0,0,2026-06-05 16:25:45,1780644345,,610600008,https://m.bunjang.co.kr/products/412508976
쿠쿠 밥솥,411829072,새상품) 쿠쿠 전기밥솥 팝니다,139000,3,판매완료,새상품,,True,1,0,2026-06-04 11:41:57,1780540917,밥솥 전기밥솥 쿠쿠 강북구 미아동,610600008,https://m.bunjang.co.kr/products/411829072
쿠쿠 밥솥,412248055,쿠쿠 IH 압력밥솥 HPF0668SH 레드,25000,3,판매완료,중고,경기도 용인시 수지구 풍덕천1동,False,2,0,2026-06-04 03:06:26,1780509986,,610600008,https://m.bunjang.co.kr/products/412248055
쿠쿠 밥솥,412151264,쿠쿠 10인용 전기압력밥솥 P-QK1010BUG 어반그레이,122000,3,판매완료,중고,경기도 평택시 비전1동,True,2,0,2026-06-03 22:26:03,1780493163,,610600008,https://m.bunjang.co.kr/products/412151264
쿠쿠 밥솥,412143629,쿠쿠 전기압력밥솥 6인용 CRP-P0660FD,95000,3,판매완료,중고,경기도 평택시 비전1동,True,1,0,2026-06-03 21:47:33,1780490853,,610600008,https://m.bunjang.co.kr/products/412143629
쿠쿠 밥솥,412140620,쿠쿠 전기 압력밥솥 CRP-QK1010BUG 10인용,119000,3,판매완료,중고,경기도 평택시 비전1동,True,1,0,2026-06-03 21:32:03,1780489923,,610600008,https://m.bunjang.co.kr/products/412140620
쿠쿠 밥솥,410982082,쿠쿠 압력밥솥 6인용1등급 음성가드 퓰스텐레스,50000,3,판매완료,중고,대전광역시 중구 오류동,False,0,0,2026-06-03 20:25:12,1780485912,,610600008,https://m.bunjang.co.kr/products/410982082
쿠쿠 밥솥,412070618,쿠쿠 IH 압력밥솥 10인용 블랙샤인,100000,3,판매완료,중고,,False,1,0,2026-06-03 15:41:02,1780468862,,610600008,https://m.bunjang.co.kr/products/412070618
쿠쿠 밥솥,411892049,쿠쿠 21인용 전기보온밥솥 CR-2155B,40000,3,판매완료,중고,부산광역시 영도구 동삼제2동,False,2,0,2026-06-02 16:28:43,1780385323,,610600008,https://m.bunjang.co.kr/products/411892049
쿠쿠 밥솥,411721878,쿠쿠 트윈프레셔 마스터셰프 IH 전기압력밥솥 10인용 CRP-LHTR10,180000,3,판매완료,중고,경상남도 창원시 성산구 성주동,False,0,0,2026-06-01 18:00:24,1780304424,,610600008,https://m.bunjang.co.kr/products/411721878
쿠쿠 밥솥,411573568,쿠쿠 3인용 Xwall Black Shine 밥솥 내솥,30000,3,판매완료,중고,서울특별시 서초구 반포2동,False,0,0,2026-05-31 22:28:31,1780234111,,610600008,https://m.bunjang.co.kr/products/411573568
쿠쿠 밥솥,411024069,쿠쿠 6인용 압력밥솥 DHP0610FD,43000,3,판매완료,중고,,False,0,0,2026-05-29 22:53:16,1780062796,,610600008,https://m.bunjang.co.kr/products/411024069
쿠쿠 밥솥,409580805,쿠쿠 IH6인용압력밥솥,110000,3,판매완료,중고,,False,1,0,2026-05-26 12:42:35,1779766955,쿠쿠 IH 6인용 압력밥솥,610600008,https://m.bunjang.co.kr/products/409580805
쿠쿠 밥솥,409102905,"[DDB하남,A급] 쿠쿠 6인용 미니멀 심리스 전기밥솥 CR-0685GW",35000,3,판매완료,중고,,True,4,0,2026-05-20 04:17:49,1779218269,쿠쿠 미니밥솥 전기밥솥 쿠쿠밥솥 쿠쿠전기밥솥,610600008,https://m.bunjang.co.kr/products/409102905
쿠쿠 밥솥,325966146,"(새상품) 쿠쿠 밥물 계량컵,밥솥 물 계량컵,밥물양조절,조리도구,주방용품",1900,3,판매완료,새상품,,False,2,0,2026-05-17 12:52:01,1778989921,밥솥계량컵 밥물계량컵 물양조절 조절컵 계량기,310300300,https://m.bunjang.co.kr/products/325966146
쿠쿠 밥솥,405315949,쿠쿠밥솥,110000,3,판매완료,새상품,경기도 부천시 원종2동,False,0,0,2026-05-02 11:44:55,1777689895,,610600008,https://m.bunjang.co.kr/products/405315949
쿠쿠 밥솥,368948614,업소용 대용량 전기 밥솥(35인)주방용품,35000,3,판매완료,중고,,True,3,0,2026-04-07 13:57:46,1775537866,대용량밥솥 업소용밥솥 쿠쿠 전기밥솥 밥솥,800400130,https://m.bunjang.co.kr/products/368948614
쿠쿠 밥솥,255482472,쿠첸압력밥솥,15000,3,판매완료,중고,,True,1,0,2024-03-03 23:11:13,1709475073,쿠첸 쿠쿠 쿠쿠압력밥솥 쿠첸압력밥솥,610600008,https://m.bunjang.co.kr/products/255482472
쿠쿠 밥솥,217363611,쿠쿠전기밥솥,30000,3,판매완료,새상품,,True,1,0,2023-03-09 07:50:49,1678315849,6인용,610600008,https://m.bunjang.co.kr/products/217363611
