search_keyword,product_id,title,price,status_code,status,condition,location,free_shipping,num_faved,num_comment,update_time,update_timestamp,tag,category_id,product_url
다이슨 청소기,426159491,깨끗하게 세척한 다이슨 무선 청소기 V8(33분 연속동작),132000,0,판매중,중고,경상북도 포항시 북구 흥해읍,False,0,0,2026-08-27 14:18:59,1787807939,,610500005,https://m.bunjang.co.kr/products/426159491
다이슨 청소기,422375544,깨끗하게 세척한 다이슨 무선 청소기 V11 풀세트(81분 연속동작),275000,0,판매중,중고,경상북도 포항시 북구 흥해읍,False,3,0,2026-08-27 14:08:51,1787807331,,610500005,https://m.bunjang.co.kr/products/422375544
다이슨 청소기,416740809,"다이슨 무선 청소기용 배터리(V6, V7, V8, V10)",11000,0,판매중,중고,경상북도 포항시 북구 흥해읍,False,2,0,2026-08-27 14:08:45,1787807325,청소기 리필 대용량 배터리 호환,610500005,https://m.bunjang.co.kr/products/416740809
다이슨 청소기,425394764,깨끗하게 세척한 다이슨 V6[DC62] 무선 청소기(19분 연속동작),72000,0,판매중,중고,경상북도 포항시 북구 흥해읍,False,0,0,2026-08-27 14:08:43,1787807323,,610500005,https://m.bunjang.co.kr/products/425394764
다이슨 청소기,425389248,다이슨 진공 청소기 완드 4개(연결봉) - 개별판매가능,26000,0,판매중,중고,경상북도 포항시 북구 흥해읍,False,0,0,2026-08-27 14:08:41,1787807321,,610500005,https://m.bunjang.co.kr/products/425389248
다이슨 청소기,423740451,깨끗하게 세척한 다이슨 V6 무선 청소기 본체(방전),23000,0,판매중,중고,경상북도 포항시 북구 흥해읍,False,0,0,2026-08-27 14:08:39,1787807319,부품용 수리용 교체용,610500005,https://m.bunjang.co.kr/products/423740451
다이슨 청소기,421022138,깨끗하게 세척한 다이슨 무선 청소기 V11 풀세트(73분 연속동작),245000,0,판매중,중고,경상북도 포항시 북구 흥해읍,False,4,0,2026-08-27 14:08:35,1787807315,,610500005,https://m.bunjang.co.kr/products/421022138
다이슨 청소기,414738449,"부품용 다이슨 V7, V8 무선 청소기 싸이클론과 먼지통 - 하자있슴.",15000,0,판매중,중고,경상북도 포항시 북구 흥해읍,False,0,0,2026-08-27 14:08:33,1787807313,부품용 다이슨 수리하여 교체,610500005,https://m.bunjang.co.kr/products/414738449
다이슨 청소기,422280995,깨끗하게 세척한 다이슨 무선 청소기 V7(23분 연속동작),82000,0,판매중,중고,경상북도 포항시 북구 흥해읍,False,1,0,2026-08-27 14:07:22,1787807242,,610500005,https://m.bunjang.co.kr/products/422280995
다이슨 청소기,415662219,깨끗하게 세척한 다이슨 무선 청소기 V10 롱버전 풀세트(90분 연속동작,175000,0,판매중,중고,,False,5,0,2026-08-27 14:07:22,1787807242,,610500005,https://m.bunjang.co.kr/products/415662219
다이슨 청소기,384161261,다이슨 청소기 정품 매트리스 진드기 제거 브러시 헤드 V8 V7 v10,38000,0,판매중,중고,경기도 안산시 단원구 백운동,False,2,0,2026-08-27 12:58:08,1787803088,,610500005,https://m.bunjang.co.kr/products/384161261
다이슨 청소기,416870997,다이슨 v8청소기용 미사용 새제품 먼지털이 커버 팝니다 부산 해운대,5000,0,판매중,새상품,부산광역시 해운대구 우제3동,False,0,0,2026-08-27 12:30:08,1787801408,,610500005,https://m.bunjang.co.kr/products/416870997
다이슨 청소기,371736780,다이슨V10무선청소기,217000,0,판매중,중고,,True,17,0,2026-08-27 11:38:18,1787798298,,610500005,https://m.bunjang.co.kr/products/371736780
다이슨 청소기,394386629,다이슨V8무선청소기,177000,0,판매중,중고,,False,13,0,2026-08-27 11:38:10,1787798290,,610500005,https://m.bunjang.co.kr/products/394386629
다이슨 청소기,423851078,다이슨V11무선청소기,255000,0,판매중,중고,,True,2,0,2026-08-27 11:38:07,1787798287,,610500005,https://m.bunjang.co.kr/products/423851078
다이슨 청소기,426102007,깨끗하게 세척한 다이슨 무선 청소기 V8(33분 연속동작),132000,0,판매중,중고,,False,0,0,2026-08-27 11:18:19,1787797099,,610500005,https://m.bunjang.co.kr/products/426102007
다이슨 청소기,426100156,깨끗하게 세척한 다이슨 무선 청소기 V10 풀세트(51분 연속동작),152000,0,판매중,중고,경상북도 포항시 북구 흥해읍,False,0,0,2026-08-27 11:11:50,1787796710,,610500005,https://m.bunjang.co.kr/products/426100156
다이슨 청소기,412906129,다이슨 사이클론 V10 Absolute 무선청소기,229000,0,판매중,중고,,False,1,0,2026-08-27 11:06:37,1787796397,다이슨무선청소기 V10 앱솔루트,610500005,https://m.bunjang.co.kr/products/412906129
다이슨 청소기,410539909,차이슨 BLDC 무선 스틱 청소기 싸게 팝니다 미개봉 새상품!,78000,0,판매중,새상품,서울특별시 광진구 구의제3동,True,2,0,2026-08-27 11:02:14,1787796134,르젠 차이슨 다이슨 샤크,610500005,https://m.bunjang.co.kr/products/410539909
다이슨 청소기,410539717,차이슨 무선 핸디 스틱 저소음 BLDC 진공 청소기 새상품 미개봉 프리미,78000,0,판매중,새상품,서울특별시 광진구 구의제3동,True,5,0,2026-08-27 11:02:06,1787796126,차이슨 다이슨 샤크닌자 샤크,610500005,https://m.bunjang.co.kr/products/410539717
다이슨 청소기,425594103,다이슨 V7 무선 청소기 본체,40000,0,판매중,중고,부산광역시 북구 덕천제1동,False,0,0,2026-08-27 10:55:58,1787795758,,610500005,https://m.bunjang.co.kr/products/425594103
다이슨 청소기,393486171,다이슨 클린앤워시 하이진 물청소기팝니다.,420000,0,판매중,중고,전라남도 여수시 미평동,False,4,0,2026-08-27 10:45:01,1787795101,,610500005,https://m.bunjang.co.kr/products/393486171
다이슨 청소기,414571601,"부품용 다이슨 V7, V8 무선 청소기 싸이클론과 먼지통 - 하자있슴.",15000,0,판매중,중고,경상북도 포항시 북구 흥해읍,False,0,0,2026-08-27 10:38:50,1787794730,부품 수리 다이 교체,610500005,https://m.bunjang.co.kr/products/414571601
다이슨 청소기,415853897,깨끗하게 세척한 다이슨 무선 청소기 V10 롱버전 풀세트(90분 연속동작,179000,0,판매중,중고,,False,1,0,2026-08-27 10:38:37,1787794717,,610500005,https://m.bunjang.co.kr/products/415853897
다이슨 청소기,426086827,다이슨 물걸레청소기,450000,0,판매중,중고,,True,0,0,2026-08-27 10:26:53,1787794013,,610500005,https://m.bunjang.co.kr/products/426086827
다이슨 청소기,414881123,다이슨 V10 무선 진공청소기용 청소툴보관함(청소틀 포함),22000,0,판매중,중고,경상북도 포항시 북구 흥해읍,False,2,0,2026-08-27 10:22:10,1787793730,,610500005,https://m.bunjang.co.kr/products/414881123
다이슨 청소기,423868110,"다이슨 진공 청소기 정품충전기(V10, V11)",17000,0,판매중,중고,경상북도 포항시 북구 흥해읍,False,1,0,2026-08-27 10:22:01,1787793721,,610500005,https://m.bunjang.co.kr/products/423868110
다이슨 청소기,384927265,"다이슨 무선 청소기 정품 미니 모터 헤드(V6, V7,V8, V10, V",9000,0,판매중,중고,경상북도 포항시 북구 흥해읍,False,3,0,2026-08-27 10:22:01,1787793721,,610500005,https://m.bunjang.co.kr/products/384927265
다이슨 청소기,401678835,다이슨 다이슨 무선청소기 V6용 소프트롤러 모터헤드 (분해세척),36000,0,판매중,중고,,False,2,0,2026-08-27 10:00:13,1787792413,다이슨 무선청소기 소프트롤러 모터헤드 V6,610500005,https://m.bunjang.co.kr/products/401678835
다이슨 청소기,408036754,다이슨 V7 무선청소기 대용량 배터리 (새상품)(4800mah),36000,0,판매중,새상품,,False,4,0,2026-08-27 10:00:02,1787792402,V7 다이슨 배터리 밧데리 무선청소기,610500005,https://m.bunjang.co.kr/products/408036754
다이슨 청소기,405927036,다이슨 무선 청소기 V8 처분 (배터리 방전),35000,0,판매중,중고,,False,6,0,2026-08-27 09:45:15,1787791515,,610500005,https://m.bunjang.co.kr/products/405927036
다이슨 청소기,407860891,캐스돈 다이슨 청소기놀이 68760(새상품),30000,0,판매중,새상품,경기도 부천시 소사구 송내1동,False,2,0,2026-08-27 09:18:24,1787789904,,500119007,https://m.bunjang.co.kr/products/407860891
다이슨 청소기,425471995,다이슨 청소기 헤드 외 모두일괄 택포,25500,0,판매중,중고,,True,0,0,2026-08-27 09:10:49,1787789449,,610500005,https://m.bunjang.co.kr/products/425471995
다이슨 청소기,426063101,다이슨 청소기 충전기 아답터,23000,0,판매중,중고,,False,0,0,2026-08-27 09:03:26,1787789006,다이슨청소기 충전기 아답터 다이슨거치대,610500005,https://m.bunjang.co.kr/products/426063101
다이슨 청소기,421301880,다이슨 청소기  헤드 V7 V8 V10 V11 V15 소프트롤러 브러시  프리미엄 초록 LED,75000,0,판매중,새상품,,False,4,0,2026-08-27 08:55:06,1787788506,,610500005,https://m.bunjang.co.kr/products/421301880
다이슨 청소기,425642941,다이슨 무선청소기 v10 입니다,200000,0,판매중,중고,,False,0,0,2026-08-27 08:18:27,1787786307,,610500005,https://m.bunjang.co.kr/products/425642941
다이슨 청소기,426032646,다이슨 옴니 글라이드 SV19 무선 청소기,120000,0,판매중,중고,서울특별시 송파구 잠실3동,False,0,0,2026-08-27 07:12:14,1787782334,다이슨무선청소기 무선청소기 dyson청소기 옴니글라이드,610500005,https://m.bunjang.co.kr/products/426032646
다이슨 청소기,425317894,다이슨 무선청소기(배터리 새상품),147000,0,판매중,중고,경기도 남양주시 호평동,False,0,0,2026-08-27 07:03:26,1787781806,,610500005,https://m.bunjang.co.kr/products/425317894
다이슨 청소기,425445416,다이슨 청소기 v8 부품용,25000,0,판매중,중고,,True,1,0,2026-08-27 02:11:35,1787764295,,610500005,https://m.bunjang.co.kr/products/425445416
다이슨 청소기,425444279,다이슨 청소기 v6용 소프트롤러,13000,0,판매중,중고,,True,0,0,2026-08-27 02:11:21,1787764281,,610500005,https://m.bunjang.co.kr/products/425444279
다이슨 청소기,425443980,다이슨 무선 청소기 v6 부품용,13000,0,판매중,중고,,True,1,0,2026-08-27 02:11:10,1787764270,,610500005,https://m.bunjang.co.kr/products/425443980
다이슨 청소기,410660758,다이슨 V10 청소기 세트,140000,0,판매중,중고,경기도 하남시 신장2동,False,4,0,2026-08-26 23:08:51,1787753331,다이슨V10,610500005,https://m.bunjang.co.kr/products/410660758
다이슨 청소기,425922424,깨끗하게 세척한 다이슨 V6[DC62] 무선 청소기(21분 연속동작),69000,0,판매중,중고,경상북도 포항시 북구 흥해읍,False,1,0,2026-08-26 22:30:20,1787751020,,610500005,https://m.bunjang.co.kr/products/425922424
다이슨 청소기,425921327,다이슨 진공 청소기 완드 4개(연결봉) - 개별판매가능,26000,1,예약중,중고,경상북도 포항시 북구 흥해읍,False,0,0,2026-08-26 22:28:17,1787750897,,610500005,https://m.bunjang.co.kr/products/425921327
다이슨 청소기,347559233,다이슨 V6 무선청소기 (세척완료.새배터리),96000,0,판매중,중고,,False,5,0,2026-08-26 22:12:19,1787749939,다이슨 무선청소기 V6 대청소 반려동물,610500005,https://m.bunjang.co.kr/products/347559233
다이슨 청소기,389149748,다이슨 무선청소기 V10 도킹스테이션 거치대 나사포함(정품 새상품),20000,0,판매중,새상품,,False,1,0,2026-08-26 22:12:08,1787749928,다이슨 무선청소기 거치대 도킹스테이션 V10,610500005,https://m.bunjang.co.kr/products/389149748
다이슨 청소기,307899690,다이슨 무선청소기 V6 용 거치대 도킹스테이션 (정품 새상품),20000,0,판매중,새상품,,False,0,0,2026-08-26 22:11:49,1787749909,다이슨 무선청소기 V6 거치대 도킹스테이션,610500005,https://m.bunjang.co.kr/products/307899690
다이슨 청소기,375435002,[dyson] 다이슨 무선청소기 v7 fluffy,129000,0,판매중,중고,,True,2,0,2026-08-26 22:00:20,1787749220,,610500005,https://m.bunjang.co.kr/products/375435002
다이슨 청소기,425873062,다이슨 무선청소기 sv09,20000,0,판매중,중고,,False,1,0,2026-08-26 21:07:36,1787746056,,610500005,https://m.bunjang.co.kr/products/425873062
다이슨 청소기,425870275,다이슨 무선청소기 충전기,10000,0,판매중,중고,,False,0,0,2026-08-26 21:03:18,1787745798,,610500005,https://m.bunjang.co.kr/products/425870275
다이슨 청소기,424925366,다이슨 DC74 V6 카본 파이버 무선 청소기,55000,0,판매중,중고,,False,0,0,2026-08-26 20:53:11,1787745191,,610500005,https://m.bunjang.co.kr/products/424925366
다이슨 청소기,425811984,다이슨 펜슬백 청소기 판매 3대 있음,400000,0,판매중,새상품,,False,1,0,2026-08-26 19:11:21,1787739081,,610500005,https://m.bunjang.co.kr/products/425811984
다이슨 청소기,420226963,다이슨 무선청소기 V7 V8 V10 모터헤드 소프트롤러 (정품 새상품),53000,0,판매중,새상품,,False,0,0,2026-08-26 19:07:08,1787738828,다이슨 무선청소기 모터헤드 소프트롤러 V8,610500005,https://m.bunjang.co.kr/products/420226963
다이슨 청소기,299339012,다이슨 무선청소기 V10 대용량 배터리 (새상품),42000,0,판매중,새상품,,False,13,0,2026-08-26 19:06:32,1787738792,다이슨 무선청소기 밧데리 V10 필터,610500005,https://m.bunjang.co.kr/products/299339012
다이슨 청소기,423132046,다이슨 펜슬백 플러피콘 2개,400000,0,판매중,새상품,,False,4,0,2026-08-26 18:34:10,1787736850,청소기 다이슨 다이슨펜슬백,610500005,https://m.bunjang.co.kr/products/423132046
다이슨 청소기,425748599,[로봇청소기] 다이슨 스팟앤스크럽 Ai 로봇청소기 판매합니다.,700000,0,판매중,중고,서울특별시 강서구 등촌제1동,True,0,0,2026-08-26 16:57:00,1787731020,다이슨 다이슨로봇청소기 물걸레로봇청소기 다이슨청소기,610500005,https://m.bunjang.co.kr/products/425748599
다이슨 청소기,412160197,고급 BLDC 무선 스틱 핸디 진공 청소기 팝니다 미개봉 새상품 최저가,78000,0,판매중,새상품,서울특별시 광진구 구의제1동,True,3,0,2026-08-26 16:39:46,1787729986,다이슨 차이슨 샤크 코스트코,610500005,https://m.bunjang.co.kr/products/412160197
다이슨 청소기,325531735,다이슨 무선 청소기 거치대(스탠드) 슬림형,23000,0,판매중,중고,,False,1,0,2026-08-26 15:45:59,1787726759,,610500005,https://m.bunjang.co.kr/products/325531735
다이슨 청소기,425718644,다이슨 360 vis nav 로봇 청소기 304631-01,400000,0,판매중,중고,서울특별시 금천구 가산동,False,0,0,2026-08-26 15:41:31,1787726491,,610500005,https://m.bunjang.co.kr/products/425718644
다이슨 청소기,425318220,다이슨 V8 무선청소기 신형 SV25 새제품,240000,0,판매중,새상품,경기도 부천시 오정구 원종1동,False,2,0,2026-08-26 13:59:02,1787720342,,610500005,https://m.bunjang.co.kr/products/425318220
다이슨 청소기,412450876,부품용 다이슨 무선 청소기 V8(10분 연속동작)-개별판매,45321,0,판매중,중고,경상북도 포항시 북구 흥해읍,False,2,0,2026-08-26 13:55:44,1787720144,,610500005,https://m.bunjang.co.kr/products/412450876
다이슨 청소기,389535103,"다이슨 진공 청소기 정품충전기(V10, V11)",17000,0,판매중,중고,,False,1,0,2026-08-26 13:55:44,1787720144,,610500005,https://m.bunjang.co.kr/products/389535103
다이슨 청소기,425661790,(DYSON) 다이슨 청소기 부품 2종 / 헤드 주름관 / 사이드 브러쉬,5000,0,판매중,새상품,서울특별시 성동구 금호2.3가동,False,0,0,2026-08-26 13:10:08,1787717408,,610500005,https://m.bunjang.co.kr/products/425661790
다이슨 청소기,425634756,(청소시간 11분) 다이슨 스팟앤스크럽 Ai 로봇 청소기 144385-01,500000,0,판매중,중고,서울특별시 금천구 가산동,False,1,0,2026-08-26 12:05:51,1787713551,,610500005,https://m.bunjang.co.kr/products/425634756
다이슨 청소기,271361720,신형 오토모 bldc 블랙스완 무선청소기 SW1X 싸게 판매합니다,175000,0,판매중,새상품,경기도 하남시 미사2동,True,6,0,2026-08-26 11:50:25,1787712625,청소기 무선청소기 오토모 다이슨 a9,610500005,https://m.bunjang.co.kr/products/271361720
다이슨 청소기,420812730,깨끗하게 세척한 다이슨 무선 청소기 V11 풀세트(73분 연속동작),245000,0,판매중,중고,경상북도 포항시 북구 흥해읍,False,1,0,2026-08-26 10:52:07,1787709127,,610500005,https://m.bunjang.co.kr/products/420812730
다이슨 청소기,423723056,깨끗하게 세척한 다이슨 V6 무선 청소기 본체(방전),23000,0,판매중,중고,경상북도 포항시 북구 흥해읍,False,1,0,2026-08-26 10:50:45,1787709045,수리용 부품용 교체용,610500005,https://m.bunjang.co.kr/products/423723056
다이슨 청소기,415065025,다이슨 무선 청소기 V6용 모터 헤드,16000,0,판매중,중고,경상북도 포항시 북구 흥해읍,False,1,0,2026-08-26 10:50:33,1787709033,부품 수리 교체,610500005,https://m.bunjang.co.kr/products/415065025
다이슨 청소기,422832100,깨끗하게 세척한 다이슨 무선 청소기 V11 풀세트(81분 연속동작),277000,0,판매중,중고,,False,1,0,2026-08-26 10:50:26,1787709026,,610500005,https://m.bunjang.co.kr/products/422832100
다이슨 청소기,422374909,깨끗하게 세척한 다이슨 무선 청소기 V7(23분 연속동작),82000,0,판매중,중고,,False,2,0,2026-08-26 10:50:26,1787709026,,610500005,https://m.bunjang.co.kr/products/422374909
다이슨 청소기,424324302,다이슨 V10  무선 청소기 판매합니다.,180000,0,판매중,중고,,False,7,0,2026-08-26 10:22:38,1787707358,,610500005,https://m.bunjang.co.kr/products/424324302
다이슨 청소기,406135410,다이슨 V10  카본파이버 청소기 판매합니다.,185000,0,판매중,중고,,False,10,0,2026-08-26 10:22:38,1787707358,,610500005,https://m.bunjang.co.kr/products/406135410
다이슨 청소기,326962279,다이슨 무선 청소기 소프트롤러 미사용 새제품 판매합니다.,70000,0,판매중,새상품,,False,13,0,2026-08-26 10:22:38,1787707358,,610500005,https://m.bunjang.co.kr/products/326962279
다이슨 청소기,425611752,다이슨청소기(본체),30000,0,판매중,중고,,False,0,0,2026-08-26 09:31:48,1787704308,,610500005,https://m.bunjang.co.kr/products/425611752
다이슨 청소기,425610630,다이슨 무선청소기,99000,0,판매중,중고,경기도 남양주시 호평동,False,0,0,2026-08-26 09:05:18,1787702718,,610500005,https://m.bunjang.co.kr/products/425610630
다이슨 청소기,425130579,다이슨 DC52 터빈헤드 유선 청소기,136000,0,판매중,중고,,False,1,0,2026-08-26 08:00:11,1787698811,,610500005,https://m.bunjang.co.kr/products/425130579
다이슨 청소기,425605665,다이슨 무선 진공청소기 V10 본체가 깨저서 부속품용 베터리 연결봉 브레시 해드 어덥터 충전기 벽걸이 거치되 5가지만 판매합니다,48000,0,판매중,중고,,True,0,0,2026-08-26 06:56:26,1787694986,,610500005,https://m.bunjang.co.kr/products/425605665
다이슨 청소기,425605569,다이슨 무선 진공청소기 흡입력 좋아요 배터리 수명이 다대여서 배터리 교체서 사용 하실분은 연락주세요 브레시 해드 어덥터 충전기는 딱 1회사용한 새거여요,60000,0,판매중,중고,,True,0,0,2026-08-26 06:50:45,1787694645,,610500005,https://m.bunjang.co.kr/products/425605569
다이슨 청소기,413602197,다이슨 V6 청소기 배터리 보호 보드/ BMS PCB,10000,0,판매중,중고,경기도 고양시 일산서구 덕이동,False,0,0,2026-08-26 03:02:58,1787680978,,610500005,https://m.bunjang.co.kr/products/413602197
다이슨 청소기,424743428,다이슨 청소기 v6용 헤드 툴 롤러브러쉬,10000,0,판매중,중고,,True,0,0,2026-08-26 02:26:01,1787678761,,610500005,https://m.bunjang.co.kr/products/424743428
다이슨 청소기,388484036,다이슨 펜슬백 플러피콘 스틱청소기 판매합니다,570000,0,판매중,새상품,서울특별시 강서구 화곡제1동,False,5,0,2026-08-26 01:45:18,1787676318,다이슨 다이슨펜슬백 다이슨청소기 다이슨스틱청소기,610500005,https://m.bunjang.co.kr/products/388484036
다이슨 청소기,378507936,다이슨 툴 dyson 청소기 부속 엑세사리 정품 키트 흡입 브러쉬 브러시,20000,0,판매중,중고,서울특별시 강남구 청담동,False,2,0,2026-08-26 00:02:06,1787670126,다이슨 흡입 틈새 청소기툴 침구,610500005,https://m.bunjang.co.kr/products/378507936
다이슨 청소기,425032708,다이슨 무선청소기 봉 v11 v12,10000,0,판매중,중고,서울특별시 강남구 역삼2동,False,0,0,2026-08-25 23:53:45,1787669625,,610500005,https://m.bunjang.co.kr/products/425032708
다이슨 청소기,425160193,다이슨 디지털 슬림 플러피 오리진 무선청소기,220000,0,판매중,중고,서울특별시 강남구 역삼2동,False,2,0,2026-08-25 23:53:38,1787669618,,610500005,https://m.bunjang.co.kr/products/425160193
다이슨 청소기,425032440,다이슨 무선청소기 소프트롤러 헤드 v7-v11,30000,0,판매중,중고,서울특별시 강남구 역삼2동,False,0,0,2026-08-25 23:53:34,1787669614,,610500005,https://m.bunjang.co.kr/products/425032440
다이슨 청소기,425032642,다이슨 무선청소기 v12 sv30 정품배터리,20000,0,판매중,중고,서울특별시 강남구 역삼2동,False,0,0,2026-08-25 23:53:32,1787669612,,610500005,https://m.bunjang.co.kr/products/425032642
다이슨 청소기,425032328,LG 코드제로 다이슨 v6-v11 정품 충전기 무선청소기,10000,0,판매중,중고,서울특별시 강남구 역삼2동,False,1,0,2026-08-25 23:53:29,1787669609,,610500005,https://m.bunjang.co.kr/products/425032328
다이슨 청소기,425031930,다이슨 V12 슬림 무선청소기 헤드 신품급,30000,0,판매중,중고,서울특별시 강남구 역삼2동,False,0,0,2026-08-25 23:53:26,1787669606,,610500005,https://m.bunjang.co.kr/products/425031930
다이슨 청소기,425588676,다이슨 sv18 디지털슬림무선 청소기 퍼플,200000,0,판매중,중고,,False,0,0,2026-08-25 23:26:28,1787667988,,610500005,https://m.bunjang.co.kr/products/425588676
다이슨 청소기,419701053,"다이슨 무선 청소기 헤드브러쉬 V7,V8,V10 호환",43000,0,판매중,중고,,True,0,0,2026-08-25 21:58:02,1787662682,다이슨청소기 헤드브러쉬 V7V8V10호환,610500005,https://m.bunjang.co.kr/products/419701053
다이슨 청소기,420222353,다이슨 V8 무선청소기 배터리 잔량 68~70% (정품),46000,0,판매중,중고,,False,1,0,2026-08-25 19:34:52,1787654092,다이슨 무선청소기 배터리 밧데리 V8,610500005,https://m.bunjang.co.kr/products/420222353
다이슨 청소기,233517399,다이슨 무선청소기 충전기 V6 V7 V8용 충전기 110V (정품),25000,0,판매중,중고,,False,8,0,2026-08-25 19:34:35,1787654075,다이슨 무선청소기 충전기 V6 V8,800100011,https://m.bunjang.co.kr/products/233517399
다이슨 청소기,424440311,[풀박스] 다이슨 스팟앤스크럽 Ai 로봇청소기 (블랙+블루 / 모델명: RB05-A),700000,0,판매중,중고,서울특별시 금천구 가산동,False,1,0,2026-08-25 18:32:18,1787650338,dyson 다이슨 ai 스팟 스크럽,610500005,https://m.bunjang.co.kr/products/424440311
다이슨 청소기,425547272,"다이슨 무선 청소기 연결봉 3개 일괄 처분(V6 1개, V8 2개)",27000,0,판매중,중고,,False,0,0,2026-08-25 18:11:56,1787649116,,610500005,https://m.bunjang.co.kr/products/425547272
다이슨 청소기,423789778,다이슨 V8 싸이클론 무선 청소기,260000,0,판매중,중고,,False,0,0,2026-08-25 18:06:05,1787648765,다이슨 다이슨청소기 청소기,610500005,https://m.bunjang.co.kr/products/423789778
다이슨 청소기,397096489,다이슨 무선청소기 V7 V8 V10용 소프트롤러 모터헤드 (분해세척완료),56000,0,판매중,중고,,False,3,0,2026-08-25 17:05:58,1787645158,다이슨 무선청소기 소프트롤러 모터헤드 V8,610500005,https://m.bunjang.co.kr/products/397096489
다이슨 청소기,285876556,다이슨 V8 무선청소기 대용량 배터리 (새상품),38000,0,판매중,새상품,,False,19,0,2026-08-25 17:05:52,1787645152,다이슨 무선청소기 V8 배터리 밧데리,610500005,https://m.bunjang.co.kr/products/285876556
다이슨 청소기,425537499,다이슨 무선청소기 침구헤드,5000,0,판매중,중고,,False,0,0,2026-08-25 17:05:43,1787645143,,610500005,https://m.bunjang.co.kr/products/425537499
다이슨 청소기,424585411,다이슨 무선 청소기 본체 v6,22000,0,판매중,중고,,False,0,0,2026-08-25 15:16:38,1787638598,,610500005,https://m.bunjang.co.kr/products/424585411
다이슨 청소기,424585816,다이슨 무선 청소기 본체 v6,22000,0,판매중,중고,,False,0,0,2026-08-25 15:16:32,1787638592,,610500005,https://m.bunjang.co.kr/products/424585816
다이슨 청소기,231289020,흡입력 최강 무선청소기,135000,0,판매중,새상품,,True,23,0,2026-08-25 14:58:08,1787637488,무선 다이슨 청소기 가전 선물,610500005,https://m.bunjang.co.kr/products/231289020
다이슨 청소기,358129728,다이슨 청소기 툴,7000,0,판매중,새상품,,False,1,0,2026-08-25 13:54:00,1787633640,,610500005,https://m.bunjang.co.kr/products/358129728
다이슨 청소기,420218732,다이슨 V8 앱솔루트 무선청소기 + 각종툴 (세척완료),138000,0,판매중,중고,,False,4,0,2026-08-25 13:38:55,1787632735,다이슨 무선청소기 배터리 소프트롤러 V8,610500005,https://m.bunjang.co.kr/products/420218732
다이슨 청소기,139270926,다이슨 V6 미니모터헤드 툴  (슬림.헤파.모터헤드용),18000,0,판매중,중고,,False,2,0,2026-08-25 13:38:31,1787632711,V6 미니 모터헤드 슬림 청소기,610500005,https://m.bunjang.co.kr/products/139270926
다이슨 청소기,338148649,다이슨 청소기 거치대 슬림형,23000,0,판매중,중고,,False,2,0,2026-08-25 11:26:39,1787624799,,610500005,https://m.bunjang.co.kr/products/338148649
다이슨 청소기,425498194,다이슨 무선청소기 싸이클론 V10 레드,200000,0,판매중,중고,,True,1,0,2026-08-25 10:49:04,1787622544,다이슨 무선청소기 싸이클론 V10 가정용,610500005,https://m.bunjang.co.kr/products/425498194
다이슨 청소기,425492387,(미개봉 새제품)다이슨 V12 디텍트 슬림 무선청소기,590000,0,판매중,새상품,,True,0,0,2026-08-25 09:04:05,1787616245,,610500005,https://m.bunjang.co.kr/products/425492387
다이슨 청소기,425345456,다이슨 V8 청소기 먼지통.새제품,20000,0,판매중,새상품,경기도 성남시 분당구 판교동,False,0,0,2026-08-25 08:41:36,1787614896,,610500005,https://m.bunjang.co.kr/products/425345456
다이슨 청소기,203060346,다이슨 무선 청소기 브러쉬 툴(정품),25000,0,판매중,새상품,,False,5,0,2026-08-25 07:33:02,1787610782,다이슨 청소기 헤드 브러쉬,610500005,https://m.bunjang.co.kr/products/203060346
다이슨 청소기,299731962,"청소기 다이슨 정품 V7,V8 배터리 내놓습니다",30000,0,판매중,중고,충청남도 천안시 서북구 직산읍,False,49,0,2026-08-25 07:26:07,1787610367,,610500005,https://m.bunjang.co.kr/products/299731962
다이슨 청소기,422900325,다이슨 청소기 흡입구 부품,9000,0,판매중,중고,,True,2,0,2026-08-25 03:16:11,1787595371,,610500005,https://m.bunjang.co.kr/products/422900325
다이슨 청소기,424861330,다이슨 V8용 청소기 헤드 소프트롤러,15000,0,판매중,중고,,True,0,0,2026-08-25 03:11:31,1787595091,,610500005,https://m.bunjang.co.kr/products/424861330
다이슨 청소기,398674662,다이슨 청소기 V7 V8 V10 헤드 브러쉬 부품용,48000,0,판매중,중고,,True,2,0,2026-08-24 22:46:52,1787579212,다이슨청소기 V7V8V10 다이슨헤드브러쉬,610500005,https://m.bunjang.co.kr/products/398674662
다이슨 청소기,417634804,다이슨 청소기 헤드 브러쉬 V7 V8 V10 호환,48500,0,판매중,중고,,True,2,0,2026-08-24 22:46:23,1787579183,다이슨청소기 헤드브러쉬 V7V8V10,610500005,https://m.bunjang.co.kr/products/417634804
다이슨 청소기,245230692,"다이슨 청소기 소프트롤러, 다이렉트롤러,미니모터툴",18000,0,판매중,중고,,False,5,0,2026-08-24 22:44:40,1787579080,다이슨 소프트롤러 다이렉트롤러 미니모터툴,610500005,https://m.bunjang.co.kr/products/245230692
다이슨 청소기,397096889,다이슨 V7 V8 무선 청소기 부품 먼지통 (정품),36000,0,판매중,중고,,False,3,0,2026-08-24 22:21:10,1787577670,다이슨 무선청소기 먼지통 V7 V8,610500005,https://m.bunjang.co.kr/products/397096889
다이슨 청소기,423417467,정품 다이슨 v6 무선청소기 투명 먼지통 더스트빈 컵 단품 본체 부품,10000,0,판매중,중고,,False,0,0,2026-08-24 20:44:07,1787571847,,610500005,https://m.bunjang.co.kr/products/423417467
다이슨 청소기,423746846,다이슨 무선 청소기 V8 액세서리 포함,67000,0,판매중,중고,,False,4,0,2026-08-24 17:58:02,1787561882,,610500005,https://m.bunjang.co.kr/products/423746846
다이슨 청소기,177168254,(정품) 다이슨 V6 청소기 미니모터헤드 헤파 슬림 모터헤드용 (새상품),22000,0,판매중,새상품,,False,4,0,2026-08-24 17:55:43,1787561743,다이슨 미니모터헤드 DC 툴 부러쉬,610700002,https://m.bunjang.co.kr/products/177168254
다이슨 청소기,425412497,다이슨 펜슬백 플러피콘 무선청소기 미개봉,430000,0,판매중,새상품,경상북도 구미시 고아읍,False,0,0,2026-08-24 16:05:24,1787555124,,610500005,https://m.bunjang.co.kr/products/425412497
다이슨 청소기,414749642,다이슨 V10 무선 진공청소기용 청소툴보관함(청소틀 포함),20000,0,판매중,중고,경상북도 포항시 북구 흥해읍,False,1,0,2026-08-24 14:10:33,1787548233,,610500005,https://m.bunjang.co.kr/products/414749642
다이슨 청소기,384891645,다이슨 무선 청소기 정품 미니 모터 헤드(V7- V11용),9000,0,판매중,중고,경상북도 포항시 북구 흥해읍,False,4,0,2026-08-24 14:10:31,1787548231,,610500005,https://m.bunjang.co.kr/products/384891645
다이슨 청소기,414881621,다이슨 무선 청소기 V6용 모터 헤드,16000,0,판매중,중고,경상북도 포항시 북구 흥해읍,False,1,0,2026-08-24 14:10:10,1787548210,,610500005,https://m.bunjang.co.kr/products/414881621
다이슨 청소기,425395241,다이슨 V6무선청소기,50000,0,판매중,중고,,False,0,0,2026-08-24 13:30:29,1787545829,,610500005,https://m.bunjang.co.kr/products/425395241
다이슨 청소기,420704314,다이슨 무선청소기 V7. V8. V10. V11. V12. V15용 크레비스툴 +콤비네이션툴 (정품),15000,0,판매중,새상품,,False,0,0,2026-08-24 12:48:53,1787543333,,610500005,https://m.bunjang.co.kr/products/420704314
다이슨 청소기,263630166,다이슨 V7~V15 청소기 각툴 미사용 새제품 판매,7000,0,판매중,새상품,,False,6,0,2026-08-24 12:48:53,1787543333,,610500005,https://m.bunjang.co.kr/products/263630166
다이슨 청소기,425143045,다이슨청소기  v10 입니다,200000,0,판매중,중고,,False,0,0,2026-08-24 12:09:27,1787540967,,610500005,https://m.bunjang.co.kr/products/425143045
다이슨 청소기,424447663,"다이슨 무선 청소기용 배터리(V6, V7, V8, V10)",11000,0,판매중,중고,경상북도 포항시 북구 흥해읍,False,0,0,2026-08-24 10:02:33,1787533353,,610500005,https://m.bunjang.co.kr/products/424447663
다이슨 청소기,412268555,부품용 다이슨 무선 청소기 V8(10분 연속동작) - 개별판매 가능,45321,0,판매중,중고,경상북도 포항시 북구 흥해읍,False,3,0,2026-08-24 10:02:25,1787533345,부품 수리 다이 교체,610500005,https://m.bunjang.co.kr/products/412268555
다이슨 청소기,406919196,정품 다이슨 v6 무선청소기 연결봉 연장관 완드 튜브 파이프 스틱,7000,0,판매중,중고,,False,4,0,2026-08-23 21:41:30,1787488890,,610500005,https://m.bunjang.co.kr/products/406919196
다이슨 청소기,377092985,정품 다이슨 무선청소기 악세사리 개당5000원 노즐 부품 키트 v8 v7 v10 v11 v12 v15 용,15000,0,판매중,중고,,True,4,0,2026-08-23 21:41:30,1787488890,,610500005,https://m.bunjang.co.kr/products/377092985
다이슨 청소기,307627278,다이슨 청소기 충전기 어댑터 205720-02,16000,0,판매중,중고,,True,0,0,2026-08-23 20:55:15,1787486115,,610500005,https://m.bunjang.co.kr/products/307627278
다이슨 청소기,425311953,"차이슨 ,다이슨 무선청소기 일괄2대 부품용",39000,0,판매중,중고,,False,0,0,2026-08-23 18:17:37,1787476657,,610500005,https://m.bunjang.co.kr/products/425311953
다이슨 청소기,424585014,다이슨 무선 청소기 본체 v6,22000,0,판매중,중고,,False,1,0,2026-08-23 16:54:56,1787471696,,610500005,https://m.bunjang.co.kr/products/424585014
다이슨 청소기,421860360,다이슨 정품 싸이클론 V10 무선청소기 미개봉 팝니다 ( 서울 ),290000,0,판매중,새상품,서울특별시 강남구 청담동,False,4,0,2026-08-23 16:37:06,1787470626,다이슨 싸이클론 싸이클론v10 다이슨청소기 무선청소기,610500005,https://m.bunjang.co.kr/products/421860360
다이슨 청소기,401679242,다이슨 무선청소기 V6용 봉 완드 부품,15000,0,판매중,중고,,False,2,0,2026-08-23 15:49:44,1787467784,다이슨 무선청소기 봉 완드 부품,610500005,https://m.bunjang.co.kr/products/401679242
다이슨 청소기,362491882,다이슨 청소기  DC62 부품용 (배송료 포함),28000,0,판매중,중고,,True,2,0,2026-08-23 13:40:09,1787460009,,610500005,https://m.bunjang.co.kr/products/362491882
다이슨 청소기,389150983,다이슨 무선청소기 V7 V8 V10용 소프트롤러 모터헤드,58000,0,판매중,중고,,False,0,0,2026-08-22 22:00:29,1787403629,다이슨 무선청소기 소프트롤러 모터헤드 청소기,610500005,https://m.bunjang.co.kr/products/389150983
다이슨 청소기,347441667,삽니다 다이슨 에어랩 id 슈퍼소닉 청소기 출장 구매 매입 덤핑,1200000,0,판매중,새상품,서울특별시 서초구 서초1동,True,6,0,2026-08-22 19:33:09,1787394789,다이슨에어랩 다이슨드라이기 다이슨에어랩id,610700002,https://m.bunjang.co.kr/products/347441667
다이슨 청소기,401679360,다이슨 V6 무선청소기 본체만,28000,0,판매중,중고,,False,1,0,2026-08-22 19:28:24,1787394504,다이슨 무선청소기 V6 본체 부품,610500005,https://m.bunjang.co.kr/products/401679360
다이슨 청소기,382144730,다이슨 무선청소기 V7 V8 V10용 소프트롤러 모터헤드,45000,0,판매중,중고,,False,0,0,2026-08-22 15:15:18,1787379318,다이슨 무선청소기 모터헤드 소프트롤러 카페트,610500005,https://m.bunjang.co.kr/products/382144730
다이슨 청소기,320362247,다이슨 V6 무선청소기 대용량 배터리 (새상품)(6500mah),29000,0,판매중,새상품,,False,8,0,2026-08-22 12:28:39,1787369319,다이슨 V6 배터리 청소기 밧데리,610500005,https://m.bunjang.co.kr/products/320362247
다이슨 청소기,217547525,다이슨 무선청소기 V6 용 거치대 도킹스테이션 (정품),15000,0,판매중,중고,,False,6,0,2026-08-22 12:28:14,1787369294,다이슨 무선청소기 도킹스테이션 거치대 V6,610500005,https://m.bunjang.co.kr/products/217547525
다이슨 청소기,407954876,다이슨 v10 sv12 무선 청소기,180000,0,판매중,중고,서울특별시 관악구 성현동,False,0,0,2026-08-22 09:13:17,1787357597,다이슨 v10 sv12 무선 청소기,610500005,https://m.bunjang.co.kr/products/407954876
다이슨 청소기,423510312,다이슨 sv09 무선 청소기,80000,0,판매중,중고,서울특별시 동작구 노량진제1동,False,4,0,2026-08-22 07:23:42,1787351022,다이슨 sv09 청소기 무선청소기,610500005,https://m.bunjang.co.kr/products/423510312
다이슨 청소기,323950310,다이슨 V11 무선청소기 모터(수리요),23000,0,판매중,중고,,False,6,0,2026-08-22 07:04:43,1787349883,디이슨 V11 무선청소기 모터,610500005,https://m.bunjang.co.kr/products/323950310
다이슨 청소기,320468457,특A급 다이슨v8 청소기 풀세트(새 배터리 교체),138000,0,판매중,중고,인천광역시 연수구 청학동,False,16,0,2026-08-22 00:54:20,1787327660,,610500005,https://m.bunjang.co.kr/products/320468457
다이슨 청소기,359979289,다이슨 워시 G1 물청소 무선 청소기 보증기간 27년3월3일 미사용급,380000,0,판매중,새상품,,False,8,0,2026-08-21 23:21:17,1787322077,다이슨물걸레청소기 다이슨워시G1 다이슨 청소기 물걸레청소기 무선청소기,610500005,https://m.bunjang.co.kr/products/359979289
다이슨 청소기,400214770,다이슨 청소기 헤드 롤러 브러쉬 V7 V8 V10 V11 호환 부품용,52000,0,판매중,중고,,True,2,0,2026-08-21 22:50:07,1787320207,다이슨청소기 헤드롤러 헤드브러쉬,610500005,https://m.bunjang.co.kr/products/400214770
다이슨 청소기,423421423,다이슨 무선청소기 v10,109990,0,판매중,중고,,False,2,0,2026-08-21 21:02:19,1787313739,,610500005,https://m.bunjang.co.kr/products/423421423
다이슨 청소기,415053771,다이슨 청소기 보쉬 어댑터,10000,0,판매중,새상품,,False,0,0,2026-08-21 17:22:02,1787300522,다이슨 청소기,610500005,https://m.bunjang.co.kr/products/415053771
다이슨 청소기,224459297,다이슨 모든 제품 미개봉 구매합니다. 공기청정기 청소기 조명 등등,1000,0,판매중,새상품,경기도 동두천시 불현동,True,2,0,2026-08-21 16:37:10,1787297830,다이슨 PH04 PH02 V15,610500005,https://m.bunjang.co.kr/products/224459297
다이슨 청소기,425039571,다이슨 V10 싸이클론 무선청소기,124000,0,판매중,중고,경상남도 김해시 진영읍,False,1,0,2026-08-21 13:47:27,1787287647,,610500005,https://m.bunjang.co.kr/products/425039571
다이슨 청소기,359109073,다이슨 청소기 충전기 어댑터205720-03,17000,0,판매중,중고,,True,0,0,2026-08-21 13:26:38,1787286398,,610500005,https://m.bunjang.co.kr/products/359109073
다이슨 청소기,424674025,다이슨v8무선 청소기.  상태최상 소모품 올교환..,190000,0,판매중,중고,경기도 고양시 일산서구 일산2동,True,0,0,2026-08-21 13:25:18,1787286318,,610500005,https://m.bunjang.co.kr/products/424674025
다이슨 청소기,307451642,청소기 다이슨 V10(SV12) 배터리 내놓습니다,35000,0,판매중,중고,충청남도 천안시 서북구 직산읍,False,16,0,2026-08-21 08:51:36,1787269896,,610500005,https://m.bunjang.co.kr/products/307451642
다이슨 청소기,307682942,청소기 다이슨 V6 배터리 내놓습니다,27000,0,판매중,중고,충청남도 천안시 서북구 직산읍,False,16,0,2026-08-21 08:51:23,1787269883,,610500005,https://m.bunjang.co.kr/products/307682942
다이슨 청소기,404381189,다이슨 360 Vis Nav 로봇청소기,420000,0,판매중,새상품,,False,0,0,2026-08-21 08:41:48,1787269308,,610500005,https://m.bunjang.co.kr/products/404381189
다이슨 청소기,424081726,다이슨 V10 카본파이버 무선 청소기 풀세트,186000,0,판매중,중고,경상남도 김해시 진영읍,False,2,0,2026-08-21 08:31:18,1787268678,,610500005,https://m.bunjang.co.kr/products/424081726
다이슨 청소기,388173216,[정품]다이슨청소기 충전기  V11 V10 V8 V7 V6 DC59,30000,0,판매중,중고,경기도 안산시 단원구 백운동,False,0,0,2026-08-21 01:29:52,1787243392,,610500005,https://m.bunjang.co.kr/products/388173216
다이슨 청소기,424996443,다이슨 청소기 툴(브러쉬),40000,0,판매중,중고,,True,0,0,2026-08-20 23:38:18,1787236698,,800100011,https://m.bunjang.co.kr/products/424996443
다이슨 청소기,400063049,다이슨 청소기 방전 배터리 10개 일괄,49000,0,판매중,중고,,True,4,0,2026-08-20 22:21:57,1787232117,다이슨배터리 방전배터리 폐배터리,610500005,https://m.bunjang.co.kr/products/400063049
다이슨 청소기,422651154,"다이슨 무선 청소기 롤러헤드 V7, V8, V10 호환",49000,0,판매중,중고,,True,0,0,2026-08-20 22:21:24,1787232084,다이슨무선청소기 헤드브러쉬 V7V8V10,610500005,https://m.bunjang.co.kr/products/422651154
다이슨 청소기,417054583,다이슨 청소기 헤드 브러쉬 V7 V8 V10 호환,42000,0,판매중,중고,,True,1,0,2026-08-20 22:21:11,1787232071,다이슨청소기 다이슨브러쉬 V7V8V10,610500005,https://m.bunjang.co.kr/products/417054583
다이슨 청소기,401678987,다이슨 V6 무선 청소기 부품 먼지통 (정품),26000,0,판매중,중고,,False,1,0,2026-08-20 21:08:11,1787227691,다이슨 무선청소기 V6 먼지통 부품,610500005,https://m.bunjang.co.kr/products/401678987
다이슨 청소기,382147793,다이슨 무선청소기 V10 V11 충전기 아답터 220V (정품),29000,0,판매중,중고,,False,2,0,2026-08-20 21:07:58,1787227678,다이슨 무선청소기 충전기 아답터 V10,610500005,https://m.bunjang.co.kr/products/382147793
다이슨 청소기,382687856,다이슨청소기 미니헤드 매트리스 정품,30000,0,판매중,중고,,False,1,0,2026-08-20 17:06:41,1787213201,,610500005,https://m.bunjang.co.kr/products/382687856
다이슨 청소기,424914773,다이슨 로봇청소기,900000,0,판매중,새상품,,False,2,0,2026-08-20 12:30:39,1787196639,,610500005,https://m.bunjang.co.kr/products/424914773
다이슨 청소기,424896702,"다이슨 물걸레청소기 물걸레키트 무선청소기 V7, V8, V10, V11, V15 호환",22277,0,판매중,중고,,False,0,0,2026-08-20 07:45:52,1787179552,다이슨 물걸레청소기 물걸레키트 무선청소기 V7,610500005,https://m.bunjang.co.kr/products/424896702
다이슨 청소기,424889426,"[DDB하남,S급] 다이슨 360 vis nav 로봇 청소기 혼합색상 304631 로봇청소기",350000,0,판매중,중고,,True,0,0,2026-08-20 01:57:24,1787158644,다이슨 로봇청소기 다이슨청소기 청소기 다이슨로봇청소기,610500005,https://m.bunjang.co.kr/products/424889426
다이슨 청소기,424873446,다이슨 무선청소기 SV10 = V8 용 충전기,20000,0,판매중,중고,서울특별시 강남구 대치1동,False,0,0,2026-08-19 22:57:56,1787147876,,610500005,https://m.bunjang.co.kr/products/424873446
다이슨 청소기,191269089,다이슨 무선청소기 V7 V8 V10 미니모터헤드 툴 부러쉬 (정품),18000,0,판매중,중고,,False,20,0,2026-08-19 17:08:12,1787126892,다이슨 무선청소기 V7 V8 툴,610500005,https://m.bunjang.co.kr/products/191269089
다이슨 청소기,420862569,다이슨 무선청소기 키트,14250,0,판매중,중고,,False,0,0,2026-08-19 10:37:58,1787103478,,610500005,https://m.bunjang.co.kr/products/420862569
다이슨 청소기,424328737,다이슨 v11무선청소기 팝니다,250000,0,판매중,중고,,False,0,0,2026-08-19 10:25:39,1787102739,다이슨,610500005,https://m.bunjang.co.kr/products/424328737
다이슨 청소기,381614800,아토케어 침대  침구 소파 청소기,24500,0,판매중,중고,서울특별시 성북구 길음제2동,True,0,0,2026-08-18 22:48:32,1787060912,침대 침대소파 무선청소기 청소기 다이슨,610500005,https://m.bunjang.co.kr/products/381614800
다이슨 청소기,289943489,다이슨 무선청소기 V11 SV 도킹스테이션 거치대 나사포함(정품 새상품),20000,0,판매중,새상품,,False,3,0,2026-08-18 17:35:00,1787042100,다이슨 무선청소기 도킹스테이션 거치대 V11,610500005,https://m.bunjang.co.kr/products/289943489
다이슨 청소기,424621106,다이슨 무선 청소기 V8,79000,0,판매중,중고,인천광역시 검단구 원당동,False,3,0,2026-08-17 21:24:54,1786969494,,610500005,https://m.bunjang.co.kr/products/424621106
다이슨 청소기,423246691,다이슨 펜슬백 플러피콘 스틱청소기 미개봉,440000,0,판매중,새상품,대구광역시 달서구 월성2동,True,5,0,2026-08-17 21:02:22,1786968142,,610500005,https://m.bunjang.co.kr/products/423246691
다이슨 청소기,406340084,[다이슨] 360 Vis Nav 로봇청소기 / 강력한 흡입력 + 360도,350000,0,판매중,중고,서울특별시 구로구 고척제2동,False,3,0,2026-08-17 15:17:40,1786947460,다이슨 로봇 청소기 360 nav,610500005,https://m.bunjang.co.kr/products/406340084
다이슨 청소기,420033660,다이슨 무선 청소기 헤드 브러쉬 V7 V8 V10 부품용,48000,0,판매중,중고,,True,0,0,2026-08-16 21:13:41,1786882421,다이슨청소기 헤드브러쉬 V7V8V10,610500005,https://m.bunjang.co.kr/products/420033660
다이슨 청소기,349455199,다이슨 무선청소기 V7 V8 용 거치대 도킹스테이션 (정품),15000,0,판매중,중고,,False,3,0,2026-08-16 19:27:25,1786876045,다이슨 무선청소기 V7 V8 거치대,610500005,https://m.bunjang.co.kr/products/349455199
다이슨 청소기,395463023,다이슨 무선청소기(침구청소기겸 쎄컨용 청소기 덤),229000,0,판매중,중고,경기도 남양주시 호평동,False,0,0,2026-08-16 08:41:00,1786837260,,610500005,https://m.bunjang.co.kr/products/395463023
다이슨 청소기,424388495,다이슨 정품 청소기 어댑터,20000,0,판매중,중고,,True,0,0,2026-08-15 21:57:37,1786798657,,610500005,https://m.bunjang.co.kr/products/424388495
다이슨 청소기,418566914,다이슨 V8 플러피 청소기 (직거래) <북수원>,96000,0,판매중,중고,,False,3,0,2026-08-15 21:22:42,1786796562,,610500005,https://m.bunjang.co.kr/products/418566914
다이슨 청소기,407027027,다이슨 청소기 DC62본체와 헤드,18720,0,판매중,중고,,False,1,0,2026-08-15 20:21:50,1786792910,,610500005,https://m.bunjang.co.kr/products/407027027
다이슨 청소기,424315367,다이슨 v8 무선청소기 새로 리필한 새배터리팩,42000,0,판매중,중고,,False,2,0,2026-08-15 10:12:19,1786756339,,610500005,https://m.bunjang.co.kr/products/424315367
다이슨 청소기,413205401,"[DDB하남,S급] 다이슨 360 Vis Nav 로봇청소기",330000,0,판매중,중고,,True,4,0,2026-08-15 09:29:35,1786753775,다이슨 청소기 로봇청소기 다이슨청소기 다이슨로봇청소기,610500005,https://m.bunjang.co.kr/products/413205401
다이슨 청소기,407280938,"다이슨 V6 청소기 본체,배터리,틈새툴킷1",32000,0,판매중,중고,경기도 하남시 신장2동,False,3,0,2026-08-15 07:36:53,1786747013,,610500005,https://m.bunjang.co.kr/products/407280938
다이슨 청소기,393425408,다이슨청소기 디지털슬림본체 + 부속품 풀세트,200000,0,판매중,중고,,False,1,0,2026-08-15 00:05:43,1786719943,,610500005,https://m.bunjang.co.kr/products/393425408
다이슨 청소기,420719103,다이슨 Sv18무선 청소기 오렌지퍼플,100000,0,판매중,중고,,False,15,0,2026-08-15 00:05:26,1786719926,,610500005,https://m.bunjang.co.kr/products/420719103
다이슨 청소기,423480108,다이슨 무선 청소기 V11 본체만,160000,0,판매중,중고,,False,1,0,2026-08-15 00:05:21,1786719921,,610500005,https://m.bunjang.co.kr/products/423480108
다이슨 청소기,413818287,다이슨v8 무선 청소기,50000,0,판매중,중고,,False,5,0,2026-08-15 00:04:29,1786719869,,610500005,https://m.bunjang.co.kr/products/413818287
다이슨 청소기,394362720,다이슨청소기 v11본체.배터리,160000,0,판매중,중고,,False,4,0,2026-08-15 00:04:14,1786719854,,610500005,https://m.bunjang.co.kr/products/394362720
다이슨 청소기,404908904,새상품 다이슨 청소기 배터리,20000,0,판매중,새상품,서울특별시 양천구 신월3동,False,1,0,2026-08-14 16:46:43,1786693603,,610500005,https://m.bunjang.co.kr/products/404908904
다이슨 청소기,384157431,다이슨 청소기 브러쉬 헤드,18000,0,판매중,중고,경기도 안산시 단원구 백운동,False,2,0,2026-08-14 15:07:02,1786687622,,610500005,https://m.bunjang.co.kr/products/384157431
다이슨 청소기,422028103,다이슨 V8 무선 청소기 본체,40000,0,판매중,중고,부산광역시 북구 덕천제1동,False,1,0,2026-08-14 09:01:47,1786665707,,610500005,https://m.bunjang.co.kr/products/422028103
다이슨 청소기,324407702,한경희 전기 바닥 스팀 청소기,30000,0,판매중,중고,광주광역시 광산구 신창동,False,2,0,2026-08-14 08:41:33,1786664493,스팀청소기 청소기 로봇청소기 무선청소기 다이슨,610500005,https://m.bunjang.co.kr/products/324407702
다이슨 청소기,422898820,다이슨 청소기 롤러 브러쉬,10000,0,판매중,중고,,True,0,0,2026-08-14 03:11:46,1786644706,,610500005,https://m.bunjang.co.kr/products/422898820
다이슨 청소기,417933230,다이슨 SV18 미개봉,300000,0,판매중,새상품,서울특별시 양천구 목2동,False,2,0,2026-08-13 13:07:14,1786594034,다이슨 청소기,610500005,https://m.bunjang.co.kr/products/417933230
다이슨 청소기,424089074,다이슨 펜슬팩 청소기 저렴허게 판매합니다,430000,0,판매중,새상품,경기도 고양시 일산서구 가좌동,False,1,0,2026-08-13 10:03:33,1786583013,,610500005,https://m.bunjang.co.kr/products/424089074
다이슨 청소기,424081467,다이슨 V8 플러피 무선청소기 레드,128000,0,판매중,중고,경상남도 김해시 진영읍,False,0,0,2026-08-13 06:48:43,1786571323,,610500005,https://m.bunjang.co.kr/products/424081467
다이슨 청소기,417071844,다이슨 무선 청소기 헤드,30000,0,판매중,중고,,False,2,0,2026-08-12 23:20:00,1786544400,,610500005,https://m.bunjang.co.kr/products/417071844
다이슨 청소기,378126205,다이슨 무선청소기 v11앱솔루트,250000,0,판매중,중고,,True,1,0,2026-08-12 03:12:50,1786471970,,610500005,https://m.bunjang.co.kr/products/378126205
다이슨 청소기,423867838,미개봉 새상품 다이슨 스팟앤스크럽 Ai 로봇청소기,820000,0,판매중,새상품,경기도 평택시 비전1동,True,4,0,2026-08-11 14:59:17,1786427957,,610500005,https://m.bunjang.co.kr/products/423867838
다이슨 청소기,423831968,다이슨 V10 무선청소기  본체만 부품용판매합니다,80000,1,예약중,중고,,False,0,0,2026-08-11 06:38:08,1786397888,,610500005,https://m.bunjang.co.kr/products/423831968
다이슨 청소기,419597501,dyson V6 다이슨 무선 청소기 5만원,50000,1,예약중,중고,경기도 용인시 수지구 성복동,True,4,0,2026-08-11 02:13:25,1786382005,,610500005,https://m.bunjang.co.kr/products/419597501
다이슨 청소기,421921655,다이슨 청소기 V6 미니모터헤드 침구용,32000,0,판매중,중고,경기도 수원시 팔달구 지동,False,0,0,2026-08-10 18:53:42,1786355622,,610500005,https://m.bunjang.co.kr/products/421921655
다이슨 청소기,423688987,다이슨 sv18 디지털 슬림   무선청소기,110000,0,판매중,중고,,False,0,0,2026-08-10 14:40:14,1786340414,,610500005,https://m.bunjang.co.kr/products/423688987
다이슨 청소기,350035333,다이슨청소기 v8본체 싸게팝니다,45000,0,판매중,중고,,False,6,0,2026-08-10 14:40:05,1786340405,,610500005,https://m.bunjang.co.kr/products/350035333
다이슨 청소기,423672894,다이슨 청소기 .거의 풀구성품,75000,1,예약중,중고,경기도 의정부시 자금동,False,0,0,2026-08-09 20:36:05,1786275365,다이슨 다이슨청소기,610500005,https://m.bunjang.co.kr/products/423672894
다이슨 청소기,404782289,dyson DC74 무선청소기 본체와 배터리 부품용 배터리 짱짱,50000,0,판매중,중고,대구광역시 북구 복현2동,False,0,0,2026-08-09 14:58:51,1786255131,,610500005,https://m.bunjang.co.kr/products/404782289
다이슨 청소기,404778490,dyson DC62 무선청소기 본체와 배터리 부품용 배터리 짱짱,50000,0,판매중,중고,대구광역시 북구 복현2동,False,0,0,2026-08-09 14:58:46,1786255126,,610500005,https://m.bunjang.co.kr/products/404778490
다이슨 청소기,423618318,삼성 로봇청소기 비스포크 제트봇,220000,0,판매중,중고,경기도 고양시 일산서구 대화동,True,1,0,2026-08-09 13:05:48,1786248348,삼성 로봇청소기 다이슨 엘지 드리미로봇청소기,610500005,https://m.bunjang.co.kr/products/423618318
다이슨 청소기,343173121,기펠 듀얼글라이드 360 무선청소기,165000,0,판매중,새상품,,False,6,0,2026-08-09 13:04:19,1786248259,기펠 무선청소기 다이슨 청소기 강력흡입,610500005,https://m.bunjang.co.kr/products/343173121
다이슨 청소기,423301351,다이슨 펜슬백 청소기 미개봉 새상품판매합니다,427500,0,판매중,새상품,부산광역시 동래구 온천제2동,True,3,0,2026-08-08 15:36:30,1786170990,,610700002,https://m.bunjang.co.kr/products/423301351
다이슨 청소기,423512717,dyson SV09 무선 핸디 스틱 청소기 브러쉬 3개 거치대포함,185000,0,판매중,중고,대구광역시 북구 복현2동,False,0,0,2026-08-08 15:04:58,1786169098,,610500005,https://m.bunjang.co.kr/products/423512717
다이슨 청소기,421689874,"다이슨 청소기 헤드,배터리 등",40000,0,판매중,새상품,서울특별시 중랑구 면목제7동,False,3,0,2026-08-08 15:02:27,1786168947,,610500005,https://m.bunjang.co.kr/products/421689874
다이슨 청소기,423506458,다이슨 무선 청소기 침구헤드,8000,0,판매중,중고,,False,0,0,2026-08-08 14:10:35,1786165835,,610500005,https://m.bunjang.co.kr/products/423506458
다이슨 청소기,423498941,(정품) (DYSON) 다이슨 V8 무선 청소기 + 거치대,70000,1,예약중,중고,,False,0,0,2026-08-08 12:55:04,1786161304,,610500005,https://m.bunjang.co.kr/products/423498941
다이슨 청소기,422373181,다이슨 360 vis nav 로봇 청소기 혼합색상 304631-01-005,340000,0,판매중,중고,,True,1,0,2026-08-07 20:59:50,1786103990,,610500005,https://m.bunjang.co.kr/products/422373181
다이슨 청소기,423374429,다이슨 펜슬백 플러피콘 무선 청소기,500000,0,판매중,새상품,충청북도 충주시 교현.안림동,True,0,0,2026-08-07 11:17:14,1786069034,다이슨 다이슨플러피콘 청소기 무선청소기,610500005,https://m.bunjang.co.kr/products/423374429
다이슨 청소기,403462952,다이슨 Dyson 청소기 버큠 헤드 흡입툴 흡입,45000,0,판매중,중고,서울특별시 강남구 청담동,False,1,0,2026-08-07 06:55:26,1786053326,다이슨 dyson 흡입 버큠 카펫,610500005,https://m.bunjang.co.kr/products/403462952
다이슨 청소기,410538048,미개봉 새상품 흡입력 최강 무선 진공 청소기 핸디스틱 팝니다 1+1,149000,0,판매중,새상품,서울특별시 광진구 구의제3동,True,3,0,2026-08-06 17:23:27,1786004607,흡입력좋은 진공청소기 다이슨 차이슨 샤크,610500005,https://m.bunjang.co.kr/products/410538048
다이슨 청소기,423241697,다이슨 청소기 v8~ 액세서리 툴 세트,20000,0,판매중,중고,,False,1,0,2026-08-06 10:04:52,1785978292,,610500005,https://m.bunjang.co.kr/products/423241697
다이슨 청소기,404883252,고급 무선 진공 핸디 스틱 청소기 BLDC 흡입력좋은 새상품미개봉 팝니다,78000,0,판매중,새상품,,True,5,0,2026-08-05 17:07:41,1785917261,샤크 다이슨 삼성 무소음,610500005,https://m.bunjang.co.kr/products/404883252
다이슨 청소기,423149921,다이슨 워시 G1 무선 청소기,170000,0,판매중,중고,,False,2,0,2026-08-05 15:17:03,1785910623,,610500005,https://m.bunjang.co.kr/products/423149921
다이슨 청소기,423131300,다이슨 무선청소기 침구 헤드,5000,0,판매중,중고,,False,0,0,2026-08-05 12:23:53,1785900233,,610500005,https://m.bunjang.co.kr/products/423131300
다이슨 청소기,397304874,다이슨 청소기 헤드 롤러 브러쉬,35000,0,판매중,중고,,False,5,0,2026-08-05 12:11:31,1785899491,,610500005,https://m.bunjang.co.kr/products/397304874
다이슨 청소기,420814717,다이슨 무선 청소기 V11,250000,0,판매중,중고,,False,1,0,2026-08-05 12:11:19,1785899479,,610500005,https://m.bunjang.co.kr/products/420814717
다이슨 청소기,405448104,다이슨 청소기 헤드 개당가격입니다,30000,0,판매중,중고,,False,0,0,2026-08-05 12:10:59,1785899459,,610500005,https://m.bunjang.co.kr/products/405448104
다이슨 청소기,395820121,(정품)다이슨v10 무선청소기 풀세트,200000,0,판매중,중고,,False,4,0,2026-08-05 12:10:53,1785899453,,610500005,https://m.bunjang.co.kr/products/395820121
다이슨 청소기,393223534,다이슨청소기 v8,140000,0,판매중,중고,,False,7,0,2026-08-05 12:10:43,1785899443,,610500005,https://m.bunjang.co.kr/products/393223534
다이슨 청소기,420860947,다이슨 V7 앱솔루트 무선 청소기 본체 및 풀키트,75000,0,판매중,중고,,False,0,0,2026-08-05 00:20:42,1785856842,,610500005,https://m.bunjang.co.kr/products/420860947
다이슨 청소기,422917292,다이슨펜슬백플러피콘청소기미개봉급처분,500000,0,판매중,새상품,,False,0,0,2026-08-03 22:22:37,1785763357,,610500005,https://m.bunjang.co.kr/products/422917292
다이슨 청소기,421404445,"[DDB하남,S급] 다이슨 360 vis nav 로봇 청소기 혼합색상 304631-01",350000,0,판매중,중고,,True,0,0,2026-08-03 11:17:30,1785723450,다이슨 청소기 로봇청소기 다이슨청소기 다이슨로봇청소기,610500005,https://m.bunjang.co.kr/products/421404445
다이슨 청소기,382904763,다이슨 cy18 강력 흡입 유선 청소기,120000,0,판매중,중고,서울특별시 관악구 성현동,False,5,0,2026-08-03 10:55:12,1785722112,cy18 다이슨 유선 청소기 직구,610500005,https://m.bunjang.co.kr/products/382904763
다이슨 청소기,403368842,다이슨 마이크로무선청소기 레이저브러쉬,250000,0,판매중,중고,,False,7,0,2026-08-02 17:52:45,1785660765,,610500005,https://m.bunjang.co.kr/products/403368842
다이슨 청소기,388172424,(부품용) 다이슨 V8 청소기 배터리,15000,0,판매중,중고,경기도 안산시 단원구 백운동,False,0,0,2026-08-02 08:54:47,1785628487,,610500005,https://m.bunjang.co.kr/products/388172424
다이슨 청소기,403370661,다이슨 sv18 슬림청소기  레이저브러쉬 거치대 세트,270000,0,판매중,중고,,False,8,0,2026-08-01 15:26:21,1785565581,,610500005,https://m.bunjang.co.kr/products/403370661
다이슨 청소기,413817885,다이슨 무선 청소기 V8,45000,0,판매중,중고,,False,9,0,2026-08-01 15:26:13,1785565573,,610500005,https://m.bunjang.co.kr/products/413817885
다이슨 청소기,417365018,다이슨v10 무선 청소기  3개 개당가격입니다,100000,0,판매중,중고,,False,5,0,2026-07-31 19:19:12,1785493152,,610500005,https://m.bunjang.co.kr/products/417365018
다이슨 청소기,420087338,다이슨 v6 무선 청소기,50000,0,판매중,중고,,False,1,0,2026-07-31 19:19:02,1785493142,,610500005,https://m.bunjang.co.kr/products/420087338
다이슨 청소기,413818040,다이슨 무선 청소기 V6,30000,0,판매중,중고,,False,1,0,2026-07-31 19:18:38,1785493118,,610500005,https://m.bunjang.co.kr/products/413818040
다이슨 청소기,393087848,다이슨청소기슬림 엉킴방지 스크류 헤드,40000,0,판매중,새상품,,False,1,0,2026-07-31 11:21:44,1785464504,,610500005,https://m.bunjang.co.kr/products/393087848
다이슨 청소기,422494038,다이슨 마이크로 무선청소기 풀박스 거의새것 판매,320000,0,판매중,새상품,,False,3,0,2026-07-31 10:51:25,1785462685,,610500005,https://m.bunjang.co.kr/products/422494038
다이슨 청소기,422490616,다이슨유선청소기,140000,0,판매중,중고,경기도 광명시 하안3동,False,4,0,2026-07-31 10:01:14,1785459674,,610500005,https://m.bunjang.co.kr/products/422490616
다이슨 청소기,190494428,집먼지 진드기 청소기,20000,0,판매중,중고,,False,10,0,2026-07-30 18:11:10,1785402670,청소기 무선청소기 다이슨 집먼지진드기청소기 침구청소기,610500005,https://m.bunjang.co.kr/products/190494428
다이슨 청소기,422410387,[청소기] 다이슨 싸이클론 스틱청소기 V8 226622-01,220000,0,판매중,중고,,True,0,0,2026-07-30 16:00:25,1785394825,다이슨 싸이클론 스틱청소기 V8 가정용,610500005,https://m.bunjang.co.kr/products/422410387
다이슨 청소기,405995135,다이슨 무선청소기 부품용 여러개 일괄,50000,0,판매중,중고,광주광역시 서구 유덕동,False,2,0,2026-07-29 21:12:47,1785327167,청소기 무선청소기 다이슨 다이슨청소기 로봇청소기,610500005,https://m.bunjang.co.kr/products/405995135
다이슨 청소기,313543817,다이슨 v7/v8용 청소기 전용 흡입스테이션,261000,0,판매중,중고,,False,3,0,2026-07-29 11:23:56,1785291836,다이슨 바쿰 클린스테이션 이사 정리,610500005,https://m.bunjang.co.kr/products/313543817
다이슨 청소기,412157376,다이슨청소기 V10용 충전스테이션과선,22000,0,판매중,중고,서울특별시 동대문구 답십리제1동,True,5,0,2026-07-29 09:49:32,1785286172,,610500005,https://m.bunjang.co.kr/products/412157376
다이슨 청소기,414512175,[다이슨] 360 Vis Nav 로봇청소기 / 헤파필터 장착 & 흡입력,350000,0,판매중,중고,서울특별시 구로구 고척제2동,False,1,0,2026-07-28 17:59:51,1785229191,다이슨 로봇 청소기 물걸레 ai,610500005,https://m.bunjang.co.kr/products/414512175
다이슨 청소기,401230585,다이슨청소기 롤러 헤드 브러쉬 Assorted,35000,0,판매중,중고,,False,1,0,2026-07-28 07:34:33,1785191673,,610500005,https://m.bunjang.co.kr/products/401230585
다이슨 청소기,394087500,다이슨 V11 fluffy 무선청소기 풀세트,260000,0,판매중,중고,,False,7,0,2026-07-28 07:33:46,1785191626,,610500005,https://m.bunjang.co.kr/products/394087500
다이슨 청소기,374322073,삼성 청소기 버큠 툴 브러시 물걸레 흡입 침구 다이슨 코드제로 비스포크,20000,0,판매중,중고,서울특별시 강남구 청담동,False,1,0,2026-07-28 07:02:20,1785189740,침구 흡입 침대 싹싹 청소기,610500005,https://m.bunjang.co.kr/products/374322073
다이슨 청소기,357162251,다이슨 V11청소기,300000,0,판매중,중고,인천광역시 연수구 연수1동,True,4,0,2026-07-28 05:31:37,1785184297,,610500005,https://m.bunjang.co.kr/products/357162251
다이슨 청소기,422087155,다이슨 워시 G1 (Dyson Wash G1) 습식 청소기 / 정품 박스 포함,444000,0,판매중,중고,인천광역시 남동구 간석1동,False,0,0,2026-07-27 20:04:22,1785150262,다이슨 다이슨워시G1 물걸레청소기 다이슨청소기 가전판매,610500005,https://m.bunjang.co.kr/products/422087155
다이슨 청소기,422019392,[로봇청소기] 다이슨 360 Vis Nav 로봇청소기 강력흡입,350000,0,판매중,중고,,False,1,0,2026-07-27 09:33:16,1785112396,dyson 다이슨 로봇 청소기 360,610500005,https://m.bunjang.co.kr/products/422019392
다이슨 청소기,421940394,다이슨 v7 플러피 무선청소기 거치대,140000,0,판매중,중고,서울특별시 강서구 방화제1동,False,0,0,2026-07-26 15:56:52,1785049012,,610500005,https://m.bunjang.co.kr/products/421940394
다이슨 청소기,232088519,다이슨 무선청소기 충전기 V6 V7 V8용 충전기 220V (정품),29000,0,판매중,중고,,False,4,0,2026-07-26 11:39:08,1785033548,다이슨 무선청소기 충전기 V6 V8,610500005,https://m.bunjang.co.kr/products/232088519
다이슨 청소기,409695272,다이슨 G1 물걸레 청소기 미개봉 새상품,365000,0,판매중,새상품,서울특별시 영등포구 여의동,False,5,0,2026-07-25 13:15:04,1784952904,,610500005,https://m.bunjang.co.kr/products/409695272
다이슨 청소기,410133773,다이슨 유선 청소기 저렴하게 드립니다~,48000,1,예약중,중고,서울특별시 송파구 오금동,False,18,0,2026-07-25 11:45:48,1784947548,,610500005,https://m.bunjang.co.kr/products/410133773
다이슨 청소기,421757961,다이슨 스팟앤스크럽 Ai 로봇 청소기 블랙+블루,750000,0,판매중,중고,,True,3,0,2026-07-24 21:30:22,1784896222,로봇청소기 다이슨 스팟앤스크럽,610500005,https://m.bunjang.co.kr/products/421757961
다이슨 청소기,421735649,다이슨 청소기 액세서리 세트,50000,0,판매중,새상품,,True,0,0,2026-07-24 18:25:53,1784885153,,610500005,https://m.bunjang.co.kr/products/421735649
다이슨 청소기,418300123,다이슨 V6 무선 청소기 업탑툴 정품 팝니다.,15000,0,판매중,새상품,서울특별시 송파구 가락1동,False,1,0,2026-07-24 14:30:09,1784871009,다이슨 V6 무선청소기 청소기 업탑툴,610500005,https://m.bunjang.co.kr/products/418300123
다이슨 청소기,410540689,실물 깡패 인테리어 해치지 않는 고급스러운 무선 청소기 미개봉 새상품,78000,0,판매중,새상품,서울특별시 광진구 구의제3동,True,2,0,2026-07-24 14:09:43,1784869783,무선청소기 차이슨 다이슨 샤크 삼성,610500005,https://m.bunjang.co.kr/products/410540689
다이슨 청소기,421508029,다이슨 청소기 디지털 슬림 본체,180000,0,판매중,중고,서울특별시 송파구 잠실6동,True,1,0,2026-07-22 23:59:53,1784732393,다이슨청소기 다이슨 무선청소기 청소기,610500005,https://m.bunjang.co.kr/products/421508029
다이슨 청소기,410538714,자취방 강추 강력한 흡입력 무선 핸디스틱 청소기 새상품 미개봉 팔아요,78000,0,판매중,새상품,서울특별시 광진구 구의제3동,True,1,0,2026-07-22 10:27:18,1784683638,다이슨 차이슨 르젠 진공청소기,610500005,https://m.bunjang.co.kr/products/410538714
다이슨 청소기,404883285,미개봉 항공모터 BLDC 무선 진공 청소기 흡입력좋은 새상품 팝니다,78000,0,판매중,새상품,,True,1,0,2026-07-22 10:27:12,1784683632,다이슨 차이슨 샤크닌자 샤크,610500005,https://m.bunjang.co.kr/products/404883285
다이슨 청소기,410537855,미개봉 새상품 디자인 예쁜 무선 청소기 싸게 내놓습니다 선물 추천 1+1,149000,0,판매중,새상품,서울특별시 광진구 구의제3동,True,3,0,2026-07-21 11:33:56,1784601236,청소기 샤크 다이슨 차이슨,610500005,https://m.bunjang.co.kr/products/410537855
다이슨 청소기,393224965,다이슨 청소기 헤드 툴 세트일괄,45000,0,판매중,중고,,False,1,0,2026-07-19 14:28:12,1784438892,,610500005,https://m.bunjang.co.kr/products/393224965
다이슨 청소기,395702397,(정품)다이슨V10 무선청소기 본체 .배터리,100000,0,판매중,중고,,False,7,0,2026-07-19 14:27:40,1784438860,,610500005,https://m.bunjang.co.kr/products/395702397
다이슨 청소기,407800370,다이슨 청소기 수리 합니다,1111,0,판매중,중고,,True,1,0,2026-07-19 09:48:38,1784422118,,610500005,https://m.bunjang.co.kr/products/407800370
다이슨 청소기,420293881,다이슨 워시 G1 물걸레청소기,320000,0,판매중,중고,대구광역시 달서구 월성1동,False,0,0,2026-07-16 20:47:09,1784202429,,610500005,https://m.bunjang.co.kr/products/420293881
다이슨 청소기,420028740,다이슨 무선청소기 카펫브러쉬,24000,0,판매중,중고,인천광역시 남동구 구월3동,True,1,0,2026-07-15 16:41:14,1784101274,,610500005,https://m.bunjang.co.kr/products/420028740
다이슨 청소기,417261453,다이슨 v8무선 청소기 본체,50000,0,판매중,중고,,False,3,0,2026-07-15 11:13:55,1784081635,,610500005,https://m.bunjang.co.kr/products/417261453
다이슨 청소기,419972173,[새상품] 다이슨 빅볼 청소기 / 무료배송,485100,0,판매중,새상품,,True,1,0,2026-07-15 11:13:42,1784081622,Dyson BigBall 청소기 무선청소기 유선청소기,610500005,https://m.bunjang.co.kr/products/419972173
다이슨 청소기,419823159,다이슨 V15 오리진 플러피 무선 청소기 미개봉 새상품,400000,0,판매중,새상품,,True,3,0,2026-07-14 14:58:02,1784008682,청소기 다이슨 다이슨청소기,610500005,https://m.bunjang.co.kr/products/419823159
다이슨 청소기,419798408,(DYSON) 다이슨 V8 슬림 플러피 + 무선 청소기+거치대+각종 툴,200000,1,예약중,중고,,False,0,0,2026-07-14 12:23:04,1783999384,,610500005,https://m.bunjang.co.kr/products/419798408
다이슨 청소기,419682367,[다이슨] 디지털 슬림 무선 청소기 SV-18 / 1.9kg 초경량,200000,0,판매중,중고,,False,1,0,2026-07-13 18:26:23,1783934783,다이슨 슬림 무선 청소기 니켈,610500005,https://m.bunjang.co.kr/products/419682367
다이슨 청소기,419518472,"다이슨청소기 V8 ,26년 새제품",249000,0,판매중,새상품,서울특별시 송파구 오륜동,False,5,0,2026-07-12 20:36:03,1783856163,,610500005,https://m.bunjang.co.kr/products/419518472
다이슨 청소기,283526251,다이슨 무선청소기 V6 부품 부속 브러쉬 툴 (정품.새상품),13000,0,판매중,새상품,,False,5,0,2026-07-12 18:42:18,1783849338,다이슨 무선청소기 V6 부품 헤드,610500005,https://m.bunjang.co.kr/products/283526251
다이슨 청소기,355495420,다이슨 V6 청소기 부품구해야함,40000,0,판매중,중고,광주광역시 서구 유덕동,False,0,0,2026-07-11 18:38:11,1783762691,다이슨 다이슨청소기 청소 무선청소기 청소기,610500005,https://m.bunjang.co.kr/products/355495420
다이슨 청소기,388572446,청소기 다이슨 V6 V7 V8 V10 배터리 내놓습니다,35000,0,판매중,새상품,,False,11,0,2026-07-10 18:34:22,1783676062,,610500005,https://m.bunjang.co.kr/products/388572446
다이슨 청소기,319290579,다이슨 청소기 헤드 툴  (새제품),40500,0,판매중,새상품,제주특별자치도 제주시 애월읍,True,0,0,2026-07-06 14:13:26,1783314806,다이슨청소기 헤드툴 다이슨,610500005,https://m.bunjang.co.kr/products/319290579
다이슨 청소기,407852586,다이슨 V6 무선 청소기 업탑툴 정품 팝니다.,15000,0,판매중,새상품,,False,0,0,2026-07-05 23:46:42,1783262802,다이슨 V6 업탑툴 청소기 무선청소기,610500005,https://m.bunjang.co.kr/products/407852586
다이슨 청소기,318019964,다이슨 v10 (sv12) 무선 청소기,125000,0,판매중,중고,서울특별시 관악구 성현동,False,5,0,2026-07-03 08:53:41,1783036421,다이슨 v10 sv12 무선 청소기,610500005,https://m.bunjang.co.kr/products/318019964
다이슨 청소기,208341690,(정품) 다이슨 무선청소기 V6용 연결관 연장호스 (새상품),15000,0,판매중,새상품,,False,1,0,2026-07-02 19:22:18,1782987738,다이슨 무선청소기 V6 연결관 툴,610500005,https://m.bunjang.co.kr/products/208341690
다이슨 청소기,417329103,"다이슨 청소기 연장관 v7,v8 봉대",15900,0,판매중,중고,,True,0,0,2026-07-01 21:01:54,1782907314,,610500005,https://m.bunjang.co.kr/products/417329103
다이슨 청소기,417233985,다이슨 v8 26년 신상 무선청소기 미개봉 새제품,250000,0,판매중,중고,,False,9,0,2026-07-01 12:57:51,1782878271,,610500005,https://m.bunjang.co.kr/products/417233985
다이슨 청소기,388270848,[정품]다이슨 청소기 완드 연결 흡입 봉 V7 V8 V10 V11 V15,20000,0,판매중,중고,경기도 안산시 단원구 백운동,False,2,0,2026-07-01 12:23:21,1782876201,,610500005,https://m.bunjang.co.kr/products/388270848
다이슨 청소기,417217717,[미개봉 새상품]다이슨 무선청소기 V12 디텍트 슬림 골드,600000,0,판매중,새상품,,False,10,0,2026-07-01 11:12:38,1782871958,다이슨,610500005,https://m.bunjang.co.kr/products/417217717
다이슨 청소기,417137647,다이슨 무선 청소기용  소프트롤러 클리너 헤드입니다.,15000,0,판매중,중고,,False,0,0,2026-06-30 21:13:03,1782821583,,610500005,https://m.bunjang.co.kr/products/417137647
다이슨 청소기,417120516,Dyson v11 다이슨 무선청소기 본체(고장),50000,1,예약중,중고,경기도 용인시 수지구 성복동,True,0,0,2026-06-30 19:40:09,1782816009,,610500005,https://m.bunjang.co.kr/products/417120516
다이슨 청소기,396656432,다이슨 청소기 충전거치대,70000,0,판매중,중고,,False,1,0,2026-06-30 12:33:07,1782790387,,610500005,https://m.bunjang.co.kr/products/396656432
다이슨 청소기,415639434,dyson V6 다이슨 무선청소기,60000,1,예약중,중고,경기도 용인시 수지구 성복동,True,1,0,2026-06-30 11:02:41,1782784961,,610500005,https://m.bunjang.co.kr/products/415639434
다이슨 청소기,384156537,다이슨 V8 무선청소기 배터리 SV10/SV10E,18000,0,판매중,중고,경기도 안산시 단원구 백운동,False,0,0,2026-06-29 14:54:44,1782712484,,610500005,https://m.bunjang.co.kr/products/384156537
다이슨 청소기,416857983,다이슨 V8 무선청소기,50000,1,예약중,중고,서울특별시 용산구 이촌제1동,False,0,0,2026-06-29 11:53:07,1782701587,,610500005,https://m.bunjang.co.kr/products/416857983
다이슨 청소기,416715265,다이슨 청소기 V10 SV12 헤드 2만,20000,0,판매중,중고,,False,0,0,2026-06-28 17:42:36,1782636156,,610500005,https://m.bunjang.co.kr/products/416715265
다이슨 청소기,416261690,렌탈 다이슨 피스톤 애니멀 서브마린 V16 무선청소기,2091600,0,판매중,새상품,,True,0,0,2026-06-26 13:41:47,1782448907,다이슨v16 다이슨청소기 무선청소기,610500005,https://m.bunjang.co.kr/products/416261690
다이슨 청소기,416261193,렌탈 다이슨 펜슬백 플러피 콘 무선청소기,1274400,0,판매중,새상품,,True,0,0,2026-06-26 13:38:52,1782448732,다이슨청소기 다이슨펜슬백 무선청소기,610500005,https://m.bunjang.co.kr/products/416261193
다이슨 청소기,416259521,렌탈 다이슨 클린앤워시 하이진 무선 물걸레 청소기,982800,0,판매중,새상품,,True,0,0,2026-06-26 13:28:51,1782448131,클린앤워시 다이슨청소기 무선물걸레청소기 무선청소기,610500005,https://m.bunjang.co.kr/products/416259521
다이슨 청소기,416257738,렌탈 다이슨 싸이클론 V8 무선청소기,784800,0,판매중,새상품,,True,0,0,2026-06-26 13:18:09,1782447489,다이슨청소기 다이슨 다이슨청소기V8 무선청소기,610500005,https://m.bunjang.co.kr/products/416257738
다이슨 청소기,287485976,다이슨 무선청소기 V7 V8 V10 용 크레비스툴 +콤비네이션툴 (정품),30000,0,판매중,새상품,,False,1,0,2026-06-25 17:52:32,1782377552,다이슨 무선청소기 툴 헤드 V8,610500005,https://m.bunjang.co.kr/products/287485976
다이슨 청소기,416059529,다이슨 호환용 청소기 헤드 툴 세트 새상품,18000,1,예약중,새상품,,False,0,0,2026-06-25 12:06:41,1782356801,,610500005,https://m.bunjang.co.kr/products/416059529
다이슨 청소기,415867494,(DYSON) 다이슨 무선 청소기 배터리,10000,1,예약중,중고,,False,0,0,2026-06-24 11:44:00,1782269040,,610500005,https://m.bunjang.co.kr/products/415867494
다이슨 청소기,355536869,다이슨 무선 진공 청소기툴  dyson v8 이상~~,40000,0,판매중,새상품,,False,0,0,2026-06-23 22:17:26,1782220646,,610500005,https://m.bunjang.co.kr/products/355536869
다이슨 청소기,415483700,(정품) (DYSON) 다이슨 V6 무선 청소기,25000,1,예약중,중고,,False,0,0,2026-06-22 11:35:28,1782095728,,610500005,https://m.bunjang.co.kr/products/415483700
다이슨 청소기,415381624,다이슨 스팟앤스크럽 Ai 로봇청소기 블랙 단품,999000,0,판매중,새상품,,True,0,0,2026-06-21 20:00:37,1782039637,,610500005,https://m.bunjang.co.kr/products/415381624
다이슨 청소기,397305811,다이슨 무선 청소기 벽 고정 정품 거치대 새제품,20000,0,판매중,새상품,경상남도 창원시 마산합포구 오동동,False,0,0,2026-06-21 12:06:10,1782011170,,610500005,https://m.bunjang.co.kr/products/397305811
다이슨 청소기,257763234,다이슨청소기 V8,150000,0,판매중,중고,경기도 광명시 일직동,False,9,0,2026-06-20 10:50:19,1781920219,다이슨무선청소기 청소기,610500005,https://m.bunjang.co.kr/products/257763234
다이슨 청소기,414857707,[정가90만원]다이슨 워시 G1 무선 물걸레 청소기,340000,0,판매중,중고,,False,1,0,2026-06-19 01:39:37,1781800777,,610500005,https://m.bunjang.co.kr/products/414857707
다이슨 청소기,414576606,(DYSON) 다이슨 V10 무선 청소기,100000,1,예약중,중고,,False,3,0,2026-06-17 12:37:40,1781667460,,610500005,https://m.bunjang.co.kr/products/414576606
다이슨 청소기,414555040,다이슨 청소기 정품 소프트롤러 레이져(v8~),50000,1,예약중,중고,,False,2,0,2026-06-17 08:41:06,1781653266,,610500005,https://m.bunjang.co.kr/products/414555040
다이슨 청소기,414533027,다이슨v6 무선청소기 헤드새것같은중고,50000,0,판매중,중고,,False,0,0,2026-06-17 00:11:11,1781622671,,610500005,https://m.bunjang.co.kr/products/414533027
다이슨 청소기,412481649,다이슨 청소기 흡입구 툴 세트입니다,15000,0,판매중,중고,,False,1,0,2026-06-14 18:23:57,1781429037,,610500005,https://m.bunjang.co.kr/products/412481649
다이슨 청소기,412481436,이 제품은 다이슨(Dyson) 청소기용 탱글 프리 터빈 툴(Tangle-,12800,0,판매중,중고,,False,0,0,2026-06-14 18:23:48,1781429028,,610500001,https://m.bunjang.co.kr/products/412481436
다이슨 청소기,413778669,다이슨 청소기 v12s 서브마린 컴플리트 미개봉 새제품,800000,0,판매중,새상품,인천광역시 중구 신흥동,True,1,0,2026-06-12 19:43:45,1781261025,청소기 다이슨 다이슨청소기 미개봉청소기 미개봉,610500005,https://m.bunjang.co.kr/products/413778669
다이슨 청소기,413714150,(정품) (DYSON) 다이슨 V8 무선 청소기,80000,1,예약중,중고,,False,1,0,2026-06-12 11:56:52,1781233012,,610500005,https://m.bunjang.co.kr/products/413714150
다이슨 청소기,413541229,다이슨 360 vis nav 로봇청소기 304631-01 + 필터 972,250000,0,판매중,중고,대구광역시 동구 동촌동,True,1,0,2026-06-11 01:18:58,1781108338,,610500005,https://m.bunjang.co.kr/products/413541229
다이슨 청소기,311645881,다이슨청소기,200000,0,판매중,중고,,False,1,0,2026-06-10 15:13:36,1781072016,다이슨 다이슨청소기 청소기 dyson 다이슨무선청소기,610500005,https://m.bunjang.co.kr/products/311645881
다이슨 청소기,349460852,다이슨 V6 청소기 배터리 정품,20000,0,판매중,중고,광주광역시 광산구 신창동,False,0,0,2026-06-08 09:03:02,1780876982,다이슨 스팀 청소 청소기 배터리,610500005,https://m.bunjang.co.kr/products/349460852
다이슨 청소기,413082786,다이슨 V8 슬림형 청소기 레드,52000,1,예약중,중고,서울특별시 구로구 개봉제1동,True,0,0,2026-06-08 00:38:38,1780846718,,610500005,https://m.bunjang.co.kr/products/413082786
다이슨 청소기,320508750,다이슨 청소기 V6 도킹 스테이션(거치대),10000,0,판매중,중고,,True,0,0,2026-06-07 22:09:56,1780837796,,800100011,https://m.bunjang.co.kr/products/320508750
다이슨 청소기,412802399,다이슨 디지털 슬림 무선 청소기,300000,0,판매중,새상품,경기도 남양주시 다산1동,False,4,0,2026-06-06 19:59:05,1780743545,,610500005,https://m.bunjang.co.kr/products/412802399
다이슨 청소기,412774560,"정품 다이슨 청소기 v7,v8 연장관 + 플러피 헤드",50000,0,판매중,중고,,True,0,0,2026-06-06 17:52:11,1780735931,,610500005,https://m.bunjang.co.kr/products/412774560
다이슨 청소기,412773040,정품 다이슨 청소기 v8 충전기 틈새 연속청소10분정도,89900,0,판매중,중고,,True,1,0,2026-06-06 17:46:24,1780735584,,610500005,https://m.bunjang.co.kr/products/412773040
다이슨 청소기,412452747,(정품) (DYSON) 다이슨 V8 무선 청소기,25000,1,예약중,중고,,False,0,0,2026-06-05 10:32:06,1780623126,,610500005,https://m.bunjang.co.kr/products/412452747
다이슨 청소기,374321154,삼성 청소기 버큠 툴 브러시 물걸레 흡입 침구 다이슨 코드제로 비스포크,25000,0,판매중,중고,서울특별시 강남구 청담동,False,2,0,2026-06-03 00:01:10,1780412470,청소기툴 물걸레 싹싹 침구 침대,610500005,https://m.bunjang.co.kr/products/374321154
다이슨 청소기,220866770,다이슨 V6 무선청소기 플렉시 크레비스툴 헤드 (정품),15000,0,판매중,중고,,False,4,0,2026-06-02 18:02:04,1780390924,다이슨 V6 무선청소기 툴 헤드,610500005,https://m.bunjang.co.kr/products/220866770
다이슨 청소기,355449902,다이슨 V6 청소기 배터리 정품 부품용,20000,0,판매중,중고,광주광역시 서구 유덕동,False,0,0,2026-06-02 07:02:12,1780351332,배터리 다이슨 다이슨청소기 청소 청소기,610500005,https://m.bunjang.co.kr/products/355449902
다이슨 청소기,401535593,다이슨 무선청소기 DC62 부품용,56000,0,판매중,중고,,True,0,0,2026-06-01 23:20:14,1780323614,다이슨청소기 DC62 다이슨부품,610500005,https://m.bunjang.co.kr/products/401535593
다이슨 청소기,411725223,다이슨 V6 청소기 정품 먼지통,20000,0,판매중,중고,경기도 안성시 죽산면,False,1,0,2026-06-01 18:19:15,1780305555,다이슨 V6 청소기 정품 먼지통,610500005,https://m.bunjang.co.kr/products/411725223
다이슨 청소기,411724516,다이슨청소기 정품 v7 v8 모터 바디 키트,30000,0,판매중,중고,경기도 안성시 죽산면,False,1,0,2026-06-01 18:15:22,1780305322,다이슨청소기 v7 v8 정품 바디키트,610500005,https://m.bunjang.co.kr/products/411724516
다이슨 청소기,411724058,다이슨청소기 정품 v7 v8 모터 부품,35000,0,판매중,중고,경기도 안성시 죽산면,False,1,0,2026-06-01 18:12:46,1780305166,다이슨청소기 정품 모터 V7 V8,610500005,https://m.bunjang.co.kr/products/411724058
다이슨 청소기,411721506,다이슨 V6 무선청소기 본체만,30000,0,판매중,중고,부산광역시 북구 덕천제1동,False,2,0,2026-06-01 17:58:10,1780304290,,610500005,https://m.bunjang.co.kr/products/411721506
다이슨 청소기,411676774,다이슨 청소기 부품 배터리 DC-62,10000,0,판매중,중고,,False,0,0,2026-06-01 14:08:10,1780290490,,610500005,https://m.bunjang.co.kr/products/411676774
다이슨 청소기,411535690,다이슨 무선 청소기 브러쉬들 4개 일괄,59000,0,판매중,중고,,False,0,0,2026-05-31 19:44:27,1780224267,,610500005,https://m.bunjang.co.kr/products/411535690
다이슨 청소기,382275394,미니어처 다이슨 청소기,82000,0,판매중,새상품,,False,1,0,2026-05-31 10:20:45,1780190445,식완 미니어처 인형 패션돌 피규어,930100,https://m.bunjang.co.kr/products/382275394
다이슨 청소기,410970005,다이슨 무선청소기 V6 V7 V8 충전기,18000,0,판매중,중고,대전광역시 동구 홍도동,False,1,0,2026-05-29 17:50:52,1780044652,다이슨청소기 V6 V7 V8 다이슨충전기,610500005,https://m.bunjang.co.kr/products/410970005
다이슨 청소기,410541114,(정품) (DYSON) 다이슨 V6 무선 청소기,20000,1,예약중,중고,,False,0,0,2026-05-27 13:37:26,1779856646,,610500005,https://m.bunjang.co.kr/products/410541114
다이슨 청소기,395899495,다이슨 청소기 거치대,5000,0,판매중,중고,인천광역시 남동구 만수1동,False,0,0,2026-05-27 01:23:20,1779812600,다이슨 청소기 청소기거치대 다이슨청소기v11,610500005,https://m.bunjang.co.kr/products/395899495
다이슨 청소기,410148793,다이슨 무선청소기 판매해요,70000,0,판매중,중고,경기도 광명시 광명7동,False,1,0,2026-05-25 12:24:59,1779679499,,610500005,https://m.bunjang.co.kr/products/410148793
다이슨 청소기,409810508,다이슨 청소기 충전거치대 만 v8   v7 호환,7000,0,판매중,중고,,False,0,0,2026-05-23 18:29:00,1779528540,,610500005,https://m.bunjang.co.kr/products/409810508
다이슨 청소기,402641537,다이슨청소기 V8 본체  부품용으로 판매합니다,35000,1,예약중,중고,,False,1,0,2026-05-20 16:39:56,1779262796,,610500005,https://m.bunjang.co.kr/products/402641537
다이슨 청소기,409154827,dyson SV12 핸드청소기 배터리 짱짱 브러쉬 3개 거치대,225000,0,판매중,중고,대구광역시 북구 복현2동,False,1,0,2026-05-20 13:39:27,1779251967,,610500005,https://m.bunjang.co.kr/products/409154827
다이슨 청소기,398215990,다이슨 무선청소기 v10 토크드라이브 (미사용 새제품),35000,0,판매중,새상품,,True,2,0,2026-05-19 13:15:59,1779164159,,610500005,https://m.bunjang.co.kr/products/398215990
다이슨 청소기,408530907,"다이슨 V11 플러피청소기:밧정품 새거, 풀셋구성",200000,1,예약중,중고,,False,3,0,2026-05-19 11:54:08,1779159248,,610500005,https://m.bunjang.co.kr/products/408530907
다이슨 청소기,359248681,다이슨청소기V10  카페트 브러쉬와 툴,28000,0,판매중,중고,,False,1,0,2026-05-19 10:53:22,1779155602,,610500005,https://m.bunjang.co.kr/products/359248681
다이슨 청소기,406109107,다이슨v7청소기.본체.밧데리새제품.틈새흡입봉,79000,1,예약중,중고,,False,1,0,2026-05-19 03:17:45,1779128265,,610500005,https://m.bunjang.co.kr/products/406109107
다이슨 청소기,408819222,dyson SV11 핸드청소기 배터리 짱짱 브러쉬 거치대X,125000,0,판매중,중고,대구광역시 북구 복현2동,False,1,0,2026-05-18 17:38:27,1779093507,,610500005,https://m.bunjang.co.kr/products/408819222
다이슨 청소기,404481510,깨끗하게 세척한 다이슨 V6 무선 청소기(13분 연속동작),69000,1,예약중,중고,경상북도 포항시 북구 흥해읍,False,1,0,2026-05-16 15:01:18,1778911278,,610500005,https://m.bunjang.co.kr/products/404481510
다이슨 청소기,386044357,다이슨 무선청소기 DC74 부품용,65000,0,판매중,중고,,True,0,0,2026-05-13 21:31:13,1778675473,다이슨청소기 DC74 다이슨부품,610500005,https://m.bunjang.co.kr/products/386044357
다이슨 청소기,407646850,다이슨청소기V6,40000,0,판매중,중고,,False,0,0,2026-05-12 18:48:24,1778579304,,610500005,https://m.bunjang.co.kr/products/407646850
다이슨 청소기,407582533,다이슨청소기 V10(SV12)  본체  판매합니다,65000,1,예약중,중고,,False,0,0,2026-05-12 13:13:54,1778559234,,610500005,https://m.bunjang.co.kr/products/407582533
다이슨 청소기,359735475,dyson DC45 애니멀(ANIMAL) 핸드 무선청소기 성능굿,180000,0,판매중,중고,대구광역시 북구 복현2동,False,1,0,2026-05-09 10:19:10,1778289550,,610500005,https://m.bunjang.co.kr/products/359735475
다이슨 청소기,249478137,다이슨 무선 청소기 v6 부품,45000,0,판매중,중고,,False,3,0,2026-05-04 20:43:45,1777895025,,610500005,https://m.bunjang.co.kr/products/249478137
다이슨 청소기,399970362,샤크(Shark) 클린센스 IQ+ 무선청소기 IW3241KR,389000,1,예약중,중고,서울특별시 서초구 방배1동,False,4,0,2026-05-04 14:36:26,1777872986,다이슨 발뮤다 청소기 삼성 LG,610500005,https://m.bunjang.co.kr/products/399970362
다이슨 청소기,405100877,깨끗하게 세척한 다이슨 V6 무선 청소기 본체(방전),22000,1,예약중,중고,경상북도 포항시 북구 흥해읍,False,0,0,2026-05-03 11:19:25,1777774765,부품용 수리 수리용 다이,610500005,https://m.bunjang.co.kr/products/405100877
다이슨 청소기,405454917,다이슨 무선 청소기 부품 모음 일괄,50000,0,판매중,중고,광주광역시 광산구 신창동,False,0,0,2026-05-02 23:23:18,1777731798,다이슨 다이슨청소기 무선청소기 청소기 다이슨무선청소기,610500005,https://m.bunjang.co.kr/products/405454917
다이슨 청소기,405441952,다이슨 호환 무선 청소기 브러쉬 헤드 D009 새상품,20000,1,예약중,새상품,,False,1,0,2026-05-02 22:17:17,1777727837,,610500005,https://m.bunjang.co.kr/products/405441952
다이슨 청소기,404971860,다이슨 청소기 헤드,30000,0,판매중,중고,,False,7,0,2026-04-30 17:02:13,1777536133,,610500005,https://m.bunjang.co.kr/products/404971860
다이슨 청소기,349446868,다이슨 V6 청소기 부품 구해야함,40000,0,판매중,중고,광주광역시 광산구 신창동,False,1,0,2026-04-30 14:19:59,1777526399,다이슨 청소기 충전기 청소 스팀,610500005,https://m.bunjang.co.kr/products/349446868
다이슨 청소기,404730130,다이슨 청소기 Sv10 부품용 케이스만 파손,29900,0,판매중,중고,,True,0,0,2026-04-29 14:57:09,1777442229,,610500005,https://m.bunjang.co.kr/products/404730130
다이슨 청소기,404281112,다이슨 디지털 슬림 옵틱 청소기 판매합니다,370000,1,예약중,중고,,False,0,0,2026-04-29 13:08:08,1777435688,다이슨 다이슨v10 다이슨슬림 다이슨청소기,610500005,https://m.bunjang.co.kr/products/404281112
다이슨 청소기,403613194,깨끗하게 세척한 다이슨 V6 무선 청소기 본체(방전),27000,1,예약중,중고,경상북도 포항시 북구 흥해읍,False,0,0,2026-04-28 10:29:34,1777339774,부품용 DIY 수리용,610500005,https://m.bunjang.co.kr/products/403613194
다이슨 청소기,403755024,dyson V6 digital slim 다이슨 무선청소기,70000,1,예약중,중고,경기도 용인시 수지구 성복동,True,0,0,2026-04-24 22:50:11,1777038611,,610500005,https://m.bunjang.co.kr/products/403755024
다이슨 청소기,403221778,깨끗하게 세척한 다이슨 V6[DC62] 무선 청소기 본체(방전),22000,1,예약중,중고,경상북도 포항시 북구 흥해읍,False,0,0,2026-04-22 11:26:58,1776824818,수리 다이 부품,610500005,https://m.bunjang.co.kr/products/403221778
다이슨 청소기,349808570,다이슨 V10 무선 청소기,199900,1,예약중,중고,,False,1,0,2026-04-20 18:14:36,1776676476,,610500005,https://m.bunjang.co.kr/products/349808570
다이슨 청소기,401778063,다이슨dc45청소기부품용,45000,0,판매중,중고,,False,0,0,2026-04-15 17:16:03,1776240963,다이슨dc45 다이슨부품용 다이슨무선청소기부,610500005,https://m.bunjang.co.kr/products/401778063
다이슨 청소기,321066070,다이슨 청소기 성능최상,99800,0,판매중,중고,,False,0,0,2026-04-15 09:20:20,1776212420,,610500005,https://m.bunjang.co.kr/products/321066070
다이슨 청소기,326109165,다이슨청소기  V10 충전기& 거치대판매,30000,0,판매중,중고,,False,1,0,2026-04-14 19:37:58,1776163078,,610500005,https://m.bunjang.co.kr/products/326109165
다이슨 청소기,401516314,최신 다이슨 로봇청소기 물걸레 2개 판매,45000,0,판매중,새상품,,False,2,0,2026-04-14 14:28:57,1776144537,,999,https://m.bunjang.co.kr/products/401516314
다이슨 청소기,397464555,깨끗하게 세척한 다이슨 청소기 V7(20분 연속동작),92000,1,예약중,중고,경상북도 포항시 북구 흥해읍,False,0,0,2026-04-14 09:42:25,1776127345,,610500005,https://m.bunjang.co.kr/products/397464555
다이슨 청소기,401117301,다이슨 V6 앱솔루트 무선 청소기,50000,0,판매중,중고,부산광역시 연제구 연산제2동,False,0,0,2026-04-12 16:56:41,1775980601,,610500005,https://m.bunjang.co.kr/products/401117301
다이슨 청소기,397858948,다이슨 V12 싸이클론 무선청소기 본체,129000,1,예약중,중고,경기도 수원시 팔달구 지동,False,1,0,2026-04-12 16:38:28,1775979508,다이슨청소기 본체,610500005,https://m.bunjang.co.kr/products/397858948
다이슨 청소기,400181407,깨끗하게 세척한 다이슨 무선 청소기 V10 풀세트(53분 연속동작),165000,1,예약중,중고,경상북도 포항시 북구 흥해읍,False,0,0,2026-04-10 09:52:34,1775782354,,610500005,https://m.bunjang.co.kr/products/400181407
다이슨 청소기,394506289,헝그리.다이슨 V10 청소기 배터리 교체 삼성정품셀 국내생산 호환형.새상,74000,0,판매중,새상품,,True,1,0,2026-04-09 07:53:32,1775688812,,610500005,https://m.bunjang.co.kr/products/394506289
다이슨 청소기,397877263,다이슨 청소기(v6) 헤드,20000,0,판매중,중고,인천광역시 부평구 부개2동,False,1,0,2026-04-08 21:20:30,1775650830,다이슨 다이슨헤드 v6헤드 다이슨v6 다이슨헤드v6,610500005,https://m.bunjang.co.kr/products/397877263
다이슨 청소기,302066921,다이슨 무선청소기 V11 호환용 교체형 대용량 배터리 6000m(새상품),46000,1,예약중,새상품,,False,12,0,2026-04-08 16:29:18,1775633358,V11 다이슨 무선청소기 배터리 밧데리,610500005,https://m.bunjang.co.kr/products/302066921
다이슨 청소기,375888975,다이슨 청소기 V6 본체 배터리포함 하드 브러쉬 부품용,55000,0,판매중,중고,,True,0,0,2026-04-07 21:04:01,1775563441,다이슨청소기 다이슨V6,610500005,https://m.bunjang.co.kr/products/375888975
다이슨 청소기,400062665,다이슨 V8 앱솔루트 청소기 풀세트,130000,1,예약중,중고,,False,1,0,2026-04-07 18:46:37,1775555197,,610500005,https://m.bunjang.co.kr/products/400062665
다이슨 청소기,380385642,다이슨 청소기 카페트롤러,25000,0,판매중,중고,,False,0,0,2026-04-06 04:11:06,1775416266,다이슨롤러 다이슨카페트롤러,610500005,https://m.bunjang.co.kr/products/380385642
다이슨 청소기,329339773,다이슨 물걸레 청소기 서브마린입니다,80000,0,판매중,중고,인천광역시 연수구 선학동,True,6,0,2026-04-05 18:32:37,1775381557,다이슨 서브마린 물걸레청소기,800100011,https://m.bunjang.co.kr/products/329339773
다이슨 청소기,398858953,깨끗하게 세척한 다이슨 무선 청소기 V10 풀세트(37분 연속동작),165000,1,예약중,중고,경상북도 포항시 북구 흥해읍,False,0,0,2026-04-05 10:15:06,1775351706,,610500005,https://m.bunjang.co.kr/products/398858953
다이슨 청소기,398716764,다이슨청소기 V10(SV12)  본체  부품용으로 판매합니다,34000,1,예약중,중고,,False,3,0,2026-04-04 14:18:26,1775279906,,610500005,https://m.bunjang.co.kr/products/398716764
다이슨 청소기,398449179,다이슨 진공 청소기 완드(연결봉 : V6~V11) - 사용감 있슴.,7000,1,예약중,중고,경상북도 포항시 북구 흥해읍,False,0,0,2026-03-31 11:00:20,1774922420,수리 부품 다이,610500005,https://m.bunjang.co.kr/products/398449179
다이슨 청소기,397756851,깨끗하게 세척한 다이슨 무선 청소기 V10 풀세트(55분 연속동작),165000,1,예약중,중고,경상북도 포항시 북구 흥해읍,False,0,0,2026-03-30 10:27:14,1774834034,,610500005,https://m.bunjang.co.kr/products/397756851
다이슨 청소기,320462399,로보락 s7 플러스,390000,1,예약중,중고,전북특별자치도 군산시 구암동,False,5,0,2026-03-29 16:59:29,1774771169,로봇청소기 청소기 다이슨,610500005,https://m.bunjang.co.kr/products/320462399
다이슨 청소기,329240768,다이슨 G1물걸레 청소기,490000,0,판매중,중고,경기도 시흥시 은행동,False,2,0,2026-03-29 14:35:27,1774762527,,610500005,https://m.bunjang.co.kr/products/329240768
다이슨 청소기,258109865,다이슨 v8 무선청소기(새배터리),160000,0,판매중,중고,서울특별시 은평구 수색동,False,38,0,2026-03-27 15:19:11,1774592351,,610500005,https://m.bunjang.co.kr/products/258109865
다이슨 청소기,397270185,깨끗하게 세척한 다이슨 무선 청소기 V10 풀세트(60분 연속동작),175000,1,예약중,중고,경상북도 포항시 북구 흥해읍,False,0,0,2026-03-25 10:09:36,1774400976,,610500005,https://m.bunjang.co.kr/products/397270185
다이슨 청소기,395825534,깨끗하게 세척한 다이슨 청소기 V7(20분 연속동작),99000,1,예약중,중고,경상북도 포항시 북구 흥해읍,False,0,0,2026-03-25 09:59:52,1774400392,,610500005,https://m.bunjang.co.kr/products/395825534
다이슨 청소기,390415224,dyson 물청소기,250000,0,판매중,중고,경기도 광주시 곤지암읍,False,3,0,2026-03-23 19:33:45,1774262025,,610500005,https://m.bunjang.co.kr/products/390415224
다이슨 청소기,396679946,"다이슨 v10엡솔루트롱버젼청소기: 밧정품40분정상,풀셋구성",170000,1,예약중,중고,,False,0,0,2026-03-22 12:53:47,1774151627,,610500005,https://m.bunjang.co.kr/products/396679946
다이슨 청소기,377980843,다이슨 무선 진공 청소기용 트리거(V10),6000,1,예약중,중고,,False,1,0,2026-03-22 09:49:15,1774140555,방아쇠를 수리 DIU,610500005,https://m.bunjang.co.kr/products/377980843
다이슨 청소기,351656266,[OS SIZE] 네오메타 2 in 1 청소기 Neo-160VC 판매,300000,0,판매중,중고,인천광역시 서구 청라1동,False,0,0,2026-03-21 10:35:47,1774056947,무선청소기 네오메타 디자인청소기 다이슨 삼성,610500005,https://m.bunjang.co.kr/products/351656266
다이슨 청소기,394557172,다이슨청소기 V10(SV12)  본체  부품용으로 판매합니다,52000,1,예약중,중고,,False,3,0,2026-03-20 15:31:34,1773988294,,610500005,https://m.bunjang.co.kr/products/394557172
다이슨 청소기,391128072,다이슨 청소기 헤드 툴 모음,18000,0,판매중,중고,,False,1,0,2026-03-20 11:02:21,1773972141,,610500005,https://m.bunjang.co.kr/products/391128072
다이슨 청소기,396158697,다이슨 옴니-글라이드(Dyson Omni-Glide) 무선 청소기,220000,0,판매중,중고,대구광역시 동구 안심4동,False,2,0,2026-03-19 22:21:59,1773926519,,610500005,https://m.bunjang.co.kr/products/396158697
다이슨 청소기,396157662,다이슨 워시G1 물청소 무선 청소기,320000,0,판매중,중고,대구광역시 동구 안심4동,False,0,0,2026-03-19 22:17:31,1773926251,,610500005,https://m.bunjang.co.kr/products/396157662
다이슨 청소기,392147601,깨끗하게 세척한 다이슨 무선 청소기 V10 풀세트(42분 연속동작),160000,1,예약중,중고,경상북도 포항시 북구 흥해읍,False,1,0,2026-03-18 09:41:03,1773794463,,610500005,https://m.bunjang.co.kr/products/392147601
다이슨 청소기,394160050,"다이슨청소기  V7, V8,  V10 정품  소프트롤러헤드판매",55000,1,예약중,중고,,False,0,0,2026-03-16 18:22:44,1773652964,,610500005,https://m.bunjang.co.kr/products/394160050
다이슨 청소기,392651091,다이슨 무선 청소기 V6용 모터뭉치와 싸이클론 - 개별판매,6000,1,예약중,중고,경상북도 포항시 북구 흥해읍,False,0,0,2026-03-16 09:43:37,1773621817,,610500005,https://m.bunjang.co.kr/products/392651091
다이슨 청소기,362751734,다이슨 V8 무선청소기,250000,0,판매중,새상품,경기도 안양시 동안구 호계1동,True,8,0,2026-03-15 22:19:16,1773580756,,610500005,https://m.bunjang.co.kr/products/362751734
다이슨 청소기,395241266,"다이슨 무선 청소기 V6용 먼지통, 필터와 싸이클론 - 개별판매 가능",18000,1,예약중,중고,,False,0,0,2026-03-15 11:29:43,1773541783,수리 다이 부품,610500005,https://m.bunjang.co.kr/products/395241266
다이슨 청소기,394910582,다이슨 청소기 본체 (블루),60000,1,예약중,중고,,False,0,0,2026-03-13 20:06:29,1773399989,,610500005,https://m.bunjang.co.kr/products/394910582
다이슨 청소기,394540333,다이슨 V8 무선청소기,123000,1,예약중,중고,경상남도 김해시 진영읍,False,0,0,2026-03-11 15:48:01,1773211681,,610500005,https://m.bunjang.co.kr/products/394540333
다이슨 청소기,394502480,다이슨 DC36 볼 싸이클론 청소기부품.필터,15000,0,판매중,중고,,False,1,0,2026-03-11 11:31:39,1773196299,다이슨dc36부품 다이슨유선모터 다이슨유선필터 다이슨dc36먼지,610500005,https://m.bunjang.co.kr/products/394502480
다이슨 청소기,394501795,다이슨 유선청소기 dc36호스 부품,10000,0,판매중,중고,,False,4,0,2026-03-11 11:25:53,1773195953,다이슨연결호스 다이슨dc36봉 다이슨연결봉 dc36손잡이막대,610500005,https://m.bunjang.co.kr/products/394501795
다이슨 청소기,394376881,다이슨 g5s 무선청소기 새상품 미개봉,540000,0,판매중,새상품,서울특별시 강남구 역삼1동,True,4,0,2026-03-10 17:11:43,1773130303,,610500005,https://m.bunjang.co.kr/products/394376881
다이슨 청소기,394151272,다이슨 마이크로 청소기,320000,1,예약중,중고,서울특별시 용산구 한강로동,False,1,0,2026-03-10 11:51:32,1773111092,다이슨 dyson,610500005,https://m.bunjang.co.kr/products/394151272
다이슨 청소기,394307309,다이슨 청소기 충전기 어댑터입니다,15000,0,판매중,중고,,False,0,0,2026-03-10 09:35:03,1773102903,,999,https://m.bunjang.co.kr/products/394307309
다이슨 청소기,393487506,다이슨 청소기 미니 헤드 툴,7000,0,판매중,중고,,False,3,0,2026-03-06 15:39:38,1772779178,,610500005,https://m.bunjang.co.kr/products/393487506
다이슨 청소기,393450103,다이슨 청소기 충전 어댑터,15000,0,판매중,중고,,False,3,0,2026-03-06 12:05:51,1772766351,,610500005,https://m.bunjang.co.kr/products/393450103
다이슨 청소기,393106092,다이슨 청소기 V11 220 하이토크 클리너 헤드,50000,0,판매중,중고,서울특별시 성동구 성수1가제1동,False,0,0,2026-03-04 16:35:21,1772609721,,610500005,https://m.bunjang.co.kr/products/393106092
다이슨 청소기,392648346,다이슨 겸용 DS150D 물걸레 청소기 헤드입니다,30000,0,판매중,중고,경상북도 포항시 북구 우창동,False,2,0,2026-03-02 10:44:31,1772415871,,610500005,https://m.bunjang.co.kr/products/392648346
다이슨 청소기,351209551,다이슨 무선청소기  v10 + 모터헤드,165000,0,판매중,중고,,False,2,0,2026-02-26 22:19:26,1772111966,,610500005,https://m.bunjang.co.kr/products/351209551
다이슨 청소기,391542843,다이슨 DC22 유선청소기,55000,1,예약중,중고,,False,2,0,2026-02-25 16:28:51,1772004531,,610500005,https://m.bunjang.co.kr/products/391542843
다이슨 청소기,389447066,차이슨 무선청소기 새상품 AIDUSON 판매합니다,80000,0,판매중,새상품,서울특별시 관악구 대학동,True,1,0,2026-02-22 18:27:37,1771752457,청소기 무선청소기 차이슨 다이슨,610500005,https://m.bunjang.co.kr/products/389447066
다이슨 청소기,388634198,다이슨 Wash G1 물걸레 청소기,270000,1,예약중,중고,,False,4,0,2026-02-21 10:02:54,1771635774,,610500005,https://m.bunjang.co.kr/products/388634198
다이슨 청소기,378189746,다이슨 청소기 헤드 DC35,27000,1,예약중,중고,경기도 수원시 팔달구 지동,False,0,0,2026-02-20 23:41:53,1771598513,다이슨청소기 헤드 dc35,610500005,https://m.bunjang.co.kr/products/378189746
다이슨 청소기,351310980,다이슨청소기침구브러쉬,27000,0,판매중,중고,,False,0,0,2026-02-13 23:01:40,1770991300,,610500005,https://m.bunjang.co.kr/products/351310980
다이슨 청소기,388363670,다이슨  V6 무선청소기 본체 부품용으로 판매합니다,25000,1,예약중,중고,,False,0,0,2026-02-10 20:41:15,1770723675,,610500005,https://m.bunjang.co.kr/products/388363670
다이슨 청소기,388251676,(DYSON) 다이슨 V8 무선 청소기,200000,1,예약중,중고,,False,1,0,2026-02-10 10:53:55,1770688435,,610500005,https://m.bunjang.co.kr/products/388251676
다이슨 청소기,388003740,Dyson V8 다이슨 무선청소기,70000,1,예약중,중고,경기도 용인시 수지구 성복동,True,1,0,2026-02-09 09:26:38,1770596798,,610500005,https://m.bunjang.co.kr/products/388003740
다이슨 청소기,387737301,다이슨 v10 청소기 (거치대포함 풀세트),110000,1,예약중,중고,경기도 의정부시 흥선동,False,0,0,2026-02-07 21:08:26,1770466106,다이슨v10,610500005,https://m.bunjang.co.kr/products/387737301
다이슨 청소기,302853828,다이슨 로봇청소기,700000,0,판매중,새상품,경기도 용인시 수지구 죽전1동,True,4,0,2026-02-07 20:13:02,1770462782,,610500005,https://m.bunjang.co.kr/products/302853828
다이슨 청소기,387669411,다이슨청소기 SV18 본체 부품용으로 판매합니다,50000,1,예약중,중고,,False,1,0,2026-02-07 16:14:44,1770448484,,610500005,https://m.bunjang.co.kr/products/387669411
다이슨 청소기,234549225,다이슨 청소기(도킹스테이션&콤비네이션톨),23000,0,판매중,중고,,True,3,0,2026-02-06 12:55:34,1770350134,다이슨,610500005,https://m.bunjang.co.kr/products/234549225
다이슨 청소기,379019091,다이슨 무선청소기 V6 부품 부속 브러쉬 툴 (정품.새상품),15000,0,판매중,새상품,,False,1,0,2026-02-04 22:08:44,1770210524,V6 무선청소기 툴 브러쉬 헤드,610500005,https://m.bunjang.co.kr/products/379019091
다이슨 청소기,380008522,[새제품] 다이슨 진공청소기 HEPA 필터 교체용,8000,0,판매중,새상품,,False,0,0,2026-02-03 01:20:41,1770049241,,610500005,https://m.bunjang.co.kr/products/380008522
다이슨 청소기,350951914,다이슨청소기 v11,180000,0,판매중,중고,,False,3,0,2026-02-01 00:44:33,1769874273,,610500005,https://m.bunjang.co.kr/products/350951914
다이슨 청소기,386083369,다이슨청소기,80000,0,판매중,중고,강원특별자치도 태백시 장성동,False,2,0,2026-01-31 20:49:34,1769860174,,610500005,https://m.bunjang.co.kr/products/386083369
다이슨 청소기,385957122,"다이슨 v10, v11  스토퍼 무선청소기용 부품",6000,0,판매중,중고,,True,1,0,2026-01-31 11:16:37,1769825797,,610500005,https://m.bunjang.co.kr/products/385957122
다이슨 청소기,385130344,다이슨 청소기 헤드 브러쉬,27000,0,판매중,중고,경기도 평택시 청북읍,False,2,0,2026-01-27 13:34:41,1769488481,,610500005,https://m.bunjang.co.kr/products/385130344
다이슨 청소기,312568807,다이슨 V6 청소기용 부품 3종 세트,29000,0,판매중,중고,경상북도 영주시 휴천1동,True,0,0,2026-01-27 10:05:55,1769475955,,800100011,https://m.bunjang.co.kr/products/312568807
다이슨 청소기,384682507,다이슨 디지털 슬림 청소기 새제품 팝니다,500000,0,판매중,새상품,부산광역시 동래구 사직제2동,True,1,0,2026-01-25 12:25:55,1769311555,,610500005,https://m.bunjang.co.kr/products/384682507
다이슨 청소기,383134531,다이슨 Wash G1 물청소 무선청소기,300000,0,판매중,중고,,False,2,0,2026-01-22 10:12:39,1769044359,다이슨 청소기 무선청소기 물걸레청소기,610500005,https://m.bunjang.co.kr/products/383134531
다이슨 청소기,374625121,다이슨 V8무선 청소기 풀세트,120000,1,예약중,중고,경상남도 김해시 진영읍,False,6,0,2026-01-20 19:46:08,1768905968,,610500005,https://m.bunjang.co.kr/products/374625121
다이슨 청소기,383393140,다이슨 무선청소기 먼지통,20000,0,판매중,중고,,False,0,0,2026-01-19 13:48:56,1768798136,,610500005,https://m.bunjang.co.kr/products/383393140
다이슨 청소기,383311983,다이슨 Cyclone V10 무선청소기 새제품,330000,0,판매중,새상품,서울특별시 동대문구 이문제1동,True,2,0,2026-01-18 23:36:33,1768746993,,610500005,https://m.bunjang.co.kr/products/383311983
다이슨 청소기,382997925,다이슨 무선청소기 충전 거치대 어댑터v6,25000,0,판매중,중고,,False,1,0,2026-01-17 18:31:35,1768642295,,610500005,https://m.bunjang.co.kr/products/382997925
다이슨 청소기,382952861,다이슨 청소기 헤드 롤러 브러쉬,25000,0,판매중,중고,,False,2,0,2026-01-17 15:30:00,1768631400,,610500005,https://m.bunjang.co.kr/products/382952861
다이슨 청소기,374954737,다이슨 워시 wash G1 물걸레 청소기 + 정품 롤러 새것 포함 판매,300000,0,판매중,중고,,False,3,0,2026-01-13 20:13:26,1768302806,,610500005,https://m.bunjang.co.kr/products/374954737
다이슨 청소기,381031249,다이슨 V8 무선청소기,118000,1,예약중,중고,경상남도 김해시 진영읍,False,0,0,2026-01-08 18:32:27,1767864747,,610500005,https://m.bunjang.co.kr/products/381031249
다이슨 청소기,380467694,다이슨 무선 진공 청소기 sv50,550000,0,판매중,새상품,,True,1,0,2026-01-05 21:48:55,1767617335,,610500005,https://m.bunjang.co.kr/products/380467694
다이슨 청소기,380386992,다이슨청소기 소프트롤러,30000,0,판매중,중고,,False,0,0,2026-01-05 15:39:14,1767595154,다이슨헤드 다이슨소프트헤드 소프트롤러 다이슨청소기부품,610500005,https://m.bunjang.co.kr/products/380386992
다이슨 청소기,379721248,다이슨 볼 DC36 카본 파이버 청소기,80000,0,판매중,중고,경기도 성남시 수정구 태평1동,False,2,0,2026-01-02 14:23:58,1767331438,,610500005,https://m.bunjang.co.kr/products/379721248
다이슨 청소기,379312808,부품용다이슨 V8 무선청소기 본체,20000,1,예약중,중고,,False,0,0,2025-12-31 08:30:00,1767137400,,610500005,https://m.bunjang.co.kr/products/379312808
다이슨 청소기,376851895,다이슨V6헤드3종틈새툴/4종일괄/다이슨청소기/다이슨V6,50000,0,판매중,중고,,False,0,0,2025-12-28 23:42:58,1766932978,다이슨V6 다이슨V6헤드 다이슨청소기,610500005,https://m.bunjang.co.kr/products/376851895
다이슨 청소기,376841008,다이슨헤드/소프트롤러헤드/V7-V11/다이슨청소기,32000,0,판매중,중고,,False,5,0,2025-12-28 23:42:26,1766932946,다이슨헤드 소프트롤러헤드,610500005,https://m.bunjang.co.kr/products/376841008
다이슨 청소기,378851337,다이슨무선청소기 sv50,600000,0,판매중,새상품,대구광역시 수성구 파동,True,1,0,2025-12-28 22:14:44,1766927684,,610500005,https://m.bunjang.co.kr/products/378851337
다이슨 청소기,327169089,다이슨헤드2종/모터헤드/다이슨V7-V11/다이슨청소기,30000,0,판매중,중고,,False,2,0,2025-12-27 20:57:44,1766836664,다이슨청소기 다이슨헤드,610500005,https://m.bunjang.co.kr/products/327169089
다이슨 청소기,378558760,다이슨 무선청소기 + 추가 구성품 새물걸레키트,250000,0,판매중,중고,인천광역시 서구 연희동,False,1,0,2025-12-27 16:08:03,1766819283,,610500005,https://m.bunjang.co.kr/products/378558760
다이슨 청소기,378527986,다이슨 무선 청소기,330000,0,판매중,중고,경기도 안산시 단원구 백운동,True,1,0,2025-12-27 13:37:34,1766810254,,610500005,https://m.bunjang.co.kr/products/378527986
다이슨 청소기,377256135,풀무원 에어프라이어,28000,1,예약중,중고,경기도 안산시 단원구 초지동,False,2,0,2025-12-23 11:37:31,1766457451,청소기 다이슨 roborock 건식 습식,610600001,https://m.bunjang.co.kr/products/377256135
다이슨 청소기,317574762,"(삽니다)다이슨 청소기, 다이슨 공기청정기  매입 초스피드거래",500000,0,판매중,새상품,,True,1,0,2025-12-22 12:14:21,1766373261,다이슨청소기 다이슨공기청정기,610500005,https://m.bunjang.co.kr/products/317574762
다이슨 청소기,377562491,다이슨 청소기 SV19 옴니-글라이드 미니헤드 1.5만,15000,0,판매중,중고,,False,0,0,2025-12-22 00:07:08,1766329628,,610500005,https://m.bunjang.co.kr/products/377562491
다이슨 청소기,377543534,다이슨 청소기 SV19 옴니-글라이드 흡입구 미니헤드 4만,40000,0,판매중,중고,,False,5,0,2025-12-21 22:42:55,1766324575,,610500005,https://m.bunjang.co.kr/products/377543534
다이슨 청소기,377541692,다이슨 청소기 SV19 옴니-글라이드 먼지통 2.5만,25000,0,판매중,중고,,False,3,0,2025-12-21 22:35:38,1766324138,,610500005,https://m.bunjang.co.kr/products/377541692
다이슨 청소기,377541246,다이슨 청소기 SV19 옴니-글라이드 모터 4만,60000,0,판매중,중고,,False,4,0,2025-12-21 22:33:51,1766324031,,610500005,https://m.bunjang.co.kr/products/377541246
다이슨 청소기,377540565,다이슨 청소기 SV19 옴니-글라이드 봉 완드 파이프 2.5만,25000,0,판매중,중고,,False,4,0,2025-12-21 22:31:04,1766323864,,610500005,https://m.bunjang.co.kr/products/377540565
다이슨 청소기,376919420,다이슨 v8 레드 무선청소기,300000,0,판매중,새상품,충청북도 청주시 청원구 율량.사천동,False,0,0,2025-12-18 22:26:17,1766064377,,610500005,https://m.bunjang.co.kr/products/376919420
다이슨 청소기,376497120,다이슨 청소기,480000,0,판매중,새상품,,False,1,0,2025-12-16 20:17:36,1765883856,,610500005,https://m.bunjang.co.kr/products/376497120
다이슨 청소기,373039853,"다이슨청소기 DC31  ~  45,   충전기 판매합니다",16000,1,예약중,중고,,False,1,0,2025-12-15 20:05:40,1765796740,,610500005,https://m.bunjang.co.kr/products/373039853
다이슨 청소기,375865219,다이슨 V8 무선청소기 레드/실버 (새 상품),270000,0,판매중,새상품,서울특별시 영등포구 신길제1동,True,1,0,2025-12-14 09:43:23,1765673003,,610500005,https://m.bunjang.co.kr/products/375865219
다이슨 청소기,370551548,다이슨청소기 미사용 v15s 디텍트 서브마린 컴플리트 골드,900000,1,예약중,새상품,,True,0,0,2025-12-13 17:05:54,1765613154,,610500005,https://m.bunjang.co.kr/products/370551548
다이슨 청소기,375368273,다이슨 V10 청소기 팝니다,100000,0,판매중,중고,경기도 고양시 덕양구 행신1동,True,4,0,2025-12-12 10:11:34,1765501894,,610500005,https://m.bunjang.co.kr/products/375368273
다이슨 청소기,375025012,다이슨V6청소기봉/정품완드/다이슨V6,15000,0,판매중,중고,,False,2,0,2025-12-10 16:26:06,1765351566,다이슨청소기봉 다이슨V6봉 다이슨V6완드,610500005,https://m.bunjang.co.kr/products/375025012
다이슨 청소기,373599634,(새상품)다이슨 V12 Detect Slim 무선청소기 부품모음 판매,70000,1,예약중,새상품,서울특별시 마포구 성산제1동,False,0,0,2025-12-04 14:36:13,1764826573,,610500005,https://m.bunjang.co.kr/products/373599634
다이슨 청소기,373524772,다이슨 Wash G1 물청소기,1000000,0,판매중,중고,경기도 이천시 창전동,False,0,0,2025-12-04 00:31:16,1764775876,,610500005,https://m.bunjang.co.kr/products/373524772
다이슨 청소기,373079750,다이슨 청소기 V6 먼지통 2.5만,25000,0,판매중,중고,,False,1,0,2025-12-01 21:49:12,1764593352,,610500005,https://m.bunjang.co.kr/products/373079750
다이슨 청소기,373078311,다이슨 청소기 V6 호환배터리 2.5만,25000,0,판매중,중고,,False,1,0,2025-12-01 21:43:35,1764593015,,610500005,https://m.bunjang.co.kr/products/373078311
다이슨 청소기,373076422,다이슨 청소기 V6 사이클론 1.5만,15000,0,판매중,중고,,False,0,0,2025-12-01 21:35:53,1764592553,,610500005,https://m.bunjang.co.kr/products/373076422
다이슨 청소기,373034469,다이슨 청소기 V6 SV07 모터 3.5만,35000,0,판매중,중고,,False,0,0,2025-12-01 18:27:22,1764581242,,610500005,https://m.bunjang.co.kr/products/373034469
다이슨 청소기,373007829,다이슨 청소기 V6 SV04 모터 3.5만,35000,0,판매중,중고,,False,0,0,2025-12-01 16:18:04,1764573484,,610500005,https://m.bunjang.co.kr/products/373007829
다이슨 청소기,371920262,홈니즈 보랄 BR-611XLDC 화이트 청소기,200000,0,판매중,새상품,,True,0,0,2025-12-01 12:54:05,1764561245,무선청소기 가전제품 청소기 다이슨 보랄,610500005,https://m.bunjang.co.kr/products/371920262
다이슨 청소기,371920434,홈니즈 보랄 BR-611XLDC 화이트 청소기,200000,0,판매중,새상품,,True,0,0,2025-12-01 12:51:25,1764561085,무선청소기 청소기 다이슨 보랄 삼성,610500005,https://m.bunjang.co.kr/products/371920434
다이슨 청소기,371282088,다이슨 청소기(거의 새거),640000,0,판매중,중고,경기도 구리시 인창동,False,0,0,2025-11-24 09:01:13,1763942473,,610500005,https://m.bunjang.co.kr/products/371282088
다이슨 청소기,371171002,다이슨 청소기 충전기 완드,15000,0,판매중,중고,,False,1,0,2025-11-23 18:41:22,1763890882,,610500005,https://m.bunjang.co.kr/products/371171002
다이슨 청소기,367661126,디지털슬림 다이슨 무선 청소기 본체와 헤드 SV18,130000,1,예약중,중고,경상북도 포항시 북구 흥해읍,False,1,0,2025-11-23 10:15:29,1763860529,,610500005,https://m.bunjang.co.kr/products/367661126
다이슨 청소기,365621446,다이슨 청소기 v8,130000,0,판매중,중고,경기도 안산시 상록구 해양동,False,5,0,2025-11-22 20:59:07,1763812747,다이슨 청소기 다이슨v8,610500005,https://m.bunjang.co.kr/products/365621446
다이슨 청소기,370790818,다이슨 Dyson 디지털 슬림 서브마린 니켈 미개봉 새상품,450000,0,판매중,새상품,부산광역시 사하구 괴정제1동,False,4,0,2025-11-21 23:10:14,1763734214,다이슨 청소기 물청소 다이슨청소기 미개봉,800100011,https://m.bunjang.co.kr/products/370790818
다이슨 청소기,368638972,Dyson v6 청소기 부품,25000,0,판매중,중고,,True,0,0,2025-11-17 05:03:30,1763323410,Dyson 다이슨 다이슨청소기 다이슨v 다이슨v6,610500005,https://m.bunjang.co.kr/products/368638972
다이슨 청소기,369674584,다이슨 유선청소기 DC22 부품용,50000,0,판매중,중고,전라남도 보성군 보성읍,True,4,0,2025-11-16 16:59:23,1763279963,,610500005,https://m.bunjang.co.kr/products/369674584
다이슨 청소기,368958374,다이슨 샤오미 호환 무선청소기 거치대 화이트 색상(새제품),10000,1,예약중,새상품,부산광역시 영도구 청학제2동,False,0,0,2025-11-13 10:58:57,1762999137,,610500005,https://m.bunjang.co.kr/products/368958374
다이슨 청소기,354109895,한경희 스팀 청소기,30000,0,판매중,중고,광주광역시 서구 유덕동,False,3,0,2025-11-10 12:55:30,1762746930,스팀 청소기 로봇청소기 무선청소기 다이슨,610500005,https://m.bunjang.co.kr/products/354109895
다이슨 청소기,368360675,(정품) (DYSON) 다이슨 무선 청소기 V6,100000,1,예약중,중고,,False,1,0,2025-11-10 12:52:45,1762746765,,610500005,https://m.bunjang.co.kr/products/368360675
다이슨 청소기,368211771,다이슨청소기 에서,2500,0,판매중,중고,,False,1,0,2025-11-09 18:42:47,1762681367,,610500005,https://m.bunjang.co.kr/products/368211771
다이슨 청소기,366204359,다이슨V16  DS60 싸이클론 무선청소기,1100000,1,예약중,새상품,인천광역시 서구 청라1동,True,2,0,2025-11-07 18:57:41,1762509461,,610500005,https://m.bunjang.co.kr/products/366204359
다이슨 청소기,367684716,(정품) (DYSON) 다이슨 무선 청소기,50000,1,예약중,중고,,False,1,0,2025-11-07 12:47:01,1762487221,,610500005,https://m.bunjang.co.kr/products/367684716
다이슨 청소기,317942946,다이슨 청소기 헤드툴 각각,18000,0,판매중,새상품,,False,0,0,2025-10-28 22:32:13,1761658333,다이슨청소기 다이슨헤드,610500005,https://m.bunjang.co.kr/products/317942946
다이슨 청소기,365205103,다이슨청소기 거치대,13000,0,판매중,중고,,False,1,0,2025-10-26 17:14:44,1761466484,,610500005,https://m.bunjang.co.kr/products/365205103
다이슨 청소기,364192997,다이슨 V11무선청소기 함께했던 시간들 이제는 보내줘야 할 때입니다,220000,1,예약중,중고,서울특별시 서대문구 북가좌제1동,False,2,0,2025-10-21 22:00:53,1761051653,,610500005,https://m.bunjang.co.kr/products/364192997
다이슨 청소기,352123772,다이슨V8청소기팝니다,170000,0,판매중,중고,경기도 부천시 심곡1동,False,1,0,2025-10-11 00:24:02,1760109842,,610500005,https://m.bunjang.co.kr/products/352123772
다이슨 청소기,361734946,다이슨 V11 220 에어와트 CF+ 무선청소기,150000,1,예약중,중고,경기도 안양시 만안구 박달동,True,3,0,2025-10-10 19:34:32,1760092472,,610500005,https://m.bunjang.co.kr/products/361734946
다이슨 청소기,361209046,다이슨 V10(SV12)무선청소기 풀세트,265000,1,예약중,중고,경상남도 김해시 진영읍,False,0,0,2025-10-08 10:38:18,1759887498,,610500005,https://m.bunjang.co.kr/products/361209046
다이슨 청소기,359301132,다이슨 V10 무선 청소기,130000,1,예약중,중고,경기도 여주시 오학동,True,3,0,2025-10-07 12:13:41,1759806821,,610500005,https://m.bunjang.co.kr/products/359301132
다이슨 청소기,357354005,다이슨 청소기 판매합니당,420000,0,판매중,중고,부산광역시 기장군 기장읍,True,1,0,2025-09-30 23:35:00,1759242900,청소기 다이슨 다이슨청소기 무선청소기,610500005,https://m.bunjang.co.kr/products/357354005
다이슨 청소기,356867535,다이슨 V6무선청소기,74000,1,예약중,중고,경상남도 김해시 진영읍,False,0,0,2025-09-30 18:00:43,1759222843,,610500005,https://m.bunjang.co.kr/products/356867535
다이슨 청소기,356345078,다이슨 V10(SV12)무선청소기 풀세트,195000,1,예약중,중고,경상남도 김해시 진영읍,False,2,0,2025-09-26 21:06:00,1758888360,,610500005,https://m.bunjang.co.kr/products/356345078
다이슨 청소기,328504426,퀸메이드 트윈클 무선 물걸레청소기 팝니다.,36830,0,판매중,새상품,,False,0,0,2025-09-23 18:32:47,1758619967,물걸레청소기 무선청소기 다이슨,610500005,https://m.bunjang.co.kr/products/328504426
다이슨 청소기,357377368,다이슨청소기 V6 본체,40000,0,판매중,중고,,False,6,0,2025-09-20 10:59:11,1758333551,,610500005,https://m.bunjang.co.kr/products/357377368
다이슨 청소기,354396821,다이슨V8본체/배터리10분사용/다이슨청소기본체,45000,1,예약중,중고,,False,1,0,2025-09-19 23:30:50,1758292250,다이슨V8 다이슨청소기 다이슨v8본체,610500005,https://m.bunjang.co.kr/products/354396821
다이슨 청소기,357264903,다이슨 워시 G1 무선 물걸레 청소기,250000,0,판매중,중고,경기도 하남시 감일동,True,3,0,2025-09-19 19:05:22,1758276322,다이슨 청소기,610500005,https://m.bunjang.co.kr/products/357264903
다이슨 청소기,354011763,다이슨 디지털 슬림 옵틱 무선청소기,260000,1,예약중,중고,인천광역시 서구 가정1동,True,5,0,2025-09-18 09:19:11,1758154751,,610500005,https://m.bunjang.co.kr/products/354011763
다이슨 청소기,356112229,다이슨 청소기 본체,65000,0,판매중,중고,경상남도 김해시 활천동,True,0,0,2025-09-14 10:50:54,1757814654,,610500005,https://m.bunjang.co.kr/products/356112229
다이슨 청소기,355554736,다이슨 V8 무선 청서기,360000,0,판매중,새상품,서울특별시 노원구 상계2동,True,1,0,2025-09-11 17:28:22,1757579302,청소기 다이슨 새상품 가전제품 주방용품,610500005,https://m.bunjang.co.kr/products/355554736
다이슨 청소기,355062614,다이슨 V8 Fluffy Origin 무선청소기,259000,0,판매중,중고,경기도 안양시 만안구 안양7동,False,0,0,2025-09-08 23:50:47,1757343047,,610500005,https://m.bunjang.co.kr/products/355062614
다이슨 청소기,353761334,다이슨 12s 무선청소기 5개월사용,590000,0,판매중,중고,충청북도 청주시 상당구 용암2동,True,1,0,2025-09-01 21:43:35,1756730615,,610500005,https://m.bunjang.co.kr/products/353761334
다이슨 청소기,353323698,다이슨 V8 무선청소기 새상품,350000,0,판매중,새상품,,True,3,0,2025-08-30 14:36:17,1756532177,,610500005,https://m.bunjang.co.kr/products/353323698
다이슨 청소기,425434528,다이슨 V7 무선 청소기 본체,35000,3,판매완료,중고,부산광역시 북구 덕천제1동,False,1,0,2026-08-24 18:44:09,1787564649,,610500005,https://m.bunjang.co.kr/products/425434528
다이슨 청소기,424742354,다이슨 무선 청소기 본체 v6,12000,3,판매완료,중고,,True,0,0,2026-08-24 03:55:37,1787511337,,610500005,https://m.bunjang.co.kr/products/424742354
다이슨 청소기,424991062,(미개봉새제품)다이슨 V12 디텍트 슬림 무선 청소기,590000,3,판매완료,새상품,,True,0,0,2026-08-24 01:15:25,1787501725,,610500005,https://m.bunjang.co.kr/products/424991062
다이슨 청소기,424988354,다이슨 무선청소기의 소프트 롤러 클리너 헤드(Fluffy Cleaner Head),22000,3,판매완료,중고,,False,0,0,2026-08-23 14:59:27,1787464767,,610500005,https://m.bunjang.co.kr/products/424988354
다이슨 청소기,425274811,다이슨 호환 청소기 v15 헤더 새상품,12000,3,판매완료,새상품,경기도 부천시 원미구 중4동,False,0,0,2026-08-23 13:33:20,1787459600,,610500005,https://m.bunjang.co.kr/products/425274811
다이슨 청소기,425117111,다이슨 무선 청소기 V12 서브마린. 레이저브러쉬,350000,3,판매완료,중고,,False,2,0,2026-08-22 00:18:23,1787325503,,610500005,https://m.bunjang.co.kr/products/425117111
다이슨 청소기,424726993,다이슨 무선 청소기 V8 오렌지 KR-V8-21700,100000,3,판매완료,중고,경기도 김포시 마산동,False,0,0,2026-08-20 13:48:34,1787201314,,610500005,https://m.bunjang.co.kr/products/424726993
다이슨 청소기,419588534,다이슨V8 무선 청소기판매 합니다.,125000,3,판매완료,중고,,False,7,0,2026-08-20 13:17:36,1787199456,,610500005,https://m.bunjang.co.kr/products/419588534
다이슨 청소기,424755782,다이슨 V8 무선청소기 본체 부품용입니다,20000,3,판매완료,중고,,False,1,0,2026-08-18 23:19:07,1787062747,,610500005,https://m.bunjang.co.kr/products/424755782
다이슨 청소기,424743879,다이슨 청소기 헤드 툴 5개 세트,10000,3,판매완료,중고,,True,0,0,2026-08-18 21:51:51,1787057511,,610500005,https://m.bunjang.co.kr/products/424743879
다이슨 청소기,424586262,다이슨 무선청소기 소프트롤러 헤드,33000,3,판매완료,중고,,False,1,0,2026-08-17 17:16:19,1786954579,,610500005,https://m.bunjang.co.kr/products/424586262
다이슨 청소기,424577537,다이슨 펜슬백 플러피콘 청소기,450000,3,판매완료,새상품,,True,0,0,2026-08-17 16:16:21,1786950981,,610500005,https://m.bunjang.co.kr/products/424577537
다이슨 청소기,424545499,다이슨 팬슬백 무선청소기,400000,3,판매완료,새상품,대구광역시 북구 동천동,False,2,0,2026-08-17 11:52:21,1786935141,,610500005,https://m.bunjang.co.kr/products/424545499
다이슨 청소기,416624949,다이슨 청소기 v6 봉 연장관,22000,3,판매완료,중고,,False,3,0,2026-08-17 09:32:12,1786926732,,610500005,https://m.bunjang.co.kr/products/416624949
다이슨 청소기,416624591,"다이슨 청소기 다이렉트 드라이브 롤러 헤드, 카페트용",22000,3,판매완료,중고,,False,2,0,2026-08-17 09:32:06,1786926726,,610500005,https://m.bunjang.co.kr/products/416624591
다이슨 청소기,424250770,(미개봉 새상품)다이슨 디지털 슬림 옵틱 무선 청소기,330000,3,판매완료,새상품,,True,1,0,2026-08-15 22:45:06,1786801506,,610500005,https://m.bunjang.co.kr/products/424250770
다이슨 청소기,422282059,"다이슨 무선 청소기용 배터리(V6, V7, V8, V10)",11000,3,판매완료,중고,경상북도 포항시 북구 흥해읍,False,1,0,2026-08-15 14:04:53,1786770293,,610500005,https://m.bunjang.co.kr/products/422282059
다이슨 청소기,416183681,다이슨 v10무선청소기 퍼플 본체,60000,3,판매완료,중고,,True,7,0,2026-08-15 00:05:10,1786719910,,610500005,https://m.bunjang.co.kr/products/416183681
다이슨 청소기,423903670,무선청소기 다이슨 v10 팝니다,180000,3,판매완료,중고,,False,1,0,2026-08-13 10:37:59,1786585079,,610500005,https://m.bunjang.co.kr/products/423903670
다이슨 청소기,394638108,다이슨 V11 220 에어와트 무선청소기풀세트,300000,3,판매완료,중고,,False,8,0,2026-08-10 14:40:48,1786340448,,610500005,https://m.bunjang.co.kr/products/394638108
다이슨 청소기,423500697,다이슨 DC35 무선청소기,27000,3,판매완료,중고,전남광주통합특별시 광양시 금호동,False,0,0,2026-08-10 10:08:42,1786324122,,610500005,https://m.bunjang.co.kr/products/423500697
다이슨 청소기,423657521,다이슨 펜슬릭 플러피콘 청소기,400000,3,판매완료,새상품,부산광역시 사하구 하단제1동,False,0,0,2026-08-09 18:36:04,1786268164,,610500005,https://m.bunjang.co.kr/products/423657521
다이슨 청소기,423065246,"다이슨 싸이클론 V10 엡솔루트청소기:정품 새밧데리와 거치대,툴등새거 풀셋구성",160000,3,판매완료,중고,,False,4,0,2026-08-09 07:49:45,1786229385,,610500005,https://m.bunjang.co.kr/products/423065246
다이슨 청소기,417214784,다이슨 V8 무선 청소기 플러피,95000,3,판매완료,중고,대전광역시 중구 오류동,False,6,0,2026-08-08 18:31:58,1786181518,,610500005,https://m.bunjang.co.kr/products/417214784
다이슨 청소기,423507753,(부품용) 다이슨 무선청소기 V11,45000,3,판매완료,중고,,True,0,0,2026-08-08 14:22:29,1786166549,,610500005,https://m.bunjang.co.kr/products/423507753
다이슨 청소기,423465399,다이슨 청소기 v12,299900,3,판매완료,중고,,False,1,0,2026-08-08 00:12:37,1786115557,v12 다이슨청소기,610500005,https://m.bunjang.co.kr/products/423465399
다이슨 청소기,423366692,다이슨 V8 실버/레드 무선청소기 상태좋음,142652,3,판매완료,중고,,True,0,0,2026-08-07 09:27:48,1786062468,다이슨 V8 실버/레드 S급 가전제품,610500005,https://m.bunjang.co.kr/products/423366692
다이슨 청소기,423309412,다이슨 펜슬백 플러피콘 청소기,450000,3,판매완료,새상품,부산광역시 해운대구 우제1동,True,1,0,2026-08-06 19:08:08,1786010888,,610500005,https://m.bunjang.co.kr/products/423309412
다이슨 청소기,394386556,다이슨 v8무선청소기 풀세트급처,130000,3,판매완료,중고,,True,9,0,2026-08-05 12:10:48,1785899448,,610500005,https://m.bunjang.co.kr/products/394386556
다이슨 청소기,423005759,다이슨 V7  무선 청소기 세척됨 충전기미포함,59900,3,판매완료,중고,,False,0,0,2026-08-05 02:27:18,1785864438,,610500005,https://m.bunjang.co.kr/products/423005759
다이슨 청소기,422913945,다이슨 디지털슬림 청소기 용 브러시,10000,3,판매완료,중고,,False,2,0,2026-08-03 21:54:52,1785761692,,610500005,https://m.bunjang.co.kr/products/422913945
다이슨 청소기,422899948,다이슨 청소기 헤드 소프트롤러 부품용,15000,3,판매완료,중고,,True,1,0,2026-08-03 20:06:28,1785755188,,610500005,https://m.bunjang.co.kr/products/422899948
다이슨 청소기,422898593,다이슨 무선 청소기 v11 sv14,80000,3,판매완료,중고,,True,0,0,2026-08-03 19:55:22,1785754522,,610500005,https://m.bunjang.co.kr/products/422898593
다이슨 청소기,422581497,dyson V6 다이슨 무선 청소기,60000,3,판매완료,중고,경기도 용인시 수지구 성복동,True,4,0,2026-08-03 09:20:45,1785716445,,610500005,https://m.bunjang.co.kr/products/422581497
다이슨 청소기,422828645,다이슨 청소기 V10 사이클론 새부품,25000,3,판매완료,새상품,,False,3,0,2026-08-03 08:38:03,1785713883,,610500005,https://m.bunjang.co.kr/products/422828645
다이슨 청소기,422714162,다이슨 무선 청소기V6  배터리교환 했음,65000,3,판매완료,중고,대전광역시 중구 오류동,False,1,0,2026-08-02 18:58:27,1785664707,,610500005,https://m.bunjang.co.kr/products/422714162
다이슨 청소기,418621558,다이슨 무선 청소기 V7 플러피,75000,3,판매완료,중고,대전광역시 중구 오류동,False,13,0,2026-08-02 18:57:05,1785664625,,610500005,https://m.bunjang.co.kr/products/418621558
다이슨 청소기,394494705,다이슨V8 무선청소기 본체 + 풀세트 다드립니다,140000,3,판매완료,중고,,False,6,0,2026-08-02 17:53:05,1785660785,,610500005,https://m.bunjang.co.kr/products/394494705
다이슨 청소기,320881183,다이슨청소기 v10본체.배터리,100000,3,판매완료,중고,,False,13,0,2026-08-01 15:25:43,1785565543,,610500005,https://m.bunjang.co.kr/products/320881183
다이슨 청소기,418847063,다이슨 청소기 소프트롤러 헤드,31000,3,판매완료,중고,,False,2,0,2026-08-01 09:25:26,1785543926,,610500005,https://m.bunjang.co.kr/products/418847063
다이슨 청소기,422569023,다이슨 청소기sv18 디지털 슬림,100000,3,판매완료,중고,,False,1,0,2026-07-31 22:01:24,1785502884,,610500005,https://m.bunjang.co.kr/products/422569023
다이슨 청소기,420814327,다이슨 v8무선청소기 액세서리 풀세트,120000,3,판매완료,중고,,False,2,0,2026-07-31 19:18:53,1785493133,,610500005,https://m.bunjang.co.kr/products/420814327
다이슨 청소기,417839600,다이슨청소기 일괄,30000,3,판매완료,중고,,False,1,0,2026-07-31 11:22:16,1785464536,,610500005,https://m.bunjang.co.kr/products/417839600
다이슨 청소기,421282065,다이슨 무선청소기 sv10,35000,3,판매완료,중고,,False,1,0,2026-07-31 00:28:47,1785425327,,610500005,https://m.bunjang.co.kr/products/421282065
다이슨 청소기,422327812,다이슨 무선 청소기 v8 본체,25000,3,판매완료,중고,,False,3,0,2026-07-29 20:33:13,1785324793,,610500005,https://m.bunjang.co.kr/products/422327812
다이슨 청소기,422327642,다이슨 무선 청소기 V8(방전),25000,3,판매완료,중고,,False,2,0,2026-07-29 20:31:46,1785324706,,610500005,https://m.bunjang.co.kr/products/422327642
다이슨 청소기,422276526,다이슨 [정품] V10 청소기 먼지통 작동잘됩니다,15000,3,판매완료,중고,,False,1,0,2026-07-29 13:48:28,1785300508,,610500005,https://m.bunjang.co.kr/products/422276526
다이슨 청소기,417683936,"다이슨 무선 청소기용 배터리(V6, V7, V8, V10)",11000,3,판매완료,중고,경상북도 포항시 북구 흥해읍,False,1,0,2026-07-28 09:49:38,1785199778,,610500005,https://m.bunjang.co.kr/products/417683936
다이슨 청소기,411819377,다이슨V8청소기세트,100000,3,판매완료,중고,,True,2,0,2026-07-28 05:53:20,1785185600,,610500005,https://m.bunjang.co.kr/products/411819377
다이슨 청소기,393222482,다이슨V12 슬림 청소기 본체 개당가격,180000,3,판매완료,중고,,False,3,0,2026-07-26 16:35:14,1785051314,,610500005,https://m.bunjang.co.kr/products/393222482
다이슨 청소기,418945219,다이슨 무선 청소기 v6 본체 부품용,10000,3,판매완료,중고,,True,0,0,2026-07-26 03:29:02,1785004142,,610500005,https://m.bunjang.co.kr/products/418945219
다이슨 청소기,418938980,다이슨 청소기 v6,9000,3,판매완료,중고,,True,1,0,2026-07-26 03:25:13,1785003913,,610500005,https://m.bunjang.co.kr/products/418938980
다이슨 청소기,418405980,다이슨 V8 무선 청소기 본체,40000,3,판매완료,중고,부산광역시 북구 덕천제1동,False,1,0,2026-07-25 09:15:06,1784938506,,610500005,https://m.bunjang.co.kr/products/418405980
다이슨 청소기,421604085,다이슨 무선청소기,97000,3,판매완료,중고,경기도 남양주시 호평동,False,0,0,2026-07-25 08:03:58,1784934238,,610500005,https://m.bunjang.co.kr/products/421604085
다이슨 청소기,418948337,다이슨 청소기 헤드 v8용 미니 롤러브러쉬,10000,3,판매완료,중고,,True,0,0,2026-07-25 03:47:16,1784918836,,610500005,https://m.bunjang.co.kr/products/418948337
다이슨 청소기,413286817,다이슨 sv14 무선청소기,90000,3,판매완료,중고,,False,0,0,2026-07-24 16:27:51,1784878071,,610500005,https://m.bunjang.co.kr/products/413286817
다이슨 청소기,421547673,다이슨 무선 청소기 V6,55000,3,판매완료,중고,대전광역시 중구 오류동,False,0,0,2026-07-23 13:22:19,1784780539,,610500005,https://m.bunjang.co.kr/products/421547673
다이슨 청소기,421404915,다이슨 V15 디텍트 컴플리트 무선청소기 (거 의새거) + 다이슨 정품 거치대 포함 입니다 컨디션 좋아요~+ 다이슨 정품 거치대  + 서브마린 물걸레툴 포함입니다 컨디션 좋아요~,300000,3,판매완료,중고,인천광역시 제물포구 송현1.2동,True,0,0,2026-07-22 11:54:21,1784688861,,610500005,https://m.bunjang.co.kr/products/421404915
다이슨 청소기,413340258,다이슨 v8 무선청소기 충전거치대,7000,3,판매완료,중고,,False,1,0,2026-07-22 10:58:25,1784685505,다이슨 v8 v7 충전거치대,610500005,https://m.bunjang.co.kr/products/413340258
다이슨 청소기,419671408,다이슨 v10 싸이클론 무선청소기,85000,3,판매완료,중고,,False,2,0,2026-07-22 10:09:19,1784682559,,610500005,https://m.bunjang.co.kr/products/419671408
다이슨 청소기,421023148,무배/미개봉 다이슨 360 로봇청소기 304631-01,404000,3,판매완료,새상품,경기도 평택시 비전1동,True,0,0,2026-07-20 14:00:30,1784523630,,610500005,https://m.bunjang.co.kr/products/421023148
다이슨 청소기,418946098,다이슨 청소기 헤드 롤러 브러쉬,10000,3,판매완료,중고,,True,0,0,2026-07-20 03:47:39,1784486859,,610500005,https://m.bunjang.co.kr/products/418946098
다이슨 청소기,419958411,다이슨 무선 청소기 V7 플러피 레드,70000,3,판매완료,중고,대전광역시 중구 오류동,False,4,0,2026-07-19 15:58:00,1784444280,,610500005,https://m.bunjang.co.kr/products/419958411
다이슨 청소기,420708558,다이슨 무선 청소기 V8 시리즈 액세서리 일괄,65000,3,판매완료,중고,,False,1,0,2026-07-19 14:27:20,1784438840,,610500005,https://m.bunjang.co.kr/products/420708558
다이슨 청소기,420431646,다이슨 청소기 V8 소프트롤러 및 액세서리,30000,3,판매완료,중고,인천광역시 부평구 부평3동,False,0,0,2026-07-18 22:35:03,1784381703,,610500005,https://m.bunjang.co.kr/products/420431646
다이슨 청소기,401230727,다이슨 v11무선청소기 본체.배터리,160000,3,판매완료,중고,,False,3,0,2026-07-18 21:56:29,1784379389,,610500005,https://m.bunjang.co.kr/products/401230727
다이슨 청소기,419259386,다이슨 청소기 소프트롤러 헤드,38000,3,판매완료,중고,,False,1,0,2026-07-18 09:37:59,1784335079,,610500005,https://m.bunjang.co.kr/products/419259386
다이슨 청소기,419732000,다이슨 무선 청소기 v6,18000,3,판매완료,중고,,True,1,0,2026-07-18 03:36:45,1784313405,,610500005,https://m.bunjang.co.kr/products/419732000
다이슨 청소기,419005100,다이슨 무선 청소기 V6+ 구성품 풀옵션,60000,3,판매완료,중고,대전광역시 중구 오류동,False,3,0,2026-07-17 18:06:52,1784279212,,610500005,https://m.bunjang.co.kr/products/419005100
다이슨 청소기,419424582,다이슨 무선청소기 v7 본체 팝니다 부산 해운대,20000,3,판매완료,중고,부산광역시 해운대구 우제3동,False,0,0,2026-07-17 13:42:20,1784263340,,610500005,https://m.bunjang.co.kr/products/419424582
다이슨 청소기,399360644,다이슨 무선청소기 V7~ V15 용 크레비스툴 +콤비네이션툴 (정품),15000,3,판매완료,새상품,,False,1,0,2026-07-17 12:37:34,1784259454,,610500005,https://m.bunjang.co.kr/products/399360644
다이슨 청소기,419229403,다이슨청소기 V11 배터리,40000,3,판매완료,중고,,True,0,0,2026-07-17 09:19:16,1784247556,다이슨청소기 다이슨배터리V11,610500005,https://m.bunjang.co.kr/products/419229403
다이슨 청소기,415370765,"다이슨 무선 청소기 정품 다이렉트드라이브 헤드(V7,V8, V10, V1",25000,3,판매완료,중고,경상북도 포항시 북구 흥해읍,False,1,0,2026-07-15 14:08:20,1784092100,부품용 수리하여 교체,610500005,https://m.bunjang.co.kr/products/415370765
다이슨 청소기,419784067,dyson V8 다이슨 무선청소기.,80000,3,판매완료,중고,경기도 용인시 수지구 성복동,True,0,0,2026-07-14 21:06:00,1784030760,,610500005,https://m.bunjang.co.kr/products/419784067
다이슨 청소기,419835378,다이슨 무선청소기 배터리 v11 호환용,30000,3,판매완료,새상품,,True,0,0,2026-07-14 16:03:07,1784012587,,610500005,https://m.bunjang.co.kr/products/419835378
다이슨 청소기,419689328,다이슨 무선 청소기 V6,27000,3,판매완료,중고,,False,1,0,2026-07-13 19:04:33,1783937073,,610500005,https://m.bunjang.co.kr/products/419689328
다이슨 청소기,419268643,다이슨 청소기 흡입구 세트 (디지탈슬림 모델호환),27500,3,판매완료,새상품,,False,0,0,2026-07-12 13:02:42,1783828962,,610500005,https://m.bunjang.co.kr/products/419268643
다이슨 청소기,418946498,다이슨 무선청소기 헤드 소프트롤러,15000,3,판매완료,중고,,True,0,0,2026-07-09 21:38:47,1783600727,,610500005,https://m.bunjang.co.kr/products/418946498
다이슨 청소기,404788015,다이슨V8 무선 청소기(새배터리) 판매 합니다.,135000,3,판매완료,중고,,False,10,0,2026-07-09 12:21:41,1783567301,,610500005,https://m.bunjang.co.kr/products/404788015
다이슨 청소기,418834516,다이슨 싸이클론 V10 무선청소기:정품 거의새거 미사용배터리,230000,3,판매완료,중고,,False,0,0,2026-07-09 11:11:23,1783563083,,610500005,https://m.bunjang.co.kr/products/418834516
다이슨 청소기,418230733,다이슨 무선 청소기 V7 플러피,75000,3,판매완료,중고,대전광역시 중구 오류동,False,1,0,2026-07-07 17:43:02,1783413782,,610500005,https://m.bunjang.co.kr/products/418230733
다이슨 청소기,417652923,다이슨 무선 청소기 소프트롤러 헤드,33000,3,판매완료,중고,,False,0,0,2026-07-07 09:25:09,1783383909,,610500005,https://m.bunjang.co.kr/products/417652923
다이슨 청소기,410190201,다이슨 청소기 소프트롤러 헤드 퍼플,33000,3,판매완료,중고,,False,0,0,2026-07-07 09:25:02,1783383902,,610500005,https://m.bunjang.co.kr/products/410190201
다이슨 청소기,418260379,다이슨 v11 무선청소기 부품용,30000,3,판매완료,중고,,False,0,0,2026-07-06 12:49:20,1783309760,,610500005,https://m.bunjang.co.kr/products/418260379
다이슨 청소기,417480872,dyson V10 다이슨 청소기 본체 (고장),45000,3,판매완료,중고,경기도 용인시 수지구 성복동,True,1,0,2026-07-06 12:07:36,1783307256,,610500005,https://m.bunjang.co.kr/products/417480872
다이슨 청소기,417608212,다이슨 V8 무선 청소기 본체,40000,3,판매완료,중고,부산광역시 북구 덕천제1동,False,0,0,2026-07-06 07:43:23,1783291403,,610500005,https://m.bunjang.co.kr/products/417608212
다이슨 청소기,417406588,깨끗하게 세척한 다이슨 V6[DC62] 무선 청소기 본체(4분 연속동작),25000,3,판매완료,중고,경상북도 포항시 북구 흥해읍,False,0,0,2026-07-04 15:03:41,1783145021,부품용 수리하여 교체 교환,610500005,https://m.bunjang.co.kr/products/417406588
다이슨 청소기,411529930,다이슨 무선 청소기,76000,3,판매완료,중고,,False,1,0,2026-07-03 00:25:26,1783005926,,610500005,https://m.bunjang.co.kr/products/411529930
다이슨 청소기,393087073,다이슨 청소기 헤드 브러쉬툴,30000,3,판매완료,중고,,False,3,0,2026-07-02 13:08:23,1782965303,,610500005,https://m.bunjang.co.kr/products/393087073
다이슨 청소기,413702677,"다이슨 무선 청소기용 배터리(V6, V7, V8, V10)",17000,3,판매완료,중고,경상북도 포항시 북구 흥해읍,False,0,0,2026-07-02 09:51:51,1782953511,,610500005,https://m.bunjang.co.kr/products/413702677
다이슨 청소기,417328094,다이슨정품 청소기 헤드솔 v7 v8 v10부터사용,35000,3,판매완료,중고,,True,0,0,2026-07-01 20:56:51,1782907011,,610500005,https://m.bunjang.co.kr/products/417328094
다이슨 청소기,417265499,다이슨 무선 청소기 퍼플,320000,3,판매완료,중고,대전광역시 서구 용문동,True,0,0,2026-07-01 15:44:02,1782888242,,610500005,https://m.bunjang.co.kr/products/417265499
다이슨 청소기,416895896,다이슨 SV50 펜슬백 플러피콘즈 무선 청소기,410000,3,판매완료,중고,경기도 화성시 효행구 봉담읍,False,1,0,2026-06-30 10:53:56,1782784436,,610500005,https://m.bunjang.co.kr/products/416895896
다이슨 청소기,412820914,다이슨 V8 무선 청소기 본체,40000,3,판매완료,중고,부산광역시 북구 덕천제1동,False,3,0,2026-06-30 05:26:02,1782764762,,610500005,https://m.bunjang.co.kr/products/412820914
다이슨 청소기,406050489,다이슨v6 무선 청소기 본체,30000,3,판매완료,중고,,False,0,0,2026-06-29 18:01:51,1782723711,,610500005,https://m.bunjang.co.kr/products/406050489
다이슨 청소기,416067082,다이슨 V11 청소기,150000,3,판매완료,중고,,True,0,0,2026-06-29 10:29:08,1782696548,,610500005,https://m.bunjang.co.kr/products/416067082
다이슨 청소기,414132683,다이슨 청소기 본체 3대 일관 팝니다,30000,3,판매완료,중고,충청남도 당진시 당진1동,True,0,0,2026-06-28 20:19:27,1782645567,다이슨청소기 다이슨 무선청소기,610500005,https://m.bunjang.co.kr/products/414132683
다이슨 청소기,416126784,다이슨 스팟앤스크럽 Ai로봇 청소기,650000,3,판매완료,중고,,True,0,0,2026-06-28 10:39:04,1782610744,,610500005,https://m.bunjang.co.kr/products/416126784
다이슨 청소기,415430391,"다이슨 무선 청소기용 배터리(V6, V7, V8, V10)",11000,3,판매완료,중고,경상북도 포항시 북구 흥해읍,False,0,0,2026-06-27 14:37:36,1782538656,청소기 리필 대용량 배터리 호환,610500005,https://m.bunjang.co.kr/products/415430391
다이슨 청소기,416439723,다이슨 V6 무선 청소기용 헤드,15000,3,판매완료,중고,,True,0,0,2026-06-27 12:08:56,1782529736,다이슨 청소헤드 v6,610500005,https://m.bunjang.co.kr/products/416439723
다이슨 청소기,416066820,다이슨 무선 청소기 V11 모터,50000,3,판매완료,중고,,True,2,0,2026-06-26 14:44:48,1782452688,,610500005,https://m.bunjang.co.kr/products/416066820
다이슨 청소기,416079599,LG 코드제로 R9 로봇청소기,55000,3,판매완료,중고,,True,0,0,2026-06-25 14:13:08,1782364388,무선 청소기 로보락 다이슨,610500005,https://m.bunjang.co.kr/products/416079599
다이슨 청소기,416056673,다이슨V10청소기(부품용),70000,3,판매완료,중고,,True,0,0,2026-06-25 11:45:57,1782355557,,610500005,https://m.bunjang.co.kr/products/416056673
다이슨 청소기,415899044,다이슨v8 청소기 액세서리 세트,30000,3,판매완료,새상품,,False,0,0,2026-06-24 14:51:50,1782280310,,610500005,https://m.bunjang.co.kr/products/415899044
다이슨 청소기,339011931,다이슨 V11 무선청소기 + 각종툴 (물세척완료),198000,3,판매완료,중고,,False,1,0,2026-06-22 22:15:03,1782134103,다이슨 무선청소기 V11 배터리 대청소,610500005,https://m.bunjang.co.kr/products/339011931
다이슨 청소기,408217912,다이슨 V6 무선 청소기,37000,3,판매완료,중고,,False,0,0,2026-06-21 19:23:36,1782037416,,610500005,https://m.bunjang.co.kr/products/408217912
다이슨 청소기,393813771,다이슨v8 청소기 앱솔루트 풀세트,115000,3,판매완료,중고,,False,5,0,2026-06-21 19:13:59,1782036839,,610500005,https://m.bunjang.co.kr/products/393813771
다이슨 청소기,415112838,다이슨 무선 청소기 본체v7,95000,3,판매완료,중고,,False,0,0,2026-06-21 04:14:59,1781982899,,610500005,https://m.bunjang.co.kr/products/415112838
다이슨 청소기,413105220,다이슨 무선 청소기 V7 플러피 레드/블루,75000,3,판매완료,중고,대전광역시 중구 오류동,False,2,0,2026-06-20 17:37:13,1781944633,,610500005,https://m.bunjang.co.kr/products/413105220
다이슨 청소기,414496961,다이슨 청소기 v10 슬림,110000,3,판매완료,중고,,True,0,0,2026-06-20 04:07:04,1781896024,,610500005,https://m.bunjang.co.kr/products/414496961
다이슨 청소기,414919328,다이슨 유선청소기 DC22  오리진,45000,3,판매완료,중고,,False,1,0,2026-06-19 14:22:39,1781846559,,610500005,https://m.bunjang.co.kr/products/414919328
다이슨 청소기,412161480,다이슨청소기 V8 용 호환품,15000,3,판매완료,중고,서울특별시 동대문구 답십리제1동,True,0,0,2026-06-19 00:19:11,1781795951,,610500005,https://m.bunjang.co.kr/products/412161480
다이슨 청소기,414789478,다이슨 SV10(V8) 무선청소기 판매합니다~~,42000,3,판매완료,중고,경기도 광명시 철산3동,False,0,0,2026-06-18 18:53:55,1781776435,다이슨 SV10 무선청소기,610500005,https://m.bunjang.co.kr/products/414789478
다이슨 청소기,414758276,다이슨 스팟앤스크럽 Ai로봇 청소기,650000,3,판매완료,중고,,True,0,0,2026-06-18 16:16:43,1781767003,,610500005,https://m.bunjang.co.kr/products/414758276
다이슨 청소기,414707118,"다이슨청소기  V8, V10,  V11,  카페트헤드판매",28000,3,판매완료,중고,,False,3,0,2026-06-18 10:50:52,1781747452,,610500005,https://m.bunjang.co.kr/products/414707118
다이슨 청소기,413104003,다이슨 청소기 소프트롤러 헤드,30000,3,판매완료,중고,,False,1,0,2026-06-18 10:19:33,1781745573,,610500005,https://m.bunjang.co.kr/products/413104003
다이슨 청소기,414699721,다이슨청소기 V11 싸이클론 부품용으로 판매합니다,10000,3,판매완료,중고,,False,0,0,2026-06-18 09:20:21,1781742021,,610500005,https://m.bunjang.co.kr/products/414699721
다이슨 청소기,414619656,다이슨 SV18 청소기 판매합니다.,130000,3,판매완료,중고,,False,0,0,2026-06-17 17:45:14,1781685914,,610500005,https://m.bunjang.co.kr/products/414619656
다이슨 청소기,414495915,다이슨 청소기 v8,25000,3,판매완료,중고,,True,0,0,2026-06-16 20:14:55,1781608495,,610500005,https://m.bunjang.co.kr/products/414495915
다이슨 청소기,414495114,다이슨 청소기 v6,15000,3,판매완료,중고,,True,0,0,2026-06-16 20:09:26,1781608166,,610500005,https://m.bunjang.co.kr/products/414495114
다이슨 청소기,414307948,dyson V8 다이슨 무선청소기,80000,3,판매완료,중고,경기도 용인시 수지구 성복동,True,0,0,2026-06-16 09:42:14,1781570534,,610500005,https://m.bunjang.co.kr/products/414307948
다이슨 청소기,414389497,다이슨 무선청소기 롤러 브러쉬,35000,3,판매완료,중고,,False,0,0,2026-06-16 00:40:15,1781538015,,610500005,https://m.bunjang.co.kr/products/414389497
다이슨 청소기,412160958,다이슨청소기 V 11 용,22000,3,판매완료,중고,,True,0,0,2026-06-15 07:12:27,1781475147,,610500005,https://m.bunjang.co.kr/products/412160958
다이슨 청소기,413984947,다이슨 V8 무선 청소기 본체 거치대 충전기 브러쉬,48000,3,판매완료,중고,,False,0,0,2026-06-13 20:52:32,1781351552,,610500005,https://m.bunjang.co.kr/products/413984947
다이슨 청소기,413170677,다이슨 V8청소기 본체 및 액세서리,48000,3,판매완료,중고,,False,2,0,2026-06-13 10:43:20,1781315000,,610500005,https://m.bunjang.co.kr/products/413170677
다이슨 청소기,413769966,다이슨 V8 무선청소기 판매합니다~~,59000,3,판매완료,중고,경기도 광명시 철산3동,False,0,0,2026-06-12 18:45:16,1781257516,다이슨 무선청소기 V8,610500005,https://m.bunjang.co.kr/products/413769966
다이슨 청소기,413515175,다이슨 유선청소기 연장선 프네시,30000,3,판매완료,중고,경기도 성남시 수정구 태평1동,False,0,0,2026-06-10 22:05:49,1781096749,,610500005,https://m.bunjang.co.kr/products/413515175
다이슨 청소기,411643608,다이슨 V10 무선 진공청소기 정품 전용거치대 - 내용필독,37000,3,판매완료,중고,경상북도 포항시 북구 흥해읍,False,1,0,2026-06-09 09:41:46,1780965706,,610500005,https://m.bunjang.co.kr/products/411643608
다이슨 청소기,413122057,다이슨 무선 청소기 옴니글라이드 퍼플골드,69000,3,판매완료,중고,,False,0,0,2026-06-08 12:44:44,1780890284,,610500005,https://m.bunjang.co.kr/products/413122057
다이슨 청소기,413090163,다이슨 무선 청소기 본체다이슨 V8  V10호환 무선 청소기 본체,40000,3,판매완료,중고,대전광역시 대덕구 법2동,False,0,0,2026-06-08 02:14:14,1780852454,다이슨 다이슨청소기본체 V8-V10호환,610500005,https://m.bunjang.co.kr/products/413090163
다이슨 청소기,413051331,다이슨 청소기 클린 워시,400000,3,판매완료,중고,경상남도 창원시 마산합포구 진동면,True,3,0,2026-06-07 21:47:19,1780836439,,610500005,https://m.bunjang.co.kr/products/413051331
다이슨 청소기,412943061,다이슨 디지털 슬림 무선 청소기,150000,3,판매완료,중고,경상남도 양산시 삼성동,False,1,0,2026-06-07 12:37:15,1780803435,,610500005,https://m.bunjang.co.kr/products/412943061
다이슨 청소기,412161760,다이슨 청소기 V7부터 V11 호환(미사용),17000,3,판매완료,새상품,인천광역시 남동구 논현고잔동,False,0,0,2026-06-07 01:04:13,1780761853,,610500005,https://m.bunjang.co.kr/products/412161760
다이슨 청소기,411130653,"다이슨 무선 청소기용 배터리(V6, V7, V8, V10)",45000,3,판매완료,중고,경상북도 포항시 북구 흥해읍,False,1,0,2026-06-06 10:11:00,1780708260,청소기 리필 대용량 배터리 호환,610500005,https://m.bunjang.co.kr/products/411130653
다이슨 청소기,412503558,다이슨 디지털 슬림 퍼플 청소기,150000,3,판매완료,중고,,False,3,0,2026-06-05 15:56:49,1780642609,,610500005,https://m.bunjang.co.kr/products/412503558
다이슨 청소기,412288014,다이슨 싸이클론 V10 플러피 플러스 무선청소기,160000,3,판매완료,중고,,False,1,0,2026-06-04 12:36:23,1780544183,,610500005,https://m.bunjang.co.kr/products/412288014
다이슨 청소기,393496628,다이슨 청소기 브러쉬 2개 부품용,20000,3,판매완료,중고,,False,3,0,2026-06-02 13:12:22,1780373542,,610500005,https://m.bunjang.co.kr/products/393496628
다이슨 청소기,411537219,다이슨V6 청소기,27500,3,판매완료,중고,,False,0,0,2026-06-02 03:12:07,1780337527,,610500005,https://m.bunjang.co.kr/products/411537219
다이슨 청소기,311860794,다이슨 V7~V15 청소기 각툴 미사용 새제품 판매,14000,3,판매완료,새상품,,False,11,0,2026-05-31 12:21:48,1780197708,,610500005,https://m.bunjang.co.kr/products/311860794
다이슨 청소기,411327336,다이슨 싸이클론 V11엡솔루트청소기:6000Mah호환대용량 새밧데리,200000,3,판매완료,중고,,False,3,0,2026-05-30 22:25:51,1780147551,,610500005,https://m.bunjang.co.kr/products/411327336
다이슨 청소기,376582547,다이슨 청소기v8 본체  A급 개당가격,50000,3,판매완료,중고,,True,7,0,2026-05-05 10:35:55,1777944955,,610500005,https://m.bunjang.co.kr/products/376582547
다이슨 청소기,398599732,다이슨 v8.v10.v11청소기 헤드 브러쉬 롤러,35000,3,판매완료,중고,,False,4,0,2026-04-26 13:54:55,1777179295,,610500005,https://m.bunjang.co.kr/products/398599732
다이슨 청소기,379918031,다이슨 V10  무선 청소기 판매합니다.,185000,3,판매완료,중고,,False,8,0,2026-04-26 13:30:39,1777177839,,610500005,https://m.bunjang.co.kr/products/379918031
다이슨 청소기,389105663,다이슨 청소기 V10  모터 고장,5000,3,판매완료,중고,,False,1,0,2026-02-14 12:41:56,1771040516,,610500005,https://m.bunjang.co.kr/products/389105663
다이슨 청소기,363204055,"다이슨 청소기 v7  모터 본체, 먼지통  판매합니다.",35000,3,판매완료,중고,경기도 김포시 장기동,False,2,0,2025-10-17 14:08:21,1760677701,,610500005,https://m.bunjang.co.kr/products/363204055
다이슨 청소기,273706741,다이슨 청소기 세트,149000,3,판매완료,중고,부산광역시 기장군 일광면,False,0,0,2024-07-03 13:38:00,1719981480,데일리 선물 다이슨 청소기 세트,610500005,https://m.bunjang.co.kr/products/273706741
