search_keyword,product_id,title,price,status_code,status,condition,location,free_shipping,num_faved,num_comment,update_time,update_timestamp,tag,category_id,product_url
메디큐브 부스터 프로,413987472,메디큐브 에이지알 AGE-R 부스터 프로 블랙,106380,0,판매중,중고,,False,6,0,2026-08-27 14:38:03,1787809083,,610700003,https://m.bunjang.co.kr/products/413987472
메디큐브 부스터 프로,396500872,"홈모드 써마리프트 (부스팅젤,클리너,파우치 포함+마스크팩) 메디큐브 부스터프로 하이포커스샷 티타몬드",280000,0,판매중,중고,,False,3,0,2026-08-27 14:29:21,1787808561,,610700003,https://m.bunjang.co.kr/products/396500872
메디큐브 부스터 프로,426160038,메디큐브 에이지알 부스터프로 핑크 풀박스,95000,0,판매중,중고,,False,0,0,2026-08-27 14:20:37,1787808037,메디큐브 메디큐브부스터프로 메디큐브ems 메디큐브부스터,610700003,https://m.bunjang.co.kr/products/426160038
메디큐브 부스터 프로,424803213,메디큐브 부스터프로 블랙,100000,0,판매중,중고,,False,9,0,2026-08-27 14:03:31,1787807011,,610700003,https://m.bunjang.co.kr/products/424803213
메디큐브 부스터 프로,411739289,메디큐브 에이지알 부스터프로 새상품,218500,0,판매중,새상품,,False,1,0,2026-08-27 13:20:15,1787804415,,610700003,https://m.bunjang.co.kr/products/411739289
메디큐브 부스터 프로,426128850,메디큐브 부스터프로,120000,0,판매중,중고,,False,0,0,2026-08-27 12:43:01,1787802181,,610700003,https://m.bunjang.co.kr/products/426128850
메디큐브 부스터 프로,426042782,미개봉 메디큐브 부스터프로 짱구+히알루로닉 크림 50ml+콜라겐 마스크팩 새상품 피부케어기기 뷰티디바이스,289000,0,판매중,새상품,,False,1,0,2026-08-27 12:40:42,1787802042,,610700003,https://m.bunjang.co.kr/products/426042782
메디큐브 부스터 프로,425517631,메디큐브 에이지알 부스터 프로 미니 핑크,37000,0,판매중,중고,인천광역시 남동구 논현1동,False,7,0,2026-08-27 12:22:19,1787800939,,610700003,https://m.bunjang.co.kr/products/425517631
메디큐브 부스터 프로,425528745,메디큐브 에이지알부스터프로 짱구 에디션 뷰티디바이스,150000,0,판매중,새상품,,True,4,0,2026-08-27 12:11:36,1787800296,메디큐브에이지알,610700003,https://m.bunjang.co.kr/products/425528745
메디큐브 부스터 프로,423574538,메디큐브 AGE-R 부스터 프로 신짱구 에디션,130000,0,판매중,중고,,True,5,0,2026-08-27 11:21:39,1787797299,메디큐브부스터프로 메디큐브 메디큐브부스터 메디큐브짱구 피부관리제품,610700003,https://m.bunjang.co.kr/products/423574538
메디큐브 부스터 프로,425300813,메디큐브 에이지알 부스터프로2,280000,0,판매중,중고,,False,1,0,2026-08-27 10:42:20,1787794940,,610700003,https://m.bunjang.co.kr/products/425300813
메디큐브 부스터 프로,409241621,메디큐브 부스터프로,170000,0,판매중,중고,,True,10,0,2026-08-27 10:21:48,1787793708,메디큐브 부스터프로 메디큐브부스터프로 에이지알,610700003,https://m.bunjang.co.kr/products/409241621
메디큐브 부스터 프로,423979377,메디큐브 에이지알 부스터 프로 마이멜로디 에디션 미개봉 새상품,440000,0,판매중,새상품,전남광주통합특별시 나주시 성북동,True,4,0,2026-08-27 09:47:01,1787791621,메디큐브 메디큐브부스터프로 부스터프로미개봉 부스터프로 마이멜로디,610700003,https://m.bunjang.co.kr/products/423979377
메디큐브 부스터 프로,424681911,메디큐브 에이지알 부스터프로 핑크 새상품,147000,0,판매중,새상품,,False,5,0,2026-08-27 09:41:14,1787791274,메디큐브부스터프로 부스터프로 메디큐브 부스터프로새상품,610700003,https://m.bunjang.co.kr/products/424681911
메디큐브 부스터 프로,426056247,메디큐브 에이지알 부스터프로 짱구+글루타치온 앰플 50ml+콜라겐 마스크팩 미개봉 새상품 피부관리기기 뷰티디바이스,289000,0,판매중,새상품,,False,1,0,2026-08-27 08:38:28,1787787508,,610700003,https://m.bunjang.co.kr/products/426056247
메디큐브 부스터 프로,426039758,메디큐브 부스터프로,85000,0,판매중,중고,,False,0,0,2026-08-27 07:39:23,1787783963,,610700003,https://m.bunjang.co.kr/products/426039758
메디큐브 부스터 프로,423181409,(새제품)메디큐브 에이지알 부스터 프로 짱구 에디션 + 글루타치온 앰플,290000,0,판매중,새상품,,False,3,0,2026-08-27 07:10:45,1787782245,,610700003,https://m.bunjang.co.kr/products/423181409
메디큐브 부스터 프로,426015852,메디큐브 부스터 프로 + 메디큐브 톤업 썬크림,130000,0,판매중,중고,,False,0,0,2026-08-27 04:59:48,1787774388,메디큐브부스터프로,610700003,https://m.bunjang.co.kr/products/426015852
메디큐브 부스터 프로,426007794,메디큐브 에이지알 부스터 프로 블랙,86000,0,판매중,중고,,False,0,0,2026-08-27 02:59:41,1787767181,,610700003,https://m.bunjang.co.kr/products/426007794
메디큐브 부스터 프로,424380095,메디큐브 부스터 브이 롤러(중고) + 부스터 프로 미니(새상품) 일괄,120000,0,판매중,새상품,서울특별시 서초구 반포3동,False,3,0,2026-08-27 01:56:46,1787763406,,610700003,https://m.bunjang.co.kr/products/424380095
메디큐브 부스터 프로,425994241,메디큐브 에이지알 부스터 프로 미니 플러스,43000,0,판매중,중고,서울특별시 강북구 수유1동,False,1,0,2026-08-27 01:16:36,1787760996,,610700003,https://m.bunjang.co.kr/products/425994241
메디큐브 부스터 프로,416429156,메디큐브 에이지알 부스터 프로 블랙,139000,0,판매중,중고,,False,11,0,2026-08-27 00:41:54,1787758914,메디큐브 메디큐브부스터프로 부스터프로,610700003,https://m.bunjang.co.kr/products/416429156
메디큐브 부스터 프로,422215986,메디큐브 부스터프로 미개봉,180000,0,판매중,새상품,서울특별시 성북구 정릉제4동,False,11,0,2026-08-27 00:12:41,1787757161,,610700003,https://m.bunjang.co.kr/products/422215986
메디큐브 부스터 프로,425971083,메디큐브 부스터프로 상태굿 급전때문에 급처해요,80000,0,판매중,중고,서울특별시 송파구 잠실본동,False,0,0,2026-08-27 00:01:21,1787756481,,610700003,https://m.bunjang.co.kr/products/425971083
메디큐브 부스터 프로,421381821,메디큐브 에이지알 부스터 프로(새제품),192000,0,판매중,새상품,,False,9,0,2026-08-26 20:56:14,1787745374,,610700003,https://m.bunjang.co.kr/products/421381821
메디큐브 부스터 프로,353109694,메디큐브 부스터프로,200000,0,판매중,중고,,True,10,0,2026-08-26 20:27:01,1787743621,메디큐브부스터프로 피부관리기,610700003,https://m.bunjang.co.kr/products/353109694
메디큐브 부스터 프로,416557581,메디큐브 에이지알 부스터 프로 짱구에디션,229000,0,판매중,중고,,True,7,0,2026-08-26 20:05:23,1787742323,,610700003,https://m.bunjang.co.kr/products/416557581
메디큐브 부스터 프로,413062646,메디큐브 부스터프로  딥샷 에이지알 더마샷 판매,200000,0,판매중,중고,,True,3,0,2026-08-26 19:24:17,1787739857,,610700003,https://m.bunjang.co.kr/products/413062646
메디큐브 부스터 프로,417651002,메디큐브 부스터 프로 발렌타인 한정 에디션,128000,0,판매중,중고,,False,14,0,2026-08-26 19:21:58,1787739718,,610700003,https://m.bunjang.co.kr/products/417651002
메디큐브 부스터 프로,425532239,메디큐브 부스터프로 2(미개봉 새상품)+멀티밤+두피강화세럼,190000,0,판매중,새상품,,False,10,0,2026-08-26 18:53:46,1787738026,,610700003,https://m.bunjang.co.kr/products/425532239
메디큐브 부스터 프로,424839175,[메디큐브] 에이지알 부스터프로,93600,0,판매중,중고,,False,6,0,2026-08-26 18:24:01,1787736241,,610700003,https://m.bunjang.co.kr/products/424839175
메디큐브 부스터 프로,424985040,메디큐브 부스터 프로,110000,0,판매중,중고,,False,5,0,2026-08-26 17:14:56,1787732096,메디큐브부스터프로 메디큐브 부스터프로 미용기기 피부관리기,610700003,https://m.bunjang.co.kr/products/424985040
메디큐브 부스터 프로,420011456,메디큐브 에이지알 부스터 프로 쿠로미 에디션,280000,0,판매중,중고,,False,5,0,2026-08-26 17:11:58,1787731918,,610700003,https://m.bunjang.co.kr/products/420011456
메디큐브 부스터 프로,424438204,메디큐브 부스터 프로 미니플러스 핑크,80000,0,판매중,중고,,False,2,0,2026-08-26 15:30:18,1787725818,,610700003,https://m.bunjang.co.kr/products/424438204
메디큐브 부스터 프로,371477260,메디큐브 부스터프로 핑크 장원영 / 미개봉 새상품 저렴하게,269000,0,판매중,새상품,서울특별시 은평구 불광제1동,False,10,0,2026-08-26 13:50:26,1787719826,메디큐브 에이지알 메디큐브부스터프로,610700003,https://m.bunjang.co.kr/products/371477260
메디큐브 부스터 프로,368619113,메디큐브 부스터 프로 교환 저 쿠로미 > 님 헬로키티,123456,0,판매중,중고,서울특별시 관악구 인헌동,False,1,0,2026-08-26 13:04:02,1787717042,,610700003,https://m.bunjang.co.kr/products/368619113
메디큐브 부스터 프로,423278070,메디큐브 에이지알 부스터 프로 (새제품),185000,0,판매중,새상품,,False,4,0,2026-08-26 12:14:28,1787714068,,610700003,https://m.bunjang.co.kr/products/423278070
메디큐브 부스터 프로,425616089,메디큐브 AGE-R 부스터 프로,150000,0,판매중,중고,,True,0,0,2026-08-26 10:40:59,1787708459,,610700003,https://m.bunjang.co.kr/products/425616089
메디큐브 부스터 프로,425616050,메디큐브 부스터프로 age r,150000,0,판매중,새상품,서울특별시 양천구 신정6동,False,0,0,2026-08-26 10:40:22,1787708422,,610700003,https://m.bunjang.co.kr/products/425616050
메디큐브 부스터 프로,423840298,메디큐브 부스터프로 쿠로미 에디션 (새상품),300000,0,판매중,새상품,,False,6,0,2026-08-26 09:19:33,1787703573,,610700003,https://m.bunjang.co.kr/products/423840298
메디큐브 부스터 프로,425607571,메디큐브 부스터프로,90000,0,판매중,중고,,False,1,0,2026-08-26 07:41:50,1787697710,,610700003,https://m.bunjang.co.kr/products/425607571
메디큐브 부스터 프로,414202836,메디큐브 부스터 프로 스페셜 에디션,250000,0,판매중,중고,,False,4,0,2026-08-26 07:21:30,1787696490,,610700003,https://m.bunjang.co.kr/products/414202836
메디큐브 부스터 프로,390675670,메디큐브 에이지알 부스터 프로 쿠로미 에디션 새상품,450000,0,판매중,새상품,,False,12,0,2026-08-26 07:21:30,1787696490,,610700003,https://m.bunjang.co.kr/products/390675670
메디큐브 부스터 프로,421654062,미개봉/메디큐브 에이지알 부스터 프로 X2 (핑크),249000,0,판매중,새상품,서울특별시 성동구 금호1가동,False,21,0,2026-08-26 03:17:09,1787681829,,610700003,https://m.bunjang.co.kr/products/421654062
메디큐브 부스터 프로,425595172,메디큐브 에이지알 부스터프로 미니플러스 베이지,80000,0,판매중,중고,부산광역시 금정구 장전제1동,False,0,0,2026-08-26 00:29:53,1787671793,,610700003,https://m.bunjang.co.kr/products/425595172
메디큐브 부스터 프로,276914580,메디큐브 에이지알 부스터프로,230000,0,판매중,중고,,False,15,0,2026-08-26 00:07:04,1787670424,메디큐브 에이지알 부스터프로 피부관리 피부관리기기,610700003,https://m.bunjang.co.kr/products/276914580
메디큐브 부스터 프로,355662332,메디큐브부스터프로,230000,0,판매중,중고,,False,4,0,2026-08-26 00:05:20,1787670320,,610700003,https://m.bunjang.co.kr/products/355662332
메디큐브 부스터 프로,416224127,메디큐브 부스터프로 쿠로미에디션,200000,0,판매중,중고,,False,14,0,2026-08-25 22:29:04,1787664544,,610700003,https://m.bunjang.co.kr/products/416224127
메디큐브 부스터 프로,425574821,"[Well247 , 메디큐브] 바디튠핏 V2 + 페이스튠핏 / 부스터 프로 X2 핑크 판매",129000,0,판매중,중고,,False,3,0,2026-08-25 21:37:59,1787661479,,610700003,https://m.bunjang.co.kr/products/425574821
메디큐브 부스터 프로,416362519,메디큐브 부스터프로 뷰티 디바이스 핑크,200000,0,판매중,중고,,False,3,0,2026-08-25 20:58:37,1787659117,,610700003,https://m.bunjang.co.kr/products/416362519
메디큐브 부스터 프로,425567506,메디큐브 에이지알 부스터프로,100000,0,판매중,중고,,False,4,0,2026-08-25 20:44:46,1787658286,,610700003,https://m.bunjang.co.kr/products/425567506
메디큐브 부스터 프로,422798823,미개봉) 메디큐브 부스터프로 퍼플,165000,0,판매중,새상품,,False,6,0,2026-08-25 20:34:12,1787657652,,610700003,https://m.bunjang.co.kr/products/422798823
메디큐브 부스터 프로,422624150,(미개봉 새제품) 메디큐브 AGE-R 부스터 프로 블랙,160000,0,판매중,새상품,인천광역시 계양구 계산1동,False,11,0,2026-08-25 20:31:36,1787657496,,610700003,https://m.bunjang.co.kr/products/422624150
메디큐브 부스터 프로,425553783,메디큐브 부스터프로 짱구 에디션,200000,0,판매중,중고,대구광역시 동구 안심3.4동,False,0,0,2026-08-25 19:01:16,1787652076,메디큐브 부스터프로 메디큐브부스터프로,610700003,https://m.bunjang.co.kr/products/425553783
메디큐브 부스터 프로,424668768,메디큐브 에이지알 부스터프로 라벤더 퍼플 보라색 패키지,210000,0,판매중,중고,,False,1,0,2026-08-25 18:25:15,1787649915,메디큐브 부스터프로 메디큐브부스터프로 기기 뷰티디바이스,610700003,https://m.bunjang.co.kr/products/424668768
메디큐브 부스터 프로,424179616,메디큐브 에이지알 부스터 프로 미니 핑크,45000,0,판매중,중고,,False,11,0,2026-08-25 14:24:10,1787635450,,610700003,https://m.bunjang.co.kr/products/424179616
메디큐브 부스터 프로,419721431,메디큐브 부스터프로1 핑크 본품,90000,0,판매중,중고,,False,44,0,2026-08-25 14:18:51,1787635131,,610700003,https://m.bunjang.co.kr/products/419721431
메디큐브 부스터 프로,404196663,메디큐브 에이지알 부스터 프로 블랙,130000,0,판매중,중고,,False,14,0,2026-08-25 12:04:43,1787627083,,610700003,https://m.bunjang.co.kr/products/404196663
메디큐브 부스터 프로,425498600,메디큐브 에이지알 부스터 프로 마이멜로디 에디션,210000,0,판매중,중고,,True,5,0,2026-08-25 10:54:47,1787622887,,610700003,https://m.bunjang.co.kr/products/425498600
메디큐브 부스터 프로,424488698,메디큐브 3종 세트 (부스터프로/하이포커스/브이롤러),320000,0,판매중,중고,,True,0,0,2026-08-25 10:14:20,1787620460,,610700003,https://m.bunjang.co.kr/products/424488698
메디큐브 부스터 프로,405679831,메디큐브 에이지알 부스터 프로,113000,0,판매중,중고,,False,32,0,2026-08-25 09:10:38,1787616638,메디큐브부스터프로 메디큐브,610700003,https://m.bunjang.co.kr/products/405679831
메디큐브 부스터 프로,424175072,"메디큐브 에이지알 부스터 브이롤러 핑크 (부스터프로미니플러스,브이롤러 헤드)",130000,0,판매중,중고,,False,1,0,2026-08-25 07:31:03,1787610663,메디큐브부스터프로 메디큐브디바이스 메디큐브미니 뷰티디바이스,610700003,https://m.bunjang.co.kr/products/424175072
메디큐브 부스터 프로,425475572,메디큐브 AGE-R 에이지알 부스터 프로,140000,0,판매중,새상품,전북특별자치도 전주시 완산구 효자3동,False,1,0,2026-08-25 00:08:44,1787584124,,610700003,https://m.bunjang.co.kr/products/425475572
메디큐브 부스터 프로,425475185,미개봉 메디큐브 부스터프로X2 핑크,280000,0,판매중,새상품,,False,2,0,2026-08-25 00:04:33,1787583873,메디큐브 부스터프로x2,610700003,https://m.bunjang.co.kr/products/425475185
메디큐브 부스터 프로,354101372,메디큐브 에이지알 부스터 프로 미니,50000,0,판매중,중고,,False,17,0,2026-08-24 21:44:09,1787575449,메디큐브 메디큐브에이지알 메디큐브부스터프로 부스터프로미니,610700003,https://m.bunjang.co.kr/products/354101372
메디큐브 부스터 프로,423200235,메디큐브 에이지알 부스터 프로 미니 플러스 짱구 에디션,105000,0,판매중,새상품,,True,2,0,2026-08-24 20:46:29,1787571989,,610700003,https://m.bunjang.co.kr/products/423200235
메디큐브 부스터 프로,411537213,메디큐브 부스터프로 핑크,145000,0,판매중,중고,,False,5,0,2026-08-24 18:53:10,1787565190,메디큐브 메디큐브부스터프로 미용기기 브이라인 피부,610700003,https://m.bunjang.co.kr/products/411537213
메디큐브 부스터 프로,421143856,메디큐브 에이지알 부스터 프로 블랙,140000,0,판매중,중고,,False,6,0,2026-08-24 14:53:33,1787550813,,610700003,https://m.bunjang.co.kr/products/421143856
메디큐브 부스터 프로,390851444,택포 5만 메디큐브 부스터프로미니플러스 진동클렌저 헤드,26000,0,판매중,중고,,False,21,0,2026-08-24 11:26:58,1787538418,,610700003,https://m.bunjang.co.kr/products/390851444
메디큐브 부스터 프로,424417500,"메디큐브 에이지알 부스터 프로 미니 , 젤 & 브이롤러",110000,0,판매중,중고,서울특별시 양천구 신월7동,False,1,0,2026-08-24 10:34:02,1787535242,,610700003,https://m.bunjang.co.kr/products/424417500
메디큐브 부스터 프로,425362535,메디큐브 에이지알 부스터 프로 블랙 새상품,180000,0,판매중,새상품,,False,2,0,2026-08-24 01:16:45,1787501805,메디큐브 메디큐브부스터프로,610700003,https://m.bunjang.co.kr/products/425362535
메디큐브 부스터 프로,409613101,메디큐브 에이지알 부스터 프로 뷰티디바이스 부스터프로,160000,0,판매중,중고,,False,4,0,2026-08-24 01:06:41,1787501201,메디큐브부스터프로 하이포커스샷 더마ems 에이지알ems 마미케어ems,610700003,https://m.bunjang.co.kr/products/409613101
메디큐브 부스터 프로,376190434,메디큐브 부스터프로,179000,0,판매중,중고,,False,4,0,2026-08-23 23:37:05,1787495825,,610700003,https://m.bunjang.co.kr/products/376190434
메디큐브 부스터 프로,420863485,메디큐브 부스터 프로 발렌타인 한정 에디션,295000,0,판매중,중고,,False,0,0,2026-08-23 22:44:58,1787492698,,610700003,https://m.bunjang.co.kr/products/420863485
메디큐브 부스터 프로,423911111,메디큐브 부스터프로 미니플러스 핑크,65000,0,판매중,중고,,False,3,0,2026-08-23 21:03:45,1787486625,메디큐브 메디큐브미니플러스 메디큐브디바이스,610700003,https://m.bunjang.co.kr/products/423911111
메디큐브 부스터 프로,388802646,메디큐브 부스터프로 미니 플러스,103000,0,판매중,새상품,인천광역시 중구 운서동,False,13,0,2026-08-23 20:27:24,1787484444,메디큐브 메디힐 부스터프로 피부미용기기 메디큐브미스트,610700003,https://m.bunjang.co.kr/products/388802646
메디큐브 부스터 프로,423133988,메디큐브 부스터프로 마이멜로디 콜라보 판매,230000,0,판매중,중고,,False,11,0,2026-08-23 19:37:30,1787481450,마이멜로디 부스터프로 메디큐브,610700003,https://m.bunjang.co.kr/products/423133988
메디큐브 부스터 프로,425300120,미개봉 메디큐브 에이지알 부스터 프로 미니 핑크,100000,0,판매중,새상품,,False,0,0,2026-08-23 16:52:57,1787471577,,610700003,https://m.bunjang.co.kr/products/425300120
메디큐브 부스터 프로,420530700,메디큐브 에이지알 부스터프로,185000,0,판매중,중고,,False,0,0,2026-08-23 16:10:36,1787469036,,610700003,https://m.bunjang.co.kr/products/420530700
메디큐브 부스터 프로,396964508,[본체 미개봉 새상품] 메디큐브 에이지알 부스터 프로 헬로키티 헤드,249000,0,판매중,새상품,충청북도 청주시 서원구 분평동,False,15,0,2026-08-23 16:02:31,1787468551,헬로키티 메디큐브 부스터프로 부스터프로헬로키티 디바이스,610700003,https://m.bunjang.co.kr/products/396964508
메디큐브 부스터 프로,425265943,메디큐브 에이지알 부스터프로X2 핑크 새상품,269000,0,판매중,새상품,,False,2,0,2026-08-23 12:10:47,1787454647,,610700003,https://m.bunjang.co.kr/products/425265943
메디큐브 부스터 프로,425263630,마이멜로디 메디큐브 에이지알 부스터 프로 미니+케이블+크림 드려요~!,50000,0,판매중,중고,경기도 오산시 신장2동,False,4,0,2026-08-23 11:46:40,1787453200,메디큐브부스터프로 부스터프로미니 메디큐브ems 메디큐브부스터미니 메디큐브pdrn,610700003,https://m.bunjang.co.kr/products/425263630
메디큐브 부스터 프로,424866074,(미개봉) 메디큐브 에이지알 부스터프로X2  2세대 화이트,230000,0,판매중,새상품,서울특별시 노원구 중계2.3동,True,3,0,2026-08-23 08:16:02,1787440562,,610700003,https://m.bunjang.co.kr/products/424866074
메디큐브 부스터 프로,425219405,메디큐브~부스터프로,170000,0,판매중,중고,,True,0,0,2026-08-23 06:40:07,1787434807,,610700003,https://m.bunjang.co.kr/products/425219405
메디큐브 부스터 프로,422847651,메디큐브 부스터 프로  마이멜로디 에디션,259000,0,판매중,중고,,True,7,0,2026-08-22 21:24:52,1787401492,메디큐브부스터프로 메디큐브에이지알 마이멜로디 메디큐브 메디큐브부스터,610700003,https://m.bunjang.co.kr/products/422847651
메디큐브 부스터 프로,415688016,메디큐브 에이지알 부스터프로 짱구 에디션,210000,0,판매중,중고,,False,4,0,2026-08-22 19:52:09,1787395929,,610700003,https://m.bunjang.co.kr/products/415688016
메디큐브 부스터 프로,378721473,[*정품/미개봉] 메디큐브 에이지알 부스터 프로 핑크 새상품,190000,0,판매중,새상품,,False,44,0,2026-08-22 17:42:49,1787388169,,610700003,https://m.bunjang.co.kr/products/378721473
메디큐브 부스터 프로,412428885,(택포 새상품) 메디큐브 부스터프로 미니 + pdrn 핑크앰플(리필포함),110000,0,판매중,새상품,,False,5,0,2026-08-22 15:25:26,1787379926,메디큐브 메디큐브부스터프로 Pdrn,610700003,https://m.bunjang.co.kr/products/412428885
메디큐브 부스터 프로,425133650,메디큐브 부스터 프로 보증기간 남음 새것무상교체,110000,0,판매중,중고,,False,2,0,2026-08-22 09:13:11,1787357591,,610700003,https://m.bunjang.co.kr/products/425133650
메디큐브 부스터 프로,419202984,[정품] 메디큐브 에이지알 부스터 프로 미니 핑크,88000,0,판매중,새상품,,False,3,0,2026-08-21 21:26:52,1787315212,,610700003,https://m.bunjang.co.kr/products/419202984
메디큐브 부스터 프로,425059062,[미개봉 새상품] 메디큐브 에이지알 부스터 프로 핑크 에디션 + PDRN 젤 + 캡세트,180000,0,판매중,새상품,서울특별시 영등포구 양평제2동,False,3,0,2026-08-21 16:31:46,1787297506,메디큐브,610700003,https://m.bunjang.co.kr/products/425059062
메디큐브 부스터 프로,418539717,메디큐브 에이지알 부스터프로X2 화이트,290000,0,판매중,중고,서울특별시 성북구 장위제2동,False,5,0,2026-08-21 16:15:34,1787296534,,610700003,https://m.bunjang.co.kr/products/418539717
메디큐브 부스터 프로,424248855,메디큐브 EMS 부스터 브이롤러(부스터프로 미니 플러스 포함),90000,0,판매중,중고,,False,1,0,2026-08-21 15:00:37,1787292037,메디큐브 브이롤러,610700003,https://m.bunjang.co.kr/products/424248855
메디큐브 부스터 프로,425037128,메디큐브 에이지알 부스터프로X2,320000,0,판매중,새상품,,False,0,0,2026-08-21 13:21:51,1787286111,,610700003,https://m.bunjang.co.kr/products/425037128
메디큐브 부스터 프로,386396123,메디큐브 에이지알 부스터 프로 미개봉 새상품,270000,0,판매중,새상품,,False,1,0,2026-08-21 08:14:46,1787267686,,610700003,https://m.bunjang.co.kr/products/386396123
메디큐브 부스터 프로,395528007,메디큐브 부스터프로 미니 화이트,70000,0,판매중,중고,,False,3,0,2026-08-21 00:02:16,1787238136,,610700003,https://m.bunjang.co.kr/products/395528007
메디큐브 부스터 프로,424997220,메디큐브 에이지알 부스터프로,120000,0,판매중,중고,,False,2,0,2026-08-20 23:45:19,1787237119,,610700003,https://m.bunjang.co.kr/products/424997220
메디큐브 부스터 프로,417968926,메디큐브 부스터프로 핑크,129000,0,판매중,중고,인천광역시 연수구 송도5동,False,18,0,2026-08-20 17:35:03,1787214903,,610700003,https://m.bunjang.co.kr/products/417968926
메디큐브 부스터 프로,405905236,메디큐브 EMS 부스터 프로 미니 플러스+브이롤러 헤드 핑크,150000,0,판매중,중고,,True,9,0,2026-08-20 17:23:25,1787214205,,610700003,https://m.bunjang.co.kr/products/405905236
메디큐브 부스터 프로,413366801,메디큐브 에이지알 부스터프로 핑크+PDRN 부스터젤+캡뚜껑,180000,0,판매중,중고,,False,0,0,2026-08-20 10:46:32,1787190392,메디큐브부스터프로 부스터프로 디바이스 메디큐브 리프팅,610700003,https://m.bunjang.co.kr/products/413366801
메디큐브 부스터 프로,292785710,메디큐브 부스터프로,180000,0,판매중,중고,,False,31,0,2026-08-20 03:03:46,1787162626,메디큐브부스터프로,610700003,https://m.bunjang.co.kr/products/292785710
메디큐브 부스터 프로,424382309,메디큐브 부스터 프로 짱구 에디션,150000,0,판매중,중고,서울특별시 서초구 반포3동,False,1,0,2026-08-20 03:00:23,1787162423,,610700003,https://m.bunjang.co.kr/products/424382309
메디큐브 부스터 프로,424834159,메디큐브 부스터프로 블랙,90000,1,예약중,중고,경기도 시흥시 은행동,False,1,0,2026-08-19 18:12:25,1787130745,,610700003,https://m.bunjang.co.kr/products/424834159
메디큐브 부스터 프로,423929858,메디큐브 에이지알 부스터 프로 쿠로미 에디션 미개봉 풀세트,390000,0,판매중,새상품,충청북도 청주시 청원구 오창읍,False,3,0,2026-08-19 10:41:53,1787103713,,610700003,https://m.bunjang.co.kr/products/423929858
메디큐브 부스터 프로,356557703,[메디큐브 공식몰 구입] 부스터프로미니 판매,75000,0,판매중,중고,,False,21,0,2026-08-19 08:29:51,1787095791,,610700003,https://m.bunjang.co.kr/products/356557703
메디큐브 부스터 프로,410390795,(새상품)메디큐브 에이지알 부스터 프로 미니 플러스 핑크,117000,0,판매중,새상품,,False,8,0,2026-08-19 01:47:24,1787071644,피부케어 메디힐 장원영피부 미백 피부관리,610700003,https://m.bunjang.co.kr/products/410390795
메디큐브 부스터 프로,404503410,메디큐브 에이지알 부스터프로 새상품 짱구 흰둥이 헤어밴드,239000,0,판매중,새상품,,False,7,0,2026-08-19 00:58:28,1787068708,,610700003,https://m.bunjang.co.kr/products/404503410
메디큐브 부스터 프로,423689307,메디큐브 에이지알 부스터 프로 X2 핑크,260000,1,예약중,새상품,서울특별시 강남구 대치1동,False,11,0,2026-08-19 00:10:49,1787065849,메디큐브부스터프로 피부미용기기 메디큐브미니 피부미용 피부관리,610700003,https://m.bunjang.co.kr/products/423689307
메디큐브 부스터 프로,340872195,메디큐브 부스터 프로 미니,86500,0,판매중,중고,,True,16,0,2026-08-18 23:20:36,1787062836,,610700003,https://m.bunjang.co.kr/products/340872195
메디큐브 부스터 프로,422734950,메디큐브 부스터프로,170000,0,판매중,새상품,,True,3,0,2026-08-18 21:54:13,1787057653,,610700003,https://m.bunjang.co.kr/products/422734950
메디큐브 부스터 프로,424723330,메디큐브 부스터프로 핑크 가격제안 O,130000,0,판매중,중고,,True,3,0,2026-08-18 19:26:59,1787048819,메디큐브부스터프로 메디큐브 피부기기 피부디바이스,610700003,https://m.bunjang.co.kr/products/424723330
메디큐브 부스터 프로,413906132,메디큐브 부스터프로 + 부스터프로미니플러스 일괄,300000,0,판매중,중고,,False,6,0,2026-08-18 16:01:42,1787036502,,610700003,https://m.bunjang.co.kr/products/413906132
메디큐브 부스터 프로,406970769,미개봉 새상품 메디큐브 에이지알 부스터 프로,220000,0,판매중,새상품,,False,6,0,2026-08-18 08:23:24,1787009004,,610700003,https://m.bunjang.co.kr/products/406970769
메디큐브 부스터 프로,398895437,메디큐브 부스터프로 짱구 미개봉 새상품_바로배송가능,240000,0,판매중,새상품,,False,2,0,2026-08-18 08:23:01,1787008981,,610700003,https://m.bunjang.co.kr/products/398895437
메디큐브 부스터 프로,424642268,메디큐브 부스터프로미니플러스 브이롤러 클렌징헤드 부스터젤,180000,0,판매중,중고,,True,0,0,2026-08-18 00:12:49,1786979569,,610700003,https://m.bunjang.co.kr/products/424642268
메디큐브 부스터 프로,401763578,메디큐브 부스터 프로 미니 흰색 판매,60000,0,판매중,중고,,False,13,0,2026-08-17 23:23:02,1786976582,메디큐브 메디큐브부스터프로 메디큐브pdrn,610700003,https://m.bunjang.co.kr/products/401763578
메디큐브 부스터 프로,424636193,메디큐브 부스터프로 뷰티 디바이스 핑크,80000,0,판매중,중고,,False,11,0,2026-08-17 23:15:44,1786976144,,610700003,https://m.bunjang.co.kr/products/424636193
메디큐브 부스터 프로,403208835,거의새것 메디큐브 에이지알 부스터 프로 헬로키티,650000,0,판매중,중고,,False,1,0,2026-08-17 22:15:17,1786972517,,610700003,https://m.bunjang.co.kr/products/403208835
메디큐브 부스터 프로,424628316,"메디큐브 부스터 프로, ems",200000,0,판매중,중고,,False,1,0,2026-08-17 22:14:25,1786972465,,610700003,https://m.bunjang.co.kr/products/424628316
메디큐브 부스터 프로,422576908,메디큐브 부스터 프로 미니 화이트,60000,0,판매중,중고,,False,4,0,2026-08-17 19:17:02,1786961822,,610700003,https://m.bunjang.co.kr/products/422576908
메디큐브 부스터 프로,424534626,메디큐브 부스터프로,120000,0,판매중,중고,,False,1,0,2026-08-17 08:55:43,1786924543,,610700003,https://m.bunjang.co.kr/products/424534626
메디큐브 부스터 프로,424521733,AGE-R 부스터 프로 / 울트라튠 40.68 일괄 판매,160000,0,판매중,중고,,False,0,0,2026-08-17 01:13:48,1786896828,메디큐브부스터프로 메디큐브울트라튠 뷰티디바이스 메디큐브,610700003,https://m.bunjang.co.kr/products/424521733
메디큐브 부스터 프로,394063456,메디큐브 부스터프로,185000,0,판매중,중고,,False,20,0,2026-08-17 00:02:10,1786892530,쿼드쎄라 톰더글로우 리쥬란 리쥬리프 크라이오소닉,610700003,https://m.bunjang.co.kr/products/394063456
메디큐브 부스터 프로,424490516,메디큐브 에이지알 부스터 프로,150000,0,판매중,중고,,True,1,0,2026-08-16 20:44:37,1786880677,메디큐브 메디큐브부스터프로,610700003,https://m.bunjang.co.kr/products/424490516
메디큐브 부스터 프로,406785030,"(미개봉) 메디큐브 에이지알 부스터프로 핑크, 옐로우",200000,0,판매중,새상품,,True,10,0,2026-08-16 20:33:21,1786880001,미용기기 메디큐브부스터프로,610700003,https://m.bunjang.co.kr/products/406785030
메디큐브 부스터 프로,424457501,미개봉 메디큐브 부스터 프로 짱구 에디션,220000,0,판매중,새상품,서울특별시 송파구 방이2동,True,0,0,2026-08-16 16:30:38,1786865438,메디큐브 부스터 부스터프로 짱구에디션 짱구,410800999,https://m.bunjang.co.kr/products/424457501
메디큐브 부스터 프로,424451518,메디큐브 에이지알 부스터 프로,150000,0,판매중,중고,,False,1,0,2026-08-16 15:41:55,1786862515,,610700003,https://m.bunjang.co.kr/products/424451518
메디큐브 부스터 프로,414026138,메디큐브 에이지알 부스터 프로 핑크,145000,0,판매중,중고,,False,11,0,2026-08-16 13:33:46,1786854826,메디큐브 메디큐브부스터프로 부스터프로핑크,610700003,https://m.bunjang.co.kr/products/414026138
메디큐브 부스터 프로,424401862,메디큐브 부스터프로 미니플러스 짱구 에디션,110000,0,판매중,중고,,False,0,0,2026-08-16 00:04:34,1786806274,,610700003,https://m.bunjang.co.kr/products/424401862
메디큐브 부스터 프로,403124163,미개봉 새상품 메디큐브 에이지알 부스터 프로 마이멜로디,790000,0,판매중,새상품,,False,4,0,2026-08-15 18:17:01,1786785421,,610700003,https://m.bunjang.co.kr/products/403124163
메디큐브 부스터 프로,421779229,메디큐브 부스터프로x2 미개봉 화이트/핑크,240000,0,판매중,새상품,,True,60,0,2026-08-15 16:49:19,1786780159,,610700003,https://m.bunjang.co.kr/products/421779229
메디큐브 부스터 프로,424339508,"(일괄) 메디큐브 에지알 부스터프로, 울트라튠",180000,0,판매중,중고,,True,0,0,2026-08-15 14:50:59,1786773059,,610700003,https://m.bunjang.co.kr/products/424339508
메디큐브 부스터 프로,411532450,"급처, 풀박) 메디큐브 에이지알 부스터프로",110000,0,판매중,중고,,True,18,0,2026-08-15 14:02:30,1786770150,,610700003,https://m.bunjang.co.kr/products/411532450
메디큐브 부스터 프로,423601594,새상품 메디큐브 부스터프로 미니플러스 짱구에디션,69000,0,판매중,새상품,,False,21,0,2026-08-15 10:32:59,1786757579,부스터프로미니 부스터프로짱구 짱구 메디큐브미니 메디큐브짱구,610700003,https://m.bunjang.co.kr/products/423601594
메디큐브 부스터 프로,377006314,메디큐브 부스터프로 풀박스 (급처),190000,0,판매중,중고,,False,5,0,2026-08-15 09:01:16,1786752076,메디큐브 메디큐브부스터프로 부스터프로 뷰티디바이스,610700003,https://m.bunjang.co.kr/products/377006314
메디큐브 부스터 프로,424297000,메디큐브 에이지알 부스터 프로 블랙,120000,0,판매중,중고,,False,1,0,2026-08-15 00:25:53,1786721153,부스터프로 메디큐브,610700003,https://m.bunjang.co.kr/products/424297000
메디큐브 부스터 프로,424271637,메디큐브 부스터프로,220000,0,판매중,새상품,,False,1,0,2026-08-14 20:28:27,1786706907,,610700003,https://m.bunjang.co.kr/products/424271637
메디큐브 부스터 프로,415981357,메디큐브 부스터 프로미니,60000,0,판매중,새상품,,True,17,0,2026-08-14 15:20:16,1786688416,,610700003,https://m.bunjang.co.kr/products/415981357
메디큐브 부스터 프로,423267347,메디큐브 부스터프로X2,240000,1,예약중,중고,,False,9,0,2026-08-14 14:31:42,1786685502,메디큐브부스터프로 메디큐브 부스터프로x2 메디큐브기기,610700003,https://m.bunjang.co.kr/products/423267347
메디큐브 부스터 프로,424179241,메디큐브 부스터프로 헬로키티,120000,0,판매중,중고,,False,7,0,2026-08-13 23:04:19,1786629859,,610700003,https://m.bunjang.co.kr/products/424179241
메디큐브 부스터 프로,424173360,메디큐브 부스터 프로 미니+브이롤러+부스터젤 2개 베이지 화이트 아이보리,80000,1,예약중,중고,,False,3,0,2026-08-13 22:15:40,1786626940,,610700003,https://m.bunjang.co.kr/products/424173360
메디큐브 부스터 프로,414334050,[새기계급]메디큐브 에이지알 부스터프로 핑크,100000,0,판매중,중고,,False,28,0,2026-08-13 18:19:26,1786612766,,610700003,https://m.bunjang.co.kr/products/414334050
메디큐브 부스터 프로,415958347,메디큐브 에이지알 헬로키티 부스터프로 미개봉 새상품 정품,640000,0,판매중,새상품,,False,5,0,2026-08-13 16:58:51,1786607931,,610700003,https://m.bunjang.co.kr/products/415958347
메디큐브 부스터 프로,421525079,메디큐브 부스터프로 짱구에디션 미개봉,219000,0,판매중,새상품,경기도 오산시 남촌동,False,1,0,2026-08-13 16:16:27,1786605387,,610700003,https://m.bunjang.co.kr/products/421525079
메디큐브 부스터 프로,421525220,메디큐브 부스터프로 쿠로미 한정판 미개봉새상품,299000,0,판매중,새상품,경기도 오산시 남촌동,False,6,0,2026-08-13 16:15:41,1786605341,,610700003,https://m.bunjang.co.kr/products/421525220
메디큐브 부스터 프로,424126119,메디큐브 에이지알 부스터프로 블랙 풀박,160000,0,판매중,중고,서울특별시 종로구 종로5.6가동,False,1,0,2026-08-13 16:14:16,1786605256,,610700003,https://m.bunjang.co.kr/products/424126119
메디큐브 부스터 프로,393515500,메디큐브 부스터프로 미니 플러스 짱구 에디션 헤어롤 미개봉,4000,0,판매중,새상품,,False,9,0,2026-08-13 14:12:14,1786597934,,610700003,https://m.bunjang.co.kr/products/393515500
메디큐브 부스터 프로,405628004,메디큐브 부스터프로 핑크,157000,0,판매중,중고,,False,3,0,2026-08-12 23:27:28,1786544848,,610700003,https://m.bunjang.co.kr/products/405628004
메디큐브 부스터 프로,421504265,메디큐브 부스터프로 X2 핑크,260000,0,판매중,중고,,False,7,0,2026-08-12 19:02:52,1786528972,메디큐브 부스터프로,610700003,https://m.bunjang.co.kr/products/421504265
메디큐브 부스터 프로,394512710,AGE-R 부스터 프로 뷰티 디바이스,180000,0,판매중,중고,,False,4,0,2026-08-12 18:03:52,1786525432,메디큐브 부스터프로 홈케어 홈케어기기,610700003,https://m.bunjang.co.kr/products/394512710
메디큐브 부스터 프로,423905212,메디큐브 에이지알 부스터프로,200000,0,판매중,중고,,False,0,0,2026-08-11 19:46:38,1786445198,,610700003,https://m.bunjang.co.kr/products/423905212
메디큐브 부스터 프로,382291585,메디큐브 부스터프로,160000,0,판매중,중고,,False,18,0,2026-08-11 10:51:08,1786413068,,610700003,https://m.bunjang.co.kr/products/382291585
메디큐브 부스터 프로,417362671,메디큐브 에이지알 부스터 프로 헬로키티 에디션,520000,0,판매중,새상품,,True,2,0,2026-08-11 01:29:00,1786379340,,610700003,https://m.bunjang.co.kr/products/417362671
메디큐브 부스터 프로,423814450,메디큐브 하이포커스샷 플러스+부스터프로 짱구 에디션(새상품) 일괄판매,350000,0,판매중,중고,서울특별시 서초구 양재1동,False,0,0,2026-08-10 23:22:45,1786371765,,610700003,https://m.bunjang.co.kr/products/423814450
메디큐브 부스터 프로,416286557,메디큐브 부스터 프로 미니 플러스,83000,0,판매중,중고,,False,10,0,2026-08-10 16:41:12,1786347672,메디큐브 부스터프로 미니,610700003,https://m.bunjang.co.kr/products/416286557
메디큐브 부스터 프로,423639522,메디큐브 에이지알 부스터프로 마이멜로디 에디션 풀박스,320000,0,판매중,중고,서울특별시 강서구 화곡제8동,False,5,0,2026-08-09 16:18:20,1786259900,메디큐브부스터프로 마이멜로디 메디큐브 부스터프로 에디션,610700003,https://m.bunjang.co.kr/products/423639522
메디큐브 부스터 프로,393501282,더유핏 V-CARE 4D 밴드 시그니처 리프팅 메디큐브 부스터프로 끌리메 끌링 경락마사지 앤모드 프로,18000,0,판매중,중고,,False,3,0,2026-08-08 01:04:01,1786118641,약손명가리프팅밴드 마스크팩 리프팅테이프 끌리메 약손명가,610700003,https://m.bunjang.co.kr/products/393501282
메디큐브 부스터 프로,423442915,[새상품급] 메디큐브 에이지알 부스터 프로 핑크,125000,0,판매중,중고,,False,11,0,2026-08-07 20:47:39,1786103259,,610700003,https://m.bunjang.co.kr/products/423442915
메디큐브 부스터 프로,423353981,메디큐브 에이지알 부스터프로 마이멜로디 에디션,140000,0,판매중,중고,광주광역시 서구 상무2동,False,12,0,2026-08-07 01:32:41,1786033961,,610700003,https://m.bunjang.co.kr/products/423353981
메디큐브 부스터 프로,419923674,메디큐브 부스터프로 마이멜로디,400000,0,판매중,중고,,False,9,0,2026-08-06 23:12:34,1786025554,,610700003,https://m.bunjang.co.kr/products/419923674
메디큐브 부스터 프로,420674398,[미개봉] 메디큐브 에이지알 부스터 프로 핑크색상 새 제품입니다.,165000,0,판매중,새상품,,True,51,0,2026-08-06 15:45:41,1785998741,부스터프로x2 메디큐브부스터프로,610700003,https://m.bunjang.co.kr/products/420674398
메디큐브 부스터 프로,423270281,메디큐브 AGE-R 부스터 프로 사용감 있는 양호한 상태,87720,0,판매중,중고,,True,1,0,2026-08-06 14:35:30,1785994530,메디큐브 AGE-R 에이지알 부스터 프로,610700003,https://m.bunjang.co.kr/products/423270281
메디큐브 부스터 프로,408015384,메디큐브 에이지알 부스터프로 블랙,145000,0,판매중,중고,,False,5,0,2026-08-05 23:33:31,1785940411,메디큐브 부스터프로,610700003,https://m.bunjang.co.kr/products/408015384
메디큐브 부스터 프로,384413806,(택포)메디큐브 부스터 프로미니,88000,0,판매중,중고,,True,0,0,2026-08-05 22:02:24,1785934944,,610700003,https://m.bunjang.co.kr/products/384413806
메디큐브 부스터 프로,335707248,메디큐브 부스터프로팝니다,280000,0,판매중,중고,,False,1,0,2026-08-05 17:25:52,1785918352,,610700003,https://m.bunjang.co.kr/products/335707248
메디큐브 부스터 프로,423124843,메디큐브 에이지알 부스터 프로 3종 세트,330000,0,판매중,중고,,True,0,0,2026-08-05 11:09:22,1785895762,,610700003,https://m.bunjang.co.kr/products/423124843
메디큐브 부스터 프로,413751613,미개봉 새상품 메디큐브 에이지알 부스터 프로 마이멜로디,490000,0,판매중,새상품,,False,5,0,2026-08-05 10:25:34,1785893134,메디큐브부스터프로 메디큐브 마이멜로디 부스터프로,610700003,https://m.bunjang.co.kr/products/413751613
메디큐브 부스터 프로,419353524,(메디큐브/19만원/풀구성) 에이지알 부스터 프로 뷰티 디바이스,130000,0,판매중,중고,,False,5,0,2026-08-05 08:49:54,1785887394,매디큐브 뷰티 디바이스 부스터프로 피부,610700003,https://m.bunjang.co.kr/products/419353524
메디큐브 부스터 프로,409853569,[국내정품]메디큐브 에이지알 부스터프로(미개봉),200000,0,판매중,새상품,전북특별자치도 전주시 완산구 서신동,True,5,0,2026-08-05 05:33:13,1785875593,메디큐브부스터프로 피부관리,610700003,https://m.bunjang.co.kr/products/409853569
메디큐브 부스터 프로,421373914,메디큐브 에이지알 부스터프로 본품+상자 판매,125000,0,판매중,중고,,False,1,0,2026-08-05 03:55:08,1785869708,,610700003,https://m.bunjang.co.kr/products/421373914
메디큐브 부스터 프로,423049014,메디큐브 에이지알 부스터프로,200000,0,판매중,새상품,경기도 고양시 일산서구 송포동,False,0,0,2026-08-04 17:50:47,1785833447,,610700003,https://m.bunjang.co.kr/products/423049014
메디큐브 부스터 프로,423031742,[무료배송] 메디큐브 부스터프로 화이트 미니,40000,0,판매중,중고,,True,35,0,2026-08-04 15:40:39,1785825639,,610700003,https://m.bunjang.co.kr/products/423031742
메디큐브 부스터 프로,406432300,메디큐브 부스터 프로 핑크,150000,0,판매중,중고,,False,23,0,2026-08-04 15:18:37,1785824317,부스터프로 뷰티디바이스 메디큐브 Ems 피부관리,610700003,https://m.bunjang.co.kr/products/406432300
메디큐브 부스터 프로,419001652,메디큐브부스터프로,110000,0,판매중,중고,,False,5,0,2026-08-04 13:25:26,1785817526,메디큐브부스터프로 메드큐브 미용기기 홈디바이스,610700003,https://m.bunjang.co.kr/products/419001652
메디큐브 부스터 프로,386021820,페이셜 스킨케어 디바이스 메디큐브 해피로지 부스터프로,53190,0,판매중,중고,,False,0,0,2026-08-04 00:12:26,1785769946,,610700003,https://m.bunjang.co.kr/products/386021820
메디큐브 부스터 프로,422830457,메디큐브 에이지알 부스터 프로(새상품),150000,0,판매중,새상품,,True,3,0,2026-08-03 09:25:07,1785716707,,610700003,https://m.bunjang.co.kr/products/422830457
메디큐브 부스터 프로,395043181,(풀박) 에이지알 AGE-R 부스터 프로,190000,0,판매중,중고,,False,0,0,2026-08-03 09:10:49,1785715849,메디큐브부스터프로 메디큐브,610700003,https://m.bunjang.co.kr/products/395043181
메디큐브 부스터 프로,415822798,미개봉/ 메디큐브 부스터 프로 옐로우 (+ 마스크팩 ),185000,0,판매중,새상품,,False,1,0,2026-08-03 00:16:18,1785683778,메디큐브 메디큐브부스터프로 부스터프로 미용기기 메디큐브마스크팩,610700003,https://m.bunjang.co.kr/products/415822798
메디큐브 부스터 프로,422689734,메디큐브 에이지알 부스터 프로 미니 화이트,37000,1,예약중,중고,,False,0,0,2026-08-01 23:03:05,1785592985,메디큐브 메디큐브에이지알 프로미니 에이지알부스터,610700003,https://m.bunjang.co.kr/products/422689734
메디큐브 부스터 프로,422679688,메디큐브 에이지알 부스터 프로+미니 플러스,130000,0,판매중,중고,,False,1,0,2026-08-01 21:41:59,1785588119,,610700003,https://m.bunjang.co.kr/products/422679688
메디큐브 부스터 프로,412016023,메디큐브 에이지알 부스터 프로(새제품),210000,0,판매중,새상품,,False,8,0,2026-08-01 09:26:22,1785543982,,610700003,https://m.bunjang.co.kr/products/412016023
메디큐브 부스터 프로,422465363,메디큐브 에이지알 부스터 프로 스페셜 에디션,160000,0,판매중,중고,경기도 안산시 단원구 호수동,True,2,0,2026-07-30 23:34:04,1785422044,,610700003,https://m.bunjang.co.kr/products/422465363
메디큐브 부스터 프로,422439725,메디큐브 부스터 프로 미니 플러스,80000,0,판매중,중고,,False,2,0,2026-07-30 19:48:45,1785408525,,610700003,https://m.bunjang.co.kr/products/422439725
메디큐브 부스터 프로,421647325,메디큐브 뷰티디바이스 부스터 프로 미니,73000,0,판매중,중고,,False,3,0,2026-07-30 18:18:41,1785403121,,610700003,https://m.bunjang.co.kr/products/421647325
메디큐브 부스터 프로,422410667,메디큐브 에이지알 부스터 프로 미니 화이트,43000,0,판매중,중고,충청남도 아산시 온양5동,False,17,0,2026-07-30 16:02:11,1785394931,메디큐브,610700003,https://m.bunjang.co.kr/products/422410667
메디큐브 부스터 프로,416244474,메디큐브 에이지알 부스터 프로 핑크 에디션 + PDRN 부스터,159000,0,판매중,새상품,인천광역시 서구 아라1동,False,1,0,2026-07-30 06:36:46,1785361006,,610700003,https://m.bunjang.co.kr/products/416244474
메디큐브 부스터 프로,347277223,메디큐브 부스터프로 핑크,199000,0,판매중,중고,,False,11,0,2026-07-29 22:41:54,1785332514,메디큐브부스터프로,610700003,https://m.bunjang.co.kr/products/347277223
메디큐브 부스터 프로,422303183,메디큐브 부스터 프로 미니 화이트+파우치+앰플,70000,0,판매중,중고,,False,1,0,2026-07-29 17:20:47,1785313247,,610700003,https://m.bunjang.co.kr/products/422303183
메디큐브 부스터 프로,402557565,새상품) 메디큐브 에이지알 부스터프로 X2 + 세럼 증정,300000,0,판매중,새상품,서울특별시 강남구 논현1동,False,12,0,2026-07-29 13:12:16,1785298336,,610700003,https://m.bunjang.co.kr/products/402557565
메디큐브 부스터 프로,379970766,메디큐브 부스터프로,170000,0,판매중,중고,,False,8,0,2026-07-28 23:11:04,1785247864,메디큐브부스터프로 메디큐브 뷰티디바이스 마사지기,610700003,https://m.bunjang.co.kr/products/379970766
메디큐브 부스터 프로,401847023,메디큐브 부스터 프로 미니+브이롤러+부스터젤,135000,0,판매중,중고,,False,7,0,2026-07-28 15:27:40,1785220060,메디큐브 메디큐브부스터프로 메디큐브브이롤러,610700003,https://m.bunjang.co.kr/products/401847023
메디큐브 부스터 프로,415226784,[미개봉 새상품] 메디큐브 부스터프로 쿠로미 에디션,398000,0,판매중,새상품,,False,7,0,2026-07-28 11:30:23,1785205823,,610700003,https://m.bunjang.co.kr/products/415226784
메디큐브 부스터 프로,405950657,메디큐브 부스터프로 풀박,150000,0,판매중,중고,경기도 수원시 영통구 원천동,False,9,0,2026-07-27 22:18:44,1785158324,,610700003,https://m.bunjang.co.kr/products/405950657
메디큐브 부스터 프로,422072378,메디큐브 부스터 프로 헬로키티,250000,0,판매중,중고,,False,2,0,2026-07-27 18:08:41,1785143321,,610700003,https://m.bunjang.co.kr/products/422072378
메디큐브 부스터 프로,422019804,메디큐브 부스터프로 새상품,130000,1,예약중,새상품,,False,3,0,2026-07-27 09:41:21,1785112881,,610700003,https://m.bunjang.co.kr/products/422019804
메디큐브 부스터 프로,419747401,메디큐브 에이지알 부스터 프로 X2 화이트,240000,1,예약중,새상품,,False,13,0,2026-07-26 23:39:23,1785076763,,610500006,https://m.bunjang.co.kr/products/419747401
메디큐브 부스터 프로,395941383,(2회사용) 메디큐브 부스터 프로 블랙,240000,0,판매중,중고,,True,1,0,2026-07-26 22:32:06,1785072726,,610700003,https://m.bunjang.co.kr/products/395941383
메디큐브 부스터 프로,421946506,미개봉 새제품 메디큐브 에이지알 부스터 프로 블랙,185000,0,판매중,새상품,,True,2,0,2026-07-26 16:45:45,1785051945,,610500006,https://m.bunjang.co.kr/products/421946506
메디큐브 부스터 프로,421946316,(미개봉새제품) 메디큐브 에이지알 부스터 프로,185000,0,판매중,새상품,,True,1,0,2026-07-26 16:44:06,1785051846,,610700003,https://m.bunjang.co.kr/products/421946316
메디큐브 부스터 프로,421945950,미개봉 새제품 메디큐브 에이지알 부스터 프로  핑크,185000,0,판매중,중고,,True,0,0,2026-07-26 16:41:19,1785051679,,410100999,https://m.bunjang.co.kr/products/421945950
메디큐브 부스터 프로,421879914,메디큐브 부스터 프로 미니.화이트,79000,0,판매중,중고,,True,3,0,2026-07-25 23:05:47,1784988347,,610700003,https://m.bunjang.co.kr/products/421879914
메디큐브 부스터 프로,316708634,메디큐브 부스터프로 4개월사용,258200,0,판매중,중고,,True,2,0,2026-07-25 15:34:48,1784961288,,610700003,https://m.bunjang.co.kr/products/316708634
메디큐브 부스터 프로,403210981,거의 새것 메디큐브 에이지알 부스터 프로 쿠로미 에디션,800000,0,판매중,중고,,False,0,0,2026-07-25 11:02:52,1784944972,,610700003,https://m.bunjang.co.kr/products/403210981
메디큐브 부스터 프로,421742378,메디큐브 부스터 프로 미니 카카오프렌즈 춘식이 에디션,65000,0,판매중,중고,,False,2,0,2026-07-24 19:22:50,1784888570,,610700003,https://m.bunjang.co.kr/products/421742378
메디큐브 부스터 프로,416561376,새상품 ) 메디큐브 부스터프로 짱구 에디션,270000,0,판매중,새상품,대전광역시 서구 도안동,True,3,0,2026-07-24 16:01:31,1784876491,,610700003,https://m.bunjang.co.kr/products/416561376
메디큐브 부스터 프로,421665949,메디큐브 부스터 미니 프로 화이트,82990,0,판매중,새상품,울산광역시 북구 농소2동,False,0,0,2026-07-24 02:18:54,1784827134,메디큐브 부스터프로미니 피부디바이스 디바이스,610700003,https://m.bunjang.co.kr/products/421665949
메디큐브 부스터 프로,396180105,메디큐브 AGE - R 부스터 프로 쿠로미 에디션 새상품,426000,0,판매중,새상품,,False,4,0,2026-07-24 01:09:30,1784822970,쿠로미 메디큐브쿠로미 메디큐브부스터프로,610700003,https://m.bunjang.co.kr/products/396180105
메디큐브 부스터 프로,421652221,[새상품] 메디큐브 부스터프로,80000,0,판매중,새상품,,False,14,0,2026-07-23 23:15:59,1784816159,,610700003,https://m.bunjang.co.kr/products/421652221
메디큐브 부스터 프로,401801292,메디큐브 에이지알 부스터 프로 블랙,180000,0,판매중,중고,,False,0,0,2026-07-23 11:52:53,1784775173,,610700003,https://m.bunjang.co.kr/products/401801292
메디큐브 부스터 프로,421444548,부스터프로 헬로키티 에디션,550000,0,판매중,새상품,,True,1,0,2026-07-22 16:04:24,1784703864,부스터프로 메디큐브부스터프로 피부미용 메디큐브 헬로키티,610700003,https://m.bunjang.co.kr/products/421444548
메디큐브 부스터 프로,421309665,메디큐브 부스터프로 미니 핑크,45000,1,예약중,중고,,False,1,0,2026-07-21 20:49:20,1784634560,,610700003,https://m.bunjang.co.kr/products/421309665
메디큐브 부스터 프로,421244389,메디큐브 에이지알 부스터 프로 미니 핑크,45000,0,판매중,중고,,False,11,0,2026-07-21 15:23:42,1784615022,메디큐브부스터프로 메디큐브,610700003,https://m.bunjang.co.kr/products/421244389
메디큐브 부스터 프로,421237086,메디큐브 에이지알 부스터 프로 미니 핑크,70000,0,판매중,중고,,False,0,0,2026-07-21 14:44:04,1784612644,,610700003,https://m.bunjang.co.kr/products/421237086
메디큐브 부스터 프로,414329580,메디큐브 에이지알 부스터프로 김희선 마사지기 블랙,180000,0,판매중,중고,,True,0,0,2026-07-21 11:24:38,1784600678,,610700003,https://m.bunjang.co.kr/products/414329580
메디큐브 부스터 프로,420218027,메디큐브 에이지알 부스터 프로 블랙 (가격인하),110000,1,예약중,중고,서울특별시 강북구 삼양동,False,3,0,2026-07-20 17:40:47,1784536847,메디큐브 메디큐브부스터프로 피부관리 미용기기 홈디바이스,610700003,https://m.bunjang.co.kr/products/420218027
메디큐브 부스터 프로,421068333,메디큐브 에이지알 부스터 프로 EMS 뷰티 디바이스,110000,0,판매중,중고,,True,0,0,2026-07-20 17:20:27,1784535627,,610700003,https://m.bunjang.co.kr/products/421068333
메디큐브 부스터 프로,420932438,메디큐브 에이지알 부스터프로 마이멜로디,300000,0,판매중,중고,,False,7,0,2026-07-19 23:37:11,1784471831,,610700003,https://m.bunjang.co.kr/products/420932438
메디큐브 부스터 프로,420845937,메디큐브 에이지알 부스터 프로 미니 플러스,73000,0,판매중,중고,,True,1,0,2026-07-19 16:56:33,1784447793,,610700003,https://m.bunjang.co.kr/products/420845937
메디큐브 부스터 프로,420800576,메디큐브 부스터 프로 한정판 헬로키티 에디션,198000,0,판매중,중고,,False,13,0,2026-07-19 13:32:18,1784435538,,610700003,https://m.bunjang.co.kr/products/420800576
메디큐브 부스터 프로,420788496,메디큐브 부스터 프로 미니,52000,0,판매중,중고,,True,5,0,2026-07-19 12:26:00,1784431560,,610700003,https://m.bunjang.co.kr/products/420788496
메디큐브 부스터 프로,353744144,메디큐브 부스터 프로 미니 화이트 디바이스,80000,0,판매중,중고,,False,31,0,2026-07-18 16:12:13,1784358733,메디큐브 메디큐브부스터프로 부스터프로미니,610700003,https://m.bunjang.co.kr/products/353744144
메디큐브 부스터 프로,408030424,[정품] 메디큐브 에이지알 부스터 프로 미니 화이트,70000,0,판매중,중고,,False,7,0,2026-07-18 12:18:14,1784344694,,610700003,https://m.bunjang.co.kr/products/408030424
메디큐브 부스터 프로,393360811,[미개봉] 메디큐브 에이지알 부스터프로 블랙,220000,0,판매중,새상품,,False,3,0,2026-07-17 21:02:32,1784289752,메디큐브부스터프로 부스터프로블랙 메디큐브에이지알 메디큐브,610700003,https://m.bunjang.co.kr/products/393360811
메디큐브 부스터 프로,420329751,메디큐브 부스터 프로 스페셜,160000,0,판매중,중고,경기도 성남시 중원구 은행2동,False,0,0,2026-07-17 00:06:12,1784214372,,610700003,https://m.bunjang.co.kr/products/420329751
메디큐브 부스터 프로,415730753,메디큐브 부스터프로 블랙,102600,0,판매중,중고,,False,9,0,2026-07-16 13:47:30,1784177250,부스터프로 메디큐브,610700003,https://m.bunjang.co.kr/products/415730753
메디큐브 부스터 프로,417254050,메디큐브 뷰티 디바이스 미니플러스 부스터 프로 플러스,74000,0,판매중,중고,,True,3,0,2026-07-16 00:39:37,1784129977,,610700003,https://m.bunjang.co.kr/products/417254050
메디큐브 부스터 프로,420082484,메디큐브 부스터프로 풀박,100000,0,판매중,중고,대구광역시 달서구 상인2동,False,9,0,2026-07-16 00:13:15,1784128395,,610700003,https://m.bunjang.co.kr/products/420082484
메디큐브 부스터 프로,419552704,미개봉 메디큐브 에이지알 부스터프로 미니 플러스 짱구+선크림 새상품,123456,1,예약중,새상품,,False,0,0,2026-07-15 21:51:18,1784119878,,610700003,https://m.bunjang.co.kr/products/419552704
메디큐브 부스터 프로,412176800,메디큐브 부스터프로 미니 마이멜로디 에디션,152000,0,판매중,새상품,,True,9,0,2026-07-15 21:38:12,1784119092,,610700003,https://m.bunjang.co.kr/products/412176800
메디큐브 부스터 프로,397407947,메디큐브 부스터프로 핑크,180000,0,판매중,새상품,서울특별시 송파구 삼전동,True,5,0,2026-07-14 22:02:27,1784034147,,610700003,https://m.bunjang.co.kr/products/397407947
메디큐브 부스터 프로,403385961,메디큐브 에이지알 부스터 프로,158000,0,판매중,중고,,False,0,0,2026-07-14 19:45:27,1784025927,부스터프로 메디큐브 메디큐브부스터프로,610700003,https://m.bunjang.co.kr/products/403385961
메디큐브 부스터 프로,419864775,메디큐브 에이지알 부스터프로 미니플러스 핑크,85000,0,판매중,중고,,False,2,0,2026-07-14 18:36:57,1784021817,,610700003,https://m.bunjang.co.kr/products/419864775
메디큐브 부스터 프로,419713407,메디큐브 에이지알 부스터 프로 mini & 클렌저 세트,119000,0,판매중,중고,서울특별시 동대문구 회기동,False,4,0,2026-07-13 21:18:36,1783945116,매디큐브 부스터프로미니 피부관리기 클렌저,610700003,https://m.bunjang.co.kr/products/419713407
메디큐브 부스터 프로,414651024,"메디큐브 울트라튠, 부스터프로 일괄 판매",250000,0,판매중,중고,,False,0,0,2026-07-13 07:19:11,1783894751,,610700003,https://m.bunjang.co.kr/products/414651024
메디큐브 부스터 프로,419292421,메디큐브 부스터프로 퍼플 새상품,165000,0,판매중,새상품,,False,4,0,2026-07-11 18:37:19,1783762639,,610700003,https://m.bunjang.co.kr/products/419292421
메디큐브 부스터 프로,404758555,헬로키티 메디큐브 부스터프로,319000,0,판매중,중고,,False,9,0,2026-07-11 16:48:13,1783756093,헬로키티 메디큐브부스터프로 헬로키티메디큐브 쿠로미메디큐브 메디큐브,610700003,https://m.bunjang.co.kr/products/404758555
메디큐브 부스터 프로,419232227,메디큐브 부스터 프로 미니 화이트,80000,0,판매중,중고,경기도 고양시 일산서구 주엽2동,False,1,0,2026-07-11 13:53:09,1783745589,,610700003,https://m.bunjang.co.kr/products/419232227
메디큐브 부스터 프로,419183697,메디큐브 부스터프로,150000,0,판매중,중고,대전광역시 동구 신인동,False,2,0,2026-07-11 08:33:48,1783726428,,610700003,https://m.bunjang.co.kr/products/419183697
메디큐브 부스터 프로,391882092,(풀세트) 메디큐브 에이지알 부스터프로 블랙,190000,0,판매중,중고,,False,2,0,2026-07-11 01:24:27,1783700667,메디큐브부스터프로 메디큐브 뷰티디바이스 메디큐브에이지알,610700003,https://m.bunjang.co.kr/products/391882092
메디큐브 부스터 프로,419036450,메디큐브 에이지알 부스터프로,123000,0,판매중,중고,서울특별시 서초구 서초1동,False,4,0,2026-07-10 13:12:12,1783656732,,610700003,https://m.bunjang.co.kr/products/419036450
메디큐브 부스터 프로,418927015,메디큐브 부스터프로 판매합니다,180000,0,판매중,중고,경기도 시흥시 배곧1동,False,1,0,2026-07-09 19:50:44,1783594244,메디큐브부스터프로 부스터프로 메디큐브,610700003,https://m.bunjang.co.kr/products/418927015
메디큐브 부스터 프로,418495049,"메디큐브 포커스샷, 울트라튠, 부스터프로",310000,0,판매중,중고,서울특별시 노원구 상계1동,True,1,0,2026-07-09 19:01:08,1783591268,,610700003,https://m.bunjang.co.kr/products/418495049
메디큐브 부스터 프로,418915893,무배 ) 메디큐브 부스터프로 미니 플러스,105000,0,판매중,중고,,True,5,0,2026-07-09 18:49:21,1783590561,,610700003,https://m.bunjang.co.kr/products/418915893
메디큐브 부스터 프로,408690223,"메디큐브 에이지알 부스터프로x2 핑크색상(세럼, 파우치 포함) 판매해요",320000,0,판매중,새상품,서울특별시 중랑구 면목본동,False,10,0,2026-07-08 19:26:20,1783506380,,610700003,https://m.bunjang.co.kr/products/408690223
메디큐브 부스터 프로,354684555,메디큐브 부스터프로,295000,0,판매중,새상품,,False,1,0,2026-07-08 15:04:31,1783490671,,610700003,https://m.bunjang.co.kr/products/354684555
메디큐브 부스터 프로,343502828,일택포함)메디큐브 부스터 프로 미니,89000,0,판매중,중고,,True,21,0,2026-07-08 01:16:11,1783440971,,610700003,https://m.bunjang.co.kr/products/343502828
메디큐브 부스터 프로,418467389,메디큐브 에이지날 부스터 프로,150000,0,판매중,중고,,False,0,0,2026-07-07 14:46:41,1783403201,,610700003,https://m.bunjang.co.kr/products/418467389
메디큐브 부스터 프로,415228017,[미개봉 새상품] 메디큐브 부스터프로 마이멜로디 에디션,580000,0,판매중,새상품,,False,2,0,2026-07-07 12:37:56,1783395476,,610700003,https://m.bunjang.co.kr/products/415228017
메디큐브 부스터 프로,406984030,메디큐브 부스터프로 미용가전,110000,0,판매중,중고,,True,13,0,2026-07-07 00:19:44,1783351184,메디큐브 메디큐브부스터프로 EMS,610700003,https://m.bunjang.co.kr/products/406984030
메디큐브 부스터 프로,415889586,메디큐브 부스터프로 핑크,150000,0,판매중,중고,서울특별시 마포구 서교동,False,10,0,2026-07-06 19:38:12,1783334292,,610700003,https://m.bunjang.co.kr/products/415889586
메디큐브 부스터 프로,315504876,교환) 메디큐브 에이지알 부스터프로,228000,0,판매중,중고,,False,6,0,2026-07-05 18:32:56,1783243976,세라매스델,610700003,https://m.bunjang.co.kr/products/315504876
메디큐브 부스터 프로,418037840,메디큐브 에이지알 부스터프로 핑크,220000,0,판매중,새상품,서울특별시 동작구 대방동,True,1,0,2026-07-05 10:47:01,1783216021,,610700003,https://m.bunjang.co.kr/products/418037840
메디큐브 부스터 프로,415601450,"메디큐브 부스터프로,하이포커스샷, 부스터 글로우 10만원이하 구해요",100000,0,판매중,중고,,False,0,0,2026-07-04 20:01:04,1783162864,메디큐브 메디큐브부스터프로 하이포커스샷,610700003,https://m.bunjang.co.kr/products/415601450
메디큐브 부스터 프로,417747223,메디큐브 AGE-R 부스터 프로 블랙 미개봉 새상품 판매합니다.,220000,0,판매중,새상품,,True,0,0,2026-07-03 23:38:41,1783089521,,610700003,https://m.bunjang.co.kr/products/417747223
메디큐브 부스터 프로,417648936,메디큐브 에이지알 부스터프로,125000,0,판매중,중고,경기도 의정부시 송산2동,True,2,0,2026-07-03 15:33:56,1783060436,에이지알 메디큐브부스터프로,610700003,https://m.bunjang.co.kr/products/417648936
메디큐브 부스터 프로,417574055,메디큐브 에이지알 부스터프로 x2 핑크 풀박,270000,0,판매중,중고,대구광역시 달성군 다사읍,False,10,0,2026-07-03 02:40:10,1783014010,,610700003,https://m.bunjang.co.kr/products/417574055
메디큐브 부스터 프로,417525087,메디큐브 부스터 프로 미니 흰색,70000,0,판매중,중고,대구광역시 북구 관문동,True,1,0,2026-07-02 21:11:00,1782994260,,610700003,https://m.bunjang.co.kr/products/417525087
메디큐브 부스터 프로,417423549,메디큐브 에이지알 부스터 프로 짱구 에디션,213000,0,판매중,중고,,True,7,0,2026-07-02 12:08:30,1782961710,부스터프로 짱구부스터프로 메디큐브,610700003,https://m.bunjang.co.kr/products/417423549
메디큐브 부스터 프로,417351694,메디큐브 에이지알 부스터프로 헬로키티 에디션,230000,0,판매중,중고,,False,6,0,2026-07-01 22:43:22,1782913402,메디큐브부스터프로 메디큐브미니플러스 메디큐브ems 장원영메디큐브포카 메디큐브한교동,610700003,https://m.bunjang.co.kr/products/417351694
메디큐브 부스터 프로,416996182,메디큐브 에이지알 부스터 프로 미니 클렌징기기,160000,0,판매중,새상품,서울특별시 중랑구 묵제1동,True,0,0,2026-06-30 00:50:41,1782748241,미용기기 메디큐브부스터프로 메디큐브,410800999,https://m.bunjang.co.kr/products/416996182
메디큐브 부스터 프로,405390200,[에이지알] 부스터 프로 미니 춘식이 에디션 메디큐브,95000,0,판매중,중고,,False,1,0,2026-06-29 17:37:43,1782722263,,610500006,https://m.bunjang.co.kr/products/405390200
메디큐브 부스터 프로,379604095,메디큐브 프로 부스터,180000,0,판매중,중고,,True,31,0,2026-06-29 09:38:40,1782693520,,610700003,https://m.bunjang.co.kr/products/379604095
메디큐브 부스터 프로,415974650,메디큐브 하이포커스샷/(플러스)/울트라튠/부스터프로/브이롤러/앰플,1000000,0,판매중,새상품,,True,2,0,2026-06-28 13:13:52,1782620032,,610700003,https://m.bunjang.co.kr/products/415974650
메디큐브 부스터 프로,416604129,메디큐브 에이지알 부스터 프로 헬로키티 에디션,355000,0,판매중,중고,대구광역시 달서구 월성2동,True,2,0,2026-06-28 03:13:46,1782584026,키티 에이지알 한정판 메디큐브 미용,610700003,https://m.bunjang.co.kr/products/416604129
메디큐브 부스터 프로,373061188,메디큐브 부스터프로미니 박스만 판매,1500,0,판매중,중고,,False,4,0,2026-06-27 23:01:31,1782568891,,610700003,https://m.bunjang.co.kr/products/373061188
메디큐브 부스터 프로,366467249,메디큐브 부스터프로 핑크 박스만 판매! 기기없어요!!! 박스만!!판매,2000,0,판매중,중고,,False,5,0,2026-06-27 23:01:31,1782568891,,610700003,https://m.bunjang.co.kr/products/366467249
메디큐브 부스터 프로,416570269,메디큐브 부스터프로,70000,0,판매중,중고,,False,21,0,2026-06-27 23:00:39,1782568839,,610700003,https://m.bunjang.co.kr/products/416570269
메디큐브 부스터 프로,302721778,[*새상품] 메디큐브 부스터프로 미니 핑크/화이트,88000,0,판매중,새상품,,False,144,0,2026-06-27 22:55:30,1782568530,,610700003,https://m.bunjang.co.kr/products/302721778
메디큐브 부스터 프로,414254863,메디큐브 부스터프로 짱구에디션,160000,1,예약중,중고,,False,3,0,2026-06-27 19:08:49,1782554929,메디큐브부스터프로 부스터프로 메디큐브짱구,610700003,https://m.bunjang.co.kr/products/414254863
메디큐브 부스터 프로,416495843,메디큐브 부스터프로 쿠로미,200000,0,판매중,중고,,False,9,0,2026-06-27 16:48:37,1782546517,,610700003,https://m.bunjang.co.kr/products/416495843
메디큐브 부스터 프로,416330948,메디큐브 부스터 프로 미니 +앰플,95000,0,판매중,새상품,서울특별시 금천구 독산제4동,True,2,0,2026-06-26 19:32:02,1782469922,,610700003,https://m.bunjang.co.kr/products/416330948
메디큐브 부스터 프로,413978646,메디큐브 한교동 부스터프로 미니 플러스,76090,1,예약중,새상품,,False,17,0,2026-06-26 14:55:34,1782453334,메디큐브부스터프로 부스터프로 한교동,610700003,https://m.bunjang.co.kr/products/413978646
메디큐브 부스터 프로,416046838,메디큐브 부스터프로,130000,0,판매중,중고,,False,3,0,2026-06-25 10:35:59,1782351359,,610700003,https://m.bunjang.co.kr/products/416046838
메디큐브 부스터 프로,414940532,메디큐브 에이지알 부스터 프로 핑크,100000,0,판매중,중고,강원특별자치도 춘천시 후평1동,True,29,0,2026-06-24 23:50:38,1782312638,,610700003,https://m.bunjang.co.kr/products/414940532
메디큐브 부스터 프로,392972136,메디큐브~부스터프로~오늘하루만이가격,130000,1,예약중,중고,,False,17,0,2026-06-24 18:16:15,1782292575,,610700003,https://m.bunjang.co.kr/products/392972136
메디큐브 부스터 프로,415858714,메디큐브 부스터 프로 에이지알 블랙,125000,0,판매중,중고,전북특별자치도 전주시 완산구 중화산1동,False,2,0,2026-06-24 10:46:43,1782265603,,610700003,https://m.bunjang.co.kr/products/415858714
메디큐브 부스터 프로,377069854,메디큐브 부스터 프로 미니,58000,0,판매중,중고,,False,43,0,2026-06-23 12:52:21,1782186741,,610700003,https://m.bunjang.co.kr/products/377069854
메디큐브 부스터 프로,397930017,메디큐브 부스터프로 미니플러스 + 진동 클렌저 + 사은품 (베이지),110000,1,예약중,중고,,False,14,0,2026-06-21 02:13:52,1781975632,,610700003,https://m.bunjang.co.kr/products/397930017
메디큐브 부스터 프로,380615189,메디큐브 부스터프로 미니 화이트,56000,0,판매중,중고,,False,8,0,2026-06-20 20:19:57,1781954397,,610700003,https://m.bunjang.co.kr/products/380615189
메디큐브 부스터 프로,403210829,미개봉 새상품 메디큐브 에이지알 부스터 프로 쿠로미 에디션,950000,0,판매중,새상품,,False,3,0,2026-06-17 22:34:33,1781703273,,610700003,https://m.bunjang.co.kr/products/403210829
메디큐브 부스터 프로,414618047,메디큐브 부스터프로1 핑크 풀박스 판매해요,160000,0,판매중,중고,,False,5,0,2026-06-17 17:34:25,1781685265,메디큐브 메디큐브부스터프로,610700003,https://m.bunjang.co.kr/products/414618047
메디큐브 부스터 프로,414608944,[풀박스]메디큐브 미니부스터 프로 춘식이 에디션,60000,0,판매중,중고,,False,19,0,2026-06-17 16:41:25,1781682085,,610700003,https://m.bunjang.co.kr/products/414608944
메디큐브 부스터 프로,414334537,메디큐브 에이지알 부스터프로 미니 플러스 짱구 에디션 + 파우치,85000,0,판매중,중고,,False,4,0,2026-06-15 18:28:21,1781515701,,610700003,https://m.bunjang.co.kr/products/414334537
메디큐브 부스터 프로,414308875,메디큐브 쿠로미 부스터프로,100000,1,예약중,중고,,True,0,0,2026-06-15 15:37:33,1781505453,부스터프로 메디큐브부스터프로 메디큐브 쿠로미 산리오,610700003,https://m.bunjang.co.kr/products/414308875
메디큐브 부스터 프로,414115042,메디큐브 에이지알 부스터 프로,99000,1,예약중,중고,,False,0,0,2026-06-14 17:11:29,1781424689,,610700003,https://m.bunjang.co.kr/products/414115042
메디큐브 부스터 프로,379766758,메디큐브 부스터 프로,220000,0,판매중,새상품,서울특별시 영등포구 영등포동,True,28,0,2026-06-12 20:11:54,1781262714,매디튜브,610700003,https://m.bunjang.co.kr/products/379766758
메디큐브 부스터 프로,413747092,(미개봉)메디큐브 부스터프로 미니+브이롤러+젤,132000,0,판매중,새상품,,False,8,0,2026-06-12 16:19:52,1781248792,,610700003,https://m.bunjang.co.kr/products/413747092
메디큐브 부스터 프로,351824868,미개봉  리뉴얼메디큐브에이지알부스터 프로,205000,0,판매중,새상품,경기도 고양시 덕양구 대덕동,False,3,0,2026-06-11 15:36:20,1781159780,,610700003,https://m.bunjang.co.kr/products/351824868
메디큐브 부스터 프로,330213868,메디큐브 부스터프로,175000,0,판매중,새상품,,True,115,0,2026-06-11 13:54:52,1781153692,메디큐브 메디큐브부스터프로 메디큐브디바이스 메디큐브부스터 부스터프로,610700003,https://m.bunjang.co.kr/products/330213868
메디큐브 부스터 프로,413524527,메디큐브 부스터프로 미니 박스 (본품X),2000,0,판매중,중고,,False,1,0,2026-06-10 23:01:23,1781100083,,610700003,https://m.bunjang.co.kr/products/413524527
메디큐브 부스터 프로,413496877,메디큐브 부스터 프로,100000,0,판매중,중고,,False,16,0,2026-06-10 20:03:02,1781089382,,610700003,https://m.bunjang.co.kr/products/413496877
메디큐브 부스터 프로,409675759,메디큐브 부스터프로x2,285000,0,판매중,중고,,False,2,0,2026-06-10 16:46:13,1781077573,,610700003,https://m.bunjang.co.kr/products/409675759
메디큐브 부스터 프로,413362239,메디큐브 부스터 프로 블랙,150000,0,판매중,중고,인천광역시 미추홀구 학익1동,False,1,0,2026-06-09 21:04:56,1781006696,,610700003,https://m.bunjang.co.kr/products/413362239
메디큐브 부스터 프로,413138502,메디큐브 부스터 프로,105000,0,판매중,중고,,False,8,0,2026-06-08 15:00:55,1780898455,,610700003,https://m.bunjang.co.kr/products/413138502
메디큐브 부스터 프로,413125967,메디큐브 마이멜로디 부스터 프로 미니 플러스,50000,1,예약중,중고,,False,2,0,2026-06-08 13:19:57,1780892397,메디큐브 뷰티디바이스,610700003,https://m.bunjang.co.kr/products/413125967
메디큐브 부스터 프로,394645505,(미개봉) 메디큐브 에이지알 부스터 프로 미니,80000,0,판매중,새상품,,False,10,0,2026-06-08 01:45:54,1780850754,,610700003,https://m.bunjang.co.kr/products/394645505
메디큐브 부스터 프로,411097173,"메디큐브 에이지알 부스터프로 [미개봉,헤드캡포함]",295000,0,판매중,새상품,경상남도 진주시 성북동,False,0,0,2026-06-07 10:04:14,1780794254,,610700003,https://m.bunjang.co.kr/products/411097173
메디큐브 부스터 프로,412864602,메디큐브 에이지알 부스터 프로 미니 판매,60000,0,판매중,중고,,False,6,0,2026-06-07 00:16:55,1780759015,메디큐브부스터프로 메디큐브미니 부스터프로,610700003,https://m.bunjang.co.kr/products/412864602
메디큐브 부스터 프로,403550404,메디큐브 에이지알 부스터프로 노란색,230000,0,판매중,새상품,서울특별시 송파구 삼전동,False,1,0,2026-06-06 21:05:33,1780747533,,610700003,https://m.bunjang.co.kr/products/403550404
메디큐브 부스터 프로,412323576,메디큐브 AGE-R 부스터 프로 블랙 풀박스,130000,0,판매중,중고,,True,9,0,2026-06-05 21:31:10,1780662670,,610700003,https://m.bunjang.co.kr/products/412323576
메디큐브 부스터 프로,412434091,메디큐브 에이지알 부스터프로X2,290000,0,판매중,중고,충청북도 진천군 광혜원면,False,1,0,2026-06-05 06:43:59,1780609439,,610700003,https://m.bunjang.co.kr/products/412434091
메디큐브 부스터 프로,322383427,메디큐브 부스터프로,210000,0,판매중,새상품,서울특별시 강서구 화곡제6동,False,2,0,2026-06-05 03:30:28,1780597828,,610700003,https://m.bunjang.co.kr/products/322383427
메디큐브 부스터 프로,412149490,메디큐브 부스터프로,90000,0,판매중,중고,,False,24,0,2026-06-03 22:16:05,1780492565,메디큐브 메디큐브부스터프로,610700003,https://m.bunjang.co.kr/products/412149490
메디큐브 부스터 프로,351424687,PDRN크림증정) 메디큐브 부스터 프로 블랙 곰돌이 스페셜 헤드캡 에디션 풀박스,175000,0,판매중,중고,,True,11,0,2026-06-03 18:50:06,1780480206,헬로키티 쿠로미 짱구 흰둥이 마이멜로디,610700003,https://m.bunjang.co.kr/products/351424687
메디큐브 부스터 프로,412089594,메디큐브 부스터프로 디바이스 팔아요,130000,0,판매중,중고,,True,23,0,2026-06-03 17:11:19,1780474279,,610700003,https://m.bunjang.co.kr/products/412089594
메디큐브 부스터 프로,412054970,메디큐브 부스터프로미니 (화이트),400000,1,예약중,중고,전북특별자치도 전주시 완산구 효자3동,False,6,0,2026-06-03 14:22:57,1780464177,메디큐브부스터프로 메디큐브,610700003,https://m.bunjang.co.kr/products/412054970
메디큐브 부스터 프로,381994288,메디큐브 부스터프로 미개봉(케이스 캡 포함),190000,0,판매중,새상품,,False,16,0,2026-06-03 10:55:30,1780451730,,610700003,https://m.bunjang.co.kr/products/381994288
메디큐브 부스터 프로,393003347,메디큐브 부스터프로 미개봉(+히알루로닉 멀티 펩타이드 세럼),230000,0,판매중,새상품,인천광역시 남동구 만수4동,False,5,0,2026-06-03 00:46:28,1780415188,메디큐브 부스터프로 세럼 뷰티디바이스,610700003,https://m.bunjang.co.kr/products/393003347
메디큐브 부스터 프로,411650348,메디큐브 에이지알 부스터 프로 미니 핑크,90000,0,판매중,중고,,False,0,0,2026-06-01 11:16:38,1780280198,,610700003,https://m.bunjang.co.kr/products/411650348
메디큐브 부스터 프로,410483784,메디큐브 에이지알 (AGE-R) 부스터프로x2 핑크 새상품,300000,0,판매중,새상품,,False,8,0,2026-05-31 20:45:21,1780227921,,610700003,https://m.bunjang.co.kr/products/410483784
메디큐브 부스터 프로,411006567,메디큐브 에이지알 부스터 프로 쿠로미 에디션,250000,0,판매중,중고,서울특별시 마포구 서교동,False,0,0,2026-05-29 21:21:04,1780057264,,610700003,https://m.bunjang.co.kr/products/411006567
메디큐브 부스터 프로,410819739,메디큐브 에이지알 부스터 프로 ema 에어샷 소닉 더마샷 뷰티 디바이스,90000,1,예약중,중고,,False,8,0,2026-05-28 21:14:58,1779970498,,610700003,https://m.bunjang.co.kr/products/410819739
메디큐브 부스터 프로,410670298,메디큐브 부스터프로 풀박스 + 캡,130000,1,예약중,중고,서울특별시 용산구 청파동,False,2,0,2026-05-28 01:09:33,1779898173,메디큐브 부스터프로,610700003,https://m.bunjang.co.kr/products/410670298
메디큐브 부스터 프로,410606359,메디큐브 부스터프로,160000,0,판매중,중고,,False,1,0,2026-05-27 19:18:53,1779877133,,610700003,https://m.bunjang.co.kr/products/410606359
메디큐브 부스터 프로,354282237,메디큐브 부스터 프로 미니 화이트,80000,0,판매중,중고,인천광역시 서구 검단3동,False,8,0,2026-05-25 01:15:02,1779639302,부스터 부스터미니 메디큐브 마사지기 피부,610700003,https://m.bunjang.co.kr/products/354282237
메디큐브 부스터 프로,409936565,메디큐브 부스터프로 x2 화이트,288000,1,예약중,중고,경기도 의정부시 송산3동,False,3,0,2026-05-24 11:58:21,1779591501,,610700003,https://m.bunjang.co.kr/products/409936565
메디큐브 부스터 프로,409438608,메디큐브 부스터프로+증정품,310000,0,판매중,새상품,서울특별시 광진구 군자동,False,0,0,2026-05-21 20:56:30,1779364590,,610700003,https://m.bunjang.co.kr/products/409438608
메디큐브 부스터 프로,407654347,메디큐브 부스터프로 미니 플러스,80000,0,판매중,중고,,False,6,0,2026-05-20 17:51:20,1779267080,메디큐브 부스터프로,610700003,https://m.bunjang.co.kr/products/407654347
메디큐브 부스터 프로,368472165,메디큐브 에이지알 부스터 프로 잔망루피,299000,0,판매중,중고,,True,16,0,2026-05-20 02:09:46,1779210586,메디큐브 에이지알 부스터프로 잔망루피 루피,610700003,https://m.bunjang.co.kr/products/368472165
메디큐브 부스터 프로,409050006,메디큐브 부스터프로,65000,1,예약중,중고,,False,0,0,2026-05-19 21:06:04,1779192364,,610700003,https://m.bunjang.co.kr/products/409050006
메디큐브 부스터 프로,404326517,메디큐브 부스터 프로,140000,0,판매중,중고,,True,11,0,2026-05-18 23:49:20,1779115760,,610700003,https://m.bunjang.co.kr/products/404326517
메디큐브 부스터 프로,386910959,[새상품]메디큐브 에이지알 부스터프로+메디큐브 쿨링 마스크팩 4개,210000,1,예약중,새상품,경기도 안산시 상록구 월피동,True,3,0,2026-05-18 23:03:48,1779113028,메디큐브부스터프로 부스터프로 메디큐브,610700003,https://m.bunjang.co.kr/products/386910959
메디큐브 부스터 프로,408642538,메디큐브 에이지알 부스터프로,100000,1,예약중,중고,경기도 고양시 덕양구 화정1동,False,0,0,2026-05-17 18:43:26,1779011006,에이지알 부스터프로 메디큐브 메디큐브부스터프로 age-r,610700003,https://m.bunjang.co.kr/products/408642538
메디큐브 부스터 프로,408436321,메디큐브 부스터프로,180000,0,판매중,새상품,,True,1,0,2026-05-16 19:33:45,1778927625,메디큐브 메디큐브부스터프로 메디큐브부스터 부스터프로 부스터,610700003,https://m.bunjang.co.kr/products/408436321
메디큐브 부스터 프로,405083880,메디큐브 에이지알 부스터프로 미니 플러스 핑크,77000,0,판매중,중고,경기도 김포시 구래동,False,24,0,2026-05-14 16:39:10,1778744350,,610700003,https://m.bunjang.co.kr/products/405083880
메디큐브 부스터 프로,407572545,메디큐브 에이지알 부스터 프로 라벤더,160000,0,판매중,중고,부산광역시 동래구 명륜동,True,6,0,2026-05-13 21:55:58,1778676958,,610700003,https://m.bunjang.co.kr/products/407572545
메디큐브 부스터 프로,407522098,메디큐브 부스터프로 / 하이포커스샷 일괄 판매,350000,0,판매중,중고,서울특별시 강북구 수유3동,False,1,0,2026-05-12 01:21:58,1778516518,,610700003,https://m.bunjang.co.kr/products/407522098
메디큐브 부스터 프로,407281557,메디큐브 브이롤러 + 부스터프로 미니 플러스,120000,1,예약중,중고,,False,3,0,2026-05-10 22:16:28,1778418988,,610700003,https://m.bunjang.co.kr/products/407281557
메디큐브 부스터 프로,334043671,메디큐브 부스터힐러 에어샷 일괄로 판매 급처 부스터 프로 뷰티디바이스,180000,0,판매중,중고,,False,4,0,2026-05-09 04:18:53,1778267933,뷰티 메디큐브 메디큐브부스터힐ㄹ 메디큐브에어샷,610700003,https://m.bunjang.co.kr/products/334043671
메디큐브 부스터 프로,383831744,미개봉 새상품) 메디큐브 부스터 프로,230000,0,판매중,새상품,,False,7,0,2026-05-07 21:10:30,1778155830,,610700003,https://m.bunjang.co.kr/products/383831744
메디큐브 부스터 프로,406562165,미개봉 새상품 메디큐브 부스터프로 x2,294000,1,예약중,새상품,경기도 성남시 분당구 서현1동,False,0,0,2026-05-07 16:19:59,1778138399,메디큐브 부스터프로 메디큐브부스터프로,610700003,https://m.bunjang.co.kr/products/406562165
메디큐브 부스터 프로,406521718,메디큐브 에이지알 부스터프로,105000,1,예약중,중고,부산광역시 연제구 연산제9동,False,8,0,2026-05-07 12:24:15,1778124255,메디큐브 부스터프로 에이지알,610700003,https://m.bunjang.co.kr/products/406521718
메디큐브 부스터 프로,406486552,미개봉 메디큐브 짱구부스터프로,215000,0,판매중,새상품,,True,3,0,2026-05-07 07:53:35,1778108015,,610700003,https://m.bunjang.co.kr/products/406486552
메디큐브 부스터 프로,382889718,"2회 사용, 박스O) 메디큐브 부스터프로",200000,0,판매중,중고,,False,3,0,2026-05-04 11:57:20,1777863440,,610700003,https://m.bunjang.co.kr/products/382889718
메디큐브 부스터 프로,403663312,부스터소닉 + 부스터프로 + 하이포커스샷,550000,0,판매중,중고,,False,2,0,2026-04-30 11:49:24,1777517364,디바이스 뷰티디바이스 메디큐브 Ldm,610700003,https://m.bunjang.co.kr/products/403663312
메디큐브 부스터 프로,404435366,메디큐브 부스터프로 팝니다.,150000,0,판매중,중고,경기도 성남시 중원구 도촌동,False,5,0,2026-04-28 00:53:56,1777305236,,610700003,https://m.bunjang.co.kr/products/404435366
메디큐브 부스터 프로,404228053,!이번주까지이가격! 메디큐브 마이멜로디 에이지알 부스터 프로 미니 핑크,60000,1,예약중,중고,,False,1,0,2026-04-27 00:49:40,1777218580,,610700003,https://m.bunjang.co.kr/products/404228053
메디큐브 부스터 프로,401939447,급처 새상품 메디큐브 부스터 프로 미니 플러스 핑크,145000,0,판매중,새상품,,False,9,0,2026-04-26 14:13:49,1777180429,,610700003,https://m.bunjang.co.kr/products/401939447
메디큐브 부스터 프로,374040636,메디큐브 에이지알 부스터프로 핑크 풀박스,150000,0,판매중,중고,서울특별시 성북구 보문동,True,64,0,2026-04-26 11:06:27,1777169187,뷰티디바이스 메디큐브 부스터프로 피부 메디큐브디바이스,610700003,https://m.bunjang.co.kr/products/374040636
메디큐브 부스터 프로,396543547,<새상품> 메디큐브 에이지알 부스터 프로,250000,0,판매중,새상품,,True,3,0,2026-04-22 22:58:25,1776866305,메디큐브 메디큐브부스터프로 부스터프로 메디큐브에이지알 에이지알부스터프로,610700003,https://m.bunjang.co.kr/products/396543547
메디큐브 부스터 프로,373410139,메디큐브 부스터프로 + 글루타치온/콜라겐 세럼,210000,0,판매중,중고,,True,1,0,2026-04-22 20:50:43,1776858643,,610700003,https://m.bunjang.co.kr/products/373410139
메디큐브 부스터 프로,396270076,[풀박스] 메디큐브 에이지알 AGE-R 부스터 프로 블랙 (충전기 새거,145000,1,예약중,중고,대전광역시 동구 자양동,False,26,0,2026-04-21 18:45:55,1776764755,,610700003,https://m.bunjang.co.kr/products/396270076
메디큐브 부스터 프로,402265960,메디큐브 부스터프로,150000,0,판매중,중고,경기도 광명시 철산3동,True,4,0,2026-04-17 22:09:27,1776431367,디바이스 뷰티디바이스 메디큐브 메디큐브부스터프로 부스터프로,610700003,https://m.bunjang.co.kr/products/402265960
메디큐브 부스터 프로,402244790,메디큐브 부스터프로,125000,0,판매중,중고,,True,8,0,2026-04-17 20:39:06,1776425946,메디큐브 부스터프로 홈케어기기 모공케어 리프딩기기,610700003,https://m.bunjang.co.kr/products/402244790
메디큐브 부스터 프로,400562016,메디큐브 부스터 프로 미니 + 브이롤러 풀박스 ㅅㅊㅇ)브이쎄라 앤모드,130000,1,예약중,중고,,False,7,0,2026-04-17 13:54:07,1776401647,브이쎄라 앤모드 메디큐브부스터프로 메디큐브 ems,610700003,https://m.bunjang.co.kr/products/400562016
메디큐브 부스터 프로,397718258,메디큐브 부스터 프로,230000,0,판매중,중고,인천광역시 중구 영종동,False,3,0,2026-04-16 22:04:38,1776344678,,610500006,https://m.bunjang.co.kr/products/397718258
메디큐브 부스터 프로,337956791,메디큐브 에이지알 부스터 프로,250000,0,판매중,새상품,,True,1,0,2026-04-16 04:29:35,1776281375,,610700003,https://m.bunjang.co.kr/products/337956791
메디큐브 부스터 프로,400662729,메디큐브 AGE-R 부스터프로+앰플 증정,150000,0,판매중,중고,,False,9,0,2026-04-15 15:30:08,1776234608,메디큐브부스터프로 메디큐브 에이지이알 부스터프로,610700003,https://m.bunjang.co.kr/products/400662729
메디큐브 부스터 프로,386502382,메디큐브 부스터프로 블랙,219000,0,판매중,중고,,False,6,0,2026-04-14 17:44:19,1776156259,,610700003,https://m.bunjang.co.kr/products/386502382
메디큐브 부스터 프로,401326661,메디큐브 에이지알 부스터프로 마이멜로디 에디션 풀박,244680,1,예약중,중고,,False,4,0,2026-04-13 16:04:11,1776063851,,610700003,https://m.bunjang.co.kr/products/401326661
메디큐브 부스터 프로,401285726,(미사용) 메디큐브 에이지알 부스터 프로 블랙,190000,1,예약중,새상품,,True,1,0,2026-04-13 12:18:55,1776050335,agr 부스터프로,610700003,https://m.bunjang.co.kr/products/401285726
메디큐브 부스터 프로,400971162,메디큐브 부스터프로 핑크,220000,0,판매중,중고,부산광역시 부산진구 범천제1동,False,0,0,2026-04-11 23:34:55,1775918095,,610700003,https://m.bunjang.co.kr/products/400971162
메디큐브 부스터 프로,393838063,미개봉) 메디큐브 부스터프로 미니플러스 베이지,99000,1,예약중,새상품,,False,12,0,2026-04-09 14:54:05,1775714045,,610700003,https://m.bunjang.co.kr/products/393838063
메디큐브 부스터 프로,369022140,메디큐브 에이지알 부스터 프로 블랙,205000,0,판매중,중고,,False,4,0,2026-04-06 08:42:19,1775432539,,610700003,https://m.bunjang.co.kr/products/369022140
메디큐브 부스터 프로,399723646,메디큐브 부스터프로 미니 짱구 에디션+에이지알 부스터 진동 클렌저,135000,0,판매중,중고,대전광역시 유성구 온천2동,False,4,0,2026-04-05 23:25:07,1775399107,,610700003,https://m.bunjang.co.kr/products/399723646
메디큐브 부스터 프로,389675059,메디큐브 부스터프로,215000,0,판매중,새상품,경기도 고양시 일산동구 마두1동,False,7,0,2026-04-04 23:08:56,1775311736,,610700003,https://m.bunjang.co.kr/products/389675059
메디큐브 부스터 프로,398117286,메디큐브 부스터프로 쿠로미 잔망루피 팔아요,160000,0,판매중,중고,서울특별시 강남구 역삼1동,False,27,0,2026-04-04 12:37:42,1775273862,,610700003,https://m.bunjang.co.kr/products/398117286
메디큐브 부스터 프로,399185788,메디큐브 에이지알 부스터프로 새상품+글루타치온 앰플,200000,1,예약중,새상품,,True,2,0,2026-04-03 23:35:48,1775226948,,610700003,https://m.bunjang.co.kr/products/399185788
메디큐브 부스터 프로,399185786,메디큐브 부스터프로 라벤더 곰돌이캡 포함,140000,0,판매중,중고,,False,0,0,2026-04-03 23:35:48,1775226948,,610700003,https://m.bunjang.co.kr/products/399185786
메디큐브 부스터 프로,398614054,(새상품) 메디큐브 에이지알 부스터 프로 & 메디큐브 히알루로닉 멀티 펩,240000,0,판매중,새상품,서울특별시 양천구 신정1동,False,0,0,2026-04-01 02:08:40,1774976920,,610500006,https://m.bunjang.co.kr/products/398614054
메디큐브 부스터 프로,398576242,메디큐브 에이지알 부스터프로 마이멜로디,230000,1,예약중,중고,,True,3,0,2026-03-31 22:08:27,1774962507,,610700003,https://m.bunjang.co.kr/products/398576242
메디큐브 부스터 프로,398547991,메디큐브 에이지알 부스터 프로 미니플러스 + 롤러 + 부스터젤 1 (베이,130000,1,예약중,중고,,False,2,0,2026-03-31 19:59:20,1774954760,,410100999,https://m.bunjang.co.kr/products/398547991
메디큐브 부스터 프로,398174909,메디큐브 EMS 부스터 프로 미니 플러스 + 진동 클렌저 헤드,80000,1,예약중,중고,,False,3,0,2026-03-31 07:48:20,1774910900,,610700003,https://m.bunjang.co.kr/products/398174909
메디큐브 부스터 프로,398243781,"메디큐브 부스터프로,울트라튠",230000,0,판매중,중고,,True,1,0,2026-03-30 10:13:32,1774833212,,610700003,https://m.bunjang.co.kr/products/398243781
메디큐브 부스터 프로,397641898,[미사용]메디큐브 에이지알 부스터 프로 한정판 마이멜로디 에디션,260000,1,예약중,새상품,,False,4,0,2026-03-29 19:00:20,1774778420,,610700003,https://m.bunjang.co.kr/products/397641898
메디큐브 부스터 프로,398134197,메디큐브 부스터프로 미니 플러스,80000,1,예약중,중고,,False,3,0,2026-03-29 18:36:35,1774776995,,610700003,https://m.bunjang.co.kr/products/398134197
메디큐브 부스터 프로,393144634,메디큐브 에이지알 부스터 프로 쿠로미 에디션 본품+헤드,200000,0,판매중,중고,,False,14,0,2026-03-29 00:51:34,1774713094,,610700003,https://m.bunjang.co.kr/products/393144634
메디큐브 부스터 프로,394793813,메디큐브 하이포커스 샷 플러스 핑크 + 메디큐브 부스터프로 핑크 + 부스,535000,1,예약중,중고,,False,2,0,2026-03-27 16:34:42,1774596882,,610700003,https://m.bunjang.co.kr/products/394793813
메디큐브 부스터 프로,397521245,메디큐브 에이지알 부스터 프로 쿠로미 에디션,225000,1,예약중,중고,서울특별시 서초구 방배2동,True,4,0,2026-03-26 16:14:26,1774509266,,610700003,https://m.bunjang.co.kr/products/397521245
메디큐브 부스터 프로,389359344,메디큐브 부스터프로 블랙,110000,0,판매중,중고,,False,48,0,2026-03-25 23:30:32,1774449032,,610700003,https://m.bunjang.co.kr/products/389359344
메디큐브 부스터 프로,397359732,메디큐브 부스터프로 미니,60000,0,판매중,중고,,False,8,0,2026-03-25 18:48:40,1774432120,,610700003,https://m.bunjang.co.kr/products/397359732
메디큐브 부스터 프로,396758109,미개봉크림포함 메디큐브 부스터프로 짱구 풀세트 2회사용,220000,1,예약중,중고,,False,1,0,2026-03-24 09:44:34,1774313074,,610700003,https://m.bunjang.co.kr/products/396758109
메디큐브 부스터 프로,300259998,메디큐브 에이지알 부스터 프로,260000,0,판매중,새상품,,False,28,0,2026-03-22 13:37:17,1774154237,메디큐브 에이지알 메디큐브부스터프로 메디큐브 김희선 피부케어,610700003,https://m.bunjang.co.kr/products/300259998
메디큐브 부스터 프로,394073707,메디큐브 에이지알 부스터 프로 + 세럼,12345,1,예약중,중고,,False,2,0,2026-03-22 01:38:57,1774111137,,610700003,https://m.bunjang.co.kr/products/394073707
메디큐브 부스터 프로,396618619,메디큐브 부스터프로 쿠로미한정판,320000,0,판매중,중고,,True,7,0,2026-03-22 01:19:34,1774109974,,610700003,https://m.bunjang.co.kr/products/396618619
메디큐브 부스터 프로,396589141,메디큐브 에이지알 부스터 프로(풀박),200000,0,판매중,중고,경기도 화성시 동탄구 동탄2동,False,0,0,2026-03-21 22:35:05,1774100105,,610700003,https://m.bunjang.co.kr/products/396589141
메디큐브 부스터 프로,396529835,급처) 메디큐브 부스터프로 미니 핑크,60000,1,예약중,중고,,False,0,0,2026-03-21 18:12:16,1774084336,,610700003,https://m.bunjang.co.kr/products/396529835
메디큐브 부스터 프로,376456697,메디큐브 부스터프로,230000,0,판매중,중고,,False,0,0,2026-03-20 16:20:17,1773991217,,610700003,https://m.bunjang.co.kr/products/376456697
메디큐브 부스터 프로,396123378,메디큐브 부스터프로,100000,0,판매중,중고,,False,25,0,2026-03-19 19:49:54,1773917394,,610700003,https://m.bunjang.co.kr/products/396123378
메디큐브 부스터 프로,345471084,메디큐브 에이지알 부스터 프로,215000,0,판매중,새상품,,False,23,0,2026-03-19 16:19:42,1773904782,,610700003,https://m.bunjang.co.kr/products/345471084
메디큐브 부스터 프로,396041068,(풀박) 메디큐브 에이지알 부스터프로 미니 춘식이 에디션,90000,0,판매중,중고,광주광역시 광산구 첨단1동,False,5,0,2026-03-19 11:50:33,1773888633,홈케어 부스터프로 메디큐브 에이지알 춘식이,610700003,https://m.bunjang.co.kr/products/396041068
메디큐브 부스터 프로,395944447,메디큐브 부스터 프로 미니 핑크,50000,1,예약중,중고,,False,5,0,2026-03-18 20:29:09,1773833349,메디큐브부스터프로 미니,610700003,https://m.bunjang.co.kr/products/395944447
메디큐브 부스터 프로,394570650,(판매) 메디큐브 에이지알 부스터프로 블랙,140000,1,예약중,중고,,False,10,0,2026-03-16 23:18:36,1773670716,,610700003,https://m.bunjang.co.kr/products/394570650
메디큐브 부스터 프로,395563135,메디큐브 부스터프로,107000,1,예약중,중고,,False,1,0,2026-03-16 21:13:19,1773663199,,610700003,https://m.bunjang.co.kr/products/395563135
메디큐브 부스터 프로,393733046,메디큐브 부스터프로(새상품 무배),197000,1,예약중,새상품,,True,23,0,2026-03-15 13:16:11,1773548171,,610700003,https://m.bunjang.co.kr/products/393733046
메디큐브 부스터 프로,395155276,메디큐브 에이지알 부스터 프로 미니,70000,0,판매중,중고,,False,6,0,2026-03-14 21:22:13,1773490933,,610700003,https://m.bunjang.co.kr/products/395155276
메디큐브 부스터 프로,395102677,메디큐브 부스터프로,220000,0,판매중,중고,,False,0,0,2026-03-14 17:09:28,1773475768,,410800999,https://m.bunjang.co.kr/products/395102677
메디큐브 부스터 프로,388904302,메디큐브 부스터프로 블랙 새상품 미개봉,225000,0,판매중,새상품,서울특별시 송파구 삼전동,False,14,0,2026-03-14 17:03:50,1773475430,,610700003,https://m.bunjang.co.kr/products/388904302
메디큐브 부스터 프로,394244560,메디큐브 에이지알 부스터 프로 블랙,170000,0,판매중,중고,,False,8,0,2026-03-09 22:06:16,1773061576,,610700003,https://m.bunjang.co.kr/products/394244560
메디큐브 부스터 프로,393728772,메디큐브 에이지알 부스터프로 핑크,250000,0,판매중,새상품,,False,3,0,2026-03-07 17:40:38,1772872838,,610700003,https://m.bunjang.co.kr/products/393728772
메디큐브 부스터 프로,393474967,메디큐브 부스터프로 미니,60000,0,판매중,중고,,False,6,0,2026-03-06 14:33:03,1772775183,,610700003,https://m.bunjang.co.kr/products/393474967
메디큐브 부스터 프로,393086867,메디큐브 부스터 프로 미니,65000,0,판매중,중고,,False,2,0,2026-03-04 14:52:46,1772603566,,610700003,https://m.bunjang.co.kr/products/393086867
메디큐브 부스터 프로,392699115,(미개봉) 메디큐브 에이지알 부스터 프로 미니 플러스 핑크,106000,0,판매중,새상품,,False,15,0,2026-03-02 15:30:42,1772433042,,610700003,https://m.bunjang.co.kr/products/392699115
메디큐브 부스터 프로,392623400,메디큐브 부스터프로 / ems 더마샷 / 혼바디 빅롤러 세트 30만원에,270000,0,판매중,중고,경기도 안성시 안성3동,False,0,0,2026-03-02 02:52:23,1772387543,,610700003,https://m.bunjang.co.kr/products/392623400
메디큐브 부스터 프로,392604647,메디큐브 부스터프로 짱구 디바이스,275000,0,판매중,중고,부산광역시 사하구 장림제2동,True,4,0,2026-03-02 00:03:17,1772377397,,610700003,https://m.bunjang.co.kr/products/392604647
메디큐브 부스터 프로,392351864,메디큐브 부스터 프로 미니 화이트,55000,1,예약중,중고,,False,0,0,2026-03-01 04:36:06,1772307366,,610700003,https://m.bunjang.co.kr/products/392351864
메디큐브 부스터 프로,391898382,메디큐브 에이지알 부스터프로 미니플러스,70000,1,예약중,중고,,False,5,0,2026-02-28 04:15:25,1772219725,메디큐브,610700003,https://m.bunjang.co.kr/products/391898382
메디큐브 부스터 프로,391709177,메디큐브 에이지알 부스터 프로 헬로키티 콜라보,500000,0,판매중,새상품,경기도 평택시 동삭동,True,4,0,2026-02-26 12:59:29,1772078369,,610700003,https://m.bunjang.co.kr/products/391709177
메디큐브 부스터 프로,391189742,메디큐브 부스터프로,180000,1,예약중,중고,충청남도 아산시 온양3동,False,14,0,2026-02-23 22:05:18,1771851918,메디큐브부스터프로,610700003,https://m.bunjang.co.kr/products/391189742
메디큐브 부스터 프로,356093164,메디큐브 부스터프로,169000,0,판매중,중고,경기도 화성시 향남읍,False,3,0,2026-02-23 09:00:44,1771804844,메디큐브부스터프로,610700003,https://m.bunjang.co.kr/products/356093164
메디큐브 부스터 프로,390593235,메디큐브 부스터 프로 미니 화이트,50000,1,예약중,중고,,False,2,0,2026-02-21 14:50:41,1771653041,,610700003,https://m.bunjang.co.kr/products/390593235
메디큐브 부스터 프로,390393026,메디큐브 흔적 미백케어 에이지알 부스터 프로 미니,54000,0,판매중,중고,,True,27,0,2026-02-20 16:21:17,1771572077,,610700003,https://m.bunjang.co.kr/products/390393026
메디큐브 부스터 프로,389544567,메디큐브 부스터프로 헬로키티 풀박,380000,0,판매중,중고,,False,18,0,2026-02-16 11:28:10,1771208890,,610700003,https://m.bunjang.co.kr/products/389544567
메디큐브 부스터 프로,385357694,메디큐브 부스터 프로 블랙 / 핑크 각 1개,230000,0,판매중,새상품,서울특별시 송파구 삼전동,False,20,0,2026-02-11 01:31:15,1770741075,,610700003,https://m.bunjang.co.kr/products/385357694
메디큐브 부스터 프로,388264203,메디큐브 에이지알 부스터 프로 미니(파우치&충전선 포함),75000,0,판매중,중고,,False,5,0,2026-02-10 12:16:56,1770693416,메디큐브미니 메디큐브에이지알 메디큐브 미용기기 메디큐브부스터프로,610700003,https://m.bunjang.co.kr/products/388264203
메디큐브 부스터 프로,387789454,풀박스) 메디큐브 부스터프로 헬로키티 에디션,420000,0,판매중,중고,,False,11,0,2026-02-08 01:13:44,1770480824,,610700003,https://m.bunjang.co.kr/products/387789454
메디큐브 부스터 프로,387475711,메디큐브 부스터 프로 미니 춘식이 에디션,58000,1,예약중,중고,,False,5,0,2026-02-06 17:45:30,1770367530,,610700003,https://m.bunjang.co.kr/products/387475711
메디큐브 부스터 프로,387048177,"메디큐브 부스터프로 미니 (핑크, 플러스x)",64500,0,판매중,중고,경기도 화성시 동탄1동,False,13,0,2026-02-04 17:46:25,1770194785,,610700003,https://m.bunjang.co.kr/products/387048177
메디큐브 부스터 프로,387037758,메디큐브 에이지알 부스터프로 미니 플러스 핑크 새상품,118000,0,판매중,새상품,,True,2,0,2026-02-04 17:01:27,1770192087,메디큐브부스터프로 메디큐브미니플러스 미용기기 메디큐브,610700003,https://m.bunjang.co.kr/products/387037758
메디큐브 부스터 프로,386979933,[미개봉 새상품] 메디큐브 부스터프로 화이트 + 헬로키티 헤드/소독티슈,245000,1,예약중,새상품,울산광역시 중구 다운동,False,5,0,2026-02-04 12:13:27,1770174807,,610700003,https://m.bunjang.co.kr/products/386979933
메디큐브 부스터 프로,386938692,메디큐브 부스터프로,180000,0,판매중,중고,,False,4,0,2026-02-04 02:32:08,1770139928,,610700003,https://m.bunjang.co.kr/products/386938692
메디큐브 부스터 프로,386934239,메디큐브 에이지알 부스터 프로/상태 좋고 박스 있음,170000,1,예약중,중고,서울특별시 광진구 자양제4동,False,3,0,2026-02-04 01:29:59,1770136199,,610700003,https://m.bunjang.co.kr/products/386934239
메디큐브 부스터 프로,386571404,메디큐브 부스터프로 마이멜로디,200000,1,예약중,중고,,False,3,0,2026-02-02 19:24:26,1770027866,디바이스기기 홈케어,610700003,https://m.bunjang.co.kr/products/386571404
메디큐브 부스터 프로,386377495,메디큐브 에이지알 부스터 프로 + 보관함,150000,1,예약중,중고,서울특별시 강남구 신사동,False,1,0,2026-02-01 21:38:51,1769949531,메디큐브부스터프로 메디큐브 에이지알 에이지알부스터프로,610700003,https://m.bunjang.co.kr/products/386377495
메디큐브 부스터 프로,385765693,새상품) 메디큐브 장원영 부스터프로,170000,1,예약중,새상품,경기도 수원시 권선구 구운동,False,4,0,2026-01-30 12:29:11,1769743751,장원영 물광피부 메디큐브 피부 피부관리,610700003,https://m.bunjang.co.kr/products/385765693
메디큐브 부스터 프로,385342556,메디큐브 부스터프로 미니 플러스 ems 클렌저 헤드,40000,0,판매중,중고,,False,25,0,2026-01-28 13:01:08,1769572868,,610700003,https://m.bunjang.co.kr/products/385342556
메디큐브 부스터 프로,366774562,메디큐브 에이지알 부스터프로 미니,65000,0,판매중,중고,,False,15,0,2026-01-28 02:15:28,1769534128,,610700003,https://m.bunjang.co.kr/products/366774562
메디큐브 부스터 프로,384771798,[정품] 메디큐브 에이지알 부스터 프로 미니 화이트,70000,0,판매중,중고,,False,7,0,2026-01-25 18:34:40,1769333680,,610700003,https://m.bunjang.co.kr/products/384771798
메디큐브 부스터 프로,383608160,[새상품/무배] 메디큐브 부스터 프로 짱구 에디션,265000,1,예약중,새상품,,True,1,0,2026-01-24 14:15:00,1769231700,메디큐브 부스터프로 짱구 미개봉,610700003,https://m.bunjang.co.kr/products/383608160
메디큐브 부스터 프로,382869757,[판매완료]메디큐브 부스터프로 미니플러스(타래 숙지부탁드려요),85000,1,예약중,중고,,False,5,0,2026-01-22 22:01:30,1769086890,메디큐브부스터프로 부스터프로미니 메디큐브 부스터프로미니핑크,610700003,https://m.bunjang.co.kr/products/382869757
메디큐브 부스터 프로,384054092,메디큐브 에이지알 부스터프로 (+글루타치온 앰플1병),200000,0,판매중,중고,서울특별시 강서구 화곡제1동,False,1,0,2026-01-22 14:43:09,1769060589,메디큐브부스터프로 메디큐브에이지알 글루타치온앰플 뷰티디바이스 메디큐브디바이스,610700003,https://m.bunjang.co.kr/products/384054092
메디큐브 부스터 프로,382364174,**쿨거시 네고가능**메디큐브 에이지알 부스터프로 쿠로미 풀세트,185000,1,예약중,중고,,False,11,0,2026-01-19 13:55:37,1768798537,,610700003,https://m.bunjang.co.kr/products/382364174
메디큐브 부스터 프로,383310360,메디큐브 부스터프로 미니플러스 마이멜로디에디션,85000,1,예약중,중고,,False,9,0,2026-01-18 23:29:20,1768746560,메디큐브부스터프로 부스터프로미니,610700003,https://m.bunjang.co.kr/products/383310360
메디큐브 부스터 프로,370206335,메디큐브 부스터프로 블랙 풀박,165000,1,예약중,중고,,True,17,0,2026-01-18 22:11:51,1768741911,,610700003,https://m.bunjang.co.kr/products/370206335
메디큐브 부스터 프로,382850899,메디큐브 부스터 프로 미니 화이트 팝니다,80000,0,판매중,중고,,False,3,0,2026-01-17 00:22:05,1768576925,부스터프로미니 메디큐브부스터프로 메디큐브,610700003,https://m.bunjang.co.kr/products/382850899
메디큐브 부스터 프로,382694454,메디큐브 부스터 프로 팝니다(미개봉  새제품),280000,0,판매중,새상품,,False,2,0,2026-01-16 11:50:19,1768531819,,610700003,https://m.bunjang.co.kr/products/382694454
메디큐브 부스터 프로,382496321,메디큐브 에이지알 부스터 프로,150000,1,예약중,중고,,False,8,0,2026-01-16 06:26:59,1768512419,,610700003,https://m.bunjang.co.kr/products/382496321
메디큐브 부스터 프로,382653516,메디큐브 핑크색 부스터프로 미니플러스+클렌징 세트,136000,1,예약중,중고,,True,2,0,2026-01-16 01:40:34,1768495234,,610700003,https://m.bunjang.co.kr/products/382653516
메디큐브 부스터 프로,381959961,메디큐브 에이지알 부스터프로 미니 화이트,63000,1,예약중,중고,,False,2,0,2026-01-12 21:09:22,1768219762,메디큐브부스터프로 메디큐브 부스터프로미니,610700003,https://m.bunjang.co.kr/products/381959961
메디큐브 부스터 프로,381766382,메디큐브 에이지알 부스터프로미니,80000,0,판매중,중고,,False,0,0,2026-01-12 00:46:49,1768146409,,610700003,https://m.bunjang.co.kr/products/381766382
메디큐브 부스터 프로,379754455,메디큐브 부스터프로 마이멜로디,220000,1,예약중,중고,,True,17,0,2026-01-09 20:30:53,1767958253,메디큐브 메디큐브부스터프로 마이멜로디,610700003,https://m.bunjang.co.kr/products/379754455
메디큐브 부스터 프로,380744792,메디큐브 부스터프로,145350,1,예약중,중고,,False,4,0,2026-01-09 12:36:53,1767929813,,610700003,https://m.bunjang.co.kr/products/380744792
메디큐브 부스터 프로,381018364,메디큐브 부스터프로 미니,105000,0,판매중,중고,,False,3,0,2026-01-08 17:28:32,1767860912,,610700003,https://m.bunjang.co.kr/products/381018364
메디큐브 부스터 프로,381012697,메디큐브 부스터 프로 미니플러스,110000,0,판매중,새상품,,True,5,0,2026-01-08 17:04:01,1767859441,,610700003,https://m.bunjang.co.kr/products/381012697
메디큐브 부스터 프로,380969331,메디큐브 에이지알 부스터프로 잔망루피 에디션,215000,0,판매중,중고,부산광역시 북구 화명제1동,True,20,0,2026-01-08 13:26:54,1767846414,,610700003,https://m.bunjang.co.kr/products/380969331
메디큐브 부스터 프로,375221656,(미개봉 무배)메디큐브 에이지알 부스터 프로 미니플러스 짱구 에디션,92000,1,예약중,새상품,서울특별시 중구 광희동,True,22,0,2026-01-07 12:06:08,1767755168,,610700003,https://m.bunjang.co.kr/products/375221656
메디큐브 부스터 프로,380726872,메디큐브 부스터프로 쿠로미 풀구성 컨디션 좋은 중고 삽니다,300000,0,판매중,새상품,충청북도 청주시 흥덕구 강서제1동,True,7,0,2026-01-07 08:27:45,1767742065,,610700003,https://m.bunjang.co.kr/products/380726872
메디큐브 부스터 프로,368232682,메디큐브 부스터프로 미니 플러스 (베이지),90000,0,판매중,중고,서울특별시 성북구 성북동,False,12,0,2026-01-04 17:08:55,1767514135,메디큐브부스터프로 메디큐브 에이지알 부스터프로,610700003,https://m.bunjang.co.kr/products/368232682
메디큐브 부스터 프로,380125297,메디큐브 부스터 프로 미니 (구함),55000,0,판매중,중고,,False,3,0,2026-01-04 12:52:53,1767498773,메디큐브부스터프로 뷰티디바이스,610700003,https://m.bunjang.co.kr/products/380125297
메디큐브 부스터 프로,379709238,메디큐브 에이지알 부스터 프로 미니 플러스 핑크,69000,1,예약중,중고,,False,2,0,2026-01-02 13:17:23,1767327443,,610700003,https://m.bunjang.co.kr/products/379709238
메디큐브 부스터 프로,379038114,(풀박)메디큐브 부스터프로 (새상품급) *마지막가격내림*,180000,1,예약중,새상품,,False,1,0,2025-12-30 23:02:58,1767103378,메디큐브부스터프로 메디큐브 부스터프로 뷰티디바이스,610700003,https://m.bunjang.co.kr/products/379038114
메디큐브 부스터 프로,379058864,메디큐브 부스터 프로,200000,0,판매중,중고,,True,2,0,2025-12-29 22:15:40,1767014140,,610700003,https://m.bunjang.co.kr/products/379058864
메디큐브 부스터 프로,377676284,메디큐브에이지 부스터 프로,185000,1,예약중,중고,인천광역시 남동구 논현1동,False,2,0,2025-12-29 09:24:39,1766967879,,610700003,https://m.bunjang.co.kr/products/377676284
메디큐브 부스터 프로,378736298,메디큐브 부스터프로 미니,70000,0,판매중,중고,,True,10,0,2025-12-28 13:51:45,1766897505,,610700003,https://m.bunjang.co.kr/products/378736298
메디큐브 부스터 프로,378710618,"메디큐브(울트라튠,부스터프로,하이포커스샷)",150000,0,판매중,중고,,False,9,0,2025-12-28 11:34:24,1766889264,,610700003,https://m.bunjang.co.kr/products/378710618
메디큐브 부스터 프로,377786851,메디큐브 에이지알 부스터프로 풀박스,170000,0,판매중,중고,경기도 화성시 향남읍,False,28,0,2025-12-23 10:01:52,1766451712,메디큐브 메디큐브부스터프로 부스터프로 에이지알,610700003,https://m.bunjang.co.kr/products/377786851
메디큐브 부스터 프로,377744694,매디큐브 진동 클렌저 부스터 프로 (베이지),110000,0,판매중,중고,서울특별시 성북구 보문동,False,18,0,2025-12-22 23:21:33,1766413293,메디큐브 메디큐브부스터프로 메디큐브진동,610700003,https://m.bunjang.co.kr/products/377744694
메디큐브 부스터 프로,369996211,메디큐브 부스터프로 쿠로미 에디션 판매합니다,170000,1,예약중,중고,,False,14,0,2025-12-22 13:17:47,1766377067,,610700003,https://m.bunjang.co.kr/products/369996211
메디큐브 부스터 프로,322642728,메디큐브 부스터프로,180000,0,판매중,중고,경기도 안양시 만안구 박달2동,True,14,0,2025-12-21 22:31:23,1766323883,,610700003,https://m.bunjang.co.kr/products/322642728
메디큐브 부스터 프로,377034828,메디큐브 에이지알 부스터프로 블랙,130000,1,예약중,중고,서울특별시 강동구 둔촌제2동,False,8,0,2025-12-20 14:02:14,1766206934,메디큐브부스터프로 부스터프로 뷰티디바이스 에어샷 더마샷,610700003,https://m.bunjang.co.kr/products/377034828
메디큐브 부스터 프로,376193939,메디큐브 부스터프로,160000,1,예약중,중고,,False,3,0,2025-12-17 13:16:27,1765944987,,610700003,https://m.bunjang.co.kr/products/376193939
메디큐브 부스터 프로,376586295,메디큐브 부스터프로 선물세트,930000,0,판매중,새상품,,True,0,0,2025-12-17 09:55:21,1765932921,,610700003,https://m.bunjang.co.kr/products/376586295
메디큐브 부스터 프로,376478696,메디큐브 에이지알 AGE-R 부스터 프로,170000,0,판매중,중고,서울특별시 영등포구 여의동,True,5,0,2025-12-16 18:51:46,1765878706,,610700003,https://m.bunjang.co.kr/products/376478696
메디큐브 부스터 프로,376436692,메디큐브 에이지알 AGE-R 부스터 프로,195000,0,판매중,중고,,False,2,0,2025-12-16 15:32:16,1765866736,,610700003,https://m.bunjang.co.kr/products/376436692
메디큐브 부스터 프로,344983966,메디큐브 에이지알 부스터 프로(실사용 1번),248000,0,판매중,중고,서울특별시 관악구 신림동,True,2,0,2025-12-11 21:38:34,1765456714,부스터프로 메디큐브부스터프로 메디큐브 브이쎄라 뷰티,610700003,https://m.bunjang.co.kr/products/344983966
메디큐브 부스터 프로,374953455,메디큐브 부스터 진동 클렌저+부스터프로 미니,100000,0,판매중,중고,,True,9,0,2025-12-10 09:30:35,1765326635,,610700003,https://m.bunjang.co.kr/products/374953455
메디큐브 부스터 프로,374746055,메디큐브 부스터프로 미니,59000,0,판매중,중고,,False,10,0,2025-12-09 08:50:09,1765237809,,610700003,https://m.bunjang.co.kr/products/374746055
메디큐브 부스터 프로,374643392,메디큐브 부스터프로 미니/화이트 (미개봉),240000,1,예약중,새상품,경기도 용인시 기흥구 보정동,True,1,0,2025-12-08 19:17:47,1765189067,미개봉,610700003,https://m.bunjang.co.kr/products/374643392
메디큐브 부스터 프로,374280465,메디큐브 부스터프로 새상품,210000,1,예약중,새상품,,False,0,0,2025-12-07 12:16:50,1765077410,,610700003,https://m.bunjang.co.kr/products/374280465
메디큐브 부스터 프로,371663880,메디큐브 에이지알 부스터 프로,180000,1,예약중,중고,서울특별시 강남구 삼성1동,True,7,0,2025-12-04 10:04:27,1764810267,,610700003,https://m.bunjang.co.kr/products/371663880
메디큐브 부스터 프로,373410428,메디큐브 부스터프로 핑크,200000,0,판매중,중고,,False,8,0,2025-12-03 15:40:47,1764744047,,610700003,https://m.bunjang.co.kr/products/373410428
메디큐브 부스터 프로,373304029,메디큐브 부스터프로,200000,0,판매중,중고,경상남도 창원시 성산구 중앙동,True,1,0,2025-12-02 22:58:28,1764683908,,610700003,https://m.bunjang.co.kr/products/373304029
메디큐브 부스터 프로,373252009,새상품 메디큐브 부스터프로 비닐안뜯음,210000,1,예약중,새상품,경기도 고양시 덕양구 화정1동,False,5,0,2025-12-02 19:22:31,1764670951,메디큐브부스터프로,610700003,https://m.bunjang.co.kr/products/373252009
메디큐브 부스터 프로,372986248,(새상품) 메디큐브 부스터 프로 핑크,239000,0,판매중,새상품,,False,17,0,2025-12-01 14:28:01,1764566881,,610700003,https://m.bunjang.co.kr/products/372986248
메디큐브 부스터 프로,372558158,메디큐브 에이지알 부스터 프로 헬로키티,320000,0,판매중,중고,광주광역시 서구 상무1동,True,30,0,2025-11-29 21:37:30,1764419850,,610700003,https://m.bunjang.co.kr/products/372558158
메디큐브 부스터 프로,370574432,메디큐브 부스터프로,200000,1,예약중,중고,,True,0,0,2025-11-28 20:24:39,1764329079,메디큐브부스터프로 메디큐브 부스터프로 뷰티기기 뷰티디바이스,610700003,https://m.bunjang.co.kr/products/370574432
메디큐브 부스터 프로,351500445,메디큐브 에이지알 부스터 프로 새상품,220000,0,판매중,새상품,,True,7,0,2025-11-24 15:37:10,1763966230,,610700003,https://m.bunjang.co.kr/products/351500445
메디큐브 부스터 프로,364248455,"메디큐브 부스터프로미니플러스,클렌징 헤드 세트",134000,0,판매중,새상품,,False,32,0,2025-11-22 18:53:22,1763805202,,610700003,https://m.bunjang.co.kr/products/364248455
메디큐브 부스터 프로,370852416,메디큐브 에이지알 부스터프로미니,85000,0,판매중,중고,,True,2,0,2025-11-22 11:17:49,1763777869,,610700003,https://m.bunjang.co.kr/products/370852416
메디큐브 부스터 프로,370546117,메디큐브 부스터 프로(바나브 기기도 같이 드려요!),139000,1,예약중,중고,,False,1,0,2025-11-20 19:13:03,1763633583,메디큐브 메디큐브부스터프로 메디큐브에이지알 메디큐브ems 메디큐브마이멜로디,610700003,https://m.bunjang.co.kr/products/370546117
메디큐브 부스터 프로,370384805,메디큐브 부스터 프로 미니 진동 클렌저 세트,150000,0,판매중,중고,,True,3,0,2025-11-19 22:08:52,1763557732,,610700003,https://m.bunjang.co.kr/products/370384805
메디큐브 부스터 프로,366665590,메디큐브 에이지알 부스터 프로 블랙 미개봉 새상품,220000,0,판매중,새상품,,False,15,0,2025-11-19 18:10:41,1763543441,메디큐브 부스터프로 메디큐브에이지알 에이지알,610700003,https://m.bunjang.co.kr/products/366665590
메디큐브 부스터 프로,370323999,메디큐브 AGE-R 부스터 프로 + 충전기,197000,0,판매중,새상품,,False,2,0,2025-11-19 17:31:40,1763541100,,610700003,https://m.bunjang.co.kr/products/370323999
메디큐브 부스터 프로,370159928,메디큐브 에이지알 부스터 프로 핑크,200000,1,예약중,중고,,False,2,0,2025-11-18 20:57:34,1763467054,메디큐브부스터프로 메디큐브에이지알 부스터프로 부스터프로핑크 고주파기기,610700003,https://m.bunjang.co.kr/products/370159928
메디큐브 부스터 프로,369874994,메디큐브부스터프로미니,60000,0,판매중,중고,부산광역시 연제구 연산제1동,False,12,0,2025-11-17 15:17:34,1763360254,,610700003,https://m.bunjang.co.kr/products/369874994
메디큐브 부스터 프로,369639624,메디큐브 부스터프로 미니 춘식이 버전,60000,1,예약중,중고,,True,2,0,2025-11-16 14:44:28,1763271868,,610700003,https://m.bunjang.co.kr/products/369639624
메디큐브 부스터 프로,369577643,구매)메디큐브 부스터 프로 쿠로미 에디션,250000,1,예약중,새상품,,True,0,0,2025-11-16 09:42:16,1763253736,,610700003,https://m.bunjang.co.kr/products/369577643
메디큐브 부스터 프로,369344214,(우체국무료배송/새상품) 메디큐브 에이지알 부스터프로,200000,1,예약중,새상품,,True,1,0,2025-11-15 08:09:34,1763161774,메디큐브부스터프로 메디큐브 메디큐브정품 메디큐브피부,610700003,https://m.bunjang.co.kr/products/369344214
메디큐브 부스터 프로,364046071,(미개봉 정품) 메디큐브 부스터프로 핑크 20.5만원,210000,1,예약중,새상품,서울특별시 중구 신당동,True,34,0,2025-11-15 00:04:06,1763132646,,610700003,https://m.bunjang.co.kr/products/364046071
메디큐브 부스터 프로,369299696,메디큐브 에이지알 부스터 프로 미니 베이지,80000,0,판매중,중고,,False,8,0,2025-11-14 22:35:10,1763127310,메디큐브 피부 피부기기 부스터미니 모공미백,610700003,https://m.bunjang.co.kr/products/369299696
메디큐브 부스터 프로,368879941,(우체국무료배송/새상품) 메디큐브 에이지알 부스터프로,200000,1,예약중,새상품,,True,7,0,2025-11-14 18:03:39,1763111019,메디큐브부스터프로 메디큐브에이지알 메디큐브 피부기기 메디큐브새상품,610700003,https://m.bunjang.co.kr/products/368879941
메디큐브 부스터 프로,363842995,메디큐브 부스터 프로 (핑크에디션),200000,1,예약중,중고,,False,7,0,2025-11-13 20:51:38,1763034698,,610700003,https://m.bunjang.co.kr/products/363842995
메디큐브 부스터 프로,368731816,메디큐브 부스터 프로 미니 핑크,60000,0,판매중,중고,,False,35,0,2025-11-12 07:13:32,1762899212,,610700003,https://m.bunjang.co.kr/products/368731816
메디큐브 부스터 프로,368504797,메디큐브 부스터프로 마이멜로디,280000,1,예약중,중고,,True,19,0,2025-11-11 00:05:35,1762787135,,610700003,https://m.bunjang.co.kr/products/368504797
메디큐브 부스터 프로,367326712,메디큐브 부스터 프로,169000,1,예약중,중고,서울특별시 금천구 시흥제5동,False,17,0,2025-11-10 12:27:58,1762745278,,610700003,https://m.bunjang.co.kr/products/367326712
메디큐브 부스터 프로,367205774,메디큐브 에이지알 부스터 프로 미니,55000,1,예약중,중고,,False,13,0,2025-11-08 18:23:29,1762593809,메디큐브 메디큐브부스터미니 뷰티디바이스 부스터프로미니 메디큐브부스터프로,610700003,https://m.bunjang.co.kr/products/367205774
메디큐브 부스터 프로,367027195,메디큐브 에이지알 부스터프로 블랙,170000,1,예약중,중고,,False,9,0,2025-11-07 21:14:17,1762517657,메디큐브부스터프로 부스터프로 메디큐브에이지알 메디큐브 미용기기,610700003,https://m.bunjang.co.kr/products/367027195
메디큐브 부스터 프로,367501598,메디큐브 부스터프로 미개봉 (사은품 있음),250000,0,판매중,새상품,경기도 성남시 수정구 고등동,False,5,0,2025-11-06 14:31:33,1762407093,메디큐브 부스터프로,610700003,https://m.bunjang.co.kr/products/367501598
메디큐브 부스터 프로,367420661,메디큐브 부스터프로 미니 화이트,70000,0,판매중,중고,,False,3,0,2025-11-06 00:01:12,1762354872,,610700003,https://m.bunjang.co.kr/products/367420661
메디큐브 부스터 프로,367185453,메디큐브 부스터 프로 화이트,220000,0,판매중,중고,서울특별시 관악구 행운동,False,10,0,2025-11-04 21:48:05,1762260485,,610700003,https://m.bunjang.co.kr/products/367185453
메디큐브 부스터 프로,367159695,메디큐브 부스터프로 미니춘식이+제로 모공 원데이 세럼,64000,1,예약중,중고,,False,0,0,2025-11-04 20:02:31,1762254151,,610700003,https://m.bunjang.co.kr/products/367159695
메디큐브 부스터 프로,366617400,메디큐브 부스터프로미니 춘식이,53000,1,예약중,중고,,False,4,0,2025-11-03 20:23:16,1762168996,,610700003,https://m.bunjang.co.kr/products/366617400
메디큐브 부스터 프로,365596504,메디큐브 에이지알 부스터프로 (미개봉),210000,1,예약중,새상품,,False,5,0,2025-11-01 19:42:48,1761993768,,610700003,https://m.bunjang.co.kr/products/365596504
메디큐브 부스터 프로,366414731,메디큐브 부스터프로,120000,0,판매중,중고,경상북도 고령군 운수면,True,28,0,2025-11-01 15:40:58,1761979258,메디큐브부스터프로 부스터프로 고주파 피부관리기 피부미용,610700003,https://m.bunjang.co.kr/products/366414731
메디큐브 부스터 프로,357577453,메디큐브부스터프로 블랙,180000,0,판매중,중고,,False,9,0,2025-10-30 19:03:10,1761818590,,610700003,https://m.bunjang.co.kr/products/357577453
메디큐브 부스터 프로,365508247,한번사용)메디큐브 에이지알 부스터프로 핑크,200000,1,예약중,중고,서울특별시 관악구 신림동,False,2,0,2025-10-28 21:30:24,1761654624,,610700003,https://m.bunjang.co.kr/products/365508247
메디큐브 부스터 프로,365681264,메디큐브 에이지알 부스터 프로 미니 플러스 마이멜로디삽니다!!,60000,0,판매중,새상품,,True,3,0,2025-10-28 21:15:36,1761653736,,610700003,https://m.bunjang.co.kr/products/365681264
메디큐브 부스터 프로,365031852,메디큐브 에이지알 부스터 프로 풀박스,180000,0,판매중,중고,,False,23,0,2025-10-25 21:37:45,1761395865,,610700003,https://m.bunjang.co.kr/products/365031852
메디큐브 부스터 프로,364691786,메디큐브 부스터프로 마이멜로디 단순개봉 새상품,280000,1,예약중,새상품,,True,1,0,2025-10-24 12:19:37,1761275977,,610700003,https://m.bunjang.co.kr/products/364691786
메디큐브 부스터 프로,363764207,메디큐브 부스터프로 미개봉,200000,1,예약중,새상품,,False,0,0,2025-10-19 21:43:43,1760877823,메디큐브 메디큐브부스터프로 부스터프로,610700003,https://m.bunjang.co.kr/products/363764207
메디큐브 부스터 프로,361557300,메디큐브 부스터 프로 미니 핑크,75000,0,판매중,중고,,False,16,0,2025-10-18 18:09:08,1760778548,메디큐브 부스터프로미니 뷰티디바이스 잡티 미백,610700003,https://m.bunjang.co.kr/products/361557300
메디큐브 부스터 프로,363458723,메디큐브 부스터 프로,158000,1,예약중,중고,,False,5,0,2025-10-18 17:09:19,1760774959,,610700003,https://m.bunjang.co.kr/products/363458723
메디큐브 부스터 프로,363432860,메디큐브 부스터프로 미니,59000,1,예약중,중고,,False,0,0,2025-10-18 15:22:46,1760768566,,610700003,https://m.bunjang.co.kr/products/363432860
메디큐브 부스터 프로,363208077,메디큐브 AGE-R 부스터 프로 블랙,190000,0,판매중,중고,인천광역시 부평구 부평1동,False,2,0,2025-10-17 14:28:54,1760678934,medicube,610700003,https://m.bunjang.co.kr/products/363208077
메디큐브 부스터 프로,362500394,메디큐브 부스터 프로 미니 핑크,75000,1,예약중,중고,,False,4,0,2025-10-13 23:43:09,1760366589,,610700003,https://m.bunjang.co.kr/products/362500394
메디큐브 부스터 프로,361894924,메디큐브 에이지알 부스터프로 미니 화이트 풀박스,75000,1,예약중,중고,,False,3,0,2025-10-12 21:47:17,1760273237,메디큐브부스터프로 메디큐브 메디큐브마이멜로디 메디큐브pdrn 메디큐브ems,610700003,https://m.bunjang.co.kr/products/361894924
메디큐브 부스터 프로,362069545,메디큐브 에이지알 부스터 프로 풀박스,175000,1,예약중,중고,서울특별시 동대문구 전농제2동,False,2,0,2025-10-12 10:20:47,1760232047,,610700003,https://m.bunjang.co.kr/products/362069545
메디큐브 부스터 프로,361681884,메디큐브 에이지알 부스터 프로,210000,0,판매중,새상품,,False,4,0,2025-10-10 15:14:12,1760076852,,610700003,https://m.bunjang.co.kr/products/361681884
메디큐브 부스터 프로,361357494,구매완)메디큐브 부스터 프로(미니) 삽니다!,100000,0,판매중,중고,,True,0,0,2025-10-08 22:00:49,1759928449,메디큐브부스터프로,610700003,https://m.bunjang.co.kr/products/361357494
메디큐브 부스터 프로,355402657,메디큐브 에이지알 부스터프로,170000,0,판매중,중고,,False,8,0,2025-10-08 09:10:51,1759882251,메디큐브부스터프로 메디큐브에이지알 부스터프로 메디큐브,610700003,https://m.bunjang.co.kr/products/355402657
메디큐브 부스터 프로,360791273,메디큐브 에이지알 부스터 프로 미니,50000,1,예약중,중고,,False,2,0,2025-10-05 23:39:40,1759675180,미용 피부관리,610700003,https://m.bunjang.co.kr/products/360791273
메디큐브 부스터 프로,360035209,에이지알부스터프로 / agr부스터프로 / 메디큐브,170000,1,예약중,중고,서울특별시 강남구 대치2동,False,7,0,2025-10-02 10:51:09,1759369869,메디큐브 메디큐브부스터프로 부스터프로 홈케어,610700003,https://m.bunjang.co.kr/products/360035209
메디큐브 부스터 프로,358245742,메디큐브부스터프로  삽니다,200000,0,판매중,중고,,True,0,0,2025-09-24 01:18:17,1758644297,,610700003,https://m.bunjang.co.kr/products/358245742
메디큐브 부스터 프로,356365787,메디큐브 에이지알 부스터프로 핑크 미개봉,240000,1,예약중,새상품,,False,6,0,2025-09-24 00:52:12,1758642732,메디큐브부스터프로 부스터프로핑크 부스터프로미개봉 부스터프로,610700003,https://m.bunjang.co.kr/products/356365787
메디큐브 부스터 프로,357827580,메디큐브 울트라튠 부스터프로,215000,0,판매중,중고,,False,0,0,2025-09-22 08:17:23,1758496643,,610700003,https://m.bunjang.co.kr/products/357827580
메디큐브 부스터 프로,357145933,메디큐브 부스터프로 마이멜로디 에디션,270000,1,예약중,중고,,True,5,0,2025-09-21 18:31:03,1758447063,,610700003,https://m.bunjang.co.kr/products/357145933
메디큐브 부스터 프로,357550785,메디큐브 부스터 프로 & 바비괄사 세트,280000,0,판매중,중고,,True,0,0,2025-09-20 23:40:39,1758379239,,610700003,https://m.bunjang.co.kr/products/357550785
메디큐브 부스터 프로,357206134,(새상품)메디큐브 부스터프로 블랙/핑크,255000,0,판매중,새상품,서울특별시 동작구 노량진제1동,True,4,0,2025-09-19 14:18:08,1758259088,,610700003,https://m.bunjang.co.kr/products/357206134
메디큐브 부스터 프로,356794451,메디큐브 에이지알 부스터 프로 미니,96000,0,판매중,중고,,False,1,0,2025-09-17 13:09:47,1758082187,,610700003,https://m.bunjang.co.kr/products/356794451
메디큐브 부스터 프로,349990638,미개봉 미사용 메디큐브 부스터 프로 핑크,230000,0,판매중,새상품,,False,54,0,2025-09-16 16:37:24,1758008244,메디큐브부스터프로 부스터프로 부스터프로미개봉 부스터프로핑크,610700003,https://m.bunjang.co.kr/products/349990638
메디큐브 부스터 프로,351475678,메디큐브 에이지알 부스터프로 새상품,220000,0,판매중,새상품,,True,9,0,2025-09-16 12:29:50,1757993390,메디큐브부스터프로,610700003,https://m.bunjang.co.kr/products/351475678
메디큐브 부스터 프로,355009197,메디큐브 부스터프로,250000,1,예약중,중고,경기도 고양시 덕양구 원신동,False,9,0,2025-09-15 18:26:27,1757928387,,610700003,https://m.bunjang.co.kr/products/355009197
메디큐브 부스터 프로,355085557,새제품 메디큐브 에이지알 부스터 프로 미니 새제품,80000,1,예약중,새상품,,False,4,0,2025-09-12 12:22:04,1757647324,,610700003,https://m.bunjang.co.kr/products/355085557
메디큐브 부스터 프로,326331833,메디큐브 부스터프로 (사용횟수 약 5회),190000,1,예약중,중고,서울특별시 강북구 수유1동,False,9,0,2025-09-12 12:06:16,1757646376,메디큐브 메디큐브부스터프로 부스터프로 뷰티디바이스,610700003,https://m.bunjang.co.kr/products/326331833
메디큐브 부스터 프로,354913475,메디큐브 부스터프로,190000,0,판매중,중고,울산광역시 울주군 온산읍,True,27,0,2025-09-08 11:18:39,1757297919,미용가전 디지털기기 미용,610700003,https://m.bunjang.co.kr/products/354913475
메디큐브 부스터 프로,354855621,메디큐브 부스터프로 미니 플러스 / 진동 클렌저 (베이지),155000,1,예약중,중고,서울특별시 성북구 성북동,False,2,0,2025-09-07 22:43:30,1757252610,,610700003,https://m.bunjang.co.kr/products/354855621
메디큐브 부스터 프로,353885317,구매)메디큐브 부스터 프로 쿠로미 에디션,240000,1,예약중,새상품,,True,1,0,2025-09-03 08:06:26,1756854386,메디큐브 메디큐브부스터프로 메디큐브쿠로미 메디큐브부스터 쿠로미,610700003,https://m.bunjang.co.kr/products/353885317
메디큐브 부스터 프로,353971800,메디큐브 부스터프로 핑크,210000,1,예약중,중고,,False,1,0,2025-09-03 01:34:50,1756830890,,610700003,https://m.bunjang.co.kr/products/353971800
메디큐브 부스터 프로,349814747,"가격내림! 메디큐브 에이지알 부스터프로, 하이포커스샷, 울트라튠",630000,0,판매중,새상품,인천광역시 서구 당하동,False,10,0,2025-09-02 02:27:59,1756747679,에이지알 부스터프로 울트라튠 하이포커스샷,610700003,https://m.bunjang.co.kr/products/349814747
메디큐브 부스터 프로,350373830,메디큐브 부스터 프로 미니 (핑크) 그냥 새 것+사용설명서,78000,0,판매중,중고,,False,44,0,2025-09-01 23:30:01,1756737001,레이저 피부레이저 부스터프로 메디큐브부스터프로,610700003,https://m.bunjang.co.kr/products/350373830
메디큐브 부스터 프로,348965747,*새상품* 부스터프로 헬로키티 에디션+글루타치온앰플50ml,359000,1,예약중,새상품,서울특별시 송파구 송파1동,False,4,0,2025-09-01 01:16:48,1756657008,뷰티디바이스 부스터프로키티 헬로키티한정판 에이지알 메디큐브,610700003,https://m.bunjang.co.kr/products/348965747
메디큐브 부스터 프로,353614023,메디큐브 부스터 프로 미니,80000,0,판매중,중고,세종특별자치시  소담동,False,7,0,2025-08-31 23:20:23,1756650023,,610700003,https://m.bunjang.co.kr/products/353614023
메디큐브 부스터 프로,425639297,메디큐브 에이지알 부스터 프로 미니 플러스 판매합니다,64000,3,판매완료,중고,,False,2,0,2026-08-26 18:25:07,1787736307,,610700003,https://m.bunjang.co.kr/products/425639297
메디큐브 부스터 프로,425683680,메디큐브 부스터 프로 미니 플러스 + 진동 클렌저 일괄,70000,3,판매완료,새상품,,True,0,0,2026-08-26 14:05:13,1787720713,,610700003,https://m.bunjang.co.kr/products/425683680
메디큐브 부스터 프로,420963505,메디큐브 부스터 프로 핑크,85000,3,판매완료,중고,,False,21,0,2026-08-25 19:43:02,1787654582,,610700003,https://m.bunjang.co.kr/products/420963505
메디큐브 부스터 프로,422729377,공홈 정품 메디큐브 에이지알 부스터프로,105000,3,판매완료,중고,,False,14,0,2026-08-24 14:34:18,1787549658,,610700003,https://m.bunjang.co.kr/products/422729377
메디큐브 부스터 프로,425397010,메디큐브 부스터프로 짱구에디션,120000,3,판매완료,중고,,True,1,0,2026-08-24 13:48:30,1787546910,,610700003,https://m.bunjang.co.kr/products/425397010
메디큐브 부스터 프로,425367609,가격내림@@ 택포 9만원) 메디큐브 부스터프로미니 마이멜로디 에디션+ 브이롤러,60000,3,판매완료,중고,,False,8,0,2026-08-24 03:51:27,1787511087,메디큐브 마이멜로디 메디큐브브이롤러 메디큐브부스터프로 부스터프로미니,610700003,https://m.bunjang.co.kr/products/425367609
메디큐브 부스터 프로,424642717,메디큐브 부스터프로 미니 플러스 + 브이롤러 + 부스터젤 세트,96000,3,판매완료,중고,,False,2,0,2026-08-23 17:49:30,1787474970,,610700003,https://m.bunjang.co.kr/products/424642717
메디큐브 부스터 프로,424474922,미개봉 메디큐브 부스터프로 옐로우 색상 - 새상품,145000,3,판매완료,새상품,,False,4,0,2026-08-22 19:17:23,1787393843,,610700003,https://m.bunjang.co.kr/products/424474922
메디큐브 부스터 프로,425151695,메디큐브 부스터프로x2 새상품,260000,3,판매완료,새상품,,False,6,0,2026-08-22 13:18:59,1787372339,,610700003,https://m.bunjang.co.kr/products/425151695
메디큐브 부스터 프로,424122201,메디큐브 부스터 프로 미니 플러스 한교동 + 헤어밴드 + 박스,75000,3,판매완료,새상품,,False,8,0,2026-08-20 21:40:28,1787229628,메디큐브 뷰티디바이스,610700003,https://m.bunjang.co.kr/products/424122201
메디큐브 부스터 프로,411760857,메디큐브 에이지알 부스터 프로 쿠로미 에디션,190000,3,판매완료,중고,,False,13,0,2026-08-20 20:50:16,1787226616,,610700003,https://m.bunjang.co.kr/products/411760857
메디큐브 부스터 프로,424943625,메디큐브 부스터프로+울트라튠 팝니당,130000,3,판매완료,중고,울산광역시 남구 달동,False,1,0,2026-08-20 16:56:34,1787212594,,610700003,https://m.bunjang.co.kr/products/424943625
메디큐브 부스터 프로,415969779,"메디큐브 에이지알 울트라튠 ,부스터프로",126000,3,판매완료,중고,,True,5,0,2026-08-20 16:12:34,1787209954,,610700003,https://m.bunjang.co.kr/products/415969779
메디큐브 부스터 프로,424908853,메디큐브 부스터프로,60000,3,판매완료,중고,,True,0,0,2026-08-20 11:25:41,1787192741,,610700003,https://m.bunjang.co.kr/products/424908853
메디큐브 부스터 프로,424770771,메디큐브 에이지알 부스터 프로 미니,35000,3,판매완료,중고,,False,2,0,2026-08-19 03:02:58,1787076178,,610700003,https://m.bunjang.co.kr/products/424770771
메디큐브 부스터 프로,424692572,[새상품] 메디큐브 에이지알 부스터 프로 X2 화이트,200000,3,판매완료,새상품,,True,0,0,2026-08-18 15:46:51,1787035611,,610700003,https://m.bunjang.co.kr/products/424692572
메디큐브 부스터 프로,424574864,메디큐브 에이지알 부스터프로(풀박스),100000,3,판매완료,중고,,True,0,0,2026-08-17 15:56:06,1786949766,메디큐브부스터프로 홈케어기기 부스터프로풀박스,610700003,https://m.bunjang.co.kr/products/424574864
메디큐브 부스터 프로,422726234,메디큐브 마이멜로디 부스터 프로 미니 플러스,73000,3,판매완료,중고,,False,16,0,2026-08-16 09:04:29,1786838669,,610700003,https://m.bunjang.co.kr/products/422726234
메디큐브 부스터 프로,424389762,메디큐브 부스터 프로핑크 에디션,105000,3,판매완료,새상품,,False,5,0,2026-08-15 22:08:52,1786799332,,610700003,https://m.bunjang.co.kr/products/424389762
메디큐브 부스터 프로,424314661,메디큐브 부스터 미니 프로,35000,3,판매완료,중고,,False,4,0,2026-08-15 10:01:33,1786755693,,610700003,https://m.bunjang.co.kr/products/424314661
메디큐브 부스터 프로,424280562,메디큐브 에이지알 부스터프로 레몬베어 에디션,90000,3,판매완료,중고,인천광역시 서구 청라2동,False,2,0,2026-08-14 21:47:49,1786711669,메디큐브 메디큐브부스터프로 부스터프로 뷰티디바이스 메디큐브부스터미니,610700003,https://m.bunjang.co.kr/products/424280562
메디큐브 부스터 프로,423560855,메디큐브 에이지알 부스터프로 마이멜로디,170000,3,판매완료,중고,,False,5,0,2026-08-14 00:06:39,1786633599,,610700003,https://m.bunjang.co.kr/products/423560855
메디큐브 부스터 프로,424177122,메디큐브 부스터 프로 미니,32000,3,판매완료,중고,,False,2,0,2026-08-13 22:46:33,1786628793,,610700003,https://m.bunjang.co.kr/products/424177122
메디큐브 부스터 프로,421718168,급처!! 메디큐브 부스터 프로 미니 플러스 화이트 클렌저,85000,3,판매완료,중고,,False,6,0,2026-08-13 16:09:22,1786604962,,610700003,https://m.bunjang.co.kr/products/421718168
메디큐브 부스터 프로,422286855,메디큐브 부스터 프로,96000,3,판매완료,중고,,False,10,0,2026-08-13 05:31:57,1786566717,,610700003,https://m.bunjang.co.kr/products/422286855
메디큐브 부스터 프로,421487534,(미개봉)메디큐브 부스터프로x2 뷰티디바이스,260000,3,판매완료,새상품,,False,13,0,2026-08-12 16:59:09,1786521549,메디큐브 부스터프로x2 메디큐브부스터프로 부스터프로핑크,610700003,https://m.bunjang.co.kr/products/421487534
메디큐브 부스터 프로,423410494,메디큐브 부스터 프로 미니 춘식이 에디션,75000,3,판매완료,새상품,,False,2,0,2026-08-12 15:18:00,1786515480,,610700003,https://m.bunjang.co.kr/products/423410494
메디큐브 부스터 프로,423981699,메디큐브 에이지알 부스터 프로 쿠로미 에디션,192000,3,판매완료,중고,서울특별시 강남구 삼성2동,True,0,0,2026-08-12 13:10:37,1786507837,,410800100,https://m.bunjang.co.kr/products/423981699
메디큐브 부스터 프로,423938602,메디큐브 부스터프로 블랙,50000,3,판매완료,중고,,True,0,0,2026-08-12 00:05:52,1786460752,,610700003,https://m.bunjang.co.kr/products/423938602
메디큐브 부스터 프로,423929438,메디큐브 부스터 프로 X2 핑크,220000,3,판매완료,중고,서울특별시 마포구 서교동,False,9,0,2026-08-11 22:49:47,1786456187,,610700003,https://m.bunjang.co.kr/products/423929438
메디큐브 부스터 프로,423808884,메디큐브 부스터프로X2 화이트 미개봉,235000,3,판매완료,새상품,,True,5,0,2026-08-11 22:39:55,1786455595,,610700003,https://m.bunjang.co.kr/products/423808884
메디큐브 부스터 프로,423911522,메디큐브 부스터 프로 미니 플러스 + EMS 브이롤러 + 진동 클렌저 디바이스 3개 일괄,100000,3,판매완료,새상품,,False,2,0,2026-08-11 20:34:56,1786448096,,610700003,https://m.bunjang.co.kr/products/423911522
메디큐브 부스터 프로,423698494,메디큐브 부스터프로,90000,3,판매완료,중고,,False,3,0,2026-08-11 10:53:38,1786413218,메디큐브 메디큐브부스터프로 부스터프로 미용 피부관리제품,610700003,https://m.bunjang.co.kr/products/423698494
메디큐브 부스터 프로,418503610,메디큐브 에이지알 미니 부스터프로 춘식이 + 파우치,38000,3,판매완료,중고,,False,12,0,2026-08-10 16:13:54,1786346034,,610700003,https://m.bunjang.co.kr/products/418503610
메디큐브 부스터 프로,423617063,메디큐브 에이지알 부스터 프로 마이멜로디 한정판,200000,3,판매완료,중고,,False,0,0,2026-08-09 12:52:04,1786247524,,610700003,https://m.bunjang.co.kr/products/423617063
메디큐브 부스터 프로,421766989,메디큐브 에이지알 부스터 프로 2X 미개봉 새상품 (화이트/핑크),260000,3,판매완료,새상품,서울특별시 강남구 대치1동,False,8,0,2026-08-09 01:33:58,1786206838,메디큐브부스터프로 피부미용기기 메디큐브미니 피부미용 피부관리,610700003,https://m.bunjang.co.kr/products/421766989
메디큐브 부스터 프로,423099869,메디큐브 에이지알 부스터 프로 X2 핑크,220000,3,판매완료,중고,,True,3,0,2026-08-05 00:20:58,1785856858,,610700003,https://m.bunjang.co.kr/products/423099869
메디큐브 부스터 프로,422633876,메디큐브 부스터프로 핑크 풀박,87000,3,판매완료,중고,,False,6,0,2026-08-04 11:08:07,1785809287,,610700003,https://m.bunjang.co.kr/products/422633876
메디큐브 부스터 프로,422946599,조앤프렌즈 메디큐브 부스터프로 스탠드 & ZOA 헤드 케이스,19000,3,판매완료,새상품,,False,2,0,2026-08-04 00:42:08,1785771728,,610700003,https://m.bunjang.co.kr/products/422946599
메디큐브 부스터 프로,422909047,메디큐브 에이지알 부스터 프로(핑크/개봉만),100000,3,판매완료,새상품,,False,4,0,2026-08-03 21:17:03,1785759423,뷰티디바이스 메디큐브 마사지기기 메디큐브에이지알 부스터프로,610700003,https://m.bunjang.co.kr/products/422909047
메디큐브 부스터 프로,421814362,메디큐브 에이지알 부스터 프로 블랙,130000,3,판매완료,새상품,경기도 동두천시 송내동,False,5,0,2026-08-03 19:03:24,1785751404,메디큐브 메디큐브부스터프로,610700003,https://m.bunjang.co.kr/products/421814362
메디큐브 부스터 프로,401760761,(거의 새거)메디큐브 마이멜로디 부스터프로,180000,3,판매완료,중고,,True,6,0,2026-08-02 19:10:40,1785665440,,610700003,https://m.bunjang.co.kr/products/401760761
메디큐브 부스터 프로,422736319,메디큐브 AGE-R 부스터 프로,80000,3,판매완료,중고,부산광역시 부산진구 전포제1동,True,2,0,2026-08-02 13:56:44,1785646604,광채 피부 메디큐브부스터프로,610700003,https://m.bunjang.co.kr/products/422736319
메디큐브 부스터 프로,421891043,메디큐브 에이지알 부스터 프로 + 헤드케이스 핑크,155000,3,판매완료,새상품,,False,3,0,2026-08-02 07:24:57,1785623097,메디큐브 메디큐브부스터프로 부스터프로,610700003,https://m.bunjang.co.kr/products/421891043
메디큐브 부스터 프로,420938143,메디큐브 EMS 부스터 브이롤러(부스터프로 미니 플러스) 베이지,85000,3,판매완료,중고,,True,1,0,2026-08-02 07:20:37,1785622837,,610700003,https://m.bunjang.co.kr/products/420938143
메디큐브 부스터 프로,422652648,메디큐브 에이지알 부스터 프로,130000,3,판매완료,중고,경기도 남양주시 화도읍,True,1,0,2026-08-01 17:58:13,1785574693,,610700003,https://m.bunjang.co.kr/products/422652648
메디큐브 부스터 프로,422624223,메디큐브 부스터프로,60000,3,판매완료,중고,,False,1,0,2026-08-01 14:07:41,1785560861,,610700003,https://m.bunjang.co.kr/products/422624223
메디큐브 부스터 프로,422552751,메디큐브 부스터프로,98000,3,판매완료,중고,,False,2,0,2026-07-31 19:41:16,1785494476,,610700003,https://m.bunjang.co.kr/products/422552751
메디큐브 부스터 프로,422491754,메디큐브 부스터프로,90000,3,판매완료,중고,,False,4,0,2026-07-31 10:19:42,1785460782,,610700003,https://m.bunjang.co.kr/products/422491754
메디큐브 부스터 프로,422312252,메디큐브 에이지알 부스터프로 미니,50000,3,판매완료,중고,,False,1,0,2026-07-29 18:28:29,1785317309,,610700003,https://m.bunjang.co.kr/products/422312252
메디큐브 부스터 프로,422272909,메디큐브 에이지알 부스터 프로 핑크,110000,3,판매완료,중고,경기도 김포시 운양동,False,1,0,2026-07-29 13:20:41,1785298841,,610700003,https://m.bunjang.co.kr/products/422272909
메디큐브 부스터 프로,357528906,메디큐브 부스터프로 핑크,120000,3,판매완료,중고,,False,7,0,2026-07-28 18:28:07,1785230887,,610700003,https://m.bunjang.co.kr/products/357528906
메디큐브 부스터 프로,422012237,[미개봉 새상품] 메디큐브 에이지알 부스터 프로 미니 플러스,90000,3,판매완료,새상품,,False,2,0,2026-07-27 04:45:30,1785095130,메디큐브,610700003,https://m.bunjang.co.kr/products/422012237
메디큐브 부스터 프로,421315604,[새상품]메디큐브 에이지알 부스터 프로 블랙,138000,3,판매완료,새상품,,False,5,0,2026-07-24 17:07:22,1784880442,,610700003,https://m.bunjang.co.kr/products/421315604
메디큐브 부스터 프로,417368403,메디큐브 에이지알 부스터 프로 미니,39000,3,판매완료,중고,,False,12,0,2026-07-23 14:10:23,1784783423,,610700003,https://m.bunjang.co.kr/products/417368403
메디큐브 부스터 프로,421525152,메디큐브 부스터프로 미니플러스 짱구에디션,160000,3,판매완료,새상품,경기도 오산시 남촌동,True,11,0,2026-07-23 08:28:16,1784762896,,610700003,https://m.bunjang.co.kr/products/421525152
메디큐브 부스터 프로,408880688,오늘만 급전 정가 이하)메디큐브 에이지알 부스터프로 핼로키티 버전 양도,170000,3,판매완료,중고,,True,13,0,2026-07-22 00:10:51,1784646651,메디큐브 메디큐브부스터프로 헬로키티 메디큐브헬로키티 메디힐,610700003,https://m.bunjang.co.kr/products/408880688
메디큐브 부스터 프로,418813957,메디큐브 부스터 프로 풀박,130000,3,판매완료,중고,,False,2,0,2026-07-21 15:40:22,1784616022,메디큐브부스터프로 메디큐브 메디큐브ems 메디큐브부스터힐러,610700003,https://m.bunjang.co.kr/products/418813957
메디큐브 부스터 프로,418038282,메디큐브 부스터 프로 미니 플러스+브이롤러 헤드 아이보리,100000,3,판매완료,중고,,False,1,0,2026-07-21 12:53:58,1784606038,메디큐브 브이롤러 메디큐브브이롤러 뷰티디바이스 부스터프로미니,610700003,https://m.bunjang.co.kr/products/418038282
메디큐브 부스터 프로,420721416,(정품 미개봉) 메디큐브 에이지알 부스터프로 핑크 1세대,160000,3,판매완료,새상품,,False,7,0,2026-07-21 07:29:10,1784586550,메디큐브 메디큐브에이지알,610700003,https://m.bunjang.co.kr/products/420721416
메디큐브 부스터 프로,421177521,메디큐브 부스터프로 미니플러스 미개봉팝니다!!,570000,3,판매완료,새상품,경기도 오산시 남촌동,False,1,0,2026-07-21 06:05:56,1784581556,,610700003,https://m.bunjang.co.kr/products/421177521
메디큐브 부스터 프로,421164567,메디큐브 부스터프로 미니 핑크,39000,3,판매완료,중고,,True,3,0,2026-07-21 01:03:17,1784563397,,610700003,https://m.bunjang.co.kr/products/421164567
메디큐브 부스터 프로,417256204,메디큐브 에이지알 부스터 프로 쿠로미 에디션,180000,3,판매완료,중고,대전광역시 유성구 노은1동,False,12,0,2026-07-20 21:05:48,1784549148,메디큐브부스터프로 메디큐브 뷰티디바이스 피부 쿠로미,610700003,https://m.bunjang.co.kr/products/417256204
메디큐브 부스터 프로,421005464,[미개봉/새상품] 메디큐브 에이지알 부스터 프로 미니 플러스 짱구,78000,3,판매완료,새상품,,False,11,0,2026-07-20 12:24:51,1784517891,,610700003,https://m.bunjang.co.kr/products/421005464
메디큐브 부스터 프로,400934973,메디큐브 부스터프로,110000,3,판매완료,중고,충청남도 천안시 동남구 청룡동,False,15,0,2026-07-19 23:39:15,1784471955,,610700003,https://m.bunjang.co.kr/products/400934973
메디큐브 부스터 프로,416186680,메디큐브 부스터프로 핑크 (박스있음),100000,3,판매완료,중고,,True,4,0,2026-07-19 19:31:12,1784457072,,610700003,https://m.bunjang.co.kr/products/416186680
메디큐브 부스터 프로,420809568,메디큐브 부스터프로,80000,3,판매완료,중고,광주광역시 서구 금호2동,False,0,0,2026-07-19 14:17:41,1784438261,메디큐브부스터프로 미용기기 리프팅 피부 쿨거래,610700003,https://m.bunjang.co.kr/products/420809568
메디큐브 부스터 프로,420739131,메디큐브 부스터프로 미니 카카오춘식이 에디션,47000,3,판매완료,중고,인천광역시 미추홀구 학익2동,False,5,0,2026-07-19 02:12:49,1784394769,,610700003,https://m.bunjang.co.kr/products/420739131
메디큐브 부스터 프로,420675678,메디큐브 부스터 프로,110000,3,판매완료,중고,,True,0,0,2026-07-18 20:05:55,1784372755,,610700003,https://m.bunjang.co.kr/products/420675678
메디큐브 부스터 프로,420589189,메디큐브 부스터프로,100000,3,판매완료,중고,,False,0,0,2026-07-18 13:11:38,1784347898,,610700003,https://m.bunjang.co.kr/products/420589189
메디큐브 부스터 프로,420582814,메디큐브부스터프로x2 새상품,270000,3,판매완료,새상품,,False,1,0,2026-07-18 12:33:40,1784345620,,610700003,https://m.bunjang.co.kr/products/420582814
메디큐브 부스터 프로,419844224,메디큐브 부스터프로 쿠로미 에디션,150000,3,판매완료,중고,부산광역시 사하구 다대제2동,False,0,0,2026-07-18 09:31:39,1784334699,,610700003,https://m.bunjang.co.kr/products/419844224
메디큐브 부스터 프로,420259506,메디큐브 에이지알 부스터 프로 미니 핑크,36000,3,판매완료,중고,,False,0,0,2026-07-16 18:30:40,1784194240,메디큐브에이지알 메디큐브부스터프로 부스터프로미니,610700003,https://m.bunjang.co.kr/products/420259506
메디큐브 부스터 프로,418849048,메디큐브 에이지알 부스터프로 미니 플러스 마이멜로디 에디션,130000,3,판매완료,새상품,,True,4,0,2026-07-16 10:04:47,1784163887,,610700003,https://m.bunjang.co.kr/products/418849048
메디큐브 부스터 프로,419951999,메디큐브 부스터프로미니 화이트(10회 미만 사용),30000,3,판매완료,중고,,False,2,0,2026-07-15 07:49:56,1784069396,메디큐브 메디큐브부스터프로 메디큐브미니 피부디바이스,610700003,https://m.bunjang.co.kr/products/419951999
메디큐브 부스터 프로,419944751,메디큐브 부스터프로 미니플러스 미개봉팝니딘,65000,3,판매완료,새상품,경기도 오산시 남촌동,True,3,0,2026-07-15 04:12:50,1784056370,,610700003,https://m.bunjang.co.kr/products/419944751
메디큐브 부스터 프로,415436739,[미개봉/새상품] 메디큐브 에이지알 부스터 프로 미니 플러스 짱구,200000,3,판매완료,새상품,,True,2,0,2026-07-15 00:06:54,1784041614,,610700003,https://m.bunjang.co.kr/products/415436739
메디큐브 부스터 프로,419714686,메디큐브 에이지알 부스터 프로 미니 플러스 핑크 세트,133000,3,판매완료,중고,서울특별시 동대문구 회기동,False,2,0,2026-07-13 21:24:38,1783945478,매디큐브 브이롤러 부스터프로미니 진동클렌저,610700003,https://m.bunjang.co.kr/products/419714686
메디큐브 부스터 프로,419587246,잔망루피 메디큐브 AGE-R 부스터프로,160000,3,판매완료,중고,,False,1,0,2026-07-13 07:38:00,1783895880,,610700003,https://m.bunjang.co.kr/products/419587246
메디큐브 부스터 프로,419575975,메디큐브 부스터프로미니 미개봉,65000,3,판매완료,새상품,경기도 오산시 남촌동,False,2,0,2026-07-13 02:02:50,1783875770,,610700003,https://m.bunjang.co.kr/products/419575975
메디큐브 부스터 프로,419568513,메디큐브 에이지알 부스터 프로 미니 플러스 풀패키지,150000,3,판매완료,새상품,대전광역시 유성구 원신흥동,True,2,0,2026-07-13 00:51:31,1783871491,,610700003,https://m.bunjang.co.kr/products/419568513
메디큐브 부스터 프로,418202681,(한정판)메디큐브 에이지알 부스터프로 헬로키티 에디션,200000,3,판매완료,중고,경상남도 김해시 부원동,False,1,0,2026-07-12 19:30:35,1783852235,,610700003,https://m.bunjang.co.kr/products/418202681
메디큐브 부스터 프로,419420987,메디큐브 부스터프로 미니 플러스 마이멜로디 에디션,50000,3,판매완료,중고,,False,2,0,2026-07-12 12:50:00,1783828200,,610700003,https://m.bunjang.co.kr/products/419420987
메디큐브 부스터 프로,419374687,메디큐브 부스터프로 미니 플러스,68000,3,판매완료,중고,,False,0,0,2026-07-12 04:08:27,1783796907,,610700003,https://m.bunjang.co.kr/products/419374687
메디큐브 부스터 프로,419336316,메디큐브 에이지알 부스터 프로 미니 플러스 (핑크),70000,3,판매완료,중고,,False,0,0,2026-07-11 22:32:03,1783776723,메디큐브부스터프로 부스터프로미니 메디큐브,610700003,https://m.bunjang.co.kr/products/419336316
메디큐브 부스터 프로,419251714,메디큐브 에이지알 부스터 프로,100000,3,판매완료,중고,서울특별시 관악구 인헌동,False,4,0,2026-07-11 20:40:34,1783770034,메디큐브부스터프로 메디큐브 피부관리기,610700003,https://m.bunjang.co.kr/products/419251714
메디큐브 부스터 프로,419250672,메디큐브 부스터프로 미니,47000,3,판매완료,중고,,False,0,0,2026-07-11 15:24:03,1783751043,,610700003,https://m.bunjang.co.kr/products/419250672
메디큐브 부스터 프로,418159894,메디큐브 에이지알 부스터프로 미니,60000,3,판매완료,중고,전라남도 여수시 미평동,True,2,0,2026-07-10 21:28:49,1783686529,메디큐브,610700003,https://m.bunjang.co.kr/products/418159894
메디큐브 부스터 프로,417098084,메디큐브 에이지알 부스터 프로,129000,3,판매완료,중고,,False,16,0,2026-07-10 15:47:02,1783666022,,610700003,https://m.bunjang.co.kr/products/417098084
메디큐브 부스터 프로,418967687,메디큐브 에이지알 부스터프로 x2,213000,3,판매완료,중고,,False,6,0,2026-07-10 13:26:14,1783657574,,610700003,https://m.bunjang.co.kr/products/418967687
메디큐브 부스터 프로,416291316,메디큐브 에이지알 부스터프로 미니플러스 미개봉!!,65000,3,판매완료,새상품,경기도 오산시 남촌동,False,6,0,2026-07-09 00:37:28,1783525048,,610700003,https://m.bunjang.co.kr/products/416291316
메디큐브 부스터 프로,418743483,메디큐브 부스터프로 미니 플러스,58000,3,판매완료,중고,,False,2,0,2026-07-08 22:04:27,1783515867,,610700003,https://m.bunjang.co.kr/products/418743483
메디큐브 부스터 프로,417063901,메디큐브 에이지알 부스터 프로 블랙 미개봉 새상품,170000,3,판매완료,새상품,,False,3,0,2026-07-08 14:05:29,1783487129,,610700003,https://m.bunjang.co.kr/products/417063901
메디큐브 부스터 프로,418620772,메디큐브 부스터프로 미니플러스 짱구에디션,90000,3,판매완료,새상품,,False,0,0,2026-07-08 10:55:44,1783475744,메디큐브 부스터프로 짱구 부스터프로미니,610700003,https://m.bunjang.co.kr/products/418620772
메디큐브 부스터 프로,418524847,메디큐브 부스터프로 x2  핑크파우치+PDRN 원데이 세럼 포함,270000,3,판매완료,중고,,True,1,0,2026-07-07 19:39:33,1783420773,,610700003,https://m.bunjang.co.kr/products/418524847
메디큐브 부스터 프로,418507541,메디큐브 부스터프로X2 조앤프렌즈 에디션,290000,3,판매완료,중고,,True,2,0,2026-07-07 18:09:26,1783415366,,610700003,https://m.bunjang.co.kr/products/418507541
메디큐브 부스터 프로,418365997,[새상품] 메디큐브 부스터 프로 핑크 에디션,150000,3,판매완료,새상품,서울특별시 관악구 청룡동,True,1,0,2026-07-06 22:07:31,1783343251,,610700003,https://m.bunjang.co.kr/products/418365997
메디큐브 부스터 프로,418347487,메디큐브 부스터 프로 미니플러스+ems 브이롤러,120000,3,판매완료,중고,,False,1,0,2026-07-06 20:29:19,1783337359,메디큐브 메디큐브부스터프로 메디큐브미니 메디큐브에이지알,610700003,https://m.bunjang.co.kr/products/418347487
메디큐브 부스터 프로,418306732,메디큐브 부스터프로 마이멜로디 에디션,100000,3,판매완료,중고,,False,2,0,2026-07-06 20:18:12,1783336692,,610700003,https://m.bunjang.co.kr/products/418306732
메디큐브 부스터 프로,413920904,(미개봉)메디큐브 부스터 프로 미니 화이트 (새상품),77000,3,판매완료,새상품,,False,2,0,2026-07-05 22:22:48,1783257768,메디큐브부스터프로 메디큐브 메디큐브에이지알 뷰티디바이스 메디큐브디바이스,610700003,https://m.bunjang.co.kr/products/413920904
메디큐브 부스터 프로,414371443,메디큐브 에이지알 부스터 프로 풀박스 팝니다,100000,3,판매완료,중고,,False,5,0,2026-07-05 19:06:40,1783246000,메디큐브 메디큐브부스터프로,610700003,https://m.bunjang.co.kr/products/414371443
메디큐브 부스터 프로,417907525,장원영 pick 메디큐브 부스터 프로 미니 플러스 디바이스 핑크 입문템,55000,3,판매완료,중고,,True,14,0,2026-07-05 17:45:59,1783241159,,610700003,https://m.bunjang.co.kr/products/417907525
메디큐브 부스터 프로,418062613,메디큐브 부스터프로 블랙,99000,3,판매완료,중고,경기도 성남시 수정구 복정동,False,0,0,2026-07-05 13:09:45,1783224585,,610700003,https://m.bunjang.co.kr/products/418062613
메디큐브 부스터 프로,417613671,메디큐브 부스터프로 블랙,97000,3,판매완료,중고,,True,4,0,2026-07-05 12:08:28,1783220908,메디큐브부스터프로 메디큐브 부스터프로,610700003,https://m.bunjang.co.kr/products/417613671
메디큐브 부스터 프로,417811839,메디큐브 부스터 프로,100000,3,판매완료,중고,,False,1,0,2026-07-04 03:33:58,1783103638,메디큐브 메디큐브부스터프로,610700003,https://m.bunjang.co.kr/products/417811839
메디큐브 부스터 프로,417707885,짱구 메디큐브 에이지알 부스터 프로 미니,86000,3,판매완료,중고,,False,1,0,2026-07-03 20:14:40,1783077280,,610700003,https://m.bunjang.co.kr/products/417707885
메디큐브 부스터 프로,417707616,메디큐브 에이지알 부스터 프로 마이멜로디,130000,3,판매완료,중고,,False,2,0,2026-07-03 20:13:11,1783077191,,610700003,https://m.bunjang.co.kr/products/417707616
메디큐브 부스터 프로,417554809,메디큐브 에이지알 부스터 프로 핑크,100000,3,판매완료,중고,,False,2,0,2026-07-02 23:51:08,1783003868,,610700003,https://m.bunjang.co.kr/products/417554809
메디큐브 부스터 프로,417376896,메디큐브 부스터프로 쿠로미,180000,3,판매완료,중고,경기도 고양시 일산서구 주엽1동,False,2,0,2026-07-02 01:02:13,1782921733,쿠로미 메디큐브부스터프로 뷰티디바이스 산리오,610700003,https://m.bunjang.co.kr/products/417376896
메디큐브 부스터 프로,416179528,메디큐브 부스터 프로 블랙,107000,3,판매완료,중고,,False,3,0,2026-07-01 22:50:40,1782913840,메디큐브부스터프로,610700003,https://m.bunjang.co.kr/products/416179528
메디큐브 부스터 프로,417352412,메디큐브 에이지알 부스터 프로 마이멜로디 한정판,200000,3,판매완료,중고,경기도 평택시 현덕면,False,18,0,2026-07-01 22:46:37,1782913597,,610700003,https://m.bunjang.co.kr/products/417352412
메디큐브 부스터 프로,417257055,메디큐브 에이지알 부스터 프로 미니 핑크,39000,3,판매완료,중고,,False,5,0,2026-07-01 15:02:01,1782885721,메디큐브 메디큐브부스터프로,610700003,https://m.bunjang.co.kr/products/417257055
메디큐브 부스터 프로,417244577,메디큐브 부스터프로 미니 핑크,60000,3,판매완료,중고,,False,0,0,2026-07-01 13:56:48,1782881808,,610700003,https://m.bunjang.co.kr/products/417244577
메디큐브 부스터 프로,417188578,메디큐브  부스터 프로 미니,50000,3,판매완료,중고,,False,13,0,2026-07-01 03:57:01,1782845821,,610700003,https://m.bunjang.co.kr/products/417188578
메디큐브 부스터 프로,417089630,메디큐브 에이지알 부스터프로 X2 핑크 (개봉상품),240000,3,판매완료,중고,,False,3,0,2026-06-30 16:59:05,1782806345,,610700003,https://m.bunjang.co.kr/products/417089630
메디큐브 부스터 프로,416380882,[미개봉] 메디큐브 부스터프로 x2,270000,3,판매완료,새상품,경기도 수원시 영통구 광교1동,False,8,0,2026-06-30 16:46:07,1782805567,메디큐브 부스터프로 부스터프로x2 미개봉 새상품,610700003,https://m.bunjang.co.kr/products/416380882
메디큐브 부스터 프로,414687847,메디큐브 부스터 프로 미니 핑크,63000,3,판매완료,중고,,False,4,0,2026-06-30 12:11:52,1782789112,,610700003,https://m.bunjang.co.kr/products/414687847
메디큐브 부스터 프로,416966148,메디큐브 에이지알 뷰티 디바이스 핑크 부스터프로X2,230000,3,판매완료,중고,,False,1,0,2026-06-29 21:56:22,1782737782,,610700003,https://m.bunjang.co.kr/products/416966148
메디큐브 부스터 프로,416909118,메디큐브 에이지알 부스터프로 옐로우,100000,3,판매완료,중고,,True,0,0,2026-06-29 16:50:32,1782719432,,610700003,https://m.bunjang.co.kr/products/416909118
메디큐브 부스터 프로,414410866,메디큐브 부스터프로 핑크,110000,3,판매완료,중고,,True,7,0,2026-06-29 13:17:30,1782706650,,610700003,https://m.bunjang.co.kr/products/414410866
메디큐브 부스터 프로,416839959,메디큐브 부스터프로 헬로키티 에디션,165000,3,판매완료,중고,경기도 여주시 오학동,False,4,0,2026-06-29 09:27:06,1782692826,메디큐브 메디큐브부스터프로 헬로키티,610700003,https://m.bunjang.co.kr/products/416839959
메디큐브 부스터 프로,414371450,정품 메디큐브 부스터프로,120000,3,판매완료,중고,,True,10,0,2026-06-28 21:21:10,1782649270,,610700003,https://m.bunjang.co.kr/products/414371450
메디큐브 부스터 프로,416666778,"메디큐브 부스터 프로 (399,000-> 100,000)",100000,3,판매완료,중고,서울특별시 마포구 합정동,False,2,0,2026-06-28 14:35:04,1782624904,,610700003,https://m.bunjang.co.kr/products/416666778
메디큐브 부스터 프로,416418507,[미개봉] 메디큐브 부스터 프로 글로우 + 전용 파우치 세트,200000,3,판매완료,새상품,,False,0,0,2026-06-28 10:54:27,1782611667,,610700003,https://m.bunjang.co.kr/products/416418507
메디큐브 부스터 프로,416484509,메디큐브 에이지알 부스터 프로 X2 핑크(미개봉 새상품),270000,3,판매완료,새상품,서울특별시 서대문구 남가좌제1동,False,0,0,2026-06-27 15:58:51,1782543531,메디큐브부스터프로 부스터프로x2,610700003,https://m.bunjang.co.kr/products/416484509
메디큐브 부스터 프로,416375689,메디큐브 부스터 프로,70000,3,판매완료,중고,,False,0,0,2026-06-26 23:40:23,1782484823,,610700003,https://m.bunjang.co.kr/products/416375689
메디큐브 부스터 프로,416370679,메디큐브 에이지알 부스터 프로 블랙,80000,3,판매완료,중고,,False,2,0,2026-06-26 23:12:05,1782483125,,610700003,https://m.bunjang.co.kr/products/416370679
메디큐브 부스터 프로,416233866,새상품(미개봉) 메디큐브[에이지알] 부스터 프로 미니 플러스 짱구 에디션,79000,3,판매완료,새상품,,False,10,0,2026-06-26 10:53:35,1782438815,메디큐브 디바이스 에이지알부스터 부스터프로미니플러 미니디바이스,610700003,https://m.bunjang.co.kr/products/416233866
메디큐브 부스터 프로,413969207,메디큐브 부스터프로 블랙,130000,3,판매완료,중고,,False,4,0,2026-06-25 23:42:51,1782398571,메디큐브부스터프로 부스터프로 미용기기 메디큐브 블랙,610700003,https://m.bunjang.co.kr/products/413969207
메디큐브 부스터 프로,414662479,메디큐브 에이지알 부스터 프로 미니 핑크 세트 새상품,160000,3,판매완료,새상품,경기도 안양시 동안구 비산3동,False,0,0,2026-06-25 19:01:09,1782381669,메디큐브 에이지알 부스터 부스터 프로 미니 에이지알 새상품,610700003,https://m.bunjang.co.kr/products/414662479
메디큐브 부스터 프로,416067574,일괄 판매 (메디큐브 부스터 프로 미니 화이트 포함),60000,3,판매완료,중고,,False,0,0,2026-06-25 18:08:54,1782378534,,610700003,https://m.bunjang.co.kr/products/416067574
메디큐브 부스터 프로,416115396,메디큐브 에이지알 부스터프로 1세대 판매,110000,3,판매완료,중고,,False,2,0,2026-06-25 17:18:13,1782375493,메디큐브 에이지알 부스터프로,610700003,https://m.bunjang.co.kr/products/416115396
메디큐브 부스터 프로,413238814,메디큐브 부스터프로 핑크버전 팝니다~,129000,3,판매완료,중고,,False,6,0,2026-06-25 07:25:21,1782339921,,610700003,https://m.bunjang.co.kr/products/413238814
메디큐브 부스터 프로,415942007,(정품인증가능) 메디큐브 부스터프로 (정말 싸게 내놔요),67300,3,판매완료,중고,서울특별시 성북구 동선동,True,2,0,2026-06-24 20:16:27,1782299787,메디큐브부스터프로 메디큐브 피부미용기기 부스터프로 메디큐브에어샷,610700003,https://m.bunjang.co.kr/products/415942007
메디큐브 부스터 프로,404601906,"메디큐브 브이롤러 헤드+부스터프로 미니플러스+(부스터젤,리프트 마스크)",130000,3,판매완료,중고,,False,12,0,2026-06-23 14:27:37,1782192457,메디큐브 브이롤러 부스터프로미니,610700003,https://m.bunjang.co.kr/products/404601906
메디큐브 부스터 프로,415696098,메디큐브 부스터프로 미니플러스 미개봉 팔아용,89000,3,판매완료,새상품,경기도 오산시 남촌동,False,2,0,2026-06-23 14:04:37,1782191077,미니 미니플러스 메디큐브 미용,610700003,https://m.bunjang.co.kr/products/415696098
메디큐브 부스터 프로,415671895,[미개봉/새상품] 메디큐브 에이지알 부스터 프로 미니 플러스 짱구,78000,3,판매완료,새상품,,False,2,0,2026-06-23 11:29:22,1782181762,,610700003,https://m.bunjang.co.kr/products/415671895
메디큐브 부스터 프로,415612407,메디큐브 부스터프로 헬로키티 에디션,230000,3,판매완료,중고,,False,1,0,2026-06-22 23:02:04,1782136924,,610700003,https://m.bunjang.co.kr/products/415612407
메디큐브 부스터 프로,403541392,메디큐브 에이지알 부스터 프로 블랙 +앰플증정,100000,3,판매완료,중고,,False,5,0,2026-06-20 21:27:47,1781958467,,610700003,https://m.bunjang.co.kr/products/403541392
메디큐브 부스터 프로,414397051,메디큐브 부스터 프로,83000,3,판매완료,중고,,False,4,0,2026-06-19 22:55:58,1781877358,,610700003,https://m.bunjang.co.kr/products/414397051
메디큐브 부스터 프로,414988621,메디큐브 부스터 프로 X2 핑크,185000,3,판매완료,중고,,True,0,0,2026-06-19 20:45:08,1781869508,,610700003,https://m.bunjang.co.kr/products/414988621
메디큐브 부스터 프로,414980875,메디큐브 부스터 프로 미니 플러스 마이멜로디 에디션,55000,3,판매완료,중고,서울특별시 동작구 신대방제1동,False,0,0,2026-06-19 19:59:36,1781866776,,610700003,https://m.bunjang.co.kr/products/414980875
메디큐브 부스터 프로,407533965,(무료배송)메디큐브 부스터프로 x2 핑크,220000,3,판매완료,중고,,True,5,0,2026-06-19 14:20:26,1781846426,메디큐브부스터프로 부스터프로x2 메디큐브 디바이스기기 메디큐브부스터,610700003,https://m.bunjang.co.kr/products/407533965
메디큐브 부스터 프로,414905701,메디큐브 부스터 프로 블랙,90000,3,판매완료,중고,,False,2,0,2026-06-19 12:55:20,1781841320,,610700003,https://m.bunjang.co.kr/products/414905701
메디큐브 부스터 프로,412782542,메디큐브 에이지알 부스터 프로 블랙,99000,3,판매완료,중고,서울특별시 은평구 진관동,False,2,0,2026-06-19 09:16:37,1781828197,,610700003,https://m.bunjang.co.kr/products/412782542
메디큐브 부스터 프로,414850685,(사용감X)메디큐브 부스터 프로 미니 핑크,55000,3,판매완료,중고,,False,2,0,2026-06-19 00:32:36,1781796756,,610700003,https://m.bunjang.co.kr/products/414850685
메디큐브 부스터 프로,414636654,메디큐브 부스터프로X2 화이트,250000,3,판매완료,중고,,True,1,0,2026-06-17 19:35:15,1781692515,,610700003,https://m.bunjang.co.kr/products/414636654
메디큐브 부스터 프로,414197800,(구매한지 1주밖에 안됨) 메디큐브 부스터프로 미니플러스 화이트,80000,3,판매완료,중고,,False,0,0,2026-06-17 00:01:40,1781622100,,610700003,https://m.bunjang.co.kr/products/414197800
메디큐브 부스터 프로,414445077,메디큐브 에이지알 부스터 프로 미니 &  진동클렌저,80000,3,판매완료,중고,서울특별시 은평구 진관동,False,1,0,2026-06-16 14:33:10,1781587990,,610700003,https://m.bunjang.co.kr/products/414445077
메디큐브 부스터 프로,414313681,메디큐브 에이지알 부스터프로 마이멜로디 에디션,160000,3,판매완료,중고,서울특별시 송파구 문정1동,True,1,0,2026-06-15 16:13:28,1781507608,,610700003,https://m.bunjang.co.kr/products/414313681
메디큐브 부스터 프로,413522434,메디큐브 부스터 프로 마이멜로디 에디션,235000,3,판매완료,중고,인천광역시 계양구 작전2동,True,7,0,2026-06-15 00:42:22,1781451742,메디큐브부스터프로 마이멜로디,610700003,https://m.bunjang.co.kr/products/413522434
메디큐브 부스터 프로,414012282,메디큐브 부스터프로 조앤프렌즈 헤어클립&케이스,30000,3,판매완료,새상품,,False,1,0,2026-06-13 23:28:46,1781360926,지디 조앤프렌즈 지드래곤 메디큐브 부스터프로,910500007,https://m.bunjang.co.kr/products/414012282
메디큐브 부스터 프로,413989544,메디큐브 부스터프로 블랙,120000,3,판매완료,중고,,False,0,0,2026-06-13 21:18:06,1781353086,,610700003,https://m.bunjang.co.kr/products/413989544
메디큐브 부스터 프로,413803052,메디큐브 부스터 프로 블랙,90000,3,판매완료,중고,대구광역시 달성군 화원읍,True,3,0,2026-06-12 22:33:25,1781271205,,610700003,https://m.bunjang.co.kr/products/413803052
메디큐브 부스터 프로,406624758,메디큐브 부스터프로 미니 마이멜로디,72000,3,판매완료,중고,,False,17,0,2026-06-12 15:23:39,1781245419,,610700003,https://m.bunjang.co.kr/products/406624758
메디큐브 부스터 프로,413700095,메디큐브 부스터프로 미니,65000,3,판매완료,중고,,False,1,0,2026-06-12 09:15:12,1781223312,,610700003,https://m.bunjang.co.kr/products/413700095
메디큐브 부스터 프로,408930683,메디큐브 부스터프로 퍼플에디션 새상품,173000,3,판매완료,새상품,경기도 수원시 영통구 광교2동,True,2,0,2026-06-11 18:28:21,1781170101,,610700003,https://m.bunjang.co.kr/products/408930683
메디큐브 부스터 프로,413482308,메디큐브 부스터 프로 에이지알 핑크,120000,3,판매완료,중고,부산광역시 기장군 정관읍,False,1,0,2026-06-10 18:27:02,1781083622,메디큐브 메디큐브부스터프로 에이지알 부스터프로,610700003,https://m.bunjang.co.kr/products/413482308
메디큐브 부스터 프로,413457740,메디큐브 부스터프로미니 화이트 + 파우치,50000,3,판매완료,중고,,False,0,0,2026-06-10 15:55:40,1781074540,,610700003,https://m.bunjang.co.kr/products/413457740
메디큐브 부스터 프로,412025701,(새상품) 에이피알 메디큐브 에이지알 부스터 프로 라벤더에디션,169000,3,판매완료,새상품,서울특별시 서초구 서초4동,False,5,0,2026-06-10 11:14:02,1781057642,메디큐브 매디큐브,610700003,https://m.bunjang.co.kr/products/412025701
메디큐브 부스터 프로,413422054,메디큐브 부스터프로 마이멜로디 에디션 핑크,250000,3,판매완료,중고,경기도 안성시 안성2동,True,4,0,2026-06-10 11:00:51,1781056851,,610700003,https://m.bunjang.co.kr/products/413422054
메디큐브 부스터 프로,402836576,메디큐브 부스터프로 쿠로미에디션 팔아요,185000,3,판매완료,중고,,False,10,0,2026-06-09 23:39:23,1781015963,,610700003,https://m.bunjang.co.kr/products/402836576
메디큐브 부스터 프로,413263405,메디큐브 에이지알 부스터프로X2 미개봉새제품,290000,3,판매완료,새상품,,True,5,0,2026-06-09 11:28:35,1780972115,,610700003,https://m.bunjang.co.kr/products/413263405
메디큐브 부스터 프로,413148073,쿠로미 메디큐브 부스터프로,180000,3,판매완료,중고,,True,4,0,2026-06-08 16:11:23,1780902683,메디큐브부스터프로 메디큐브 디바이스 부스터프로 쿠로미,610700003,https://m.bunjang.co.kr/products/413148073
메디큐브 부스터 프로,413085809,미개봉새상품 메디큐브 에이지알 부스터 프로 헬로키티 헤드 정품,430000,3,판매완료,새상품,,False,1,0,2026-06-08 15:27:54,1780900074,메디큐브 메디큐브헬로키티 메디큐브부스터프로 메디큐브미스트 메디큐브한교동,610700003,https://m.bunjang.co.kr/products/413085809
메디큐브 부스터 프로,413116078,메디큐브 부스터프로x2 새상품,280000,3,판매완료,새상품,,False,7,0,2026-06-08 11:46:24,1780886784,,610700003,https://m.bunjang.co.kr/products/413116078
메디큐브 부스터 프로,410096983,급처) 메디큐브 에이지알 부스터프로 블랙 정품 풀박스 상태좋음,130000,3,판매완료,중고,,False,4,0,2026-06-07 17:16:29,1780820189,,610700003,https://m.bunjang.co.kr/products/410096983
메디큐브 부스터 프로,412320644,메디큐브 부스터프로 한정판,145000,3,판매완료,중고,서울특별시 영등포구 문래동,False,2,0,2026-06-07 12:57:47,1780804667,부스터프로 메디큐브,610700003,https://m.bunjang.co.kr/products/412320644
메디큐브 부스터 프로,412554534,메디큐브 부스터프로 라벤더 미개봉 새상품 세트,200000,3,판매완료,새상품,,False,1,0,2026-06-07 11:59:57,1780801197,메디큐브부스터프로 라벤더 퍼플,610700003,https://m.bunjang.co.kr/products/412554534
메디큐브 부스터 프로,412569998,메디큐브 에이지알 부스터 프로 미니 플러스,80000,3,판매완료,중고,,True,1,0,2026-06-05 21:57:36,1780664256,,610700003,https://m.bunjang.co.kr/products/412569998
메디큐브 부스터 프로,412498771,메디큐브 에이지알 부스터 프로 마이멜로디 에디션 장원용,170000,3,판매완료,중고,,False,3,0,2026-06-05 15:29:54,1780640994,,610700003,https://m.bunjang.co.kr/products/412498771
메디큐브 부스터 프로,412471679,메디큐브 에이지알 부스터프로x2,290000,3,판매완료,새상품,,False,1,0,2026-06-05 12:43:45,1780631025,,610700003,https://m.bunjang.co.kr/products/412471679
메디큐브 부스터 프로,412424610,메디큐브 부스터 프로X2 새상품,300000,3,판매완료,새상품,,True,2,0,2026-06-05 01:35:28,1780590928,,610700003,https://m.bunjang.co.kr/products/412424610
메디큐브 부스터 프로,412269141,메디큐브 부스터프로 마이멜로디 에디션 미개봉,360000,3,판매완료,새상품,서울특별시 금천구 가산동,True,0,0,2026-06-04 10:20:53,1780536053,,610700003,https://m.bunjang.co.kr/products/412269141
메디큐브 부스터 프로,411359645,메디큐브 브이롤러+부스터프로미니플러스,95000,3,판매완료,중고,,False,3,0,2026-06-03 21:51:50,1780491110,,610700003,https://m.bunjang.co.kr/products/411359645
메디큐브 부스터 프로,412058035,메디큐브 부스터 프로 X2 화이트,260000,3,판매완료,중고,,False,0,0,2026-06-03 14:38:00,1780465080,메디큐브 부스터프로 부스터프로X2,610700003,https://m.bunjang.co.kr/products/412058035
메디큐브 부스터 프로,410877268,메디큐브 부스터프로 x2,252000,3,판매완료,중고,전라남도 무안군 일로읍,False,4,0,2026-06-03 10:02:45,1780448565,메디큐브 메디큐브부스터프로 피부,610700003,https://m.bunjang.co.kr/products/410877268
메디큐브 부스터 프로,411976749,메디큐브 에이지알 부스터프로 미니플러스 짱구에디션,60000,3,판매완료,중고,,False,0,0,2026-06-03 00:11:31,1780413091,,610700003,https://m.bunjang.co.kr/products/411976749
메디큐브 부스터 프로,411028644,메디큐브 에이지알 부스터프로,150000,3,판매완료,중고,인천광역시 서구 검단1동,False,0,0,2026-06-02 01:35:16,1780331716,메디큐브 메디큐브부스터프로,610700003,https://m.bunjang.co.kr/products/411028644
메디큐브 부스터 프로,411661587,메디큐브 부스터프로+울트라튠 판매합니다(박스포함),250000,3,판매완료,중고,,True,1,0,2026-06-01 12:35:45,1780284945,메디큐브 메디큐브부스터프로 울트라튠,610700003,https://m.bunjang.co.kr/products/411661587
메디큐브 부스터 프로,411581288,메디큐브 부스터프로 + 보호캡,100000,3,판매완료,중고,,False,1,0,2026-06-01 10:27:16,1780277236,,610700003,https://m.bunjang.co.kr/products/411581288
메디큐브 부스터 프로,411541958,메디큐브 부스터프로 미니 플러스 핑크,65000,3,판매완료,중고,,False,3,0,2026-06-01 07:22:45,1780266165,,610700003,https://m.bunjang.co.kr/products/411541958
메디큐브 부스터 프로,411566576,메디큐브 [에이지알] 부스터 프로 브이 롤러 헤드 핑크,43000,3,판매완료,중고,,False,2,0,2026-05-31 21:59:57,1780232397,,610700003,https://m.bunjang.co.kr/products/411566576
메디큐브 부스터 프로,411522475,메디큐브 에이지알 부스터프로 미니,35000,3,판매완료,중고,,False,1,0,2026-05-31 18:49:22,1780220962,,610700003,https://m.bunjang.co.kr/products/411522475
메디큐브 부스터 프로,409559582,(미개봉)메디큐브 에이지알 부스터프로2 신상 디바이스 뷰티디바이스,280000,3,판매완료,새상품,,False,10,0,2026-05-31 14:35:06,1780205706,메디큐브 부스터프로 메디큐브부스터프로 부스터프로핑크,610700003,https://m.bunjang.co.kr/products/409559582
메디큐브 부스터 프로,411369830,메디큐브 에이지알 부스터 프로 레몬 에디션 판매합니다!,110000,3,판매완료,중고,,False,1,0,2026-05-31 02:19:03,1780161543,,610700003,https://m.bunjang.co.kr/products/411369830
메디큐브 부스터 프로,399311923,메디큐브 에이지알 마이멜로디 부스터프로 미니 플러스 클렌징헤드 세트,120000,3,판매완료,중고,,False,21,0,2026-05-31 01:49:51,1780159791,,610700003,https://m.bunjang.co.kr/products/399311923
메디큐브 부스터 프로,411362203,메디큐브 부스터프로미니 한교동,90000,3,판매완료,새상품,,True,4,0,2026-05-31 01:12:25,1780157545,메디큐브 부스터프로미니 한교동,610700003,https://m.bunjang.co.kr/products/411362203
메디큐브 부스터 프로,406130665,(미개봉 새상품) 정품 / 메디큐브 에이지알 부스터프로 핑크,180000,3,판매완료,새상품,서울특별시 중랑구 신내1동,False,6,0,2026-05-30 14:20:16,1780118416,,610700003,https://m.bunjang.co.kr/products/406130665
메디큐브 부스터 프로,410786934,메디큐브 부스터프로 디바이스,110000,3,판매완료,중고,경기도 양주시 양주2동,False,4,0,2026-05-30 00:13:57,1780067637,,610700003,https://m.bunjang.co.kr/products/410786934
메디큐브 부스터 프로,403340726,메디큐브 부스터 프로 짱구 에디션 단품,120000,3,판매완료,중고,,True,5,0,2026-05-29 16:08:29,1780038509,,610700003,https://m.bunjang.co.kr/products/403340726
메디큐브 부스터 프로,410712498,메디큐브 부스터 프로,120000,3,판매완료,중고,,False,3,0,2026-05-28 11:31:21,1779935481,메디큐브부스터프로 메디큐브 디바이스 부스터프로 티타몬드,610700003,https://m.bunjang.co.kr/products/410712498
메디큐브 부스터 프로,410606356,메디큐브 진동클렌저 클렌징 디바이스+부스터프로미니플러스,80000,3,판매완료,중고,,False,5,0,2026-05-27 19:18:52,1779877132,,610700003,https://m.bunjang.co.kr/products/410606356
메디큐브 부스터 프로,410605563,메디큐브 에이지알부스터 브이롤러+부스터프로미니플러스,80000,3,판매완료,중고,,True,6,0,2026-05-27 19:14:40,1779876880,,610700003,https://m.bunjang.co.kr/products/410605563
메디큐브 부스터 프로,409482291,메디큐브 부스터프로,100000,3,판매완료,중고,,False,9,0,2026-05-22 00:36:36,1779377796,,610700003,https://m.bunjang.co.kr/products/409482291
메디큐브 부스터 프로,408781412,메디큐브 부스터프로,85000,3,판매완료,중고,부산광역시 부산진구 개금제1동,False,7,0,2026-05-18 13:51:41,1779079901,,610700003,https://m.bunjang.co.kr/products/408781412
메디큐브 부스터 프로,401677331,메디큐브 부스터 프로 미니 마이멜로디 한정 핑크 색상,43000,3,판매완료,중고,,False,3,0,2026-04-15 04:26:30,1776194790,,610700003,https://m.bunjang.co.kr/products/401677331
메디큐브 부스터 프로,371233810,메디큐브 부스터프로,123456,3,판매완료,중고,,False,5,0,2025-11-27 20:57:52,1764244672,,610700003,https://m.bunjang.co.kr/products/371233810
메디큐브 부스터 프로,297845889,메디큐브 에이지알 부스터프로 미개봉 새상품,240000,3,판매완료,새상품,,True,2,0,2024-11-03 14:37:50,1730612270,,610700003,https://m.bunjang.co.kr/products/297845889
