search_keyword,product_id,title,price,status_code,status,location,registered_at,product_url,description,model,model_source,detail_status
다이슨 청소기,231363937,깨끗하게 세척한 다이슨 무선 청소기 V10 롱버전 풀세트(90분 연속동작,175000,0,판매중,흥해읍,2026-08-27 14:10:47,https://web.joongna.com/product/231363937,,V10,text_code,not_requested
다이슨 청소기,231490875,"다이슨 진공 청소기 정품충전기(V10, V11)",17000,0,판매중,흥해읍,2026-08-27 14:10:41,https://web.joongna.com/product/231490875,,V10,text_code,not_requested
다이슨 청소기,231559677,다이슨 Dyson 청소기 버큠 헤드 흡입툴 흡입 헤드툴흡입 카펫개인입니다가까운곳은 2만원추가시 집 문앞에 놓아드려요,40000,0,판매중,청담동,2026-08-27 14:45:55,https://web.joongna.com/product/231559677,,제품군 공통,product_group,404
다이슨 청소기,231769948,[dyson] 다이슨 무선청소기 v7 fluffy,109000,0,판매중,상계5동,2026-08-27 14:22:29,https://web.joongna.com/product/231769948,,V7,text_code,not_requested
다이슨 청소기,231904629,깨끗하게 세척한 다이슨 무선 청소기 V8(33분 연속동작),125000,0,판매중,흥해읍,2026-08-27 14:18:18,https://web.joongna.com/product/231904629,,V8,text_code,not_requested
다이슨 청소기,231678139,무료배송 다이슨 DC63 터빈헤드프로 유선 청소기 A급,350000,0,판매중,신수동,2026-08-27 14:14:50,https://web.joongna.com/product/231678139,,DC63,text_code,not_requested
다이슨 청소기,231899285,깨끗하게 세척한 다이슨 무선 청소기 V10 풀세트(51분 연속동작),145000,0,판매중,흥해읍,2026-08-27 14:13:26,https://web.joongna.com/product/231899285,,V10,text_code,not_requested
다이슨 청소기,231874690,깨끗하게 세척한 다이슨 무선 청소기 V7(23분 연속동작),77000,0,판매중,흥해읍,2026-08-27 14:13:21,https://web.joongna.com/product/231874690,,V7,text_code,not_requested
다이슨 청소기,231874602,깨끗하게 세척한 다이슨 무선 청소기 V11 풀세트(81분 연속동작),265000,0,판매중,흥해읍,2026-08-27 14:13:15,https://web.joongna.com/product/231874602,,V11,text_code,not_requested
다이슨 청소기,231813845,깨끗하게 세척한 다이슨 V6[DC62] 무선 청소기(19분 연속동작),67000,0,판매중,흥해읍,2026-08-27 14:13:09,https://web.joongna.com/product/231813845,,V6,text_code,not_requested
다이슨 청소기,231812296,다이슨 진공 청소기 완드 4개(연결봉) - 개별판매가능,24000,0,판매중,흥해읍,2026-08-27 14:13:03,https://web.joongna.com/product/231812296,"-. 택배비 추가하여 택배거래 가능. -. 참고사항 : 실사진올리니 참고하시어 구매바랍니다. 1. 중고용품으로 예민하신분은 정중히 사양하고, 제품거래후에는 교환, 반품 및 환불은 불가합니다. 1. 첫 사진의 위에서 2번째 제품은 판매완료 1. V7, V8, V10, V11, V15에 사용가능. 1. 사용감있슴.",V7,detail_text_code,200
다이슨 청소기,231812076,다이슨 무선 청소기 V6용 모터 헤드,15000,0,판매중,흥해읍,2026-08-27 14:12:57,https://web.joongna.com/product/231812076,,V6,text_code,not_requested
다이슨 청소기,231775460,깨끗하게 세척한 다이슨 무선 청소기 V8(33분 연속동작),125000,0,판매중,흥해읍,2026-08-27 14:12:49,https://web.joongna.com/product/231775460,,V8,text_code,not_requested
다이슨 청소기,231417216,깨끗하게 세척한 다이슨 V6 무선 청소기 본체(방전),22000,0,판매중,흥해읍,2026-08-27 14:12:16,https://web.joongna.com/product/231417216,,V6,text_code,not_requested
다이슨 청소기,231590504,깨끗하게 세척한 다이슨 무선 청소기 V11 풀세트(73분 연속동작),239000,0,판매중,흥해읍,2026-08-27 14:11:25,https://web.joongna.com/product/231590504,,V11,text_code,not_requested
다이슨 청소기,231512481,다이슨 무선 청소기 정품 미니 모터 헤드(V7- V11용),8000,0,판매중,흥해읍,2026-08-27 14:10:53,https://web.joongna.com/product/231512481,,V7,text_code,not_requested
다이슨 청소기,231342868,"다이슨 무선 청소기용 배터리(V6, V7, V8, V10)",11000,0,판매중,흥해읍,2026-08-27 14:10:15,https://web.joongna.com/product/231342868,,V6,text_code,not_requested
다이슨 청소기,231901113,다이슨 360 Vis nav 로봇청소기 새상품급,410000,0,판매중,서초2동,2026-08-27 12:18:57,https://web.joongna.com/product/231901113,,360_VIS_NAV,text_variant,not_requested
다이슨 청소기,231901495,다이슨 청소기 V16 가장 최신형 판매합니다,1100000,0,판매중,동탄7동,2026-08-27 12:32:49,https://web.joongna.com/product/231901495,,V16,text_code,404
다이슨 청소기,231442880,다이슨 무선 청소기 거치대(스탠드) 슬림형,22000,0,판매중,,2026-08-27 11:57:25,https://web.joongna.com/product/231442880,"안녕하세요. 다이슨 무선 청소기 거치대(스탠드) 슬림형 처분합니다. 실사진 첨부하오니 잘 보시고 필요하시면 구매바랍니다. 제품에 대해 잘 아시는 분만 구입해주세요. 설명 못드립니다. * 하부 철판 밑면 고무파킹이 2개 분실된점 기재합니다. (다이소에 고무파킹 구입후 붙여주시면 될듯합니다.) * 사용감,세월감 사진 잘 확인해주세요. 제품 특성상 반품/환불 정중히 사절드립니다.",제품군 공통,product_group,200
다이슨 청소기,230978287,다이슨 청소기 V8 앱솔루트 부품,11111,0,판매중,,2026-08-27 11:55:28,https://web.joongna.com/product/230978287,,V8,text_code,not_requested
다이슨 청소기,231855016,"다이슨 무선 청소기 연결봉 3개 일괄 처분(V6 1개, V8 2개)",27000,0,판매중,,2026-08-27 11:59:37,https://web.joongna.com/product/231855016,,V6,text_code,not_requested
다이슨 청소기,230978283,"다이슨 청소기 V6 부품 싸이클론필터,먼지통",11111,0,판매중,,2026-08-27 11:55:08,https://web.joongna.com/product/230978283,,V6,text_code,not_requested
다이슨 청소기,231411809,"다이슨 진공 청소기 정품충전기(V10, V11)",17000,0,판매중,흥해읍,2026-08-27 11:30:51,https://web.joongna.com/product/231411809,,V10,text_code,not_requested
다이슨 청소기,231899538,깨끗하게 세척한 다이슨 무선 청소기 V8(33분 연속동작),125000,0,판매중,흥해읍,2026-08-27 11:21:11,https://web.joongna.com/product/231899538,,V8,text_code,not_requested
다이슨 청소기,231899508,깨끗하게 세척한 다이슨 V6[DC62] 무선 청소기(21분 연속동작),67000,0,판매중,흥해읍,2026-08-27 11:20:23,https://web.joongna.com/product/231899508,,V6,text_code,not_requested
다이슨 청소기,230757663,다이슨 옴니 글라이드 무선청소기,90000,0,판매중,정관읍,2026-08-27 10:08:02,https://web.joongna.com/product/230757663,,OMNI_GLIDE,text_variant,not_requested
다이슨 청소기,231357571,"다이슨 무선 청소기용 배터리(V6, V7, V8, V10)",11000,0,판매중,흥해읍,2026-08-27 10:40:09,https://web.joongna.com/product/231357571,,V6,text_code,not_requested
다이슨 청소기,231889835,다이슨 무선 청소기 V6용 모터 헤드,15000,0,판매중,흥해읍,2026-08-27 10:42:11,https://web.joongna.com/product/231889835,,V6,text_code,not_requested
다이슨 청소기,231808593,다이슨 무선 청소기 정품 미니 모터 헤드(V7- V11용),8000,0,판매중,흥해읍,2026-08-27 10:42:05,https://web.joongna.com/product/231808593,,V7,text_code,not_requested
다이슨 청소기,231481859,다이슨 V10 무선 진공청소기용 청소툴보관함(청소틀 포함),19000,0,판매중,흥해읍,2026-08-27 10:41:18,https://web.joongna.com/product/231481859,,V10,text_code,not_requested
다이슨 청소기,231412025,깨끗하게 세척한 다이슨 V6 무선 청소기 본체(방전),22000,0,판매중,흥해읍,2026-08-27 10:40:40,https://web.joongna.com/product/231412025,,V6,text_code,not_requested
다이슨 청소기,231357645,깨끗하게 세척한 다이슨 무선 청소기 V11 풀세트(73분 연속동작),237000,0,판매중,흥해읍,2026-08-27 10:40:15,https://web.joongna.com/product/231357645,,V11,text_code,not_requested
다이슨 청소기,231383867,깨끗하게 세척한 다이슨 무선 청소기 V10 롱버전 풀세트(90분 연속동작,167000,0,판매중,흥해읍,2026-08-27 10:39:36,https://web.joongna.com/product/231383867,,V10,text_code,not_requested
다이슨 청소기,231705085,다이슨v11 컴플리트 무선청소기,230000,0,판매중,대신동,2026-08-27 10:31:43,https://web.joongna.com/product/231705085,,V11,text_code,not_requested
다이슨 청소기,231845873,다이슨 디지털 슬림옵틱 청소기 새상품,350000,0,판매중,,2026-08-27 10:22:01,https://web.joongna.com/product/231845873,,DIGITAL_SLIM,text_variant,not_requested
다이슨 청소기,229870838,다이슨 무선청소기 V6용 봉 완드 부품,15000,0,판매중,,2026-08-27 10:01:44,https://web.joongna.com/product/229870838,,V6,text_code,not_requested
다이슨 청소기,231896867,다이슨 V10무선청소기,180000,0,판매중,상계1동,2026-08-27 09:36:02,https://web.joongna.com/product/231896867,,V10,text_code,not_requested
다이슨 청소기,230345218,"청소기 다이슨 V6,v7,v8,v10 배터리 내놓습니다",28000,0,판매중,,2026-08-27 08:29:27,https://web.joongna.com/product/230345218,,V6,text_code,not_requested
다이슨 청소기,224855450,청소기 다이슨 V10(SV12) 배터리 내놓습니다,35000,0,판매중,,2026-08-27 08:29:52,https://web.joongna.com/product/224855450,,V10,text_code,not_requested
다이슨 청소기,231409282,"다이슨 무선청소기 V10(거의 A급,삼성배터리교체>1시간14분작동,전체해체,Cleaning완)",208000,0,판매중,죽전1동,2026-08-27 08:19:54,https://web.joongna.com/product/231409282,,V10,text_code,not_requested
다이슨 청소기,231783773,다이슨 무선청소기v10 입니다,200000,0,판매중,,2026-08-27 08:19:40,https://web.joongna.com/product/231783773,,V10,text_code,not_requested
다이슨 청소기,231527072,무선청소기 배터리 다이슨배터리,9000,0,판매중,,2026-08-27 06:19:43,https://web.joongna.com/product/231527072,무선청소기용 배터리 . 사용감은 있지만 기능상 문제없이 잘 작동합니다. 무선청소기 교체용으로 딱 좋아요! 성능테스트불가. 교환환불불가,제품군 공통,product_group,200
다이슨 청소기,231894417,다이슨 V8 무선청소기 / 디월트 / 보쉬,4321,0,판매중,역삼1동,2026-08-27 04:47:32,https://web.joongna.com/product/231894417,,V8,text_code,not_requested
다이슨 청소기,231890095,다이슨 정품 싸이클론 V10 무선청소기 미개봉 팝니다 ( 서울 ),290000,0,판매중,청담동,2026-08-26 22:34:58,https://web.joongna.com/product/231890095,,V10,text_code,not_requested
다이슨 청소기,231889936,다이슨 진공 청소기 완드 4개(연결봉) - 개별판매가능,24000,1,예약중,흥해읍,2026-08-26 22:29:08,https://web.joongna.com/product/231889936,"-. 택배비 추가하여 택배거래 가능. -. 참고사항 : 실사진올리니 참고하시어 구매바랍니다. 1. 중고용품으로 예민하신분은 정중히 사양하고, 제품거래후에는 교환, 반품 및 환불은 불가합니다. 1. 개별구매시 7,000원에 판매가능. 1. 첫 사진의 위에서 2번째 제품은 판매완료 1. V7, V8, V10, V11, V15에 사용가능. 1. 사용감있슴.",V7,detail_text_code,200
다이슨 청소기,230680833,다이슨 무선청소기 V7 V8 V10 모터헤드 소프트롤러 (정품 새상품),53000,0,판매중,,2026-08-26 22:13:43,https://web.joongna.com/product/230680833,,V7,text_code,not_requested
다이슨 청소기,230621795,다이슨 무선청소기 V7 V8 V10용 소프트롤러 모터헤드,58000,0,판매중,,2026-08-26 22:13:38,https://web.joongna.com/product/230621795,,V7,text_code,not_requested
다이슨 청소기,229573941,다이슨 다이슨 무선청소기 V6용 소프트롤러 모터헤드 (분해세척),36000,0,판매중,,2026-08-26 22:13:16,https://web.joongna.com/product/229573941,,V6,text_code,not_requested
다이슨 청소기,231458578,정품 다이슨 무선청소기 악세사리 개당5000원 노즐 부품 키트 v8 v7 v10 v11 v12 v15 용,5000,0,판매중,,2026-08-26 21:08:25,https://web.joongna.com/product/231458578,,V8,text_code,not_requested
다이슨 청소기,231887508,다이슨 무선청소기 sv09,20000,0,판매중,방화제3동,2026-08-26 21:08:21,https://web.joongna.com/product/231887508,,SV09,text_code,not_requested
다이슨 청소기,231341295,정품 다이슨 v6 무선청소기 투명 먼지통 더스트빈 컵 단품 본체 부품,10000,0,판매중,,2026-08-26 21:05:12,https://web.joongna.com/product/231341295,,V6,text_code,not_requested
다이슨 청소기,231627006,정품 다이슨 v6 무선청소기 연결봉 연장관 완드 튜브 파이프 스틱,7000,0,판매중,,2026-08-26 21:04:47,https://web.joongna.com/product/231627006,,V6,text_code,not_requested
다이슨 청소기,231887370,다이슨 무선청소기 충전기,10000,0,판매중,방화제3동,2026-08-26 21:03:38,https://web.joongna.com/product/231887370,,제품군 공통,product_group,404
다이슨 청소기,231702845,다이슨 DC74 V6 카본 파이버 무선 청소기,55000,0,판매중,,2026-08-26 20:32:34,https://web.joongna.com/product/231702845,,DC74,text_code,not_requested
다이슨 청소기,230621767,다이슨 무선청소기 V6 용 거치대 도킹스테이션 (정품),15000,0,판매중,,2026-08-26 19:10:05,https://web.joongna.com/product/230621767,,V6,text_code,not_requested
다이슨 청소기,230003884,다이슨 무선청소기 V7 V8 V10용 소프트롤러 모터헤드,43000,0,판매중,,2026-08-26 19:10:21,https://web.joongna.com/product/230003884,,V7,text_code,not_requested
다이슨 청소기,231810972,다이슨 청소기,50000,0,판매중,반포3동,2026-08-26 18:02:14,https://web.joongna.com/product/231810972,충전기는 없어서 따로 어댑터만 구매하면 됩니다,제품군 공통,product_group,200
다이슨 청소기,225228020,다이슨 V6 무선청소기 본체,30000,0,판매중,덕천제1동,2026-08-26 16:39:04,https://web.joongna.com/product/225228020,,V6,text_code,not_requested
다이슨 청소기,231879936,[로봇청소기] 다이슨 스팟앤스크럽 Ai 로봇청소기 판매합니다.,700000,0,판매중,등촌제1동,2026-08-26 16:58:02,https://web.joongna.com/product/231879936,"■ 제품 정보 - 모델명 : 다이슨 스팟앤스크럽 Ai (144385-01 / RB05-A, 블랙+블루) - 무상 AS 기간 : 28년 2월까지 - 종류 : 올인원 로봇청소기 (흡입 + 물걸레) - 흡입력 : 18,000Pa - 물걸레 : 롤러형, 60℃ 온수 세척, 실시간 물걸레 세척, 물걸레확장암 - 스테이션 : 먼지비움, 걸레세척(온수), 걸레건조(온풍), 세제투입, 스테이션 자가청소, 자동급수, 자동충전 - 인식 : LDS+카메라 센서, 2D·3D 맵핑, AI 사물인식, 오염도 감지, 장애물 회피 - 주행 : 문턱넘기 2cm / 통과높이 11cm - 크기 : 청소기 373x110x370mm / 스테이션 440x508x455mm - 무게 : 6.6kg 찌든 때를 감지하면 해당 구간을 최대 15번 반복 청소하는 다이슨만의 방식이 적용된 모델입니다. 60℃ 온수로 물걸레를 세척하고 온풍으로 건조까지 해줘 걸레 냄새 걱정이 적습니다. 스테이션이 먼지비움·세제투입·자동급수까지 처리해 손이 거의 가지 않습니다. 총 청소 기록 약 7분으로 사용량이 매우 적으며, 무상 AS 기간이 28년 2월까지 남아있어 안심하고 사용 가능합니다. 밑판 상부에 스크래치가 있으나 사용에 지장이 없으며, 그 외 전체 상태 양호하고 전체 클리닝 작업 완료했습니다. 진공 청소 각 모드, 물걸레 청소 각 모드, 물걸레 세척 및 건조, 오수 배출, 어플 연결 및 와이파이 연결 모두 정상 작동 확인했습니다. 구성품과 제품 외관 상태는 사진 참고 부탁드립니다. 직거래 / 택배거래 가능합니다. **중고 특성상 단순변심으로 인한 반품 및 환불은 어려운 점 양해 부탁드립니다.**",SPOT_AND_SCRUB,text_variant,200
다이슨 청소기,231877531,다이슨 360 vis nav 로봇 청소기 304631-01,400000,0,판매중,가산동,2026-08-26 15:41:42,https://web.joongna.com/product/231877531,,360_VIS_NAV,text_variant,not_requested
다이슨 청소기,231637811,다이슨 무선청소기,155000,0,판매중,호평동,2026-08-26 15:41:25,https://web.joongna.com/product/231637811,다이슨 무선 청소기 배터리 새상품 교체했습니다 먼지 흡입력 좋습니다 틈새 청소기부품 있습니다 먼지통 깨끗이 비우고 전체적으로 깨끗이 닦아놨습니다 안전결제후 선입금이나 예약금 먼저오시는분 위주로 거래합니다 찔러보기 안됩니다 반품환불불가 택배거래시 6900원 추가 택배거래시 가끔 비매너 이신분이 계셔서 방문택배 신청후 절대 취소불가이니 신중한 거래 바랍니다 꼭 하실분만 매너거래 원합니다,제품군 공통,product_group,200
다이슨 청소기,231709082,다이슨V11컴플리트 무선청소기 미개봉새상품,490000,0,판매중,서현1동,2026-08-26 15:09:15,https://web.joongna.com/product/231709082,,V11,text_code,not_requested
다이슨 청소기,230480714,다이슨 v11 에어와츠 최상급 청소기,300000,0,판매중,,2026-08-26 13:25:28,https://web.joongna.com/product/230480714,,V11,text_code,not_requested
다이슨 청소기,230986714,다이슨 청소기 V6 미니모터헤드 침구용,30000,0,판매중,지동,2026-08-26 13:04:37,https://web.joongna.com/product/230986714,,V6,text_code,not_requested
다이슨 청소기,231823518,다이슨 V7 무선 청소기 본체,40000,0,판매중,덕천제1동,2026-08-26 12:46:33,https://web.joongna.com/product/231823518,,V7,text_code,not_requested
다이슨 청소기,231871204,(청소시간 11분) 다이슨 스팟앤스크럽 Ai 로봇 청소기 144385-01,500000,0,판매중,가산동,2026-08-26 12:07:52,https://web.joongna.com/product/231871204,,SPOT_AND_SCRUB,text_variant,not_requested
다이슨 청소기,231754423,다이슨 무선청소기,50000,0,판매중,죽전1동,2026-08-26 11:05:57,https://web.joongna.com/product/231754423,다이슨 무선청소기 세트 판매해요. 충전기와 브러시 포함되어 있고 상태 양호합니다. 깔끔하게 사용했어요! 5만원 판매합니다,제품군 공통,product_group,200
다이슨 청소기,231017077,다이슨 V8 무선청소기 부품,30000,0,판매중,죽전1동,2026-08-26 11:05:12,https://web.joongna.com/product/231017077,,V8,text_code,not_requested
다이슨 청소기,231731179,(DYSON) 다이슨 청소기 부품 2종 / 헤드 주름관 / 사이드 브러쉬,5000,0,판매중,금호2.3가동,2026-08-26 10:19:36,https://web.joongna.com/product/231731179,새상품 / 미사용 제품 입니다. 다이슨 바닥 헤드 에 사용하는 주름관 호스 와 바닥 사이드 브러쉬 (테입 방식) 입니다. 다이슨 V6 / V7 / V8 / V10 / V11 에 사용 가능합니다. 다이슨 슬림 헤드에는 사용 할수 없습니다. 직접 제품 확인후 꼭 구매하세요. 일괄판매이며 가격흥정은 하지 않습니다. 제품 확인후에 구매했으므로 기타이유/단순변심/판매글미숙지등등 구매후 교환이나 환불은 불가입니다.,V6,detail_text_code,200
다이슨 청소기,231670491,다이슨 무선청소기,99000,0,판매중,호평동,2026-08-26 08:34:24,https://web.joongna.com/product/231670491,보통기본으로 작동시 한번충전하면 오래씁니다 맥스로 작동시 금방 꺼집니다 보통 기본으로 작동시 먼지 흡입 잘됩니다 그냥 기본으로 사용 하시면 됩니다 작동시 조용합니다 먼지통 깨끗이 비우고 전체적으로 깨끗이 닦아놨습니다 안쓸땐 충전기에 꽂아놓으시면 됩니다 안전결제후 먼저오시는분 위주로 거래합니다 찔러보기 안됩니다 반품환불불가 택배거래시 6900원 추가 택배거래시 가끔 비매너 이신분이 계셔서 방문택배 신청후 절대 취소불가이니 신중한 거래 바랍니다 꼭 하실분만 매너거래 원합니다,제품군 공통,product_group,200
다이슨 청소기,231666450,다이슨 무선청소기,155000,0,판매중,호평동,2026-08-26 08:37:38,https://web.joongna.com/product/231666450,다이슨 무선 청소기 배터리 새상품 교체했습니다 먼지 흡입력 좋습니다 틈새 청소기부품 있습니다 먼지통 깨끗이 비우고 전체적으로 깨끗이 닦아놨습니다 안전결제후 선입금이나 예약금 먼저오시는분 위주로 거래합니다 찔러보기 안됩니다 반품환불불가 택배거래시 6900원 추가 택배거래시 가끔 비매너 이신분이 계셔서 방문택배 신청후 절대 취소불가이니 신중한 거래 바랍니다 꼭 하실분만 매너거래 원합니다,제품군 공통,product_group,200
다이슨 청소기,229253670,다이슨 V8 앱솔루트 엑스트라 무선청소기,105000,0,판매중,세곡동,2026-08-26 07:55:38,https://web.joongna.com/product/229253670,,V8,text_code,not_requested
다이슨 청소기,228292374,다이슨 V8 앱솔루트 무선청소기,128000,0,판매중,세곡동,2026-08-26 07:55:53,https://web.joongna.com/product/228292374,,V8,text_code,not_requested
다이슨 청소기,231865497,다이슨 V10무선청소기,180000,0,판매중,상계1동,2026-08-26 07:53:32,https://web.joongna.com/product/231865497,,V10,text_code,not_requested
다이슨 청소기,224889811,다이슨 v8 청소기 툴 3종 미사용품.정품이며 보관만 했던 미사용품,7000,0,판매중,,2026-08-26 07:26:37,https://web.joongna.com/product/224889811,,V8,text_code,not_requested
다이슨 청소기,231666478,다이슨 무선청소기,155000,0,판매중,호평동,2026-08-26 07:23:31,https://web.joongna.com/product/231666478,다이슨 무선 청소기 배터리 새상품 교체했습니다 먼지 흡입력 좋습니다 틈새 청소기부품 있습니다 먼지통 깨끗이 비우고 전체적으로 깨끗이 닦아놨습니다 안전결제후 선입금이나 예약금 먼저오시는분 위주로 거래합니다 찔러보기 안됩니다 반품환불불가 택배거래시 6900원 추가 택배거래시 가끔 비매너 이신분이 계셔서 방문택배 신청후 절대 취소불가이니 신중한 거래 바랍니다 꼭 하실분만 매너거래 원합니다,제품군 공통,product_group,200
다이슨 청소기,230978345,다이슨 V6 청소기 배터리 보호 보드/ BMS PCB,10000,0,판매중,송포동,2026-08-26 03:03:31,https://web.joongna.com/product/230978345,,V6,text_code,not_requested
다이슨 청소기,231861277,다이슨SV18디지털슬림무선청소기,200000,0,판매중,,2026-08-25 23:24:53,https://web.joongna.com/product/231861277,,SV18,text_code,not_requested
다이슨 청소기,231419616,다이슨V8 무선청소기,68000,0,판매중,,2026-08-25 22:39:51,https://web.joongna.com/product/231419616,,V8,text_code,not_requested
다이슨 청소기,229776117,다이슨 무선청소기 V8흡입 헤드,25000,0,판매중,신암1동,2026-08-25 18:33:15,https://web.joongna.com/product/229776117,,V8,text_code,not_requested
다이슨 청소기,231850231,다이슨 무선청소기 침구헤드,5000,0,판매중,방화제3동,2026-08-25 17:06:12,https://web.joongna.com/product/231850231,,제품군 공통,product_group,404
다이슨 청소기,231581490,다이슨 청소기 v6 본체,20000,0,판매중,,2026-08-25 15:39:33,https://web.joongna.com/product/231581490,,V6,text_code,not_requested
다이슨 청소기,229798153,다이슨 무선청소기 V10 대용량 배터리 (새상품),42000,0,판매중,,2026-08-25 13:40:29,https://web.joongna.com/product/229798153,,V10,text_code,not_requested
다이슨 청소기,231799594,다이슨 V11 컴플리트 블루 무선청소기,240000,0,판매중,다산2동,2026-08-25 13:22:41,https://web.joongna.com/product/231799594,,V11,text_code,not_requested
다이슨 청소기,231838986,다이슨 무선청소기 싸이클론 V10 레드,200000,0,판매중,,2026-08-25 10:49:39,https://web.joongna.com/product/231838986,,V10,text_code,not_requested
다이슨 청소기,231835371,미개봉] 다이슨 v16 피스톤 애니멀 서브마린 무선청소기 판매합니다,1000000,0,판매중,송부동,2026-08-25 07:20:20,https://web.joongna.com/product/231835371,,V16,text_code,404
다이슨 청소기,231834854,다이슨 V8 무선 청소기,130000,0,판매중,문정2동,2026-08-25 05:41:38,https://web.joongna.com/product/231834854,,V8,text_code,not_requested
다이슨 청소기,228651985,다이슨 유선청소기 dc52 (바퀴파손),80000,0,판매중,,2026-08-24 22:51:47,https://web.joongna.com/product/228651985,,DC52,text_code,not_requested
다이슨 청소기,231494126,다이슨 초경량 무선 청소기 마이크로 1.5 충전거치대 포함,310000,0,판매중,,2026-08-24 22:41:24,https://web.joongna.com/product/231494126,,MICRO_1.5KG,text_variant,not_requested
다이슨 청소기,231408790,다이슨v10 무선청소기 본체,100000,0,판매중,우산동,2026-08-24 21:33:45,https://web.joongna.com/product/231408790,,V10,text_code,not_requested
다이슨 청소기,230407461,다이슨 V8 플러피 청소기 (직거래) <북수원>,90000,0,판매중,정자1동,2026-08-24 21:26:45,https://web.joongna.com/product/230407461,,V8,text_code,not_requested
다이슨 청소기,229573906,다이슨 무선청소기 V11 SV 도킹스테이션 거치대 나사,20000,0,판매중,,2026-08-24 19:29:52,https://web.joongna.com/product/229573906,,V11,text_code,not_requested
다이슨 청소기,230152281,다이슨V8무선청소기,177000,0,판매중,,2026-08-24 18:06:49,https://web.joongna.com/product/230152281,,V8,text_code,not_requested
다이슨 청소기,228654534,다이슨V10무선청소기,217000,0,판매중,,2026-08-24 18:06:39,https://web.joongna.com/product/228654534,,V10,text_code,not_requested
다이슨 청소기,231444681,다이슨V11무선청소기,259000,0,판매중,,2026-08-24 18:06:29,https://web.joongna.com/product/231444681,,V11,text_code,not_requested
다이슨 청소기,229335262,다이슨 무선청소기 V6 용 거치대 도킹스테이션 (정품,20000,0,판매중,,2026-08-24 17:56:51,https://web.joongna.com/product/229335262,,V6,text_code,not_requested
다이슨 청소기,229584363,다이슨 V6 무선 청소기 부품 먼지통 (정품),26000,0,판매중,,2026-08-24 17:56:43,https://web.joongna.com/product/229584363,,V6,text_code,not_requested
다이슨 청소기,230773707,다이슨 V6 무선청소기 호환용 대용량 배터리 (새상품)(6500mah),29000,0,판매중,,2026-08-24 17:56:38,https://web.joongna.com/product/230773707,,V6,text_code,not_requested
다이슨 청소기,227065935,다이슨 무선청소기 V11용 거치대 도킹스테이션,10000,0,판매중,화수2동,2026-08-24 15:52:16,https://web.joongna.com/product/227065935,,V11,text_code,not_requested
다이슨 청소기,230299920,다이슨 무선청소기 V7 V8 V10용 소프트롤러 모터헤드 (분해세척완료),56000,0,판매중,,2026-08-24 14:43:29,https://web.joongna.com/product/230299920,,V7,text_code,not_requested
다이슨 청소기,230289805,다이슨 V6 무선청소기 (세척완료.새배터리),96000,0,판매중,,2026-08-24 14:43:25,https://web.joongna.com/product/230289805,세척완료. 새배터리(호환용4800mah)장착 해놨습니다. 택배가능합니다,V6,text_code,200
다이슨 청소기,230773859,다이슨 V7 무선청소기 대용량 배터리 (새상품)(4800mah),35000,0,판매중,,2026-08-24 14:43:16,https://web.joongna.com/product/230773859,,V7,text_code,not_requested
다이슨 청소기,229163402,다이슨 무선청소기 충전기 V6 V7 V8용 충전기(정품,25000,0,판매중,,2026-08-24 14:43:03,https://web.joongna.com/product/229163402,,V6,text_code,not_requested
다이슨 청소기,231198421,[새제품]다이슨 V6 애니멀 무선 청소기,165000,0,판매중,보라동,2026-08-24 13:06:19,https://web.joongna.com/product/231198421,,V6,text_code,404
다이슨 청소기,231813245,다이슨v6무선청소기,50000,0,판매중,,2026-08-24 13:07:02,https://web.joongna.com/product/231813245,,V6,text_code,not_requested
다이슨 청소기,231240094,"다이슨 v6,v7,v8 무선청소기 정품 충전기",13500,1,예약중,,2026-08-24 12:16:07,https://web.joongna.com/product/231240094,,V6,text_code,not_requested
다이슨 청소기,231811761,다이슨 펜슬백 플러피콘 청소기 한국 정발 미개봉,480000,0,판매중,장유3동,2026-08-24 12:07:33,https://web.joongna.com/product/231811761,,PENCILVAC,text_variant,not_requested
다이슨 청소기,231811318,다이슨 청소기 주변도구 팝니다,20000,0,판매중,,2026-08-24 11:48:53,https://web.joongna.com/product/231811318,다이슨 청소기 주변도구 팝니다 상태 양호합니다 구입의사있으신 분은 연락주십시오,제품군 공통,product_group,200
다이슨 청소기,231646124,다이슨v8무선 청소기. 상태최상소모품 올교환..,190000,0,판매중,일산2동,2026-08-24 11:47:28,https://web.joongna.com/product/231646124,,V8,text_code,not_requested
다이슨 청소기,227111327,다이슨 무선청소기 V7~ V15 용 크레비스툴 +콤비네이션툴 (정품),15000,0,판매중,,2026-08-24 09:27:47,https://web.joongna.com/product/227111327,,V7,text_code,not_requested
다이슨 청소기,230438497,다이슨 V10 무선 청소기 판매합니다.,180000,0,판매중,,2026-08-24 09:28:02,https://web.joongna.com/product/230438497,,V10,text_code,not_requested
다이슨 청소기,229089357,다이슨 디지털 슬림 무선 청소기 V18,195000,0,판매중,세곡동,2026-08-24 07:06:31,https://web.joongna.com/product/229089357,,V18,text_code,not_requested
다이슨 청소기,231538145,다이슨 V8 무선청소기 대용량 배터리 (새상품),38000,0,판매중,,2026-08-23 23:48:32,https://web.joongna.com/product/231538145,,V8,text_code,not_requested
다이슨 청소기,229954229,다이슨 호환 v12 무선청소기 리튬배터리팩 4000mAh,45000,0,판매중,한반도면,2026-08-23 22:53:31,https://web.joongna.com/product/229954229,,V12,text_code,not_requested
다이슨 청소기,231586916,[풀박스] 다이슨 스팟앤스크럽 Ai 로봇청소기 (블랙+블루 / 모델명: RB05-A),700000,0,판매중,가산동,2026-08-23 21:46:18,https://web.joongna.com/product/231586916,"📌 거래 방식: 직거래 [서울 서남권] 또는 택배 거래 가능 (본품 박스 보유) 💡 제품 요약 및 특징 다이슨 최신 프리미엄 로봇청소기 (강력한 18,000Pa 흡입력 + 오염 부위 최대 15회 반복 청소 기능) 실시간 온수 세척 & 온풍 건조 스테이션 (자동 먼지 비움, 자동 급수, 세제 자동 투입) 롤러형 물걸레 & 물걸레 확장암 / 리프팅으로 구석구석 정밀 청소 및 카펫 오염 방지 LDS + AI 카메라 센서 탑재로 정밀한 장애물 인식 및 자율주행 앱 연동 및 소모품 수명 우수 (브러시/필터 잔여 수명 80~100% 최상급 상태) 🛠️ 제품 상태 및 작동 여부 구동 테스트: 전 기능(흡입, 물걸레, 온수 세척, 건조, 먼지 비움 등) 정상 작동 완료했습니다. 내부 클리닉 완료: 내부 세척 및 클리닉을 마친 상태입니다. 외관 및 소모품 상태: 실사용으로 인해 먼지통 및 필터에 약간의 오염/사용감은 존재합니다. 앱 기준 소모품 수명 상태 매우 양호합니다. 브러시바: 92% 사이드 브러시 / 로봇 청소기 필터: 84% 물청소 롤러 브러시: 80% 도킹 스테이션 필터: 100% 구성품: 본체, 올인원 스테이션, 본품 박스 완비 📐 상세 스펙 흡입력: 18,000Pa 주행/센서: LDS + 카메라 (AI 사물 인식), 문턱 넘기 2cm, 카펫 부스트 물걸레: 롤러형 물걸레, 확장암, 물걸레 리프팅, 실시간 물걸레 세척 스테이션: 자동 먼지 비움, 온수 세척, 온풍 건조, 세제 자동 투입, 자동 급수 및 충전 규격: 청소기 본체: 373 x 110 x 370 mm / 6.6kg 스테이션: 440 x 508 x 455 mm 📦 거래 안내 본품 박스가 있어 안전하게 포장하여 택배 거래 가능합니다. 직거래 시 [서울 서남권]에서 거래 가능합니다. 구매 의사 있으신 분은 편하게 채팅 주세요!",SPOT_AND_SCRUB,text_variant,200
다이슨 청소기,231787572,"다이슨 진공 청소기, v15 오리진 플러피",300000,1,예약중,암사제1동,2026-08-23 14:27:43,https://web.joongna.com/product/231787572,,V15,text_code,not_requested
다이슨 청소기,219057753,다이슨 v10 (sv12) 무선 청소기,120000,0,판매중,보라매동,2026-08-23 10:06:40,https://web.joongna.com/product/219057753,,V10,text_code,not_requested
다이슨 청소기,223825083,다이슨 cy18 유선 청소기 직구 120v,110000,0,판매중,성현동,2026-08-23 10:06:30,https://web.joongna.com/product/223825083,다이슨 cy18 강력 흡입 유선 청소기 해외 직구 제품으로 120v 변압기 필요합니다. 변압기 추가시 2만원 추가됩니다. 강력해서 청소 깨끗하게 할 수 있어요. 카펫 청소나 애완동물 키우실때 청소하기 좋아요. 일반 청소기보다 큰 사이즈에요. 가정용 업소용 모두 가능해요. 사진 구성이 다에요. 외관 상태 사진처럼 양호해요. 직거래 서울시 관악구 봉천동 구암고등학교 주차장 진입로에서 합니다. 택배시 배송비 7천원 추가 됩니다. 단 파손면책 동의하에만 접수 가능합니다. 채팅 문자나 전화주세요.,제품군 공통,product_group,200
다이슨 청소기,231364104,다이슨 sv09 무선 청소기,80000,0,판매중,노량진제1동,2026-08-23 07:39:32,https://web.joongna.com/product/231364104,,SV09,text_code,not_requested
다이슨 청소기,231251032,다이슨 V8 싸이클론 무선청소기 (SV55-A) 판매합니다,300000,0,판매중,,2026-08-23 04:30:40,https://web.joongna.com/product/231251032,,V8,text_code,not_requested
다이슨 청소기,230804189,다이슨 워시 WASH G1 물청소기 팝니다.,290000,0,판매중,송도4동,2026-08-23 02:54:35,https://web.joongna.com/product/230804189,,WASH_G1,text_variant,not_requested
다이슨 청소기,231594996,다이슨 청소기 v10 v11 싸이클론 + 먼지통 새상품 팝니다,80000,0,판매중,,2026-08-22 23:00:48,https://web.joongna.com/product/231594996,,V10,text_code,not_requested
다이슨 청소기,230681014,다이슨 V8 무선청소기 배터리 잔량 68~70% (정품),46000,0,판매중,,2026-08-22 22:02:31,https://web.joongna.com/product/230681014,,V8,text_code,not_requested
다이슨 청소기,231654465,다이슨 사이클론 V10 무선청소기,100000,1,예약중,마산동,2026-08-22 19:01:23,https://web.joongna.com/product/231654465,,V10,text_code,not_requested
다이슨 청소기,230529240,다이슨 V7 V8 무선 청소기 부품 먼지통 (정품),36000,0,판매중,,2026-08-22 19:30:43,https://web.joongna.com/product/230529240,,V7,text_code,not_requested
다이슨 청소기,230332832,다이슨 무선청소기 V6 부품 부속 브러쉬 툴 (정품.새,13000,0,판매중,,2026-08-22 19:30:28,https://web.joongna.com/product/230332832,,V6,text_code,not_requested
다이슨 청소기,229978913,다이슨 무선청소기 V10 도킹스테이션 거치대 나사포함(정품 새상품),20000,0,판매중,,2026-08-22 19:30:09,https://web.joongna.com/product/229978913,,V10,text_code,not_requested
다이슨 청소기,231654446,다이슨 사이클론 V10 무선청소기,100000,1,예약중,마산동,2026-08-22 16:35:06,https://web.joongna.com/product/231654446,,V10,text_code,not_requested
다이슨 청소기,230338441,다이슨 무선청소기 V7 V8 미니모터헤드 툴 부러쉬 (,18000,0,판매중,,2026-08-22 15:16:05,https://web.joongna.com/product/230338441,,V7,text_code,not_requested
다이슨 청소기,228469447,다이슨 360 vis nav 로봇 청소기 미개봉 새제품,350000,0,판매중,,2026-08-22 13:41:44,https://web.joongna.com/product/228469447,,360_VIS_NAV,text_variant,not_requested
다이슨 청소기,231646903,미개봉 다이슨 펜슬백청소기,420000,0,판매중,,2026-08-22 13:19:46,https://web.joongna.com/product/231646903,,PENCILVAC,text_variant,not_requested
다이슨 청소기,229820514,다이슨 청소기 보쉬 배터리 어댑터,10000,0,판매중,,2026-08-22 12:16:03,https://web.joongna.com/product/229820514,다이슨 청소기에 보쉬 배터리 연결해서 사용하게 어댑터입니다. 구글 유튜브 검색해보시면 알 수 있습니다.,제품군 공통,product_group,200
다이슨 청소기,230681094,다이슨 V8 앱솔루트 무선청소기 + 각종툴 (세척완료),138000,0,판매중,,2026-08-22 12:31:19,https://web.joongna.com/product/230681094,,V8,text_code,not_requested
다이슨 청소기,231611143,다이슨 V8무선청소기,35000,0,판매중,,2026-08-22 11:39:09,https://web.joongna.com/product/231611143,,V8,text_code,not_requested
다이슨 청소기,231755707,다이슨무선청소기 부속품,3000,0,판매중,,2026-08-22 11:36:54,https://web.joongna.com/product/231755707,쓰지않는 부속품입니다 필요하신분 가져가세요,제품군 공통,product_group,200
다이슨 청소기,231755660,다이슨 슬림 무선청소기 부속품,5000,3,판매완료,,2026-08-22 11:35:37,https://web.joongna.com/product/231755660,부속품이예요 쓰지않아 처분합니다,제품군 공통,product_group,200
다이슨 청소기,231752254,미사용품 다이슨무선청소기 미니모터헤드,25000,0,판매중,동백2동,2026-08-22 08:40:36,https://web.joongna.com/product/231752254,다이슨 스크류 모터 헤드 미니 입니다 다이슨 모델중 마이크로 디지털슬림.옴니글라이드 모델에 호환되는걸로 알고있어요 미니모터헤드 는 애완동물 키우시는분들에게 유용하게 사용가능합니다 침구나쇼파 부스러기 먼지청소및 머리카락 청소에 좋습니다 택배가능합니다,DIGITAL_SLIM,detail_text_variant,200
다이슨 청소기,231752436,다이슨무선청소기 정품 먼지통,15000,0,판매중,동백2동,2026-08-22 08:53:58,https://web.joongna.com/product/231752436,다이슨무선청소기 정품 먼지통 v7.v8.v10.v11 제품 있고 모델에따라 사용가능제품이 다르니 원하시는 모델제품 말씀해주세요 v10 v11 롱버젼 먼지통도 있어요,V7,detail_text_code,200
다이슨 청소기,231752389,다이슨무선청소기 정품 도킹스테이션,7000,0,판매중,동백2동,2026-08-22 08:50:29,https://web.joongna.com/product/231752389,다이슨무선청소기 정품 도킹스테이션 벽거치대 v7.v8 사용가능합니다 개당가격입니다 택배가능합니다,V7,detail_text_code,200
다이슨 청소기,231752355,다이슨무선청소기 정품 고토크모터헤드,30000,3,판매완료,동백2동,2026-08-22 08:47:44,https://web.joongna.com/product/231752355,다이슨무선청소기 정품 고토크모터헤드 입니다 고토크모터헤드 는 모터부터가 다릅니다 강력하고 청소가 잘됩니다 v10.v11.v12.v15 사용가능합니다 세척해놨고 상태좋습니다 개당가격입니다 택배가능합니다,V10,detail_text_code,200
다이슨 청소기,231752308,다이슨무선청소기 v11정품하우징 버튼탈착형,25000,0,판매중,동백2동,2026-08-22 08:44:39,https://web.joongna.com/product/231752308,,V11,text_code,not_requested
다이슨 청소기,231752285,다이슨무선청소기 정품 충전기,20000,0,판매중,동백2동,2026-08-22 08:42:32,https://web.joongna.com/product/231752285,다이슨무선청소기 마이크로.디지털슬림.옴니글라이드 모델에 사용가능한 정품 충전기 입니다 택배가능합니다,DIGITAL_SLIM,detail_text_variant,200
다이슨 청소기,231315065,다이슨 청소기 툴 악세사리,9000,0,판매중,문래동,2026-08-21 22:37:24,https://web.joongna.com/product/231315065,"다이슨 무선청소기(V7, V8, V10, V11, V15 등)에 호환 및 제공되는 주요 청소용 툴 및 액세서리 모음입니다. 각각 가격이 1만원 1번 업-탑 어댑터 (Up-top adapter) / 연장 툴: 각도를 꺾어서 가구 위나 높은 곳, 선반 위를 청소 2번 크레비스 툴 틈새 노즐: 좁은 틈새, 모서리, 창틀 사이를 청소 3번 콤비네이션 노즐. 브러시가 달려 있어, 버튼을 밀어내며 일반 흡입과 브러시 청소를 전환할 수 있습니다. 4번 와이드 / 매트리스 툴 : 패브릭 소파, 매트리스, 쿠션 등의 넓은 면적 먼지 정리 각각 1만원 다하시면4만원",V7,detail_text_code,200
다이슨 청소기,231348692,다이슨 v10 청소기,145000,0,판매중,,2026-08-21 17:33:23,https://web.joongna.com/product/231348692,,V10,text_code,not_requested
다이슨 청소기,231736218,다이슨 V10 싸이클론 무선청소기,125000,0,판매중,진영읍,2026-08-21 16:21:30,https://web.joongna.com/product/231736218,,V10,text_code,not_requested
다이슨 청소기,231704151,[새상품 미개봉] 다이슨 펜슬백 플러피콘 sv50 청소기,400000,1,예약중,석관동,2026-08-21 16:14:25,https://web.joongna.com/product/231704151,,SV50,text_code,not_requested
다이슨 청소기,231735973,다이슨 애니멀 서브마린 청소기,550000,0,판매중,장기동,2026-08-21 16:13:49,https://web.joongna.com/product/231735973,,제품군 공통,product_group,404
다이슨 청소기,230354959,다이슨 무선청소기 v11 거치대,10000,0,판매중,화수2동,2026-08-21 08:41:17,https://web.joongna.com/product/230354959,,V11,text_code,not_requested
다이슨 청소기,230965937,다이슨 청소기 봉 완드 교체부품 V7 V8 V10 V11 V15 부속품 흡입기 부품,19800,0,판매중,,2026-08-21 07:19:03,https://web.joongna.com/product/230965937,,V7,text_code,not_requested
다이슨 청소기,230313793,다이슨 V10 무선청소기 풀세트,155000,0,판매중,세곡동,2026-08-21 06:23:22,https://web.joongna.com/product/230313793,,V10,text_code,not_requested
다이슨 청소기,130639005,"다이슨청소기 V11 ,V15 용 정품 거치대 미사용품",65000,0,판매중,,2026-08-21 01:05:29,https://web.joongna.com/product/130639005,,V11,text_code,not_requested
다이슨 청소기,231517557,다이슨 시네틱빅볼 청소기,150000,0,판매중,구월3동,2026-08-20 22:49:44,https://web.joongna.com/product/231517557,,BIG_BALL,text_variant,not_requested
다이슨 청소기,231711303,다이슨 무선 청소기 소프트롤러 미사용 새제품 판매합니다.,65000,0,판매중,,2026-08-20 18:58:16,https://web.joongna.com/product/231711303,다이슨 무선 청소기 소프트롤러 미사용 새제품 판매합니다. 구입후 한번 작동테스트가전부 입니다. 다이슨 V7~V15 사용,V7,detail_text_code,200
다이슨 청소기,230938491,다이슨 V10 무선 청소기 판매합니다.,180000,0,판매중,,2026-08-20 17:36:08,https://web.joongna.com/product/230938491,,V10,text_code,not_requested
다이슨 청소기,231704898,"다이슨 V11청소기 충전기V6,V8호환",15000,0,판매중,,2026-08-20 15:26:17,https://web.joongna.com/product/231704898,,V11,text_code,not_requested
다이슨 청소기,231536965,다이슨 V8 앱솔루트 무선 청소기 본체ㅡ방전,38000,0,판매중,,2026-08-20 10:07:23,https://web.joongna.com/product/231536965,,V8,text_code,not_requested
다이슨 청소기,229176817,다이슨 무선청소기 v10 판매합니다.,150000,3,판매완료,은행동,2026-08-20 07:33:28,https://web.joongna.com/product/229176817,,V10,text_code,not_requested
다이슨 청소기,230434591,다이슨 v11무선청소기 팝니다,250000,0,판매중,곡선동,2026-08-20 07:22:22,https://web.joongna.com/product/230434591,,V11,text_code,not_requested
다이슨 청소기,230766150,다이슨 v8청소기 파손 본체,12000,0,판매중,,2026-08-19 20:15:56,https://web.joongna.com/product/230766150,,V8,text_code,not_requested
다이슨 청소기,229652029,다이슨 V10 무선청소기,145000,0,판매중,세곡동,2026-08-19 15:28:49,https://web.joongna.com/product/229652029,,V10,text_code,not_requested
다이슨 청소기,230572646,다이슨 무선청소기 세트,55000,0,판매중,죽전1동,2026-08-19 10:30:09,https://web.joongna.com/product/230572646,다이슨 무선청소기세트 DC45 판매해요. 충전기와 브러시 포함되어 있고 상태 양호합니다. 깔끔하게 사용했어요! 5만5천원 판매합니다,DC45,detail_text_code,200
다이슨 청소기,230925737,"다이슨 청소기 헤드,배터리 등",40000,0,판매중,면목제7동,2026-08-18 09:42:57,https://web.joongna.com/product/230925737,"여분으로 있던건데 A9s로 사용하게 되면서 판매합니다. 호환용이예요~ 제가 쓰던 청소기는 v10 사이클론이었어요~ 1. 다이슨 청소기 헤드 호환 4만원 v7, v8, v10, v15, v12슬림 호환된다고 하네요. 2. 다이슨 듀얼 청소기 브러시 호환 5만원 3. 다이슨 배터리 대용량 28000mAh 6만원 4. 다이슨 물걸레 청소 키트 미사용입니다. 여분 걸레도 같이 일괄입니다. v7, v8, v10, v11, v15에 호환이라고 하네요. 5만원 ☑️직거래주소 중랑구 면목동 651-43(사가정역 근처) 요청시 무인택배함(현관문 왼쪽뒷편)or 택배가능 ☑️소정의 예약금 또는 바로 출발하실때 “예약”으로 변경합니다. 약속을 안지키는분들이.. 생각보다 너무 많네요.. ☑️중고거래 특성상, 교환/환불 불가합니다.",V10,detail_text_code,200
다이슨 청소기,230110261,다이슨 V10 청소기 액세서리 새것 풀세트,40000,0,판매중,,2026-08-17 19:57:27,https://web.joongna.com/product/230110261,,V10,text_code,not_requested
다이슨 청소기,225318224,다이슨 펜슬백 플러피콘/청소기 (미개봉) / 다이슨코리아정품,600000,0,판매중,,2026-08-17 14:14:22,https://web.joongna.com/product/225318224,다이슨 코리아 정품. 다이슨 펜슬백 플러피콘. 블랙 / 미개봉 새제품입니다. 백화점매장 정품입니다. 다이슨 국내공식수입제품으로 AS 가능. 직거래우선 / 택배시 별도. 교환.환불X,PENCILVAC,text_variant,200
다이슨 청소기,229584980,다이슨 무선청소기(침구청소기겸 쎄컨용 청소기 덤),229000,0,판매중,호평동,2026-08-17 11:53:34,https://web.joongna.com/product/229584980,다이슨 무선 청소기 셋트 상태깨끗 합니다 먼지 흡입력 좋습니다 한번 충전하면 오래 씁니다 먼지통 깨끗이 비우고 전체적으로 깨끗이 닦아놨습니다 거치대가 있어 충전이나 보관시 편합니다 거치대 튼튼합니다 침구청소기 필요하심 덤으로 드립니다 침대 패브릭쇼파 카페트 초미세먼지청소 탁월합니다 살균기능있습니다 아기나 애완동물 키우는집 면역력 약하신분 있는집 사용하기 좋아요 쎄컨용으로 바닥먼지 청소도 잘 됩니다 애완동물 털 강력흡입 선입금이나 예약금 먼저오시는분 위주로 거래합니다 찔러보기 안됩니다 반품환불불가 택배거래시 7900원추가 택배거래시 가끔 비매너 이신분이 계셔서 방문택배 신청후 절대 취소불가이니 신중한 거래 바랍니다 꼭 하실분만 매너거래 원합니다,제품군 공통,product_group,200
다이슨 청소기,231340906,다이슨 무선청소기(침구청소기겸 쎄컨용 청소기 덤),229000,0,판매중,호평동,2026-08-17 11:52:51,https://web.joongna.com/product/231340906,다이슨 무선 청소기 셋트 상태깨끗 합니다 먼지 흡입력 좋습니다 한번 충전하면 오래 씁니다 먼지통 깨끗이 비우고 전체적으로 깨끗이 닦아놨습니다 거치대가 있어 충전이나 보관시 편합니다 거치대 튼튼합니다 침구청소기 필요하심 덤으로 드립니다 침대 패브릭쇼파 카페트 초미세먼지청소 탁월합니다 살균기능있습니다 아기나 애완동물 키우는집 면역력 약하신분 있는집 사용하기 좋아요 쎄컨용으로 바닥먼지 청소도 잘 됩니다 애완동물 털 강력흡입 선입금이나 예약금 먼저오시는분 위주로 거래합니다 찔러보기 안됩니다 반품환불불가 택배거래시 7900원추가 택배거래시 가끔 비매너 이신분이 계셔서 방문택배 신청후 절대 취소불가이니 신중한 거래 바랍니다 꼭 하실분만 매너거래 원합니다,제품군 공통,product_group,200
다이슨 청소기,230219677,다이슨 V8 무선청소기 세트,120000,0,판매중,죽전1동,2026-08-17 09:53:42,https://web.joongna.com/product/230219677,,V8,text_code,not_requested
다이슨 청소기,231520701,다이슨 V6 DC62 무선청소기,75000,3,판매완료,,2026-08-16 15:55:08,https://web.joongna.com/product/231520701,,V6,text_code,not_requested
다이슨 청소기,228577522,다이슨 V6 무선 청소기 업탑툴 정품 팝니다.,15000,0,판매중,가락1동,2026-08-16 14:40:38,https://web.joongna.com/product/228577522,,V6,text_code,not_requested
다이슨 청소기,231276988,"다이슨 무선청소기 V7,V8 정품 싸이클론 헤드 및 헤파필터 와 더스트 먼지통",22000,0,판매중,,2026-08-16 13:41:25,https://web.joongna.com/product/231276988,,V7,text_code,not_requested
다이슨 청소기,231276533,"다이슨 무선청소기 V7,V8 정품 싸이클론 헤드 및 헤파필터",15000,0,판매중,,2026-08-16 13:41:03,https://web.joongna.com/product/231276533,,V7,text_code,not_requested
다이슨 청소기,227113698,"정품 다이슨 V7,V8,V10,V11용 무선청소기 더스트빈 먼지통",10000,0,판매중,,2026-08-16 13:39:15,https://web.joongna.com/product/227113698,,V7,text_code,not_requested
다이슨 청소기,229987671,다이슨청소기 정품 V6 전용 모터헤드 카펫브러시.,20000,0,판매중,,2026-08-16 13:38:30,https://web.joongna.com/product/229987671,,V6,text_code,not_requested
다이슨 청소기,229861443,"다이슨청소기 정품 모터헤드 카펫브러시 V7,V8,V10,V11용",25000,0,판매중,,2026-08-16 13:41:42,https://web.joongna.com/product/229861443,,V7,text_code,not_requested
다이슨 청소기,229961284,다이슨청소기 V6전용 정품 더스트빈 먼지통 및 충전기 거치대와 브러시 헤드 세트.,15000,0,판매중,,2026-08-16 13:38:09,https://web.joongna.com/product/229961284,,V6,text_code,not_requested
다이슨 청소기,230479152,다이슨 무선청소기,60000,0,판매중,죽전1동,2026-08-16 09:28:06,https://web.joongna.com/product/230479152,"다이슨 ,DC62 무선청소기 판매해요. 충전기도 함께 드리고, 사용감은 있지만 작동 잘 됩니다. 깨끗하게 청소해서 상태 양호해요! 6만원 판매합니다",DC62,detail_text_code,200
다이슨 청소기,231330652,다이슨 무선청소기(침구청소기겸 쎄컨용 청소기 덤),229000,0,판매중,호평동,2026-08-16 08:19:48,https://web.joongna.com/product/231330652,다이슨 무선 청소기 셋트 상태깨끗 합니다 먼지 흡입력 좋습니다 한번 충전하면 오래 씁니다 먼지통 깨끗이 비우고 전체적으로 깨끗이 닦아놨습니다 거치대가 있어 충전이나 보관시 편합니다 거치대 튼튼합니다 침구청소기 필요하심 덤으로 드립니다 침대 패브릭쇼파 카페트 초미세먼지청소 탁월합니다 살균기능있습니다 아기나 애완동물 키우는집 면역력 약하신분 있는집 사용하기 좋아요 쎄컨용으로 바닥먼지 청소도 잘 됩니다 애완동물 털 강력흡입 선입금이나 예약금 먼저오시는분 위주로 거래합니다 찔러보기 안됩니다 반품환불불가 택배거래시 7900원추가 택배거래시 가끔 비매너 이신분이 계셔서 방문택배 신청후 절대 취소불가이니 신중한 거래 바랍니다 꼭 하실분만 매너거래 원합니다,제품군 공통,product_group,200
다이슨 청소기,231497251,다이슨 정품 충전기다이슨 청소기 정품 충전기 26.1V 780mA,20000,3,판매완료,법1동,2026-08-16 05:06:16,https://web.joongna.com/product/231497251,,V780M,text_code,not_requested
다이슨 청소기,231568994,청소기 다이슨 V10(SV12) 배터리 내놓습니다,35000,1,예약중,,2026-08-15 18:23:24,https://web.joongna.com/product/231568994,,V10,text_code,not_requested
다이슨 청소기,230201060,[새상품/미개봉] 다이슨 스팟앤스크럽 Ai 로봇청소기,880000,0,판매중,사당제2동,2026-08-15 17:24:51,https://web.joongna.com/product/230201060,"다이슨 공식몰에서 받은 로봇청소기를 선물로 받았는데 집이 좁아서 팝니다! 박스 무게가 20kg 정도 되어 여자 혼자서 들고가기엔 많이 무거우니 참고 부탁드립니다;; 이수역 14번출구에서 직거래 가능합니다~ *택배거래 불가합니다. *구매 후 환불 어려우니, 직거래 시 꼼꼼히 확인 부탁드립니다. *거래가능 시간: 주말 아무때나 / 평일 오후 5시 이후 *개인 전화번호 공유 어렵습니다. 중고나라 채팅을 통해서만 연락 가능합니다!",SPOT_AND_SCRUB,text_variant,200
다이슨 청소기,231557226,다이슨 무선청소기용 소프트 롤러 클리너 헤드입니다.,28000,0,판매중,미사1동,2026-08-15 10:54:45,https://web.joongna.com/product/231557226,"다이슨 V7, V8, V10, V11 등 호환 가능합니다 💞전체적인 컨디션 좋은 편입니다 부피 작은건 반값택배 그외 일반택배가능합니다💞 010 6294 2724",V7,detail_text_code,200
다이슨 청소기,230753338,다이슨SV18무선청소기,100000,0,판매중,,2026-08-15 00:02:37,https://web.joongna.com/product/230753338,,SV18,text_code,not_requested
다이슨 청소기,230014168,다이슨v10무선청소기,60000,0,판매중,,2026-08-15 00:01:52,https://web.joongna.com/product/230014168,,V10,text_code,not_requested
다이슨 청소기,230647145,다이슨 v11무선청소기 풀세트,260000,0,판매중,,2026-08-15 00:02:57,https://web.joongna.com/product/230647145,,V11,text_code,not_requested
다이슨 청소기,229314440,다이슨 청소기 본체,45000,0,판매중,,2026-08-15 00:02:12,https://web.joongna.com/product/229314440,다이슨청소기 v8본체.배터리 작동잘되구요 사진그대로 상태는사진참조 택배거래도됩니다 터무니업는 가격네고하지마세요 찔러보기사절 예민하신분 패스해주시고 반품x 환불x 안됩니다 신중히결정하세요 배터리 는교체하셔야합니다,V8,detail_text_code,200
다이슨 청소기,229684144,다이슨무선청소기 롤러 브러시,35000,0,판매중,,2026-08-15 00:01:46,https://web.joongna.com/product/229684144,무선청소기용 롤러 브러시입니다. 사용감은 있지만 기능상 문제없이 잘 작동해요. 청소기 부품 교체나 추가 브러시 필요하신 분께 추천드립니다.,제품군 공통,product_group,200
다이슨 청소기,231354459,다이슨v11무선청소기 본체,160000,0,판매중,,2026-08-15 00:01:11,https://web.joongna.com/product/231354459,,V11,text_code,not_requested
다이슨 청소기,231302447,다이슨 v6 무선청소기 본체,20000,0,판매중,,2026-08-14 12:43:48,https://web.joongna.com/product/231302447,,V6,text_code,not_requested
다이슨 청소기,222718476,미개봉새상품 ) 다이슨 싸이클론 V10 무선청소기,390000,0,판매중,,2026-08-13 21:02:23,https://web.joongna.com/product/222718476,,V10,text_code,not_requested
다이슨 청소기,230389358,다이슨 무선청소기 카펫브러쉬,20000,0,판매중,,2026-08-13 19:38:00,https://web.joongna.com/product/230389358,,제품군 공통,product_group,404
다이슨 청소기,231501119,다이슨 V8 무선 청소기 (배터리 불량),45000,3,판매완료,안성3동,2026-08-13 10:01:52,https://web.joongna.com/product/231501119,,V8,text_code,not_requested
다이슨 청소기,230379365,"청소기 다이슨 V6,v7,v8,v10 배터리 내놓습니다",28000,3,판매완료,,2026-08-13 08:45:56,https://web.joongna.com/product/230379365,,V6,text_code,not_requested
다이슨 청소기,231498776,다이슨 V8 (SV10) 무선 청소기 본체,30000,3,판매완료,신암1동,2026-08-13 07:48:58,https://web.joongna.com/product/231498776,,V8,text_code,not_requested
다이슨 청소기,230978708,무선청소기 배터리 다이슨배터리,9000,3,판매완료,,2026-08-13 06:05:55,https://web.joongna.com/product/230978708,무선청소기용 배터리 . 사용감은 있지만 기능상 문제없이 잘 작동합니다. 무선청소기 교체용으로 딱 좋아요! 성능테스트불가. 교환환불불가,제품군 공통,product_group,200
다이슨 청소기,231497159,다이슨 V10 청소기 부품. 부속,30000,3,판매완료,법2동,2026-08-13 02:32:50,https://web.joongna.com/product/231497159,,V10,text_code,not_requested
다이슨 청소기,231496263,다이슨 V11 컴플리트 엑스트라 무선 청소기(((충전기만)),12000,3,판매완료,,2026-08-13 00:39:43,https://web.joongna.com/product/231496263,,V11,text_code,not_requested
다이슨 청소기,231481452,다이슨 DC29 알러지 유선청소기,90000,3,판매완료,,2026-08-12 15:58:18,https://web.joongna.com/product/231481452,,DC29,text_code,not_requested
다이슨 청소기,230118022,다이슨 무선 청소기 소프트롤러 미사용 새제품 판매합니다.,60000,3,판매완료,,2026-08-12 12:38:14,https://web.joongna.com/product/230118022,다이슨 무선 청소기 소프트롤러 미사용 새제품 판매합니다. 구입후 한번 작동테스트가전부 입니다. 다이슨 V7~V15 사용,V7,detail_text_code,200
다이슨 청소기,231466419,다이슨 V12 무선청소기 해드모터부 본체,40000,3,판매완료,법2동,2026-08-12 01:14:13,https://web.joongna.com/product/231466419,,V12,text_code,not_requested
다이슨 청소기,230641487,다이슨 360 비즈 나 로봇 청소기 팔아요,660000,0,판매중,불광제2동,2026-08-11 16:38:11,https://web.joongna.com/product/230641487,색상 블루/니켈 제품명 모델품번 다이슨 360 비즈 나브 로봇 청소기(블루/니켈) (Dyson 360 vis nav™) 304631-01 정격전압 및 소비전력 220V/60Hz 수입자 다이슨코리아 유한회사 제품 크기 330mm x 320mm x 99mm(길이 X 너비 X 높이) 4.5kg 제품 미개봉 상태이고 박스포장 그대로 보관중입니다. 연락주세요,360_VIS_NAV,text_variant,200
다이슨 청소기,231447665,부산 다이슨 v7 무선청소기,50000,3,판매완료,화명제3동,2026-08-11 14:10:25,https://web.joongna.com/product/231447665,,V7,text_code,not_requested
다이슨 청소기,230451107,다이슨 v10무선청소기 팝니다,180000,0,판매중,곡선동,2026-08-10 17:23:12,https://web.joongna.com/product/230451107,,V10,text_code,not_requested
다이슨 청소기,186090971,다이슨무선청소기롤러 v8.v10.v11호환됩니다,30000,0,판매중,,2026-08-10 10:02:02,https://web.joongna.com/product/186090971,,V8,text_code,not_requested
다이슨 청소기,231138282,다이슨 무선청소기(침구청소기겸 쎄컨용 청소기 덤),229000,0,판매중,호평동,2026-08-09 11:37:35,https://web.joongna.com/product/231138282,다이슨 무선 청소기 셋트 상태깨끗 합니다 먼지 흡입력 좋습니다 한번 충전하면 오래 씁니다 먼지통 깨끗이 비우고 전체적으로 깨끗이 닦아놨습니다 거치대가 있어 충전이나 보관시 편합니다 거치대 튼튼합니다 침구청소기 필요하심 덤으로 드립니다 침대 패브릭쇼파 카페트 초미세먼지청소 탁월합니다 살균기능있습니다 아기나 애완동물 키우는집 면역력 약하신분 있는집 사용하기 좋아요 쎄컨용으로 바닥먼지 청소도 잘 됩니다 애완동물 털 강력흡입 선입금이나 예약금 먼저오시는분 위주로 거래합니다 찔러보기 안됩니다 반품환불불가 택배거래시 7900원추가 택배거래시 가끔 비매너 이신분이 계셔서 방문택배 신청후 절대 취소불가이니 신중한 거래 바랍니다 꼭 하실분만 매너거래 원합니다,제품군 공통,product_group,200
다이슨 청소기,229905796,다이슨 빅볼 애니멀 청소기(DC65)(택배포함),180000,0,판매중,,2026-08-09 10:24:46,https://web.joongna.com/product/229905796,,DC65,text_code,not_requested
다이슨 청소기,229049520,다이슨 V10 청소기 세트,140000,0,판매중,신장2동,2026-08-09 09:44:57,https://web.joongna.com/product/229049520,,V10,text_code,not_requested
다이슨 청소기,227391979,다이슨 V7~V15 청소기 각종툴 미사용 새제품 판매합니다,7000,0,판매중,,2026-08-08 17:19:48,https://web.joongna.com/product/227391979,,V7,text_code,not_requested
다이슨 청소기,231361094,(정품) (DYSON) 다이슨 V8 무선 청소기 + 거치대,70000,3,판매완료,,2026-08-08 12:57:04,https://web.joongna.com/product/231361094,,V8,text_code,not_requested
다이슨 청소기,216393948,다이슨청소기 블레이드 헤드 구석청소용 V7~V15,5000,0,판매중,군포2동,2026-08-08 10:52:26,https://web.joongna.com/product/216393948,,V7,text_code,not_requested
다이슨 청소기,231031052,[dyson] 다이슨 무선청소기 v6 hepa,80000,3,판매완료,상계5동,2026-08-08 10:00:33,https://web.joongna.com/product/231031052,,V6,text_code,not_requested
다이슨 청소기,231147610,다이슨 청소기 카페트롤러 헤드,20000,3,판매완료,읍내동,2026-08-07 17:03:29,https://web.joongna.com/product/231147610,사용감 적고 깨끗합니다.,제품군 공통,product_group,200
다이슨 청소기,231333462,다이슨 무선청소기 v6 호환배터리,13000,0,판매중,,2026-08-07 13:10:12,https://web.joongna.com/product/231333462,,V6,text_code,not_requested
다이슨 청소기,231210437,"다이슨 무선청소기 v7, v8, v10, v11 카펫 브러쉬 헤드",19000,3,판매완료,,2026-08-07 11:15:20,https://web.joongna.com/product/231210437,,V7,text_code,not_requested
다이슨 청소기,231319139,다이슨 무선청소기 충전기,20000,3,판매완료,공도읍,2026-08-06 21:26:20,https://web.joongna.com/product/231319139,무선청소기용 충전거치대와 어댑터가 포함된 세트예요. 전에 쓰던게 있어서 새제품에서 나온거 입니다,제품군 공통,product_group,200
다이슨 청소기,230111546,다이슨V8무선청소기,50000,0,판매중,,2026-08-06 16:05:47,https://web.joongna.com/product/230111546,,V8,text_code,not_requested
다이슨 청소기,230124681,다이슨 v8청소기용 미사용 새제품 먼지털이 커버 팝니다 부산 해운대,5000,0,판매중,우제3동,2026-08-06 11:30:36,https://web.joongna.com/product/230124681,,V8,text_code,not_requested
다이슨 청소기,229717248,다이슨v6무선청소기 브러시 롤러새것같은중고,50000,0,판매중,,2026-08-06 08:48:26,https://web.joongna.com/product/229717248,,V6,text_code,not_requested
다이슨 청소기,231279892,다이슨 v11 컴플리트 무선청소기,270000,3,판매완료,반포본동,2026-08-06 06:50:27,https://web.joongna.com/product/231279892,,V11,text_code,not_requested
다이슨 청소기,230951592,"다이슨 v6 청소기 본체와 베터리입니다.작동 이상 없고요.15,000원에 택비 포함으로 보내드립니다.",15000,3,판매완료,,2026-08-05 16:05:23,https://web.joongna.com/product/230951592,,V6,text_code,not_requested
다이슨 청소기,231273449,다이슨 무선청소기 침구 헤드,5000,0,판매중,방화제3동,2026-08-05 12:24:08,https://web.joongna.com/product/231273449,득템하세요감사합니다,제품군 공통,product_group,200
다이슨 청소기,231251275,+ 배터리 세트 다이슨청소기 V8용,28000,3,판매완료,법2동,2026-08-04 16:26:38,https://web.joongna.com/product/231251275,,V8,text_code,not_requested
다이슨 청소기,225617334,다이슨 청소기 Gen5 디텍트 새상품,790000,0,판매중,,2026-08-04 13:42:37,https://web.joongna.com/product/225617334,"다이슨 청소기 Gen5 디텍트 컴플리트 새상품 택배 가능 직거래: 대구 01●-4814-8006 📢 제목에 ""제조사/ 브랜드 명""과 ""상품명(ex. 3000시리즈 전동 면도기)”을 넣어 작성하면, 보다 빠른 판매가 가능합니다! 📢 게시글 작성 시 배송 방법에 “직거래”와 “내 위치” 설정할 경우, 보다 빠른 판매가 가능합니다! 🚨회원님의 거래 게시글을 노린 중고나라 운영진 사칭 피싱 사이트를 주의하세요🚨",제품군 공통,product_group,200
다이슨 청소기,224309324,다이슨G1 물걸레청소기,300000,0,판매중,보문동,2026-08-03 19:00:47,https://web.joongna.com/product/224309324,"다이슨 WashG1 무선 물청소기입니다 - 분리된 물탱크 시스템으로 깨끗하게 청소할 수 있습니다 - 무선으로 편리하게 사용 가능합니다 - 박스, 충전기, 거치대, 추가 롤러 포함입니다 구매후 3~4회 사용했어요 샹활기스 거의없구요 추가 물거래 세트도있어요 배터리상태 좋아요 부피상 직거래만가능하고요 서울 성북구 보문동입니다 010-9478-8591 로 문자부탁드려요",WASH_G1,detail_text_variant,200
다이슨 청소기,231010881,[로봇청소기] 다이슨 360 Vis Nav 로봇청소기 강력흡입,350000,0,판매중,고척제2동,2026-08-03 17:04:57,https://web.joongna.com/product/231010881,,360_VIS_NAV,text_variant,not_requested
다이슨 청소기,221279674,다이슨 워시 G1 물청소 무선 청소기 미사용품,390000,0,판매중,,2026-08-03 13:02:45,https://web.joongna.com/product/221279674,,WASH_G1,text_variant,not_requested
다이슨 청소기,231215777,다이슨 WashG1 물청소기,484000,0,판매중,구월3동,2026-08-03 12:12:27,https://web.joongna.com/product/231215777,,WASH_G1,text_variant,not_requested
다이슨 청소기,226315594,다이슨v11무선청소기 본체.배터리,160000,0,판매중,,2026-08-02 21:12:30,https://web.joongna.com/product/226315594,,V11,text_code,not_requested
다이슨 청소기,231201602,무선청소기 다이슨 새상품,400000,0,판매중,일원1동,2026-08-02 20:00:27,https://web.joongna.com/product/231201602,무선청소기 새상품이에요! 레드 컬러로 깔끔하고 세련된 디자인이 특징입니다. 미개봉 새제품 상태로 판매합니다.,제품군 공통,product_group,200
다이슨 청소기,230151991,다이슨V10무선청소기,217000,0,판매중,,2026-08-02 18:27:45,https://web.joongna.com/product/230151991,,V10,text_code,not_requested
다이슨 청소기,231198910,다이슨v11무선청소기,90000,1,예약중,선주원남동,2026-08-02 18:10:50,https://web.joongna.com/product/231198910,,V11,text_code,not_requested
다이슨 청소기,230771530,다이슨 클린앤워시 하이진 물청소기,430000,0,판매중,범안동,2026-08-02 17:03:48,https://web.joongna.com/product/230771530,다이슨 클린앤워시 하이진 물청소기 새상품이에요. 박스째 그대로 보관 중인 미개봉 제품입니다. 먼지와 물청소 기능이 합쳐져 더욱 편리하게 사용 가능해요. 바닥 청소를 편하게 하고 싶으신 분들께 추천드려요. 4만원 넘는 롤러도 하나 더 드려요. 돈 조금 더 주고 미개봉 새제품 사세요. 부천 옥길동 직거래합니다. 채팅주세요.,제품군 공통,product_group,200
다이슨 청소기,231194873,다이슨V8( SV10) 무선 청소기 본체,25000,3,판매완료,신암1동,2026-08-02 15:44:51,https://web.joongna.com/product/231194873,,V8,text_code,not_requested
다이슨 청소기,230422254,다이슨 무선청소기 V10 모터,40000,3,판매완료,마산동,2026-08-02 11:04:12,https://web.joongna.com/product/230422254,,V10,text_code,not_requested
다이슨 청소기,231151178,다이슨sv18 디지털 슬림 무선청소기,100000,0,판매중,,2026-08-01 15:23:46,https://web.joongna.com/product/231151178,,SV18,text_code,not_requested
다이슨 청소기,228261177,다이슨v6무선청소기 본체,30000,0,판매중,,2026-08-01 15:23:36,https://web.joongna.com/product/228261177,,V6,text_code,not_requested
다이슨 청소기,225901491,다이슨 청소기 슬림 엉킴방지스크류미사용,50000,0,판매중,,2026-08-01 15:23:08,https://web.joongna.com/product/225901491,다이슨청소기 슬림 미사용 엉킴방지스크류터무니업는 가격네고하지마세요 찔러보기사절 예민하신분 패스해주시고 반품x 환불x 안됩니다 신중히결정하세요,제품군 공통,product_group,200
다이슨 청소기,227888088,다이슨v8무선청소기 풀풀세트,150000,0,판매중,,2026-08-01 15:23:03,https://web.joongna.com/product/227888088,,V8,text_code,not_requested
다이슨 청소기,231147455,다이슨 무선청소기 브러시 헤드,30000,3,판매완료,읍내동,2026-07-31 19:30:02,https://web.joongna.com/product/231147455,다이슨 소프트롤러 헤드 판매해요 완전 깨끗합니다. 다이슨 V7부터 V11까지 호환,V7,detail_text_code,200
다이슨 청소기,230711254,"다이슨청소기 V7, V8, V10 정품 (중고) 소프트롤러헤드판매",46000,0,판매중,,2026-07-31 17:10:08,https://web.joongna.com/product/230711254,,V7,text_code,not_requested
다이슨 청소기,228088354,새상품 다이슨 청소기 배터리,20000,0,판매중,신월1동,2026-07-31 16:33:05,https://web.joongna.com/product/228088354,정확한 정보 몰라요 사진 보시고 아시는분만 미사용신품입니다. 서울 신월동 직거래 가능하구요 택배는 노리턴 조건으로 가능합니다.,제품군 공통,product_group,200
다이슨 청소기,216342926,다이슨 DC24(볼) 유선청소기,80000,0,판매중,,2026-07-31 12:41:27,https://web.joongna.com/product/216342926,,DC24,text_code,not_requested
다이슨 청소기,231132715,다이슨 마이크로 무선청소기 풀박스 거의새것 판매,320000,0,판매중,한강로동,2026-07-31 11:03:00,https://web.joongna.com/product/231132715,"다이슨 마이크로 무선청소기 풀박스 구성 그대로 있어요 본체, 연장관, 플러피옵틱 클리너 헤드, 콤비툴, 틈새툴, 충전 거치대, 설명서까지 모두 포함되어 있답니다 가볍고 강력한 흡입력으로 집안 구석구석 깨끗하게 청소할 수 있어요 좁은 공간이나 차량 내부 청소에도 정말 유용하답니다 한두번 써본 거의새것입니다",제품군 공통,product_group,200
다이슨 청소기,231125446,다이슨 V6 무선 청소기 업탑툴 정품 팝니다.,15000,0,판매중,가락1동,2026-07-30 23:32:40,https://web.joongna.com/product/231125446,,V6,text_code,not_requested
다이슨 청소기,231113289,[청소기] 다이슨 싸이클론 스틱청소기 V8 226622-01,220000,0,판매중,,2026-07-30 16:00:46,https://web.joongna.com/product/231113289,,V8,text_code,not_requested
다이슨 청소기,230496741,다이슨 V6 무선 청소기 업탑툴 정품 팝니다.,15000,0,판매중,가락1동,2026-07-29 21:41:19,https://web.joongna.com/product/230496741,,V6,text_code,not_requested
다이슨 청소기,231028812,다이슨 DC36 카본파이버 유선청소기 판매해요,80000,3,판매완료,광명7동,2026-07-29 19:49:04,https://web.joongna.com/product/231028812,,DC36,text_code,not_requested
다이슨 청소기,231080519,다이슨 [정품] V10 청소기 먼지통 작동잘됩니다,15000,3,판매완료,선부3동,2026-07-29 13:50:08,https://web.joongna.com/product/231080519,,V10,text_code,not_requested
다이슨 청소기,231080299,다이슨 무선청소기 MICRO1.5+충전거치대 택포,290000,3,판매완료,신사동,2026-07-29 13:42:17,https://web.joongna.com/product/231080299,,MICRO_1.5KG,text_variant,not_requested
다이슨 청소기,231061785,다이슨 무선청소기,149000,0,판매중,호평동,2026-07-29 10:11:09,https://web.joongna.com/product/231061785,다이슨 무선 청소기 배터리 새상품 교체했습니다 먼지 흡입력 좋습니다 틈새 청소기부품 있습니다 먼지통 깨끗이 비우고 전체적으로 깨끗이 닦아놨습니다 안전결제후 선입금이나 예약금 먼저오시는분 위주로 거래합니다 찔러보기 안됩니다 반품환불불가 택배거래시 6900원 추가 택배거래시 가끔 비매너 이신분이 계셔서 방문택배 신청후 절대 취소불가이니 신중한 거래 바랍니다 꼭 하실분만 매너거래 원합니다,제품군 공통,product_group,200
다이슨 청소기,231026852,다이슨 V8/SV10 무선청소기 팔아요,70000,3,판매완료,화곡본동,2026-07-28 17:27:09,https://web.joongna.com/product/231026852,,V8,text_code,not_requested
다이슨 청소기,230947407,다이슨 스팟앤스크럽 Ai 로봇 청소기 블랙+블루,750000,0,판매중,,2026-07-28 04:30:42,https://web.joongna.com/product/230947407,"다이슨 스팟앤스크럽 Ai 로봇 청소기 블랙+블루 색상입니다. 생활가전 카테고리에서 인기있는 모델이며, 사진과 같이 구성품 모두 포함되어 있습니다. 깔끔하게 사용한 제품입니다. 구매 원하시면 바로 안전결제 해주시면 됩니다! 안전결제 택배거래 선호합니다. (직거래시는 예약금 필요합니다.) [제품 개요]2607131504 본 제품은 **다이슨 스팟앤스크럽 Ai 로봇 청소기**로, 흡입과 물걸레 청소를 함께 지원하는 로봇 청소기입니다. AI 기반 인식 기능과 자동 세척 및 건조 기능을 갖춘 생활가전입니다. [상세 사양] - 모델명: 스팟앤스크럽 Ai 로봇 청소기 - 색상: 블랙 + 블루 - 품번: 144385-01-005 - 품질보증기간: 2년 [제품 상태 평가] - 외관 상태: 거의 새것 같은 최상급 상태이며, 외관 검수 결과 문제없음입니다. - 작동 상태: 전원 기능, 앱 페어링 기능, 맵핑 기능, 진공청소 기능, 물걸레 기능, 스테이션 인식 기능, 먼지통 비우기 기능, 세척 및 건조 기능이 모두 정상입니다. - 특이사항: 어플상에서 누적 사용시간이 표시되지 않습니다. [포함 구성품] - 본체 - 스테이션 - 기본 구성품 일체 - 누락 없음으로 검수되었습니다. [거래 조건] - 희망가격: 1436400원 - 거래방식: 직거래 및 택배거래 가능, 안전거래 지원 - 문의사항이 있으시면 연락 부탁드립니다.",SPOT_AND_SCRUB,text_variant,200
다이슨 청소기,227664157,무선청소기 다이슨 v6 충전거치대,6000,0,판매중,,2026-07-27 16:03:05,https://web.joongna.com/product/227664157,,V6,text_code,not_requested
다이슨 청소기,229693213,(무배)다이슨 V8 진공청소기 배터리(새상품),40000,3,판매완료,반여제1동,2026-07-27 03:08:20,https://web.joongna.com/product/229693213,,V8,text_code,not_requested
다이슨 청소기,230480454,다이슨 청소기 브러시,15000,3,판매완료,,2026-07-26 16:07:48,https://web.joongna.com/product/230480454,다이슨 청소기 브러쉬 롤 세척해 주셔야 하구요... 전체적으로 청소 쏵 해주셔야해요 있는 그대로 보내드립니다 청소 쏵~~~~~~~,제품군 공통,product_group,200
다이슨 청소기,230304057,다이슨 V10 플러피 모델 무선청소기,130000,0,판매중,갈산1동,2026-07-25 17:13:13,https://web.joongna.com/product/230304057,,V10,text_code,not_requested
다이슨 청소기,230600204,무선청소기 배터리 다이슨배터리,10000,3,판매완료,,2026-07-25 06:03:00,https://web.joongna.com/product/230600204,무선청소기용 배터리 . 사용감은 있지만 기능상 문제없이 잘 작동합니다. 무선청소기 교체용으로 딱 좋아요! 성능테스트불가. 교환환불불가,제품군 공통,product_group,200
다이슨 청소기,230796544,깨끗하게 세척한 다이슨 무선 청소기 V11 풀세트(73분 연속동작),245000,1,예약중,흥해읍,2026-07-24 14:17:51,https://web.joongna.com/product/230796544,,V11,text_code,not_requested
다이슨 청소기,230895803,다이슨 무선청소기 V10 V11 충전기 아답터 220V (정품),28000,0,판매중,,2026-07-23 13:30:41,https://web.joongna.com/product/230895803,,V10,text_code,not_requested
다이슨 청소기,230265642,다이슨 유선 청소기 저렴하게 드립니다~,49000,1,예약중,오금동,2026-07-23 09:52:22,https://web.joongna.com/product/230265642,안녕하세요? 다이슨 유선 청소기 입니다~ 봉도 2개이고 헤드도 2개 입니다 유선이라 파워가 좋습니다 구입후 별로 사용하지 않고 보관하여 이미지와 같이 깨끗합니다^^~ 파손의 우려로 직거래가 좋을것 같습니다~,제품군 공통,product_group,200
다이슨 청소기,230582164,(미개봉)다이슨 스팟앤스크럽 Ai 로봇 청소기,800000,3,판매완료,부성1동,2026-07-23 09:04:40,https://web.joongna.com/product/230582164,"다이슨 스팟앤스크럽 Ai 로봇 청소기 미개봉으로 깨끗합니다. 가져가서 개봉하고 작동시키면 됩니다. 실시간 온수세척으로 따뜻한물로 바닥과 걸레를 동시에 세척하고 다이슨의 최신진공기술(싸이클론)으로 추가소모품이 필요없습니다 초록불빛으로 물체감지,회피 얼룩감지후 반복청소 진행 정품등록하면 2년 무상 AS 여분정품걸레 1개 서비스로 드립니다 두정역 앞에 다이슨 공식서비스 센터가 있습니다. 제품문제시 전문기사 방문AS를 받거나 서비스센터로 들고가면 됩니다. 미개봉 가전으로 🚨구매후 교환,환불 안됩니다🚨",SPOT_AND_SCRUB,text_variant,200
다이슨 청소기,230885917,"다이슨 V10 디지털슬림 , V12슬림 , SV18 청소기용 정품 충전기",15000,3,판매완료,야탑3동,2026-07-23 06:08:14,https://web.joongna.com/product/230885917,,V10,text_code,not_requested
다이슨 청소기,230852316,다이슨 V15 디텍트 컴플리트 무선청소기 (거 의새거) + 다이슨 정품 거치대 + 서브마린 물걸레툴포함,450000,3,판매완료,화수2동,2026-07-22 10:03:17,https://web.joongna.com/product/230852316,,V15,text_code,not_requested
다이슨 청소기,230847400,다이슨 V15 디텍트 컴플리트 무선청소기 (거의새거),450000,3,판매완료,화수2동,2026-07-22 06:36:34,https://web.joongna.com/product/230847400,,V15,text_code,not_requested
다이슨 청소기,230595568,다이슨 V8 무선 청소기 본체,40000,3,판매완료,덕천제1동,2026-07-22 05:18:49,https://web.joongna.com/product/230595568,,V8,text_code,not_requested
다이슨 청소기,229536825,다이슨 V6 청소기 배터리 보호 보드/ BMS PCB,10000,3,판매완료,송포동,2026-07-22 01:35:27,https://web.joongna.com/product/229536825,,V6,text_code,not_requested
다이슨 청소기,230819915,다이슨 청소기 툴 세트,9000,0,판매중,공항동,2026-07-21 08:25:00,https://web.joongna.com/product/230819915,다이슨 청소기 툴 세트 판매해요 사진에 보이는 구성입니다 다양한 틈새와 공간 청소에 유용하게 사용하실 수 있어요~~,제품군 공통,product_group,200
다이슨 청소기,230728903,"다이슨 싸이클론 V10 오리진레드청소기:배터리정품거의새거,풀셋구성",200000,3,판매완료,,2026-07-21 07:39:54,https://web.joongna.com/product/230728903,,V10,text_code,not_requested
다이슨 청소기,230678528,다이슨 무선청소기 V7 V8 용 거치대 도킹스테이션 (,15000,0,판매중,,2026-07-20 19:35:07,https://web.joongna.com/product/230678528,,V7,text_code,not_requested
다이슨 청소기,230674716,다이슨 v10 무선청소기 저렴하게 드립니다~,86000,3,판매완료,오금동,2026-07-20 05:54:58,https://web.joongna.com/product/230674716,,V10,text_code,not_requested
다이슨 청소기,230713628,다이슨 V7 무선청소기 판매합니다~~,58000,3,판매완료,철산3동,2026-07-19 22:47:37,https://web.joongna.com/product/230713628,,V7,text_code,not_requested
다이슨 청소기,227249691,다이슨 V10 무선 청소기,130000,0,판매중,행신3동,2026-07-19 07:25:20,https://web.joongna.com/product/227249691,,V10,text_code,not_requested
다이슨 청소기,230007755,다이슨 스팟앤스크럽 Ai 로봇청소기 미개봉새제품,990000,0,판매중,면목제5동,2026-07-18 19:45:12,https://web.joongna.com/product/230007755,다이슨 스팟앤스크럽 로봇청소기 미개봉새제품입니다. 정품 등록하시고. 사용하시면됩니다. 택포99만원 . 직거래시 만원빼드립니다.,SPOT_AND_SCRUB,text_variant,200
다이슨 청소기,230742767,다이슨 SV12 무선청소기 풀세트 팝니다.,150000,3,판매완료,식사동,2026-07-18 17:23:38,https://web.joongna.com/product/230742767,,SV12,text_code,not_requested
다이슨 청소기,230597717,다이슨청소기V8 전체구성,50000,3,판매완료,영덕2동,2026-07-18 10:47:33,https://web.joongna.com/product/230597717,,V8,text_code,not_requested
다이슨 청소기,230287816,다이슨무선청소기 본체 일괄,30000,0,판매중,,2026-07-18 10:35:44,https://web.joongna.com/product/230287816,,제품군 공통,product_group,404
다이슨 청소기,230721459,다이슨 v8 청소기 배터리,45000,0,판매중,,2026-07-17 22:26:02,https://web.joongna.com/product/230721459,,V8,text_code,not_requested
다이슨 청소기,230708743,다이슨 펜슬위시 물청소기,320000,0,판매중,장전제1동,2026-07-17 15:32:46,https://web.joongna.com/product/230708743,,제품군 공통,product_group,404
다이슨 청소기,230282839,다이슨 청소기 v7 v8 먼지통,7000,3,판매완료,광장동,2026-07-16 14:37:52,https://web.joongna.com/product/230282839,,V7,text_code,not_requested
다이슨 청소기,229555229,다이슨 V6 무선 청소기 업탑툴 정품 팝니다.,15000,0,판매중,가락1동,2026-07-16 03:38:24,https://web.joongna.com/product/229555229,,V6,text_code,not_requested
다이슨 청소기,230663395,다이슨 무선 청소기 본체 및 액세서리 세트 (종 2만원),20000,3,판매완료,당진1동,2026-07-16 00:42:30,https://web.joongna.com/product/230663395,"다이슨 무선 청소기 본체와 다양한 액세서리를 세트로 판매합니다. 사진에 보이는 구성품 모두 포함되어 있으며, 구매 원하시면 바로 안전결제 해주시면 됩니다! 사진그대로 팝니다 다해서 2만원입니다.",제품군 공통,product_group,200
다이슨 청소기,230662039,다이슨 청소기 헤드 및 액세서리 (종 10000원),10000,3,판매완료,당진1동,2026-07-15 23:43:26,https://web.joongna.com/product/230662039,"다이슨 청소기 헤드와 액세서리 일괄 판매합니다. 사진에 보이는 구성품 모두 포함이며, 청소기 본체는 포함되지 않습니다. 다양한 다이슨 모델에 호환될 것으로 예상됩니다. 구매 원하시면 바로 안전결제 해주시면 됩니다!",제품군 공통,product_group,200
다이슨 청소기,230652450,다이슨 V10(sv12) 무선청소기 레드 판매합니다~~,113000,3,판매완료,철산3동,2026-07-15 18:12:20,https://web.joongna.com/product/230652450,,V10,text_code,not_requested
다이슨 청소기,227055275,다이슨v6무선 청소기 브러시 롤러,35000,0,판매중,,2026-07-15 15:38:21,https://web.joongna.com/product/227055275,,V6,text_code,not_requested
다이슨 청소기,217253685,다이슨 V10 앱솔루트 엑스트라 무선 청소기 + 거치대,299000,0,판매중,운정4동,2026-07-15 10:04:08,https://web.joongna.com/product/217253685,,V10,text_code,not_requested
다이슨 청소기,230319993,다이슨 v8 무선청소기 충전거치대,6000,3,판매완료,,2026-07-15 10:23:07,https://web.joongna.com/product/230319993,,V8,text_code,not_requested
다이슨 청소기,229724662,정품 다이슨 V6 헤파 무선 청소기,65000,0,판매중,월성1동,2026-07-14 12:09:09,https://web.joongna.com/product/229724662,,V6,text_code,not_requested
다이슨 청소기,230192541,(DYSON) 다이슨 V8 슬림 플러피 + 무선 청소기+거치대+각종 툴,200000,3,판매완료,,2026-07-14 10:40:22,https://web.joongna.com/product/230192541,,V8,text_code,not_requested
다이슨 청소기,228105151,다이슨 무선청소기 DC31 충전기+부품,8000,3,판매완료,대흥동,2026-07-13 20:22:51,https://web.joongna.com/product/228105151,,DC31,text_code,not_requested
다이슨 청소기,230591715,다이슨 클린앤워시 하이진 물걸레 청소기,300000,3,판매완료,대조동,2026-07-13 20:51:23,https://web.joongna.com/product/230591715,다이슨 클린앤워시 하이진 물걸레 청소기입니다 2026년2월에 GS험쇼핑에서 64만원에 구매하여 5번정도 사용하면 기스도 없고 거의 새제품입니다. 은평구 역촌역에서 직거래만 가능합니다.,제품군 공통,product_group,200
다이슨 청소기,230588386,다이슨 g1 물걸레청소기,250000,0,판매중,쌍문제1동,2026-07-13 19:06:07,https://web.joongna.com/product/230588386,"다이슨 2025,11월 집들이 선물로 받아서 2-3번 사용했습니다 여분롤러 포함입니다 직거래 수유 미아 길음 쌍문에서 희망해요",제품군 공통,product_group,200
다이슨 청소기,230588224,무선청소기다이슨 V6 무선청소기 판매합니다~~,35000,3,판매완료,철산3동,2026-07-13 19:01:05,https://web.joongna.com/product/230588224,,V6,text_code,not_requested
다이슨 청소기,230578141,다이슨 청소기 호환브러쉬,6000,0,판매중,,2026-07-13 13:52:33,https://web.joongna.com/product/230578141,다이슨 v7 v8 v10 호환 브러쉬 사진보고 잘판단해서 구매하세요 반품은 안받습니다,V7,detail_text_code,200
다이슨 청소기,229378746,다이슨 V8 무선 청소기 본체,40000,3,판매완료,덕천제1동,2026-07-13 11:33:45,https://web.joongna.com/product/229378746,,V8,text_code,not_requested
다이슨 청소기,230560850,다이슨v11 air watts. 무선청소기,260000,3,판매완료,대신동,2026-07-13 11:19:28,https://web.joongna.com/product/230560850,,V11,text_code,not_requested
다이슨 청소기,230217553,무선청소기 배터리 다이슨배터리,10000,3,판매완료,,2026-07-13 06:43:05,https://web.joongna.com/product/230217553,무선청소기용 배터리 . 사용감은 있지만 기능상 문제없이 잘 작동합니다. 무선청소기 교체용으로 딱 좋아요! 성능테스트불가. 교환환불불가,제품군 공통,product_group,200
다이슨 청소기,230265726,다이슨 볼 유선 청소기(dc36)저렴하게 드립니다~,49000,3,판매완료,오금동,2026-07-13 04:36:29,https://web.joongna.com/product/230265726,,DC36,text_code,not_requested
다이슨 청소기,230565488,다이슨v8무선청소기 사진그대로,55000,3,판매완료,,2026-07-13 00:15:10,https://web.joongna.com/product/230565488,,V8,text_code,not_requested
다이슨 청소기,228111822,다이슨 무선청소기 충전기 V6 V7 V8용 충전기,29000,0,판매중,,2026-07-12 18:43:47,https://web.joongna.com/product/228111822,,V6,text_code,not_requested
다이슨 청소기,230479935,다이슨 무선청소기 V11 연결봉. 완드,15000,3,판매완료,대흥동,2026-07-10 09:48:11,https://web.joongna.com/product/230479935,,V11,text_code,not_requested
다이슨 청소기,230239156,다이슨워시g1무선 물걸레청소기,2200,3,판매완료,오류제1동,2026-07-09 17:40:58,https://web.joongna.com/product/230239156,,WASH_G1,text_variant,not_requested
다이슨 청소기,227324094,다이슨 무선청소기 V7 V8 V10 용 크레비스툴 +콤,30000,0,판매중,,2026-07-08 19:37:31,https://web.joongna.com/product/227324094,,V7,text_code,not_requested
다이슨 청소기,229493833,다이슨 v11 에어와츠 최상급 청소기,350000,3,판매완료,,2026-07-07 12:43:21,https://web.joongna.com/product/229493833,,V11,text_code,not_requested
다이슨 청소기,229764332,다이슨 로봇청소기 판매 합니다,750000,0,판매중,교문1동,2026-07-07 11:16:27,https://web.joongna.com/product/229764332,다이슨 로봇청소기 판매 합니다 구매후 5번 정도 사용 했고 박스는 없고 몸판이랑 충전스테이지만 있습니다 거래는 구리에서 가능하고 내고 불가능 입니다 010-2061-9550 문자 먼저 부탁드리겠습니다,제품군 공통,product_group,200
다이슨 청소기,230212150,정품 다이슨 v10 11 8 7 침구 모터헤드 청소기 악세사리 부품 키트,10000,3,판매완료,,2026-07-06 22:15:16,https://web.joongna.com/product/230212150,,V10,text_code,not_requested
다이슨 청소기,229963383,다이슨 정품 충전기다이슨 청소기 정품 충전기 26.1V 780mA,20000,3,판매완료,법1동,2026-07-06 20:30:08,https://web.joongna.com/product/229963383,,V780M,text_code,not_requested
다이슨 청소기,230322236,다이슨 v11 청소기 본체 ㅡ 모터불량,50000,0,판매중,,2026-07-05 13:19:38,https://web.joongna.com/product/230322236,,V11,text_code,not_requested
다이슨 청소기,229920128,다이슨 v8 무선청소기 본체,45000,3,판매완료,,2026-07-05 12:06:45,https://web.joongna.com/product/229920128,,V8,text_code,not_requested
다이슨 청소기,229789243,"청소기 다이슨 V6,v7,v8,v10 배터리 내놓습니다",28000,0,판매중,,2026-07-05 10:30:06,https://web.joongna.com/product/229789243,,V6,text_code,not_requested
다이슨 청소기,229533712,미개봉 정품 다이슨 싸이클론 스틱청소기 V8 226622-01 팝니다,330000,3,판매완료,,2026-07-04 04:55:48,https://web.joongna.com/product/229533712,,V8,text_code,not_requested
다이슨 청소기,229899748,다이슨 v8 무선청소기 충전거치대,6000,3,판매완료,,2026-07-03 11:57:36,https://web.joongna.com/product/229899748,,V8,text_code,not_requested
다이슨 청소기,230253095,다이슨청소기V7 배터리 10개일괄,30000,0,판매중,,2026-07-03 09:11:15,https://web.joongna.com/product/230253095,,V7,text_code,not_requested
다이슨 청소기,230161723,다이슨 V10 무선청소기 풀세트 +추가배터리 판매해요,150000,3,판매완료,부곡동,2026-07-02 19:35:27,https://web.joongna.com/product/230161723,,V10,text_code,not_requested
다이슨 청소기,228957636,다이슨 무선청소기 판매해요,70000,0,판매중,광명7동,2026-07-02 17:23:19,https://web.joongna.com/product/228957636,"다이슨 무선청소기 판매해요 이사준비하느라 짐줄이려 판매해요 미국 이민간 저희 형님네 가족이 사용하던거 보관하다가 꺼내 올립니다 충전기는 안보입니다 구성은 사진에 있는게 전부입니다 사진 다 확인해주세요 배터리 충전된게 남아있어서 현재 작동됩니다 충전기가 없어서 배터리 지속시간은 모르겠어요 맨끝쪽 사진보시면 동그라미로 표시해논 부분있는데요 본체 파손된 부분 사진입니다 사용하시는데 지장없어요 7만원에 판매해요 택배, 직거래 모두 가능해요 택배이용시 포장 꼼꼼하게 파손없이 해드립니다 직거래 선호지역은 경기도 광명시 광명사거리역 근처입니다 언제든지 문의주세요",제품군 공통,product_group,200
다이슨 청소기,230223331,다이슨 v11 무선청소기 ㅡ 거치대 포함,240000,0,판매중,,2026-07-02 11:22:28,https://web.joongna.com/product/230223331,,V11,text_code,not_requested
다이슨 청소기,230158987,다이슨 v12 디텍트 슬림 무선청소기,600000,3,판매완료,강서제1동,2026-07-01 16:32:18,https://web.joongna.com/product/230158987,"다이슨 V12 디텍트 슬림 서브마린 청소기 판매해요 뜯지않은 박스 새상품 입니다. 색상은 옐로,니켈 입니다. 다이슨 공홈에서 119만원 입니다. 상품으로 받았는데 저희는 있어서 싸게 내놔요. 구성품은 사진에 보이는 것처럼 본체, 물청소헤드, 옵틱플러피 헤드, 콤비네이션 툴, 크레비스툴, 헤어 스크류툴, 완드클립, 충전기, 멀티 스탠드형 충전거치대가 포함되어 있어요 강력한 청소 성능으로 물걸레 청소까지 가능한 제품이에요 바닥의 먼지를 놓치지 않고 깔끔하게 청소하고 싶으신 분들께 추천드려요. https://www.dyson.co.kr/products/cord-free/dyson-v12s-detect-submarine/shop-all/dyson-v12s-detect-slim-submarine-yellow-nickel",V12,text_code,200
다이슨 청소기,229358529,"다이슨 무선 청소기 V15 오리진(미개봉,새상품)",430000,0,판매중,반포3동,2026-07-01 10:02:05,https://web.joongna.com/product/229358529,,V15,text_code,not_requested
다이슨 청소기,196978133,다이슨 물걸레 청소기 washG1.,300000,0,판매중,,2026-07-01 10:36:44,https://web.joongna.com/product/196978133,,WASH_G1,text_variant,not_requested
다이슨 청소기,229652126,무선청소기 배터리 다이슨배터리,10000,3,판매완료,,2026-06-30 06:58:24,https://web.joongna.com/product/229652126,무선청소기용 배터리 . 사용감은 있지만 기능상 문제없이 잘 작동합니다. 무선청소기 교체용으로 딱 좋아요! 성능테스트불가. 교환환불불가,제품군 공통,product_group,200
다이슨 청소기,226062181,다이슨 청소기 v8플러피,65000,0,판매중,,2026-06-28 21:15:10,https://web.joongna.com/product/226062181,,V8,text_code,not_requested
다이슨 청소기,230100795,다이슨 청소기 V10 SV12 헤드 2만,20000,0,판매중,수암동,2026-06-28 17:43:25,https://web.joongna.com/product/230100795,,V10,text_code,not_requested
다이슨 청소기,230094604,다이슨 V8 싸이클론 스틱청소기 150W(Air Watt) 흡입력 0.5L 먼지통,350000,0,판매중,,2026-06-28 14:39:44,https://web.joongna.com/product/230094604,,V8,text_code,not_requested
다이슨 청소기,229323513,다이슨 무선청소기 롤러 브러시,35000,0,판매중,죽전1동,2026-06-27 10:47:47,https://web.joongna.com/product/229323513,"다이슨 롤러 브러시 소프트, 하드 예요. 사용감적은 상태 기능상 문제없이 잘 작동합니다. 청소기 부품 교체나 추가 브러시로 활용하기 좋아요. 각 3만5천원 판매합니다",제품군 공통,product_group,200
다이슨 청소기,229985419,다이슨 360 vis nav 로봇 청소기 헤파 필터 26개 센서,480000,0,판매중,,2026-06-25 06:49:23,https://web.joongna.com/product/229985419,,360_VIS_NAV,text_variant,not_requested
다이슨 청소기,229348076,다이슨 스팟앤스크럽 Ai 로봇청소기 RB05,850000,3,판매완료,상계1동,2026-06-24 14:36:09,https://web.joongna.com/product/229348076,무상기간: 2028년 4월 사용감 적은 깨끗한 상품입니다. 다른 제품이 있어 저렴하게 정리합니다.,SPOT_AND_SCRUB,text_variant,200
다이슨 청소기,229579745,아이닉 i20 i30 무선청소기 연결봉 완드 튜브 파이프 스틱 다이슨호환,5000,3,판매완료,,2026-06-23 09:26:10,https://web.joongna.com/product/229579745,아이닉 i20 무선청소기 연결봉 팝니다 아이닉i20 i30 가능하고 다이슨 v7.8.10.11 호환가능합니다 외관상태 사진으로확인바랍니다 필요하신분 톡주셔요 택배가능해요 사진.본문글미확인인한 책임x환불x 중고임감안 신중구매말씀드려요,V7,detail_text_code,200
다이슨 청소기,229207251,무선청소기 배터리 다이슨배터리,11000,3,판매완료,,2026-06-14 05:44:07,https://web.joongna.com/product/229207251,무선청소기용 배터리 . 사용감은 있지만 기능상 문제없이 잘 작동합니다. 무선청소기 교체용으로 딱 좋아요! 성능테스트불가. 교환환불불가,제품군 공통,product_group,200
다이슨 청소기,229615775,다이슨무선청소기 v10 정품 먼지통,12000,3,판매완료,동백2동,2026-06-13 22:48:26,https://web.joongna.com/product/229615775,,V10,text_code,not_requested
다이슨 청소기,229601525,(판매완료) 다이슨 옴니글라이드 퍼플 진공 청소기,11111,0,판매중,서교동,2026-06-13 15:10:37,https://web.joongna.com/product/229601525,,OMNI_GLIDE,text_variant,not_requested
다이슨 청소기,228181190,다이슨청소기 v6본체개당가격,20000,0,판매중,,2026-06-13 12:22:37,https://web.joongna.com/product/228181190,,V6,text_code,not_requested
다이슨 청소기,229586578,다이슨v8무선청소기,50000,0,판매중,,2026-06-13 00:28:45,https://web.joongna.com/product/229586578,,V8,text_code,not_requested
다이슨 청소기,229577171,다이슨 V8 무선청소기 판매합니다~~,59000,3,판매완료,철산3동,2026-06-12 18:49:46,https://web.joongna.com/product/229577171,,V8,text_code,not_requested
다이슨 청소기,229563192,(정품) (DYSON) 다이슨 V8 무선 청소기,80000,3,판매완료,,2026-06-12 11:55:57,https://web.joongna.com/product/229563192,,V8,text_code,not_requested
다이슨 청소기,226141593,다이슨청소기 v8풀세트,140000,0,판매중,,2026-06-11 08:14:20,https://web.joongna.com/product/226141593,,V8,text_code,not_requested
다이슨 청소기,226433739,다이슨 v11무선청소기 풀세트,260000,3,판매완료,,2026-06-11 08:14:13,https://web.joongna.com/product/226433739,,V11,text_code,not_requested
다이슨 청소기,229520335,다이슨 스팟앤스크럽 Ai 로봇 청소기- 모델번호: 144385-01,795000,0,판매중,,2026-06-11 01:23:51,https://web.joongna.com/product/229520335,"[제품 개요] 2605124441 본 제품은 **다이슨** **스팟앤스크럽 Ai 로봇 청소기**로, 바닥의 얼룩과 오염을 감지하여 맞춤 청소를 수행하는 로봇 청소기입니다. 블랙/블루 색상 구성이며, 본체와 스테이션이 함께 제공되는 제품입니다. [상세 사양] - 제품명: 다이슨 스팟앤스크럽 Ai 로봇 청소기 - 모델번호: 144385-01 - 색상: 블랙/블루 - 인증번호: HU073098-25010(docking station, 전기충전기) [제품 상태 평가] - 외관 상태: 사용감은 있으나 크지 않으며, 눈에 띄는 스크래치나 얼룩은 확인되지 않습니다. - 작동 상태: 버튼 및 어플 연결이 정상이며, 본체의 브러쉬 및 물걸레 회전, 흡입, 물걸레 세척 기능이 정상입니다. 스테이션의 급배수, 흡입, 충전 기능도 정상입니다. - 특이사항: 사용감이 일부 있으며, 외관상 경미한 사용 흔적은 있을 수 있습니다. [포함 구성품] - 본체 - 스테이션 - 구성품 일체 [거래 조건] - 희망가격: 1447200원 - 거래방식: 직거래 및 택배거래 가능, 안전거래 지원 - 문의사항이 있으시면 연락 부탁드립니다.",SPOT_AND_SCRUB,text_variant,200
다이슨 청소기,226399861,다이슨 스팟앤스크럽 ai로봇청소기,1300000,0,판매중,구포제2동,2026-06-10 08:59:01,https://web.joongna.com/product/226399861,AI 기능이 있는 로봇청소기예요. 충전 스테이션과 물통까지 포함된 세트로 새상품입니다. 하나는 저희집에설치했고 부모님집에 드렸는데 안쓰신다고해서 박스그대로있어요ㅜ,SPOT_AND_SCRUB,text_variant,200
다이슨 청소기,228888187,다이슨 v11 에어와츠 최상급 청소기,400000,3,판매완료,,2026-06-09 10:35:30,https://web.joongna.com/product/228888187,,V11,text_code,not_requested
다이슨 청소기,227744337,다이슨 V6 V8 청소기 봉 완드 부품,20000,1,예약중,,2026-06-08 22:18:20,https://web.joongna.com/product/227744337,,V6,text_code,not_requested
다이슨 청소기,229443599,다이슨v8 무선청소기,40000,3,판매완료,,2026-06-08 21:16:41,https://web.joongna.com/product/229443599,,V8,text_code,not_requested
다이슨 청소기,229438167,다이슨 v10 무선청소기,110000,3,판매완료,사동,2026-06-08 18:35:49,https://web.joongna.com/product/229438167,,V10,text_code,not_requested
다이슨 청소기,229394099,다이슨 v10 무선 청소기,90000,3,판매완료,,2026-06-08 14:50:41,https://web.joongna.com/product/229394099,,V10,text_code,not_requested
다이슨 청소기,229426639,다이슨무선청소기,2345,3,판매완료,양평읍,2026-06-08 13:40:26,https://web.joongna.com/product/229426639,다이슨 컴플리트 무선 청소기입니다 보이는 청소튤 그리고 거치대까지 사진에서 보이는 모든 구성품을 함께 드립니다 넓은 공간도 여유롭게 청소하고 싶으신 분들께 추천드려요.정품배터리 구입해서 사용해서 30평대 집 청소에도 무리없어요. 정말 중고나라는 사기꾼이 많네요. 하루동안 타사이트 유도하는 연락 많이 오는데 절대 사절입니다. 드라이브하기 딱 좋은 경기양평입니다. 부피가 있어 되도록 직거래 희망합니다.,제품군 공통,product_group,200
다이슨 청소기,228889011,미개봉 다이슨 클린앤워시 하이진 물청소기,420000,3,판매완료,용호제1동,2026-06-08 13:55:45,https://web.joongna.com/product/228889011,다이슨 공홈에서 출시하자마자 산 후 AS로 새제품 교환으로 26년 5월 12일날 배송받았습니다. 당연히 미사용 미개봉입니다 택배 됩니다,제품군 공통,product_group,200
다이슨 청소기,228163505,다이슨 클린앤워시 하이진 물청소기,400000,3,판매완료,곡선동,2026-06-06 17:37:53,https://web.joongna.com/product/228163505,"다이슨 클린앤워시 하이진 무선 청소기예요. 물걸레와 세탁 기능을 동시에 사용할 수 있어서 정말 편리해요. '미개봉'상품입니다. 미개봉 새제품이라 상태 완벽하고, 집안 청소가 정말 편해질 거예요!",제품군 공통,product_group,200
다이슨 청소기,228352387,다이슨 SV09 무선청소기,20000,3,판매완료,,2026-06-06 13:12:01,https://web.joongna.com/product/228352387,,SV09,text_code,not_requested
다이슨 청소기,229357562,"[다이슨 청소기] 다이슨 V15s 디텍트 서브마린 컴플리트(미개봉,새상품)",900000,0,판매중,반포3동,2026-06-06 10:30:12,https://web.joongna.com/product/229357562,"[다이슨 청소기] 다이슨 V15s 디텍트 서브마린 컴플리트(미개봉,새상품) 선물받고 그대로. 보관한 다이슨 무선 청소기랍니다 청소기 라인에서도 인기 많고 고급 비싼 라인이어요 미개봉이라 선물로도 좋은 상태입니다. 직거래(서울) 가능하고 택배도 가능해요 택비 시 착불입니다 새상품이오니~ 교환 반품은 어려워요 (직접 찍은 사진으로 불펌 불가입니다!) 채팅이나 문자 주세요 직거래는 시간 상관없이 가능해요.",V15S,text_code,200
다이슨 청소기,228583909,다이슨 v10 sv12 무선 청소기,170000,0,판매중,성현동,2026-06-05 09:24:37,https://web.joongna.com/product/228583909,,V10,text_code,not_requested
다이슨 청소기,229319966,다이슨무선청소기 정품 완드봉 9개일괄판매,40000,3,판매완료,동백2동,2026-06-05 06:37:14,https://web.joongna.com/product/229319966,다이슨무선청소기 정품 완드봉 v7.v8.v10.v11 사용가능합니다 상태는 좋은것도 있고 좀 안좋은것도 있어요 일괄 판매합니다 용인 동백지구 직거래합니다 그외지역 택배거래합니다 여기체팅을 잘못봅니다 핸드폰으로 전화나 문자주세요 ㅇ1ㅇ 519ㅇ 구162,V7,detail_text_code,200
다이슨 청소기,229303638,(정품) (DYSON) 다이슨 무선 청소기,25000,3,판매완료,,2026-06-04 16:59:35,https://web.joongna.com/product/229303638,새상품으로 구매했었던 제품이며 집에서 사용한 제품 입니다. 제품 구성품 및 상태는 사진과 같습니다. 그래도 혹시 모르니 예민한 분은 구매를 피해 주세요. 봉/바닥 헤드는 고장 으로 없습니다. 배터리 방전 입니다. 얼마전 배터리 방전 전까지 잘 사용했던 제품 입니다. 배터리는 저렴하게 리필 및 새 호환 배터리 구매해서 사용하는 분들도 많다고 하며 봉/바닥헤드도 호환제품은 저렴한 가격에 구매 가능하다고 합니다. 중고가전제품 특성상 직접 제품 확인후 꼭 구매하세요. 가격흥정은 하지 않습니다. 중고이며 확인후에 구매했으므로 기타이유/사용감/판매글미숙지등등 구매 후 교환이나 환불은 불가입니다.,제품군 공통,product_group,200
다이슨 청소기,229127439,다이슨v10 무선 청소기,170000,3,판매완료,대신동,2026-06-04 09:03:38,https://web.joongna.com/product/229127439,,V10,text_code,not_requested
다이슨 청소기,228518839,다이슨 스팟앤스크럽 Ai 로봇청소기 RB05,890000,3,판매완료,상계1동,2026-06-03 17:17:36,https://web.joongna.com/product/228518839,무상기간: 2028년 4월 사용감 적은 깨끗한 상품입니다. 다른 제품이 있어 저렴하게 정리합니다.,SPOT_AND_SCRUB,text_variant,200
다이슨 청소기,229264726,다이슨 청소기,200000,3,판매완료,농소1동,2026-06-03 13:44:01,https://web.joongna.com/product/229264726,다이슨 청소기 로봇청소기 사용으로 몇번안쓴 상태좋아요.,제품군 공통,product_group,200
다이슨 청소기,226853015,코드제로 배터리40개 다이슨 배터리 3개 삼성 제트청소기 배터리 10개 판매,140000,3,판매완료,창제3동,2026-06-03 09:46:48,https://web.joongna.com/product/226853015,코드제로 배터리40개 다이슨 배터리 3개 삼성 제트청소기 배터리 10개 방전 배터리 입니다. 총합 가격입니다.,제품군 공통,product_group,200
다이슨 청소기,228883968,다이슨 청소기 V6 모터헤드 호환용,15000,3,판매완료,,2026-06-01 21:26:50,https://web.joongna.com/product/228883968,,V6,text_code,not_requested
다이슨 청소기,227228933,다이슨무선청소기 v7.v8.v10헤파필터,3000,0,판매중,,2026-06-01 17:02:54,https://web.joongna.com/product/227228933,,V7,text_code,not_requested
다이슨 청소기,225992966,다이슨무선청소기 v10 싸이클론 부품,6000,0,판매중,동백2동,2026-06-01 16:56:20,https://web.joongna.com/product/225992966,,V10,text_code,not_requested
다이슨 청소기,220811798,다이슨무선청소기 v11 정품 도킹스테이션 미사용품,14000,3,판매완료,동백2동,2026-06-01 16:51:47,https://web.joongna.com/product/220811798,,V11,text_code,not_requested
다이슨 청소기,221560218,다이슨무선청소기 v10 메인바디,70000,3,판매완료,동백2동,2026-06-01 00:08:23,https://web.joongna.com/product/221560218,,V10,text_code,not_requested
다이슨 청소기,226333211,다이슨무선청소기 v10 싸이클론 부품,6000,0,판매중,동백2동,2026-06-01 00:09:32,https://web.joongna.com/product/226333211,,V10,text_code,not_requested
다이슨 청소기,209523548,다이슨무선청소기 v10 스위치뭉치,10000,0,판매중,동백2동,2026-06-01 00:08:16,https://web.joongna.com/product/209523548,,V10,text_code,not_requested
다이슨 청소기,220947989,다이슨무선청소기 정품충전기 v6.v7.v8.v10.v11,15000,0,판매중,동백2동,2026-06-01 00:08:54,https://web.joongna.com/product/220947989,,V6,text_code,not_requested
다이슨 청소기,226002484,다이슨무선청소기 v10 정품 먼지통,12000,0,판매중,동백2동,2026-06-01 00:09:24,https://web.joongna.com/product/226002484,,V10,text_code,not_requested
다이슨 청소기,208369423,다이슨청소기 미니모터헤드,7000,0,판매중,,2026-06-01 00:08:41,https://web.joongna.com/product/208369423,"📢 제목에 ""제조사/ 브랜드 명""과 ""상품명(ex. 3000시리즈 전동 면도기)”을 넣어 작성하면, 보다 빠른 판매가 가능합니다! 📢 게시글 작성 시 배송 방법에 “직거래”와 “내 위치” 설정할 경우, 보다 빠른 판매가 가능합니다! 다이슨무선청소기 정품 미니모터헤드 입니다 다이슨 v7.v8.v10.v11 사용가능합니다 개당 9천원 입니다 미니모터헤드 는 애완동물 키우시는분들에게 유용하게 사용가능합니다 침구나쇼파 부스러기 먼지청소및 머리카락 청소에 좋습니다 용인 동백지구 직거래합니다 택배거래시 4천원추가 01ㅇ 519ㅇ 구162 🚨회원님의 거래 게시글을 노린 중고나라 운영진 사칭 피싱 사이트를 주의하세요🚨",V7,detail_text_code,200
다이슨 청소기,229177057,다이슨 무선청소기 v8 판매합니다.,100000,3,판매완료,은행동,2026-05-31 21:13:30,https://web.joongna.com/product/229177057,,V8,text_code,not_requested
다이슨 청소기,229177001,다이슨 무선청소기 v8 판매합니다.,90000,3,판매완료,은행동,2026-05-31 21:11:39,https://web.joongna.com/product/229177001,,V8,text_code,not_requested
다이슨 청소기,228372372,다이슨 무선청소기 롤러 브러시,35000,0,판매중,죽전1동,2026-05-31 11:22:52,https://web.joongna.com/product/228372372,다이슨 무선청소기 롤러 브러시 2개 예요. 사용감은 있지만 기능상 문제없이 잘 작동합니다. 청소기 부품 교체나 추가 브러시로 활용하기 좋아요. 각 3만5천원 판매합니다 V7~V12 사용가능합니다,V7,detail_text_code,200
다이슨 청소기,229152624,다이슨 V6 모터헤드 무선청소기 핑크,60000,3,판매완료,덕산동,2026-05-31 05:55:37,https://web.joongna.com/product/229152624,,V6,text_code,not_requested
다이슨 청소기,229152621,다이슨 V7 Fluffy 무선청소기,90000,3,판매완료,덕산동,2026-05-31 05:54:45,https://web.joongna.com/product/229152621,,V7,text_code,not_requested
다이슨 청소기,229111099,다이슨청소기 배터리팩,15000,3,판매완료,,2026-05-30 05:22:31,https://web.joongna.com/product/229111099,전동청소기용 정품 배터리팩이에요. 사용감은 있지만 . 필요하신 분께 저렴하게 드려요! 교환환불불가 충전상태확인불가.,제품군 공통,product_group,200
다이슨 청소기,229101353,(정품) (DYSON) 다이슨 V6 무선 청소기,70000,3,판매완료,금호2.3가동,2026-05-29 15:00:05,https://web.joongna.com/product/229101353,,V6,text_code,not_requested
다이슨 청소기,229028072,(정품) (DYSON) 다이슨 V6 무선 청소기,20000,3,판매완료,금호2.3가동,2026-05-27 13:39:32,https://web.joongna.com/product/229028072,,V6,text_code,not_requested
다이슨 청소기,228990250,다이슨 V10 컴플리트 무선청소기 (롱바디),210000,3,판매완료,덕산동,2026-05-26 11:45:31,https://web.joongna.com/product/228990250,,V10,text_code,not_requested
다이슨 청소기,228964105,다이슨 v6 청소기 배터리,6100,3,판매완료,답십리제2동,2026-06-09 15:56:46,https://web.joongna.com/product/228964105,,V6,text_code,not_requested
다이슨 청소기,228888187,다이슨 v11 에어와츠 최상급 청소기,400000,3,판매완료,,2026-06-09 10:35:30,https://web.joongna.com/product/228888187,,V11,text_code,not_requested
다이슨 청소기,227744337,다이슨 V6 V8 청소기 봉 완드 부품,20000,1,예약중,,2026-06-08 22:18:20,https://web.joongna.com/product/227744337,,V6,text_code,not_requested
다이슨 청소기,229443599,다이슨v8 무선청소기,40000,3,판매완료,,2026-06-08 21:16:41,https://web.joongna.com/product/229443599,,V8,text_code,not_requested
다이슨 청소기,229438167,다이슨 v10 무선청소기,110000,3,판매완료,사동,2026-06-08 18:35:49,https://web.joongna.com/product/229438167,,V10,text_code,not_requested
다이슨 청소기,229394099,다이슨 v10 무선 청소기,90000,3,판매완료,,2026-06-08 14:50:41,https://web.joongna.com/product/229394099,,V10,text_code,not_requested
다이슨 청소기,229426639,다이슨무선청소기,2345,3,판매완료,양평읍,2026-06-08 13:40:26,https://web.joongna.com/product/229426639,다이슨 컴플리트 무선 청소기입니다 보이는 청소튤 그리고 거치대까지 사진에서 보이는 모든 구성품을 함께 드립니다 넓은 공간도 여유롭게 청소하고 싶으신 분들께 추천드려요.정품배터리 구입해서 사용해서 30평대 집 청소에도 무리없어요. 정말 중고나라는 사기꾼이 많네요. 하루동안 타사이트 유도하는 연락 많이 오는데 절대 사절입니다. 드라이브하기 딱 좋은 경기양평입니다. 부피가 있어 되도록 직거래 희망합니다.,제품군 공통,product_group,200
다이슨 청소기,228889011,미개봉 다이슨 클린앤워시 하이진 물청소기,420000,3,판매완료,용호제1동,2026-06-08 13:55:45,https://web.joongna.com/product/228889011,다이슨 공홈에서 출시하자마자 산 후 AS로 새제품 교환으로 26년 5월 12일날 배송받았습니다. 당연히 미사용 미개봉입니다 택배 됩니다,제품군 공통,product_group,200
다이슨 청소기,228163505,다이슨 클린앤워시 하이진 물청소기,400000,3,판매완료,곡선동,2026-06-06 17:37:53,https://web.joongna.com/product/228163505,"다이슨 클린앤워시 하이진 무선 청소기예요. 물걸레와 세탁 기능을 동시에 사용할 수 있어서 정말 편리해요. '미개봉'상품입니다. 미개봉 새제품이라 상태 완벽하고, 집안 청소가 정말 편해질 거예요!",제품군 공통,product_group,200
다이슨 청소기,228352387,다이슨 SV09 무선청소기,20000,3,판매완료,,2026-06-06 13:12:01,https://web.joongna.com/product/228352387,,SV09,text_code,not_requested
다이슨 청소기,229357562,"[다이슨 청소기] 다이슨 V15s 디텍트 서브마린 컴플리트(미개봉,새상품)",900000,0,판매중,반포3동,2026-06-06 10:30:12,https://web.joongna.com/product/229357562,"[다이슨 청소기] 다이슨 V15s 디텍트 서브마린 컴플리트(미개봉,새상품) 선물받고 그대로. 보관한 다이슨 무선 청소기랍니다 청소기 라인에서도 인기 많고 고급 비싼 라인이어요 미개봉이라 선물로도 좋은 상태입니다. 직거래(서울) 가능하고 택배도 가능해요 택비 시 착불입니다 새상품이오니~ 교환 반품은 어려워요 (직접 찍은 사진으로 불펌 불가입니다!) 채팅이나 문자 주세요 직거래는 시간 상관없이 가능해요.",V15S,text_code,200
다이슨 청소기,228583909,다이슨 v10 sv12 무선 청소기,170000,0,판매중,성현동,2026-06-05 09:24:37,https://web.joongna.com/product/228583909,,V10,text_code,not_requested
다이슨 청소기,229319966,다이슨무선청소기 정품 완드봉 9개일괄판매,40000,3,판매완료,동백2동,2026-06-05 06:37:14,https://web.joongna.com/product/229319966,다이슨무선청소기 정품 완드봉 v7.v8.v10.v11 사용가능합니다 상태는 좋은것도 있고 좀 안좋은것도 있어요 일괄 판매합니다 용인 동백지구 직거래합니다 그외지역 택배거래합니다 여기체팅을 잘못봅니다 핸드폰으로 전화나 문자주세요 ㅇ1ㅇ 519ㅇ 구162,V7,detail_text_code,200
다이슨 청소기,229303638,(정품) (DYSON) 다이슨 무선 청소기,25000,3,판매완료,,2026-06-04 16:59:35,https://web.joongna.com/product/229303638,새상품으로 구매했었던 제품이며 집에서 사용한 제품 입니다. 제품 구성품 및 상태는 사진과 같습니다. 그래도 혹시 모르니 예민한 분은 구매를 피해 주세요. 봉/바닥 헤드는 고장 으로 없습니다. 배터리 방전 입니다. 얼마전 배터리 방전 전까지 잘 사용했던 제품 입니다. 배터리는 저렴하게 리필 및 새 호환 배터리 구매해서 사용하는 분들도 많다고 하며 봉/바닥헤드도 호환제품은 저렴한 가격에 구매 가능하다고 합니다. 중고가전제품 특성상 직접 제품 확인후 꼭 구매하세요. 가격흥정은 하지 않습니다. 중고이며 확인후에 구매했으므로 기타이유/사용감/판매글미숙지등등 구매 후 교환이나 환불은 불가입니다.,제품군 공통,product_group,200
다이슨 청소기,229127439,다이슨v10 무선 청소기,170000,3,판매완료,대신동,2026-06-04 09:03:38,https://web.joongna.com/product/229127439,,V10,text_code,not_requested
다이슨 청소기,228518839,다이슨 스팟앤스크럽 Ai 로봇청소기 RB05,890000,3,판매완료,상계1동,2026-06-03 17:17:36,https://web.joongna.com/product/228518839,무상기간: 2028년 4월 사용감 적은 깨끗한 상품입니다. 다른 제품이 있어 저렴하게 정리합니다.,SPOT_AND_SCRUB,text_variant,200
다이슨 청소기,229264726,다이슨 청소기,200000,3,판매완료,농소1동,2026-06-03 13:44:01,https://web.joongna.com/product/229264726,다이슨 청소기 로봇청소기 사용으로 몇번안쓴 상태좋아요.,제품군 공통,product_group,200
다이슨 청소기,226853015,코드제로 배터리40개 다이슨 배터리 3개 삼성 제트청소기 배터리 10개 판매,140000,3,판매완료,창제3동,2026-06-03 09:46:48,https://web.joongna.com/product/226853015,코드제로 배터리40개 다이슨 배터리 3개 삼성 제트청소기 배터리 10개 방전 배터리 입니다. 총합 가격입니다.,제품군 공통,product_group,200
다이슨 청소기,228883968,다이슨 청소기 V6 모터헤드 호환용,15000,3,판매완료,,2026-06-01 21:26:50,https://web.joongna.com/product/228883968,,V6,text_code,not_requested
다이슨 청소기,227228933,다이슨무선청소기 v7.v8.v10헤파필터,3000,0,판매중,,2026-06-01 17:02:54,https://web.joongna.com/product/227228933,,V7,text_code,not_requested
다이슨 청소기,225992966,다이슨무선청소기 v10 싸이클론 부품,6000,0,판매중,동백2동,2026-06-01 16:56:20,https://web.joongna.com/product/225992966,,V10,text_code,not_requested
다이슨 청소기,220811798,다이슨무선청소기 v11 정품 도킹스테이션 미사용품,14000,3,판매완료,동백2동,2026-06-01 16:51:47,https://web.joongna.com/product/220811798,,V11,text_code,not_requested
다이슨 청소기,221560218,다이슨무선청소기 v10 메인바디,70000,3,판매완료,동백2동,2026-06-01 00:08:23,https://web.joongna.com/product/221560218,,V10,text_code,not_requested
다이슨 청소기,226333211,다이슨무선청소기 v10 싸이클론 부품,6000,0,판매중,동백2동,2026-06-01 00:09:32,https://web.joongna.com/product/226333211,,V10,text_code,not_requested
다이슨 청소기,209523548,다이슨무선청소기 v10 스위치뭉치,10000,0,판매중,동백2동,2026-06-01 00:08:16,https://web.joongna.com/product/209523548,,V10,text_code,not_requested
다이슨 청소기,220947989,다이슨무선청소기 정품충전기 v6.v7.v8.v10.v11,15000,0,판매중,동백2동,2026-06-01 00:08:54,https://web.joongna.com/product/220947989,,V6,text_code,not_requested
다이슨 청소기,226002484,다이슨무선청소기 v10 정품 먼지통,12000,0,판매중,동백2동,2026-06-01 00:09:24,https://web.joongna.com/product/226002484,,V10,text_code,not_requested
다이슨 청소기,208369423,다이슨청소기 미니모터헤드,7000,0,판매중,,2026-06-01 00:08:41,https://web.joongna.com/product/208369423,"📢 제목에 ""제조사/ 브랜드 명""과 ""상품명(ex. 3000시리즈 전동 면도기)”을 넣어 작성하면, 보다 빠른 판매가 가능합니다! 📢 게시글 작성 시 배송 방법에 “직거래”와 “내 위치” 설정할 경우, 보다 빠른 판매가 가능합니다! 다이슨무선청소기 정품 미니모터헤드 입니다 다이슨 v7.v8.v10.v11 사용가능합니다 개당 9천원 입니다 미니모터헤드 는 애완동물 키우시는분들에게 유용하게 사용가능합니다 침구나쇼파 부스러기 먼지청소및 머리카락 청소에 좋습니다 용인 동백지구 직거래합니다 택배거래시 4천원추가 01ㅇ 519ㅇ 구162 🚨회원님의 거래 게시글을 노린 중고나라 운영진 사칭 피싱 사이트를 주의하세요🚨",V7,detail_text_code,200
다이슨 청소기,229177057,다이슨 무선청소기 v8 판매합니다.,100000,3,판매완료,은행동,2026-05-31 21:13:30,https://web.joongna.com/product/229177057,,V8,text_code,not_requested
다이슨 청소기,229177001,다이슨 무선청소기 v8 판매합니다.,90000,3,판매완료,은행동,2026-05-31 21:11:39,https://web.joongna.com/product/229177001,,V8,text_code,not_requested
다이슨 청소기,228372372,다이슨 무선청소기 롤러 브러시,35000,0,판매중,죽전1동,2026-05-31 11:22:52,https://web.joongna.com/product/228372372,다이슨 무선청소기 롤러 브러시 2개 예요. 사용감은 있지만 기능상 문제없이 잘 작동합니다. 청소기 부품 교체나 추가 브러시로 활용하기 좋아요. 각 3만5천원 판매합니다 V7~V12 사용가능합니다,V7,detail_text_code,200
다이슨 청소기,229153911,다이슨청소기 바닥흡인헤드,15000,3,판매완료,평화동,2026-05-31 08:19:46,https://web.joongna.com/product/229153911,다이슨무선청소기바닥흡입 헤드입니다. 사용감은 있지만 기능상 문제없이 잘 작동해요. 청소기 부품 교체나 추가 구성품으로 활용하시면 됩니다.,제품군 공통,product_group,200
다이슨 청소기,229152624,다이슨 V6 모터헤드 무선청소기 핑크,60000,3,판매완료,덕산동,2026-05-31 05:55:37,https://web.joongna.com/product/229152624,,V6,text_code,not_requested
다이슨 청소기,229152621,다이슨 V7 Fluffy 무선청소기,90000,3,판매완료,덕산동,2026-05-31 05:54:45,https://web.joongna.com/product/229152621,,V7,text_code,not_requested
다이슨 청소기,229111099,다이슨청소기 배터리팩,15000,3,판매완료,,2026-05-30 05:22:31,https://web.joongna.com/product/229111099,전동청소기용 정품 배터리팩이에요. 사용감은 있지만 . 필요하신 분께 저렴하게 드려요! 교환환불불가 충전상태확인불가.,제품군 공통,product_group,200
다이슨 청소기,229107652,다이슨 무선청소기 V6 V7 V8 충전기,17000,0,판매중,홍도동,2026-05-29 17:52:41,https://web.joongna.com/product/229107652,,V6,text_code,not_requested
다이슨 청소기,229101353,(정품) (DYSON) 다이슨 V6 무선 청소기,70000,3,판매완료,금호2.3가동,2026-05-29 15:00:05,https://web.joongna.com/product/229101353,,V6,text_code,not_requested
다이슨 청소기,229028072,(정품) (DYSON) 다이슨 V6 무선 청소기,20000,3,판매완료,금호2.3가동,2026-05-27 13:39:32,https://web.joongna.com/product/229028072,,V6,text_code,not_requested
다이슨 청소기,228990250,다이슨 V10 컴플리트 무선청소기 (롱바디),210000,3,판매완료,덕산동,2026-05-26 11:45:31,https://web.joongna.com/product/228990250,,V10,text_code,not_requested
다이슨 청소기,228972104,다이슨 V10 카본파이버 무선청소기 거치대 포함,110000,3,판매완료,감일동,2026-05-25 19:26:35,https://web.joongna.com/product/228972104,,V10,text_code,not_requested
다이슨 청소기,228919217,다이슨 V10 앱솔루트 무선 청소기 풀박스 상태,100000,3,판매완료,영화동,2026-05-24 08:13:46,https://web.joongna.com/product/228919217,,V10,text_code,not_requested
다이슨 청소기,227398903,정품 다이슨 청소기 충전기(205720-07) 팝니다,30000,0,판매중,,2026-05-23 20:42:29,https://web.joongna.com/product/227398903,정품 다이슨 청소기 충전기(205720-07) 팝니다 상태 양호하며 정상 작동합니다 구입의사있으신 분은 연락주십시오,제품군 공통,product_group,200
다이슨 청소기,228828055,다이슨 V10 무선청소기 본체,50000,3,판매완료,광안제2동,2026-05-23 15:50:59,https://web.joongna.com/product/228828055,,V10,text_code,not_requested
다이슨 청소기,225274496,"다이슨 청소기 충전기, 거치대 팝니다",30000,0,판매중,,2026-05-21 12:34:42,https://web.joongna.com/product/225274496,"다이슨 청소기 충전기, 거치대 팝니다 상태 양호하며 정상 작동합니다 사진의 제품 일괄 판매합니다 판매가격은 3만원입니다 구입의사있으신 분은 연락주십시오",제품군 공통,product_group,200
다이슨 청소기,228493494,(미개봉)다이슨v15무선청소기,410000,3,판매완료,,2026-05-21 10:06:05,https://web.joongna.com/product/228493494,,V15,text_code,not_requested
다이슨 청소기,228800072,다이슨 V8 슬림 플러피 플러스 무선청소기(배터리교환필요),50000,3,판매완료,우제1동,2026-05-20 16:32:05,https://web.joongna.com/product/228800072,,V8,text_code,not_requested
다이슨 청소기,228704666,다이슨 펜슬백 플러피콘 무선청소기,480000,3,판매완료,서농동,2026-05-19 18:49:08,https://web.joongna.com/product/228704666,,PENCILVAC,text_variant,not_requested
다이슨 청소기,227856254,다이슨무선청소기 v11. v15 도킹스테이션 미사용품,14000,3,판매완료,동백2동,2026-05-19 18:41:59,https://web.joongna.com/product/227856254,,V11,text_code,not_requested
다이슨 청소기,220995928,다이슨무선청소기 정품 도킹스테이션 미사용품,14000,3,판매완료,동백2동,2026-05-19 18:41:41,https://web.joongna.com/product/220995928,다이슨무선청소기 정품 도킹스테이션 미사용품 입니다 v10 도킹스테이션 미사용품 1만5천원 v11 도킹스테이션 15000원 모두정품이고 미사용품 입니다 직거래 는 용인 동백지구 택배거래시 4천원추가 ㅇ10-519ㅇ-9162,V10,detail_text_code,200
다이슨 청소기,228717358,다이슨 v11 청소기 모터ㅡ불량,20000,3,판매완료,,2026-05-18 10:36:18,https://web.joongna.com/product/228717358,,V11,text_code,not_requested
다이슨 청소기,228493363,다이슨 로봇청소기 스팟 앤 스크럽 AI 미개봉 새상품,950000,3,판매완료,,2026-05-17 19:36:02,https://web.joongna.com/product/228493363,다이슨 로봇 청소기 스팟앤스크럽AI 미개봉 상품입니다. 이 가격이 맞나 싶을정도로 저렴하게 내놓으니 연락 주세요. 선물받았는데 로봇청소기는 잘 쓰지 않아서 내놓습니다. 네고는 사양합니다. 1. 모델명: 다이슨 스팟앤스크럽 AI 2. 구성: 박스 풀셋 (미개봉) 3. 가격: 95만 택배 받은상태 그대로 보내드립니다.,SPOT_AND_SCRUB,text_variant,200
다이슨 청소기,228335003,다이슨 v11 무선청소기 충전거치대,10000,3,판매완료,,2026-05-17 12:21:51,https://web.joongna.com/product/228335003,,V11,text_code,not_requested
다이슨 청소기,227900052,다이슨 무선청소기,60000,0,판매중,죽전1동,2026-05-17 11:12:43,https://web.joongna.com/product/227900052,다이슨 무선청소기 DC62 판매해요. 충전기도 함께 드리고 상태 양호합니다. 깨끗하게 관리해서 사용감 적어요!,DC62,detail_text_code,200
다이슨 청소기,228404147,정품 다이슨 v6 무선 청소기 모터 헤드 브러쉬 흡입구,10000,1,예약중,,2026-05-16 21:21:31,https://web.joongna.com/product/228404147,,V6,text_code,not_requested
다이슨 청소기,228669420,다이슨 무선청소기배터리,22000,3,판매완료,,2026-05-16 19:46:30,https://web.joongna.com/product/228669420,무선청소기용 배터리와 . 사용감은 있지만 정상 작동하는 상태입니다. 무선청소기 관리에 필요한 구성품들이 모두 포함되어 있어요.교환 환불 불가,제품군 공통,product_group,200
다이슨 청소기,227213110,다이슨 무선청소기V8,200000,0,판매중,고잔동,2026-05-16 18:58:02,https://web.joongna.com/product/227213110,,V8,text_code,not_requested
다이슨 청소기,225317209,다이슨무선청소기 v10 v11 정품 먼지통,12000,0,판매중,동백2동,2026-05-16 15:39:47,https://web.joongna.com/product/225317209,,V10,text_code,not_requested
다이슨 청소기,221560159,다이슨무선청소기 v10.v11 먼지통 롱버젼,15000,3,판매완료,동백2동,2026-05-16 15:40:28,https://web.joongna.com/product/221560159,,V10,text_code,not_requested
다이슨 청소기,228658202,다이슨 무선청소기용 방전배터리,30000,3,판매완료,논현2동,2026-05-16 14:07:05,https://web.joongna.com/product/228658202,다이슨 무선청소기 에서 사용하던 배터리로 방전된 상태 입니다 13개 전체 가격 입니다,제품군 공통,product_group,200
다이슨 청소기,228650328,다이슨 청소기ᆢSV12G의 밧데리(중고 정품),50000,3,판매완료,주안5동,2026-05-16 10:10:10,https://web.joongna.com/product/228650328,,SV12G,text_code,not_requested
다이슨 청소기,227708265,"청소기 다이슨 V6,v7,v8,v10 배터리 내놓습니다",28000,0,판매중,,2026-05-16 09:20:57,https://web.joongna.com/product/227708265,,V6,text_code,not_requested
다이슨 청소기,227632955,다이슨청소기 V8 필독,58000,3,판매완료,,2026-05-15 18:42:54,https://web.joongna.com/product/227632955,,V8,text_code,not_requested
다이슨 청소기,228122283,다이슨청소기 정상작동 필독,78000,3,판매완료,,2026-05-15 18:44:43,https://web.joongna.com/product/228122283,실 사진입니다 다이슨청소기V8판매합니다 택배는 업무상 금.토.일 배송합니다 착불이며 임의대로 올립니다,V8,detail_text_code,200
다이슨 청소기,228307933,[다이슨] 360 Vis Nav 로봇청소기 / 강력한 흡입력 + 360도 비전 시스템,350000,0,판매중,가산동,2026-05-14 18:54:49,https://web.joongna.com/product/228307933,,360_VIS_NAV,text_variant,not_requested
다이슨 청소기,228577500,다이슨 v11 무선청소기,230000,1,예약중,양재1동,2026-05-14 07:57:24,https://web.joongna.com/product/228577500,,V11,text_code,not_requested
다이슨 청소기,228555953,다이슨청소기 수리합니다,11111,0,판매중,,2026-05-13 15:39:04,https://web.joongna.com/product/228555953,다이슨 청소기수리합니다 오사이사오사사사 연락주시고 금궁하신게 있으시면 언제든지 문의주세요,제품군 공통,product_group,200
다이슨 청소기,228528333,다이슨 V8 무선청소기,400000,0,판매중,별내동,2026-05-12 20:15:33,https://web.joongna.com/product/228528333,,V8,text_code,not_requested
다이슨 청소기,228215003,정품 다이슨 v6 무선청소기 투명 먼지통 단품 더스트빈 컵 본체 부품,9000,3,판매완료,,2026-05-11 19:55:13,https://web.joongna.com/product/228215003,,V6,text_code,not_requested
다이슨 청소기,228303872,다이슨청소기 V10(SV12) 본체 판매합니다,65000,1,예약중,,2026-05-11 19:52:18,https://web.joongna.com/product/228303872,,V10,text_code,not_requested
다이슨 청소기,228486973,다이슨 V8 앱솔루트 무선청소기,50000,3,판매완료,중앙동,2026-05-11 17:46:35,https://web.joongna.com/product/228486973,,V8,text_code,not_requested
다이슨 청소기,228120133,다이슨 무선청소기 팝니다,170000,3,판매완료,주엽1동,2026-05-11 16:14:55,https://web.joongna.com/product/228120133,"다이슨 무선청소기 판매합니다. 충전거치대와 함께 드리고, 사용감은 있지만 작동 상태 아주 좋아요 강력한 흡입력으로 청소 효과 좋습니다. 사진에 있는 구성품은 다 드립니다. 채팅주세요",제품군 공통,product_group,200
다이슨 청소기,228403500,다이슨 V8 무선청소기 오렌지,100000,3,판매완료,양성면,2026-05-11 13:19:32,https://web.joongna.com/product/228403500,,V8,text_code,not_requested
다이슨 청소기,228075696,다이슨 청소기 스탠드 와 옴니글라이드헤드,40000,3,판매완료,오류제1동,2026-05-11 11:50:41,https://web.joongna.com/product/228075696,,OMNI_GLIDE,text_variant,not_requested
다이슨 청소기,223507134,다이슨 청소기 V11 충전 거치대와 어댑터,20000,3,판매완료,중앙동,2026-05-10 17:59:45,https://web.joongna.com/product/223507134,,V11,text_code,not_requested
다이슨 청소기,220635979,다이슨무선청소기 정품 소프트롤러헤드 A급,39000,3,판매완료,동백2동,2026-05-10 01:37:23,https://web.joongna.com/product/220635979,다이슨 정품소프트롤러헤드 상태 아주좋습니다 분해하여 깔끔하게 세척해놨습니다 바로 사용만하시면됩니다 싸게판매하는제품 물건받아보시면 청소할맛 안날겁니다 새제품은 10만원 이 훌쩍 넘고요 먼지하나까지 깔끔하게 세척해놨습니다 용인 동백지구 직거래합니다 택배거래시 4천원추가 ㅇ10 519ㅇ 구162,제품군 공통,product_group,200
다이슨 청소기,226831584,다이슨무선청소기 v10 먼지통 부품,10000,3,판매완료,동백2동,2026-05-09 21:09:22,https://web.joongna.com/product/226831584,,V10,text_code,not_requested
다이슨 청소기,211234764,다이슨청소기 자동차청소,70000,0,판매중,대치2동,2026-05-09 17:42:16,https://web.joongna.com/product/211234764,원청소기에서 끝부분(자바라찢어짐)만없음자동차청소하기좋아요 01062754539 대치역 직거래,제품군 공통,product_group,200
다이슨 청소기,228410018,다이슨무선청소기 dc43.dc44.dc45 거치대및충전기,20000,3,판매완료,동백2동,2026-05-09 13:39:48,https://web.joongna.com/product/228410018,,DC43,text_code,not_requested
다이슨 청소기,228346913,다이슨 스팟앤스크럽 Ai 로봇 청소기 미개봉 판매,850000,3,판매완료,구래동,2026-05-08 12:30:27,https://web.joongna.com/product/228346913,다이슨 스팟앤스크럽 Ai 로봇 청소기 미개봉 새제품입니다 정품등록 하시면 AS 2년 가능합니다 고가이기에 직거래만 합니다 새제품 150만원에 판매되는 제품입니다,SPOT_AND_SCRUB,text_variant,200
다이슨 청소기,223842587,다이슨무선청소기 정품 소프트롤러헤드,30000,3,판매완료,동백2동,2026-05-08 11:03:08,https://web.joongna.com/product/223842587,다이슨무선청소기 정품 소프트롤러헤드 v7.v8.v10.v11 모두사용가능합니다 전제품 완전분해후 깨끗이 세척해놨습니다 작동이상없이 잘되고 바로사용만하시면됩니다 정품이냐고 질문하시면답변안합니다 절충 안합니다 분해세척 하는것도 쉬운일 아닙니다 용인 동백지구 직거래합니다 그외지역 택배거래합니다 여기체팅을 잘못봅니다 핸드폰으로 전화나 문자주세요 ㅇ1ㅇ 519ㅇ 구162,V7,detail_text_code,200
다이슨 청소기,218837554,다이슨무선청소기 정품 소프트롤러헤드 A급,39000,3,판매완료,동백2동,2026-05-08 11:02:29,https://web.joongna.com/product/218837554,"📢 제목에 ""제조사/ 브랜드 명""과 ""상품명(ex. 3000시리즈 전동 면도기)”을 넣어 작성하면, 보다 빠른 판매가 가능합니다! 📢 게시글 작성 시 배송 방법에 “직거래”와 “내 위치” 설정할 경우, 보다 빠른 판매가 가능합니다! 상태좋아요 완전분해하여 깔끔하게 세척해놨습니다 v7.v8.v10.v11 모두사용가능합니다 용인 동백지구 직거래합니다 택배거래시 4천원추가",V7,detail_text_code,200
다이슨 청소기,227657271,다이슨무선청소기 정품 소프트롤러헤드 미사용품,59000,3,판매완료,동백2동,2026-05-08 11:02:13,https://web.joongna.com/product/227657271,"다이슨 정품 소프트 롤러 헤드예요 미사용품 입니다 보관중 먼지뭍은정도 입니다 다이슨 V7, V8, V10,v11모델에 호환됩니다 바닥 먼지를 효과적으로 제거해주는 헤드랍니다 직거래 는 용인동백입니다 택배거래시 4천원추가 까페체팅을 잘못봅니다 핸드폰으로 전화나 문자주세요 ㅇ1ㅇ 519ㅇ 구162",V7,detail_text_code,200
다이슨 청소기,228036038,(미개봉) 다이슨 360 vis nav 로봇청소기팝니다,360000,3,판매완료,사당제1동,2026-05-07 23:28:53,https://web.joongna.com/product/228036038,,360_VIS_NAV,text_variant,not_requested
다이슨 청소기,226912556,(무배)다이슨 V10 진공청소기 배터리(새상품),42000,3,판매완료,반여제1동,2026-05-07 16:59:05,https://web.joongna.com/product/226912556,,V10,text_code,not_requested
다이슨 청소기,226421623,(무배)다이슨 V8 진공청소기 배터리(새상품),39000,3,판매완료,반여제1동,2026-05-07 16:59:16,https://web.joongna.com/product/226421623,,V8,text_code,not_requested
다이슨 청소기,228343099,다이슨 스팟앤스크럽 Ai 로봇 청소기,1250000,3,판매완료,중마동,2026-05-07 15:08:25,https://web.joongna.com/product/228343099,새상품 택배받은 그대로 보내드립니다,SPOT_AND_SCRUB,text_variant,200
다이슨 청소기,227903885,다이슨 v11 무선청소기 충전거치대,10000,3,판매완료,,2026-05-06 12:10:24,https://web.joongna.com/product/227903885,,V11,text_code,not_requested
다이슨 청소기,228295716,다이슨v8무선청소기 풀세트 다드립니다,150000,0,판매중,,2026-05-06 10:10:33,https://web.joongna.com/product/228295716,,V8,text_code,not_requested
다이슨 청소기,227819718,다이슨마이크로무선청소기,270000,0,판매중,,2026-05-06 10:09:45,https://web.joongna.com/product/227819718,다이슨마이크로무선청소기 판매합니다. 레이저브러쉬가있어 청소하기좋아요 사용감은 있지만 정상 작동하며 충전기도 함께 드려요. 깨끗하게 관리해서 상태 양호합니다.,제품군 공통,product_group,200
다이슨 청소기,228261205,다이슨 청소기 본체,45000,0,판매중,,2026-05-06 10:09:29,https://web.joongna.com/product/228261205,다이슨청소기 v8본체.배터리 작동잘되구요 사진그대로 상태는사진참조 택배거래도됩니다 터무니업는 가격네고하지마세요 찔러보기사절 예민하신분 패스해주시고 반품x 환불x 안됩니다 신중히결정하세요 배터리 는교체하셔야합니다,V8,detail_text_code,200
다이슨 청소기,226720846,다이슨v10무선청소기본체.배터리,100000,0,판매중,,2026-05-05 10:53:20,https://web.joongna.com/product/226720846,,V10,text_code,not_requested
다이슨 청소기,228203870,다이슨청소기 헤드 새것,29000,0,판매중,휘경제2동,2026-05-03 17:29:59,https://web.joongna.com/product/228203870,다이슨 소프트롤러 헤드 새거 모델명착각해서 오주문해서 새거에요ㅜ,제품군 공통,product_group,200
다이슨 청소기,227430959,다이슨 청소기 v11 팝니다,230000,3,판매완료,,2026-05-03 08:52:18,https://web.joongna.com/product/227430959,,V11,text_code,not_requested
다이슨 청소기,228182113,다이슨 무선 청소기 부품 모음 일괄,50000,0,판매중,신창동,2026-05-02 23:24:12,https://web.joongna.com/product/228182113,"다이슨 무선 청소기 헤드 및 연장봉 등 부품 일괄 판매합니다. 사진에 있는 부품 전부 다 드립니다. 사용감은 있지만, 사용하는데 전혀 문제 없습니다. 문의 없으시면 바로 안전결제해주시면 됩니다! 환불 반품 안됩니다 밧데리상태 잘 몰라요",제품군 공통,product_group,200
다이슨 청소기,228074156,다이슨 옴니 글라이드 청소기 판매해요,80000,3,판매완료,,2026-05-02 12:07:37,https://web.joongna.com/product/228074156,,OMNI_GLIDE,text_variant,not_requested
다이슨 청소기,228059493,다이슨 washG1 물걸레 청소기,345000,0,판매중,좌제4동,2026-05-01 19:18:37,https://web.joongna.com/product/228059493,,WASH_G1,text_variant,not_requested
다이슨 청소기,228139978,다이슨청소기 거치대(통알루미늄,20000,3,판매완료,정자1동,2026-05-01 18:28:29,https://web.joongna.com/product/228139978,다이슨청소기 거치대입니다.조립순서 번호붙여놓았습니다 순서대로꼽기만하면되요 아주튼튼하고좋아요 보통판매하는제품보다 고급스러워서 좋습니다.,제품군 공통,product_group,200
다이슨 청소기,221489641,[새상품] 다이슨 청소기 도킹스테이션 v11,6000,3,판매완료,군포2동,2026-05-01 11:57:21,https://web.joongna.com/product/221489641,,V11,text_code,not_requested
다이슨 청소기,216951825,다이슨 청소기 접이식 각도조절 툴 v7v8v10v11,3000,3,판매완료,군포2동,2026-05-01 11:57:14,https://web.joongna.com/product/216951825,,V7V,text_code,not_requested
다이슨 청소기,228080924,다이슨 청소기 호환 소프트롤러 헤드 거의 새거,45000,3,판매완료,,2026-04-30 02:23:13,https://web.joongna.com/product/228080924,테스트만 해본거라 거의 새거입니다 깨끗해요,제품군 공통,product_group,200
다이슨 청소기,224862542,"다이슨청소기 V7, V8, V10 정품 (중고) 소프트롤러헤드판매",46000,3,판매완료,,2026-04-29 20:23:37,https://web.joongna.com/product/224862542,,V7,text_code,not_requested
다이슨 청소기,227759708,"무선청소기 MOP헤드 세트 (다이슨 V7, V8, V10, V11, V15 호환)",29000,3,판매완료,동춘1동,2026-04-29 17:05:30,https://web.joongna.com/product/227759708,,V7,text_code,not_requested
다이슨 청소기,228059560,다이슨 SV10 무선 청소기,100000,3,판매완료,좌제4동,2026-04-29 15:01:36,https://web.joongna.com/product/228059560,,SV10,text_code,not_requested
다이슨 청소기,227973767,다이슨 디지털 슬림 옵틱 청소기 판매합니다,355000,3,판매완료,일산3동,2026-04-29 14:34:50,https://web.joongna.com/product/227973767,,DIGITAL_SLIM,text_variant,not_requested
다이슨 청소기,227993543,다이슨 v7 무선청소기,90000,3,판매완료,대신동,2026-04-29 10:23:46,https://web.joongna.com/product/227993543,,V7,text_code,not_requested
다이슨 청소기,228047397,다이슨 360 Vis Nav 로봇 청소기,420000,0,판매중,,2026-04-29 09:35:14,https://web.joongna.com/product/228047397,,360_VIS_NAV,text_variant,not_requested
다이슨 청소기,227611033,다이슨 청소기 V10,160000,3,판매완료,반포2동,2026-04-28 12:16:01,https://web.joongna.com/product/227611033,,V10,text_code,not_requested
다이슨 청소기,227977692,다이슨 V10 플러피 플러스 무선청소기,170000,3,판매완료,,2026-04-27 12:42:22,https://web.joongna.com/product/227977692,,V10,text_code,not_requested
다이슨 청소기,227443097,"다이슨 무선청소기 충전기, 거치대, 청소도구",9500,3,판매완료,,2026-04-27 08:29:42,https://web.joongna.com/product/227443097,다이슨 무선청소기 부품 판매합니다. 충전기는 최근까지 정상적으로 사용하던 제품입니다. 거치대와 청소도구는 미사용 새 제품입니다. 사진에 있는 구성 그대로 보내드립니다. 모델명 : 205720-07 출력 : 26.10V 780mA,V780M,detail_text_code,200
다이슨 청소기,227956029,다이슨 무선청소기 침구헤드,3000,3,판매완료,방화제3동,2026-04-26 19:26:36,https://web.joongna.com/product/227956029,득템하세요감사합니다,제품군 공통,product_group,200
다이슨 청소기,226322302,다이슨 V11 청소기 (SV14) 정품 배터리 판매합니다.,50000,3,판매완료,,2026-04-26 13:31:48,https://web.joongna.com/product/226322302,,V11,text_code,not_requested
다이슨 청소기,227605954,다이슨 v7무선청소기,80000,3,판매완료,대신동,2026-04-24 13:20:19,https://web.joongna.com/product/227605954,,V7,text_code,not_requested
다이슨 청소기,227853281,다이슨 V10 싸이클론 무선청소기(내용필독),100000,3,판매완료,다사읍,2026-04-23 21:33:27,https://web.joongna.com/product/227853281,,V10,text_code,not_requested
다이슨 청소기,227838665,[다이슨] V8 실버/레드 무선 핸디스틱 청소기 / 강력 흡입력 풀구성,130000,3,판매완료,등촌제1동,2026-04-23 15:05:14,https://web.joongna.com/product/227838665,,V8,text_code,not_requested
다이슨 청소기,227460379,"다이슨 v7, v8, v10, v11 무선청소기 노즐 툴 세트 새상품",25000,3,판매완료,,2026-04-23 13:47:51,https://web.joongna.com/product/227460379,,V7,text_code,not_requested
다이슨 청소기,227379283,다이슨 무선청소기,70000,0,판매중,죽전1동,2026-04-23 09:19:22,https://web.joongna.com/product/227379283,"다이슨 무선청소기 DC62 판매해요. 충전기도 함께 드리고, 사용감은 있지만 작동 잘 됩니다. 깨끗하게 청소해서 상태 양호해요! V6 호환 7만원 판매합니다",DC62,detail_text_code,200
다이슨 청소기,227806388,(새제품) 다이슨 청소기 거치대 플로어독 멀티 Floor dok multi,45000,3,판매완료,용산2가동,2026-04-22 17:34:59,https://web.joongna.com/product/227806388,다이슨 무선 청소기 스탠드형 거치대 Floor dok multi 4.49kg 흰색 박스 구성품 그대로 보관되어 있는데 내용물 확인차 뜯어서 사진찍었어요,제품군 공통,product_group,200
다이슨 청소기,227786097,다이슨 청소기 호환물걸레키트,50000,0,판매중,운정4동,2026-04-22 08:43:36,https://web.joongna.com/product/227786097,"다이슨 청소기 호환 물걸레 키트(사토2세대)입니다 물걸레키트는 와디즈에서 23년도에구매하고 집에 계단이 많아서 잘 사용안하게 되어 몇번 사용못했네요 현재 다이슨에서 다른 청소기로 바꿔서 판매합니다. 사토 물걸레키트는 11번가에서 19만원에 판매중입니다 (v7,v8,v10,v11,v15 호환)",V7,detail_text_code,200
다이슨 청소기,227752995,다이슨청소기 V10(SV12) 본체 판매합니다,65000,3,판매완료,,2026-04-21 11:36:59,https://web.joongna.com/product/227752995,,V10,text_code,not_requested
다이슨 청소기,227745937,다이슨 무선청소기 V11 천안직거래 택배거래 가능,100000,3,판매완료,성환읍,2026-04-21 07:50:16,https://web.joongna.com/product/227745937,,V11,text_code,not_requested
다이슨 청소기,227537187,다이슨 무선 청소기 헤드,9900,3,판매완료,동삼제1동,2026-04-20 13:38:20,https://web.joongna.com/product/227537187,다이슨 무선 청소기 헤드 112232-12 V7 V8 V10 교체용 이라고 나오네요. 깨끗합니다. 제가 판매하고 있는 상품과 묶음배송 가능합니다.,V7,detail_text_code,200
다이슨 청소기,227567972,다이슨 V10 청소기 본체+더스트빈+바테리,30000,3,판매완료,,2026-04-20 11:37:01,https://web.joongna.com/product/227567972,,V10,text_code,not_requested
다이슨 청소기,227680334,다이슨 V8 실버/레드 무선청소기 / 강력 흡입력 가벼운 청소,190000,0,판매중,,2026-04-19 13:07:12,https://web.joongna.com/product/227680334,,V8,text_code,not_requested
다이슨 청소기,225347400,"다이슨 V7, V8, V10, V11 청소기 소프트롤러",30000,0,판매중,중앙동,2026-04-19 08:39:08,https://web.joongna.com/product/225347400,,V7,text_code,not_requested
다이슨 청소기,227532717,다이슨 스몰볼 유선청소기 110 V + 한일 전압기,140000,3,판매완료,평내동,2026-04-17 16:49:14,https://web.joongna.com/product/227532717,다이슨 스몰볼 유선청소기입니다. 110v입니다. 한일 5k 변압기 함께 판매합니다. 청소기만 원할시 10만원 변압기만 원할시 5만원 택배는 구매자부담입니다.,제품군 공통,product_group,200
다이슨 청소기,225723127,다이슨 dyson 무선 청소기(배터리 새로 리필하여 빵빵!!),105000,3,판매완료,미아동,2026-04-17 08:36:32,https://web.joongna.com/product/225723127,다이슨 무선 충전식 청소기입니다. SV11/HH11 사용감은 있지만 배터리 리필하여 아주 잘 돌아갑니다. 본체.정품 충전기.거치대.필터 배터리 85.000원 주고 리필하여 쌩쌩 잘 돌아 갑니다. 사진에 보여지는 것 외 다른 구성품은 없습니다. 택배 포장의 어려움으로 택배거래는 안합니다. 안심결제 후 직접 오셔야 합니다. 지역은 서울 미아동입니다. 감사합니다.,SV11,detail_text_code,200
다이슨 청소기,227256446,다이슨청소기 V8 새제품,150000,3,판매완료,내수읍,2026-04-16 17:14:15,https://web.joongna.com/product/227256446,,V8,text_code,not_requested
다이슨 청소기,226212906,다이슨 청소기v10 부품(정품),44000,0,판매중,,2026-04-16 15:05:15,https://web.joongna.com/product/226212906,,V10,text_code,not_requested
다이슨 청소기,227472881,다이슨 DC52 유선청소기,45000,3,판매완료,단대동,2026-04-16 08:30:45,https://web.joongna.com/product/227472881,,DC52,text_code,not_requested
다이슨 청소기,227530493,다이슨청소기 V10(SV12) 본체 판매합니다,63000,1,예약중,,2026-04-15 12:21:38,https://web.joongna.com/product/227530493,,V10,text_code,not_requested
다이슨 청소기,227498173,다이슨 SV11 무선청소기 판매합니다~~,39000,3,판매완료,철산3동,2026-04-14 15:36:09,https://web.joongna.com/product/227498173,,SV11,text_code,not_requested
다이슨 청소기,226836103,다이슨 V12 싸이클론 무선청소기 본체,120000,3,판매완료,지동,2026-04-14 10:29:41,https://web.joongna.com/product/226836103,,V12,text_code,not_requested
다이슨 청소기,227251914,"청소기 다이슨 V6,v7,v8,v10 배터리 내놓습니다",35000,3,판매완료,,2026-04-14 08:48:32,https://web.joongna.com/product/227251914,,V6,text_code,not_requested
다이슨 청소기,226813393,다이슨 스팟앤스크럽 Ai 로봇청소기(새상품),1150000,3,판매완료,장안제1동,2026-04-14 02:59:25,https://web.joongna.com/product/226813393,"다이슨 스팟앤스크럽 Ai 로봇청소기 새상품입니다. 박보검이 광고하는 바로 그 로봇청소기에요. 알아서 척척 청소하는 똑똑한 로봇청소기로, 시간 절약하세요! 내부 박스는 열어보지도 않은 새상품입니다. 강아지가 있어서 쓸 엄두가 안나서 팝니다. 직거래만 가능합니다.",SPOT_AND_SCRUB,text_variant,200
다이슨 청소기,227462365,다이슨청소기 배터리 필독,45000,3,판매완료,,2026-04-13 17:09:08,https://web.joongna.com/product/227462365,"실 사진입니다 배터리 이발이 제거하며 몇개월동안 테스트하고 V측정입니다 이발이 제거 완료했습니다 수량:30개 구매의사 있으신분은 착불이며 업무상 금,토,일요일 배송합니다",제품군 공통,product_group,200
다이슨 청소기,227077920,다이슨 v7무선청소기,80000,3,판매완료,대신동,2026-04-13 09:58:22,https://web.joongna.com/product/227077920,,V7,text_code,not_requested
다이슨 청소기,227351217,다이슨 청소기 툴 판매합니다.,5000,0,판매중,중앙동,2026-04-12 15:17:09,https://web.joongna.com/product/227351217,청소할때 반드시 사용하던 제품인데 이사하면서 분실해서 샀더니 집에 있네요ㅠ 다이슨 정품이고 사용하지 않은 쌔거에요. 저희 건 모델이 v11인데 툴 빨간색버튼 있는 모델은 다 맞을거에요. 2개 5천원입니다.,V11,detail_text_code,200
다이슨 청소기,227406142,다이슨 v10 무선청소기 정품 먼지통과 싸이클론 판매,30000,3,판매완료,,2026-04-12 08:16:44,https://web.joongna.com/product/227406142,,V10,text_code,not_requested
다이슨 청소기,226188640,다이슨 369 Vis Nav 로봇청소기 (새상품),499000,3,판매완료,,2026-04-11 18:03:27,https://web.joongna.com/product/226188640,"• 브랜드: Dyson • 제품명: 360 Vis Nav • 모델번호: RB03 • 색상코드: VnBu/Nk (Vinca Blue / Nickel) • 제품 종류: 로봇 청소기 🤖 주요 특징 • 360° 카메라 기반 실내 지도 및 네비게이션 • Dyson Hyperdymium 모터 (약 110,000rpm) • HEPA 수준 밀폐 필터 • 앱(MyDyson)으로 원격 제어 • 배터리 약 최대 65분 사용 박스도 뜯지않은 새상품 입니다. 선물로 받았는데 집에 쓰고있던 로봇청소기가 있어 판매합니다. 배송 무료로 해드립니다",360_VIS_NAV,detail_text_variant,200
다이슨 청소기,226443850,다이슨 물걸레 청소기 G1 팝니다,240000,0,판매중,화정1동,2026-04-10 19:47:50,https://web.joongna.com/product/226443850,다이슨 워시 G1 물걸레 청소기 입니다. 주기적으로 깨끗히 잘 관리하면서 사용한 물건입니다! 부피가 있어서 덕양구청 주차장에서 직거래 선호합니다!,WASH_G1,detail_text_variant,200
다이슨 청소기,227159660,정품 다이슨 v8 v7 무선청소기 싸이클론 집진기 필터 포함 본체 부품,9000,3,판매완료,,2026-04-09 20:38:59,https://web.joongna.com/product/227159660,,V8,text_code,not_requested
다이슨 청소기,225171329,다이슨 청소기 마이크로 부품 팝니다,30000,3,판매완료,,2026-04-09 18:02:04,https://web.joongna.com/product/225171329,깨끗 합니다 마이크로 신형 브러쉬입니다,제품군 공통,product_group,200
다이슨 청소기,226196292,다이슨청소기툴세트,30000,0,판매중,,2026-04-08 20:29:27,https://web.joongna.com/product/226196292,다이슨청소기 툴세트 사진그대로 판매합니다개당가격이구요금궁하신게 있으시면 언제든지 문의주세요터무니업는 가격네고하지마세요 찔러보기사절 예민하신분 패스해주시고 반품x 환불x 안됩니다 신중히결정하세요,제품군 공통,product_group,200
다이슨 청소기,227277901,다이슨 청소기 툴 2종,20000,0,판매중,,2026-04-08 20:06:25,https://web.joongna.com/product/227277901,새거입니다 반값택배 일반 택배 다 가능합니다,제품군 공통,product_group,200
다이슨 청소기,227270477,다이슨 V6 무선청소기 판매합니다~~,49000,3,판매완료,철산3동,2026-04-08 16:46:04,https://web.joongna.com/product/227270477,,V6,text_code,not_requested
다이슨 청소기,227246157,다이슨 v10 무선청소기,120000,3,판매완료,,2026-04-07 23:52:22,https://web.joongna.com/product/227246157,,V10,text_code,not_requested
다이슨 청소기,227229031,다이슨무선청소기 v10정품배터리,20000,3,판매완료,동백2동,2026-04-07 16:24:19,https://web.joongna.com/product/227229031,,V10,text_code,not_requested
다이슨 청소기,220509873,다이슨 청소기 방전 배터리 SV10/SV11,5000,3,판매완료,삼송2동,2026-04-07 12:32:43,https://web.joongna.com/product/220509873,,SV10,text_code,not_requested
다이슨 청소기,227200236,다이슨v8청소기,40000,3,판매완료,평화동,2026-04-06 21:17:18,https://web.joongna.com/product/227200236,,V8,text_code,not_requested
다이슨 청소기,227186673,다이슨 무선 청소기 팝니다,80000,3,판매완료,,2026-04-06 15:42:02,https://web.joongna.com/product/227186673,다이슨 무선 청소기 팝니다 sv12 모델 입니다 물걸레는 안된다하여 청소기 필요하신분이 들고가시면 될고같습다 거치대는 있습니다,SV12,detail_text_code,200
다이슨 청소기,223514337,다이슨 무선청소기 V6 부품 부속 브러쉬 툴 (정품.새상품),15000,0,판매중,,2026-04-05 21:39:48,https://web.joongna.com/product/223514337,,V6,text_code,not_requested
다이슨 청소기,227145724,다이슨 청소기 V12 Origin Fluffy 새제품,370000,3,판매완료,광교2동,2026-04-05 14:10:51,https://web.joongna.com/product/227145724,,V12,text_code,not_requested
다이슨 청소기,227065825,다이슨 무선청소기 V7 V8 용 거치대 도킹스테이션,10000,3,판매완료,화수2동,2026-04-05 08:22:37,https://web.joongna.com/product/227065825,,V7,text_code,not_requested
다이슨 청소기,227065728,다이슨 무선청소기 배터리 방전리필용 4개,20000,0,판매중,화수2동,2026-04-05 08:22:29,https://web.joongna.com/product/227065728,V8 3개 v6 1개,V8,detail_text_code,200
다이슨 청소기,227055364,다이슨 무선청소기 사이클론 v10 풀세트 (택포 12만원),120000,3,판매완료,,2026-04-04 16:59:53,https://web.joongna.com/product/227055364,,V10,text_code,not_requested
다이슨 청소기,225838738,다이슨 청소기 마이크로 1.5,320000,3,판매완료,정관읍,2026-04-04 13:34:16,https://web.joongna.com/product/225838738,,MICRO_1.5KG,text_variant,not_requested
다이슨 청소기,226852716,다이슨 피스톤 V16 DS60 애니멀 무선 청소기,750000,3,판매완료,석남동,2026-04-02 20:28:29,https://web.joongna.com/product/226852716,"- 구매 일자 : 2025년 10월 1일 - 구매처 : M포인트 몰(다이슨 코리아 공식 판매처) - 구매가 : 1,290,000 - 사용일 : 3주 - 판매 사유 : 타 브랜드 사용 - 사용감 : 생활 기스 존재(컨디션 : 상) - 반려견/묘 유무 : 미입양(동일 애니멀 중고제품 대비 애완털 없음) - 제품 사양 : 사진 참조 - 구성품 : 박스, 본체, 올 플로어런 센스 클리너 헤드, 헤어 스크류 툴 2.0, 크레비스 툴, 콤비네이션 툴, 충전기, 멀티 스탠드형 충전 거치대 - 거래 방식 :직거래 서산, 택배 가능",V16,text_code,200
다이슨 청소기,227048344,다이슨V8 무선청소기 판매합니다~~,58000,1,예약중,철산3동,2026-04-02 20:20:07,https://web.joongna.com/product/227048344,,V8,text_code,not_requested
다이슨 청소기,226922284,다이슨 청소기 V10 카본 파이버 판매합니다,190000,3,판매완료,일산3동,2026-04-02 19:18:31,https://web.joongna.com/product/226922284,,V10,text_code,not_requested
다이슨 청소기,226040649,"청소기 다이슨 V6,v7,v8,v10 배터리 내놓습니다",28000,0,판매중,,2026-04-02 13:24:18,https://web.joongna.com/product/226040649,,V6,text_code,not_requested
다이슨 청소기,226909942,다이슨 펜슬백 플러피콘 청소기(새상품) + 배터리 1개 추가구성 판매합니다.,560000,3,판매완료,월성1동,2026-04-01 21:40:54,https://web.joongna.com/product/226909942,,PENCILVAC,text_variant,not_requested
다이슨 청소기,226994507,[미개봉]다이슨 청소기 마이크로 1.5 팝니다.,330000,0,판매중,산격1동,2026-04-01 14:38:12,https://web.joongna.com/product/226994507,,MICRO_1.5KG,text_variant,not_requested
다이슨 청소기,226990150,다이슨 물청소기 롤러 필터 세트,40000,0,판매중,흑석동,2026-04-01 12:54:57,https://web.joongna.com/product/226990150,"다이슨 washG1 rollers 정품 새 상품입니다~ 상품이 정상적으로 들어있는지 확인하려고 스티커 열어본 것 외에 다른 사항 없습니다. 박스 그대로 있습니다. 흑석역 혹은 고터 지하상가 직거래 가능합니다. 택배 5,000원 반값택배 3,000원 별도입니다.",WASH_G1,detail_text_variant,200
다이슨 청소기,226974581,다이슨 v7 v8 청소기 툴세트,8000,3,판매완료,유가읍,2026-03-31 23:37:31,https://web.joongna.com/product/226974581,,V7,text_code,not_requested
다이슨 청소기,221313000,다이슨 Wash G1 물걸레 청소기,280000,3,판매완료,위례동,2026-03-31 23:02:32,https://web.joongna.com/product/221313000,,WASH_G1,text_variant,not_requested
다이슨 청소기,226966328,다이슨 청소기 부품 세트,30000,0,판매중,후암동,2026-03-31 20:02:36,https://web.joongna.com/product/226966328,"다이슨 청소기 부품 세트 판매해요 사진에 보이는 틈새 툴, 브러쉬 툴, 흡입 툴 포함이에요 각 부품에 이름이 적혀 있어요 정품 다이슨 제품이에요",제품군 공통,product_group,200
다이슨 청소기,225402428,"다이슨 무선청소기 미니브러시 디지탈 슬림(SV18, SV20)용, 동물털, 긴머리카락",10000,0,판매중,,2026-03-31 10:48:54,https://web.joongna.com/product/225402428,,SV18,text_code,not_requested
다이슨 청소기,226940370,다이슨 무선청소기,100000,0,판매중,잠원동,2026-03-31 08:59:41,https://web.joongna.com/product/226940370,다이슨 무선청소기 입니다. 2018년쯤 구매했고 정식은 아니구 영국서 직접 구매해온 상품입니다. 배터리는 몇년전에 한번 갈았습니다. 잘 작동하고 부속 다 있습니다. 10만원,제품군 공통,product_group,200
다이슨 청소기,225084571,다이슨 유선 진공청소기 dc23 dyson,50000,3,판매완료,부암동,2026-03-30 20:00:06,https://web.joongna.com/product/225084571,,DC23,text_code,not_requested
다이슨 청소기,226920839,다이슨 SV10(V8) 무선청소기 판매합니다~~,52000,3,판매완료,철산3동,2026-03-30 17:51:30,https://web.joongna.com/product/226920839,,SV10,text_code,not_requested
다이슨 청소기,226590800,다이슨 무선청소기 싸이클론 v10 배터리 정품 새상품,70000,3,판매완료,,2026-03-30 15:52:31,https://web.joongna.com/product/226590800,,V10,text_code,not_requested
다이슨 청소기,226901790,다이슨 V8 무선 청소기,30000,3,판매완료,중앙동,2026-03-30 09:36:10,https://web.joongna.com/product/226901790,,V8,text_code,not_requested
다이슨 청소기,226888550,다이슨 청소기 v10 3대 팝니다,75000,3,판매완료,당진1동,2026-03-29 20:38:55,https://web.joongna.com/product/226888550,,V10,text_code,not_requested
다이슨 청소기,226196166,다이슨청소기v7.v8싸이클론개당가격,10000,0,판매중,,2026-03-29 07:31:42,https://web.joongna.com/product/226196166,,V7,text_code,not_requested
다이슨 청소기,226289270,다이슨 V6 무선청소기 헤드,57000,3,판매완료,부개2동,2026-03-28 15:34:06,https://web.joongna.com/product/226289270,,V6,text_code,not_requested
다이슨 청소기,226762562,[정품] 다이슨 청소기 미니 헤드 브러쉬 V7-V11,15000,3,판매완료,,2026-03-28 14:46:26,https://web.joongna.com/product/226762562,,V7,text_code,not_requested
다이슨 청소기,226195322,다이슨 V10 청소기 모터터 부품 새것,44900,3,판매완료,중앙동,2026-03-27 05:43:55,https://web.joongna.com/product/226195322,,V10,text_code,not_requested
다이슨 청소기,226741134,정상작동 다이슨 청소기 v10 11 v8 7 모터헤드 카페트 카펫 브러쉬,15000,1,예약중,,2026-03-26 21:58:12,https://web.joongna.com/product/226741134,,V10,text_code,not_requested
다이슨 청소기,226773887,다이슨v7무선 청소기. 상태최상.배터리.헤드 신품.,150000,3,판매완료,일산2동,2026-03-26 19:28:02,https://web.joongna.com/product/226773887,,V7,text_code,not_requested
다이슨 청소기,226216953,다이슨 v16 피스톤 애니멀 무선청소기,950000,0,판매중,부평1동,2026-03-26 18:04:59,https://web.joongna.com/product/226216953,"쿠팡이나 네이버 등에서 조금 저렴하나 짝퉁 제품이 많다고 하여 공식홈페이지에서 구매한 것이고 청소기가 두대인데 먼지도 안 생기고 다이슨은 잘 안 써서 판매합니다. 사용횟수는 많지 않고 컨디션은 사진과 같이 매우 좋습니다. 스티커도 안 떼었고 다른 부품들도 창고에 그냥 두었던 거라서 아주 좋습니다. 2025년 하반기에, 구매했습니다. (E편한세상 그랑힐스 직거래만 가능) 네고는 적당히만 가능합니다. 010558314일이 문자 부탁드려요~!",V16,text_code,200
다이슨 청소기,225916119,다이슨 피스톤 애니멀 DS60 무선청소기 미개봉,850000,3,판매완료,일동,2026-03-26 17:22:52,https://web.joongna.com/product/225916119,다이슨 피스톤 애니멀 DS60 무선청소기 미개봉 새상품입니다! 이벤트 당첨되서 받았는데 집에 청소기 있어서 판매합니다! 판매가격보다 싸게 올려요! 가격이 있는거다보니 직거래 선호 합니다.,제품군 공통,product_group,200
다이슨 청소기,226351028,다이슨청소기v10.v11메인모터.싸이클론.하우징.먼지통,6000,0,판매중,동백2동,2026-03-25 23:34:50,https://web.joongna.com/product/226351028,,V10,text_code,not_requested
다이슨 청소기,219825212,다이슨청소기 v11 모터.하우징.싸이클론.먼지통.,8000,3,판매완료,동백2동,2026-03-25 23:36:13,https://web.joongna.com/product/219825212,,V11,text_code,not_requested
다이슨 청소기,226421892,(무배)다이슨 V10 진공청소기 배터리(새상품),42000,3,판매완료,반여제1동,2026-03-25 00:29:47,https://web.joongna.com/product/226421892,,V10,text_code,not_requested
다이슨 청소기,226060809,다이슨 청소기 옴니 글라이드 팝니다-새배터리,190000,3,판매완료,,2026-03-23 10:30:02,https://web.joongna.com/product/226060809,,OMNI_GLIDE,text_variant,not_requested
다이슨 청소기,226606789,다이슨 SV10 무선청소기 판매합니다~~,60000,3,판매완료,철산3동,2026-03-22 17:01:33,https://web.joongna.com/product/226606789,,SV10,text_code,not_requested
다이슨 청소기,226079311,다이슨v11무선청소기,260000,0,판매중,,2026-03-22 08:42:18,https://web.joongna.com/product/226079311,,V11,text_code,not_requested
다이슨 청소기,225966467,다이슨 V8 싸이클론 226622-01(SV55-A) 무선청소기,235000,3,판매완료,,2026-03-22 07:05:21,https://web.joongna.com/product/225966467,,V8,text_code,not_requested
다이슨 청소기,226461675,다이슨 v8 무선청소기 정품 배터리 26분 정상작동 순정품 배터리팩,30000,3,판매완료,,2026-03-21 21:06:30,https://web.joongna.com/product/226461675,,V8,text_code,not_requested
다이슨 청소기,225888906,다이슨 V8 무선청소기 세트,130000,0,판매중,죽전1동,2026-03-21 09:34:47,https://web.joongna.com/product/225888906,,V8,text_code,not_requested
다이슨 청소기,226314083,"다이슨 마이크로 1.5kg 무선청소기 니켈 +고급 다이슨 정품 거치대 포함,",250000,3,판매완료,화수2동,2026-03-20 11:56:58,https://web.joongna.com/product/226314083,,MICRO_1.5KG,text_variant,not_requested
다이슨 청소기,226495978,다이슨 청소기,60000,3,판매완료,,2026-03-19 18:09:53,https://web.joongna.com/product/226495978,"실 사진입니다 기계 청소완료하며 정상작동합니다 충전기도 작동합니다 배터리는 없어요 반품없이 구매하실분 요청합니다 택배는 착불이며 늦어질수 있습니다 (개인직업으로 금,토,일)배송",제품군 공통,product_group,200
다이슨 청소기,226463761,다이슨 유선청소기 DC52(2대 일괄),60000,3,판매완료,청담동,2026-03-18 21:29:42,https://web.joongna.com/product/226463761,,DC52,text_code,not_requested
다이슨 청소기,226066512,아이닉 i20 i30 무선청소기 연결봉 완드 튜브 파이프 스틱 다이슨호환,7000,0,판매중,,2026-03-18 20:22:49,https://web.joongna.com/product/226066512,아이닉 i20 무선청소기 연결봉 팝니다 아이닉i20 i30 가능하고 다이슨 v7.8.10.11 호환가능합니다 외관상태 사진으로확인바랍니다 필요하신분 톡주셔요 택배가능해요 사진설명글미확인인한 책임x환불x 신중구매말씀드려요,V7,detail_text_code,200
다이슨 청소기,226459813,다이슨 V10 무선청소기 판매합니다,150000,3,판매완료,중동,2026-03-18 19:52:37,https://web.joongna.com/product/226459813,,V10,text_code,not_requested
다이슨 청소기,226194580,다이슨 v10 무선청소기 정품 배터리 33분 정상작동 순정품 배터리팩,25000,3,판매완료,,2026-03-17 21:03:08,https://web.joongna.com/product/226194580,,V10,text_code,not_requested
다이슨 청소기,226040657,다이슨 클린앤워시 하이진 물청소기,410000,3,판매완료,가산동,2026-03-17 15:34:23,https://web.joongna.com/product/226040657,26년 1월 22일 구매해서 한번 써보고 창고에 보관중인 제품 처분합니다. 사진처럼 제품 비닐도 안뜯은 상태이고 AS는 28년 1월 23일까지 입니다. 택배 거래 및 직거래 가능합니다.,제품군 공통,product_group,200
다이슨 청소기,226387678,다이슨청소기배터리,35000,3,판매완료,온천제3동,2026-03-16 23:54:26,https://web.joongna.com/product/226387678,"다이슨청소기 V6배터리 호환된다고 예전에 순정중고배터리 구입했는데 연락두절ㅠ 방치하다 정리합니다 필요하심 V6청소기와 호환배터리 같이 포함입니다 충전기, 봉은 없네요 참 판매품은 SV10표기배터리입니다 예전 충전상태는 양호했는데 그리고 청소기 소제 안했어요 사용감도있네요",V6,detail_text_code,200
다이슨 청소기,226371607,다이슨 청소기 정품 충전기,10000,3,판매완료,흥선동,2026-03-16 16:52:02,https://web.joongna.com/product/226371607,"다이슨v10 청소기에 사용하려고 구입했던 정품충전기입니다. 청소기가2대였고 충전기는 하나만써서 거의 사용하지않고 보관만 했었어요. 이것저것 물어보시거나 예민하신분 피해주세요. 문고리가능, 택배가능, ( 비대면, 우편거래시 중고 특성상 이유불문 환불 안됨 ) 3키로까지 5천원추가시 배달가능, 그이상거리 만원입니다. (의정부한정) ( 직거래외에 물품받고 불량이라고 헛소리하면 물건받아서 부품교체하고 사기치는걸로 간주하겠음, 떳떳하게 정상제품을 항상 판매한다는 증거는 저와 거래한 구매자분들의 후기가 증명해줌 20년째 수천건이상 중고거래하였고 모든 내역 보관중 , 찝찝하면 직거래되니까 만나서 확인후 구매하세요 )",V10,detail_text_code,200
다이슨 청소기,225299544,다이슨 무선청소기 용 방전배터리 10개,20000,3,판매완료,논현2동,2026-03-16 08:23:43,https://web.joongna.com/product/225299544,다이슨 무선청소기 에서 사용하던 배터리로 방전된 상태 입니다 재 활용 하실분 선택하세요 10개 전체 가격 입니다,제품군 공통,product_group,200
다이슨 청소기,224084307,다이슨무선청소기 v6부품들,3000,3,판매완료,동백2동,2026-03-16 05:41:52,https://web.joongna.com/product/224084307,,V6,text_code,not_requested
다이슨 청소기,226345164,다이슨 워시 G1 물청소기 풀박스,290000,3,판매완료,동천동,2026-03-15 22:37:42,https://web.joongna.com/product/226345164,,WASH_G1,text_variant,not_requested
다이슨 청소기,226316246,다이슨 무선청소기(V8?),30000,3,판매완료,호계3동,2026-03-15 09:45:19,https://web.joongna.com/product/226316246,,V8,text_code,not_requested
다이슨 청소기,226294151,다이슨 옴니-글라이드(Dyson Omni-Glide) 무선 청소기,200000,0,판매중,안심4동,2026-03-14 16:14:26,https://web.joongna.com/product/226294151,"다이슨 옴니-글라이드(Dyson Omni-Glide) 무선 청소기입니다. 방향 전환: 360도 회전하는 전방향 플러피 클리너 헤드가 장착되어 있어 좁은 공간이나 가구 사이를 자유롭게 청소할 수 있습니다. 구조: 일반적인 건 타입이 아닌 일직선 형태의 구조로 설계되어 평평하게 눕혀서 가구 아래를 청소하기 용이합니다. 무게: 다이슨의 무선 청소기 중 가벼운 편에 속하여 손목 부담이 적은 것이 특징입니다. 배터리: 클릭인 방식의 배터리를 사용하여 교체가 간편하며, 사용 시간은 일반 모드 기준 약 20분입니다.",제품군 공통,product_group,200
다이슨 청소기,226293544,다이슨 워시G1 물청소 무선 청소기,300000,0,판매중,안심4동,2026-03-14 16:01:04,https://web.joongna.com/product/226293544,,WASH_G1,text_variant,not_requested
다이슨 청소기,226134127,다이슨 v6 무선청소기 충전거치대,7000,3,판매완료,남원동,2026-03-14 14:20:19,https://web.joongna.com/product/226134127,,V6,text_code,not_requested
다이슨 청소기,226269793,(판매완료) 다이슨 옴니 글라이드 (세척완료) 진공 청소기,1111,1,예약중,서교동,2026-03-13 22:02:30,https://web.joongna.com/product/226269793,,OMNI_GLIDE,text_variant,not_requested
다이슨 청소기,226135642,다이슨청소기 V6 정품(중고) 소프트롤러헤드 및 봉 판매,28000,3,판매완료,,2026-03-13 21:17:25,https://web.joongna.com/product/226135642,,V6,text_code,not_requested
다이슨 청소기,226252721,"다이슨 무선청소기 충전기, 거치대(택포)",19000,3,판매완료,유림동,2026-03-13 14:28:14,https://web.joongna.com/product/226252721,다이슨 무선청소기용 충전거치대와 어댑터가 포함된 세트예요. 사용감은 있지만 깔끔한 편입니다. 전압 정상출력되고 잘 작동합니다. 나사 모두 있습니다. 우체국택배로 보내고 송장 남기겠습니다. 택포 19000원. 가능한 직거래나 선입금 택배거래,제품군 공통,product_group,200
다이슨 청소기,217963265,다이슨 청소기 Gen5 멀티충전거치대포함 새상품,790000,0,판매중,,2026-03-13 06:31:57,https://web.joongna.com/product/217963265,"다이슨 Gen5 디텍트 컴플리트 멀티충전거치대포함 새상품 택배시 착불 01●-4814-8006 📢 제목에 ""제조사/ 브랜드 명""과 ""상품명(ex. 3000시리즈 전동 면도기)”을 넣어 작성하면, 보다 빠른 판매가 가능합니다! 📢 게시글 작성 시 배송 방법에 “직거래”와 “내 위치” 설정할 경우, 보다 빠른 판매가 가능합니다! 🚨회원님의 거래 게시글을 노린 중고나라 운영진 사칭 피싱 사이트를 주의하세요🚨",제품군 공통,product_group,200
다이슨 청소기,225628490,다이슨 싸이클론 스틱청소기 V8 새상품(운포) 팝니다,290000,3,판매완료,가평읍,2026-03-12 17:22:16,https://web.joongna.com/product/225628490,,V8,text_code,not_requested
다이슨 청소기,225952802,다이슨청소기 브러쉬 침구청소,20000,3,판매완료,신창동,2026-03-12 17:13:07,https://web.joongna.com/product/225952802,정품 색상틀린건1개 정품아님 브러쉬 몇개 1회사용 침구5회사용,제품군 공통,product_group,200
다이슨 청소기,226212597,"다이슨 무선청소기 툴, 악세 v7, v8, v10 등 호환",50000,3,판매완료,미사1동,2026-03-12 14:04:54,https://web.joongna.com/product/226212597,,V7,text_code,not_requested
다이슨 청소기,226211259,다이슨 V8 무선청소기,120000,1,예약중,진영읍,2026-03-12 13:32:01,https://web.joongna.com/product/226211259,,V8,text_code,not_requested
다이슨 청소기,226206737,"다이슨 청소기 틀, 악세사리 모음",20000,3,판매완료,미사1동,2026-03-12 11:37:24,https://web.joongna.com/product/226206737,"다이슨 무선청소기 툴, 악세들입니다. 상태도 깨끗하고 잘 보관되어 있습니다. 일괄 판매합니다. 010-5656-2412",제품군 공통,product_group,200
다이슨 청소기,224714392,(국내정품)다이슨 청소기 충전기 v10v11sv12v15 등등,20000,3,판매완료,,2026-03-11 15:48:22,https://web.joongna.com/product/224714392,,V10V,text_code,not_requested
다이슨 청소기,225289108,다이슨 시네틱 빅볼 유선 청소기(dyson cinetic big ball),180000,3,판매완료,잠원동,2026-03-11 15:45:13,https://web.joongna.com/product/225289108,,BIG_BALL,text_variant,not_requested
다이슨 청소기,226169436,다이슨ㅈ v8 무선 청소기,80000,3,판매완료,강서제1동,2026-03-11 13:13:41,https://web.joongna.com/product/226169436,,V8,text_code,not_requested
다이슨 청소기,226160686,다이슨 DC58 핸디형 무선청소기,30000,3,판매완료,강서제1동,2026-03-11 09:12:30,https://web.joongna.com/product/226160686,,DC58,text_code,not_requested
다이슨 청소기,225716021,다이슨 디지털 슬림 청소기,170000,3,판매완료,,2026-03-10 18:48:45,https://web.joongna.com/product/225716021,,DIGITAL_SLIM,text_variant,not_requested
다이슨 청소기,226132365,다이슨 Micro 무선 청소기,270000,3,판매완료,금촌1동,2026-03-10 14:22:13,https://web.joongna.com/product/226132365,"다이슨 Micro 무선 청소기입니다 가볍고 강력한 흡입력을 자랑하며, 좁은 공간 청소에 매우 유용합니다 - 무게가 1.5kg으로 매우 가벼워서 손목에 부담이 덜합니다 - 좁은 공간에서도 편리하게 사용할 수 있도록 설계되었습니다 - 강력한 흡입력으로 미세먼지까지 깔끔하게 제거해줍니다 사용감 적고 상태 깨끗해요.",제품군 공통,product_group,200
다이슨 청소기,226112817,다이슨디지털슬림서브마린청소기,350000,3,판매완료,문화2동,2026-03-09 22:59:17,https://web.joongna.com/product/226112817,,DIGITAL_SLIM,text_variant,not_requested
다이슨 청소기,226015689,다이슨 V8 Absolute Extra 무선청소기 + 거치대 + 브러쉬 다수,140000,3,판매완료,창릉동,2026-03-08 22:14:21,https://web.joongna.com/product/226015689,,V8,text_code,not_requested
다이슨 청소기,225926799,다이슨청소기 카페트브러시 롤러,30000,0,판매중,,2026-03-07 16:08:33,https://web.joongna.com/product/225926799,"무선 청소기용 브러시 롤러예요. 사용감은 있지만 작동 상태 양호하고, 다양한 패턴으로 바닥 청소가 가능해요.",제품군 공통,product_group,200
다이슨 청소기,219471809,다이슨 정품 v8 무선청소기 도구 툴,14000,3,판매완료,,2026-03-07 13:35:11,https://web.joongna.com/product/219471809,,V8,text_code,not_requested
다이슨 청소기,226009434,다이슨 V8 무선청소기,69000,1,예약중,진영읍,2026-03-07 12:11:41,https://web.joongna.com/product/226009434,,V8,text_code,not_requested
다이슨 청소기,225968260,다이슨 청소기 정품 배터리 판매,60000,3,판매완료,대흥동,2026-03-06 10:04:27,https://web.joongna.com/product/225968260,다이슨 정품 배터리 판매합니다 적용제품 V12/ V12사브마린 완충시 오토모드 32분 사용,V12,detail_text_code,200
다이슨 청소기,225865523,다이슨 v12s 물걸레 청소기 새상품,600000,3,판매완료,강서제1동,2026-03-06 09:37:09,https://web.joongna.com/product/225865523,다이슨 v12s 디텍트슬림 서브마린 물걸레 청소기 새상품 입니다. 다이슨코리아에서 129만원에 판매되는 상품입니다. 색상은 사진에 있습니다. 박스포장 미개봉 새상품 입니다. 여러가지 헤드 있습니다. 저희는 쓰던 청소기가 있어서 싸게 내놓습니다. 필요하신분 싸게 갖고가세여!,V12S,text_code,200
다이슨 청소기,225959347,다이슨정품물걸레 청소기 v10브러시 헤드만원,10000,3,판매완료,,2026-03-05 23:12:18,https://web.joongna.com/product/225959347,,V10,text_code,not_requested
다이슨 청소기,225446190,다이슨V8청소기 미개봉새상품,273000,3,판매완료,상도제1동,2026-03-05 10:31:43,https://web.joongna.com/product/225446190,,V8,text_code,not_requested
다이슨 청소기,225841571,다이슨 v8 앱솔루트 플러스 무선청소기,45000,3,판매완료,방화제3동,2026-03-04 22:15:44,https://web.joongna.com/product/225841571,,V8,text_code,not_requested
다이슨 청소기,225901810,다이슨 V8 플러피 무선 청소기 거치대 판매합니다,100000,3,판매완료,성북동,2026-03-04 15:15:01,https://web.joongna.com/product/225901810,,V8,text_code,not_requested
다이슨 청소기,168996307,다이슨 V6 청소기 SV06/09 배터리,10000,3,판매완료,삼송2동,2026-03-04 08:08:05,https://web.joongna.com/product/168996307,,V6,text_code,not_requested
다이슨 청소기,221366012,다이슨무선청소기 v10.v11 정품 거치대,29000,3,판매완료,동백2동,2026-03-04 00:16:31,https://web.joongna.com/product/221366012,,V10,text_code,not_requested
다이슨 청소기,225666497,다이슨 스팟앤스크럽 Ai 로봇청소기,1300000,3,판매완료,회천4동,2026-03-03 10:18:25,https://web.joongna.com/product/225666497,"다이슨 스팟앤스크럽 Ai 로봇청소기 새제품입니다 박스에 담겨 있으며, 무게는 21.3kg입니다 - AI 얼룩 감지 기능으로 꼼꼼하게 맞춤 청소가 가능합니다 - 실시간 셀프 클린 롤러로 깔끔한 마무리까지 가능합니다 박보검이 현재 광고하는 신제품 모델입니다. 부피도 크고 무게가 나가는 제품입니다. 회원가입후 정품등록 가능 무상보증 2년 혜택 받으실 수 있습니다..! 평일 경기 양주에서 거래가능 주말 가까운 근거리까지 가능!",SPOT_AND_SCRUB,text_variant,200
다이슨 청소기,224963401,"청소기 다이슨 V6,v7,v8,v10 배터리 내놓습니다",28000,0,판매중,,2026-03-03 08:36:03,https://web.joongna.com/product/224963401,,V6,text_code,not_requested
다이슨 청소기,223292627,다이슨 vis nav 로봇청소기,600000,3,판매완료,정자동,2026-03-03 01:32:35,https://web.joongna.com/product/223292627,정식명칭: 다이슨 360 비즈 나브 로봇 청소기 (dyson 360 vis nav) 다이슨(dyson) 로봇청소기 미개봉 팝니다. 선물 받고 박스인 상태로 보관중입니다. 참고글: https://blog.naver.com/bbori_321/223900659414,360_VIS_NAV,detail_text_variant,200
다이슨 청소기,225616920,다이슨v7 8 10 11 12 15 청소기 연결봉 연장관 완드 튜브 스틱,10000,3,판매완료,,2026-03-02 20:28:22,https://web.joongna.com/product/225616920,,V7,text_code,not_requested
다이슨 청소기,225775798,다이슨 코리아 정품 v10 앱솔루트 무선청소기,200000,3,판매완료,백석동,2026-03-01 07:47:35,https://web.joongna.com/product/225775798,,V10,text_code,not_requested
다이슨 청소기,225754946,다이슨 DC35 무선 청소기.,30000,3,판매완료,월영동,2026-02-28 15:58:36,https://web.joongna.com/product/225754946,,DC35,text_code,not_requested
다이슨 청소기,211976056,다이슨 청소기 주변 부품 팝니다,50000,0,판매중,,2026-02-28 06:50:34,https://web.joongna.com/product/211976056,다이슨 청소기 주변부품 팝니다 제품 고장으로인해 남은 부품들입니다 판매가격은 일괄 5만원이며 택배거래시 착불입니다 구입의사있으신 분은 010-9174-1273으로 문자나 연락주십시오,제품군 공통,product_group,200
다이슨 청소기,225736816,다이슨 sv09 무선청소기,20000,3,판매완료,방화제3동,2026-02-28 00:49:09,https://web.joongna.com/product/225736816,,SV09,text_code,not_requested
다이슨 청소기,162307327,다이슨무선청소기 v10정품배터리,20000,3,판매완료,동백2동,2026-02-27 23:08:55,https://web.joongna.com/product/162307327,,V10,text_code,not_requested
다이슨 청소기,225713288,다이슨 무선 청소기 브러시 세트 소프트롤러.침구브러쉬,14000,3,판매완료,,2026-02-27 13:22:22,https://web.joongna.com/product/225713288,다이슨 무선청소기 소프트롤러.침구헤드 사용감 많고 밑부분 부러진곳 있지만 사용 이상없어요 세척해서 사용하세요 인천구월동 직거래 만원 택포1.4,제품군 공통,product_group,200
다이슨 청소기,219292728,다이슨 dyson V8 무선청소기 플러피 청소기 오리진,330000,3,판매완료,용암1동,2026-02-27 12:13:25,https://web.joongna.com/product/219292728,,V8,text_code,not_requested
다이슨 청소기,224822611,다이슨 싸이클론 V8 무선청소기 / 실버_레드(국내정품 미개봉),290000,3,판매완료,면목제4동,2026-02-26 08:45:45,https://web.joongna.com/product/224822611,,V8,text_code,not_requested
다이슨 청소기,225595535,다이슨 스팟앤스크럽 Ai 로봇 청소기 팝니다. 미개봉,1250000,3,판매완료,현덕면,2026-02-24 12:16:11,https://web.joongna.com/product/225595535,미개봉 새상품 입니다. 집들이 선물 받았는데 저희는 사용하는게 있어서 판매합니다. 부피가 커서 직거래 우선 입니다. 평택,SPOT_AND_SCRUB,text_variant,200
다이슨 청소기,223361155,다이슨 청소기 헤드 DC35,25000,3,판매완료,지동,2026-02-24 10:58:44,https://web.joongna.com/product/223361155,,DC35,text_code,not_requested
다이슨 청소기,225238442,다이슨v7 8 10 11 12 15 청소기 연결봉 연장관 완드 튜브 스틱,10000,3,판매완료,,2026-02-23 21:34:00,https://web.joongna.com/product/225238442,,V7,text_code,not_requested
다이슨 청소기,225564654,다이슨 청소기 v7 v8 v10 롤러헤드,30000,3,판매완료,,2026-02-23 15:49:53,https://web.joongna.com/product/225564654,,V7,text_code,not_requested
다이슨 청소기,225553409,다이슨 무선청소기 V10(sv12)배터리팩 9800mAh,25000,3,판매완료,,2026-02-23 11:02:10,https://web.joongna.com/product/225553409,,V10,text_code,not_requested
다이슨 청소기,225483394,다이슨 무선청소기 2개 세트,70000,3,판매완료,정관읍,2026-02-23 08:07:06,https://web.joongna.com/product/225483394,"무선청소기 블루/레드와 오렌지/레드 2개 세트로 판매해요. 충전거치대와 전원케이블 포함되어 있고, 사용감은 있지만 작동 잘 됩니다! 한대는 손잡이가 약간 금이가서 테이프를 붙여놨고 한대는 밧데리 교체가 필요합니다",제품군 공통,product_group,200
다이슨 청소기,225481717,다이슨 무선청소기,50000,3,판매완료,정관읍,2026-02-23 08:06:58,https://web.joongna.com/product/225481717,무선청소기 판매해요. 손잡이쪽이 금이약간가서 테이프로 붙어있어요.충전기와 브러시 포함되어 있고 사용감은 있지만 작동 잘 됩니다. 깨끗합니다 구입가70만원,제품군 공통,product_group,200
다이슨 청소기,225429594,정상작동 다이슨v7 청소기 sv11 모터 핸들손잡이만 메인바디 본체 부품,10000,3,판매완료,,2026-02-22 20:24:37,https://web.joongna.com/product/225429594,,V7,text_code,not_requested
다이슨 청소기,225314653,다이슨 V10 청소기 거치대 충전기,25000,3,판매완료,중앙동,2026-02-22 12:34:31,https://web.joongna.com/product/225314653,,V10,text_code,not_requested
다이슨 청소기,225379085,다이슨v11 무선청소기 판매,110000,0,판매중,용담.명암.산성동,2026-02-22 00:07:00,https://web.joongna.com/product/225379085,,V11,text_code,not_requested
다이슨 청소기,224749460,다이슨 진공+물청소기,500000,0,판매중,부평6동,2026-02-21 15:23:05,https://web.joongna.com/product/224749460,다이슨 V12S 디텍트 슬림 서브마린 다이슨 진공+물청소. 다이슨 공식홈페이지구매. 사용횟수 10회 미만 포장박스는없구요. 다른 액세서리는 다있어요.,V12S,detail_text_code,200
다이슨 청소기,225223885,다이슨 V6 무선 청소기 (헤드 많음),80000,3,판매완료,정릉제3동,2026-02-21 12:19:12,https://web.joongna.com/product/225223885,,V6,text_code,not_requested
다이슨 청소기,225321796,다이슨 청소기 v11 팝니다,350000,3,판매완료,,2026-02-20 16:46:59,https://web.joongna.com/product/225321796,,V11,text_code,not_requested
다이슨 청소기,223561579,다이슨 청소기 v8 팝니다,50000,3,판매완료,,2026-01-02 10:36:27,https://web.joongna.com/product/223561579,,V8,text_code,not_requested
다이슨 청소기,223087932,다이슨 sv18 디지털슬림 플러피 플러스 무선청소기,55000,3,판매완료,방화제3동,2026-01-01 22:26:40,https://web.joongna.com/product/223087932,,SV18,text_code,not_requested
다이슨 청소기,223048837,다이슨 v8 앱솔루트 무선청소기,50000,3,판매완료,방화제3동,2026-01-01 22:26:13,https://web.joongna.com/product/223048837,,V8,text_code,not_requested
다이슨 청소기,223350624,다이슨 V10 무선청소기 풀세트 (배터리 올해 정품 교체),185000,3,판매완료,북가좌제1동,2026-01-01 11:22:07,https://web.joongna.com/product/223350624,,V10,text_code,not_requested
다이슨 청소기,223476438,다이슨 v10 무선청소기 먼지통 정품 더스트빈 악세사리 부품 키트,15000,3,판매완료,,2025-12-31 21:35:55,https://web.joongna.com/product/223476438,,V10,text_code,not_requested
다이슨 청소기,214682795,다이슨 V7 무선청소기 신배터리 교체 13만원 경기도,130000,0,판매중,,2025-12-31 09:30:04,https://web.joongna.com/product/214682795,,V7,text_code,not_requested
다이슨 청소기,223568281,다이슨 V7 무선청소기,50000,3,판매완료,,2025-12-31 08:42:43,https://web.joongna.com/product/223568281,,V7,text_code,not_requested
다이슨 청소기,223111156,다이슨V6헤드3종틈새툴/4종일괄/다이슨청소기/다이슨V6,49000,0,판매중,,2025-12-31 08:57:59,https://web.joongna.com/product/223111156,,V6,text_code,not_requested
다이슨 청소기,223552854,다이슨 V8 청소기 정품 배터리(미사용)/SV10,60000,3,판매완료,,2025-12-30 19:10:55,https://web.joongna.com/product/223552854,,V8,text_code,not_requested
다이슨 청소기,222751883,다이슨 V8무선 청소기 풀세트,128000,1,예약중,진영읍,2025-12-30 18:04:57,https://web.joongna.com/product/222751883,,V8,text_code,not_requested
다이슨 청소기,223549969,다이슨 V8 무선 핸디스틱청소기,110000,3,판매완료,,2025-12-30 17:58:28,https://web.joongna.com/product/223549969,,V8,text_code,not_requested
다이슨 청소기,222501837,다이슨 micro 청소기/부산직거래/택배가능,2000,3,판매완료,,2025-12-30 11:14:35,https://web.joongna.com/product/222501837,"단순개봉품입니다. 상품 체크를 위한 개봉만 하였습니다. 가격은 260,000원입니다 택배비 5천원입니다. 직거래 주소는 부산광역시 사하구 낙동대로302번길 33 건물 뒤편 주차장입니다. 연락처 010-2322-1333",제품군 공통,product_group,200
다이슨 청소기,223507868,다이슨 청소기 V10 충전 거치대와 어댑터,25000,3,판매완료,중앙동,2025-12-29 16:50:11,https://web.joongna.com/product/223507868,,V10,text_code,not_requested
다이슨 청소기,223470130,다이슨 청소기 충전기 팝니다 v10~v15,18000,3,판매완료,,2025-12-28 17:08:44,https://web.joongna.com/product/223470130,,V10,text_code,not_requested
다이슨 청소기,223463028,25.2v 6.8ah 배터리 다이슨호환 sv 14 sv15 시리즈 청소기 솜털,28000,3,판매완료,,2025-12-28 14:19:13,https://web.joongna.com/product/223463028,,V6,text_code,not_requested
다이슨 청소기,223138151,다이슨 마이크로 무선청소기/부산직거래/택배가능,2000,3,판매완료,,2025-12-28 13:24:03,https://web.joongna.com/product/223138151,"단순개봉 새상품입니다. 가격은 260,000원 입니다. 택배비는 10,000원입니다. 오시는 곳 부산광역시 사하구 낙동대로302번길 33 건물 뒤편 주차장 연락처 010-2322-1333",제품군 공통,product_group,200
다이슨 청소기,222695888,다이슨 V8 무선청소기 방전배터리 (정품),6000,3,판매완료,,2025-12-27 15:21:29,https://web.joongna.com/product/222695888,,V8,text_code,not_requested
다이슨 청소기,223419632,다이슨 v8 무선 청소기,36000,3,판매완료,당진1동,2025-12-27 10:21:28,https://web.joongna.com/product/223419632,,V8,text_code,not_requested
다이슨 청소기,223196966,다이슨무선청소기 sv14 v11 정품배터리,45000,3,판매완료,동백2동,2025-12-27 08:44:42,https://web.joongna.com/product/223196966,,SV14,text_code,not_requested
다이슨 청소기,223417569,다이슨 V8 무선청소기,20000,1,예약중,이촌제1동,2025-12-27 08:58:33,https://web.joongna.com/product/223417569,,V8,text_code,not_requested
다이슨 청소기,223408491,다이슨 V6 및 V10 청소기 거치대,5000,3,판매완료,당진1동,2025-12-26 21:43:22,https://web.joongna.com/product/223408491,,V6,text_code,not_requested
다이슨 청소기,223156919,정품 다이슨 청소기 v10 v11 v12 v15 충전기 아답터 한국돼지코,25000,1,예약중,,2025-12-26 21:17:33,https://web.joongna.com/product/223156919,,V10,text_code,not_requested
다이슨 청소기,223402276,다이슨진공청소기,20000,0,판매중,주안5동,2025-12-26 18:36:39,https://web.joongna.com/product/223402276,다이슨진공청소기강력파워읍입힘이대단합니다흡입해드바닥에들어붙어서못서요흡입해드는교채해서쓰셔야되요 너무힘이쎄서들어붙어서못쓰성도입니다,제품군 공통,product_group,200
다이슨 청소기,222589647,다이슨 V8 무선청소기,110000,3,판매완료,,2025-12-26 01:07:06,https://web.joongna.com/product/222589647,,V8,text_code,not_requested
다이슨 청소기,222694143,다이슨V6본체/배터리방전/다이슨청소기,20000,0,판매중,,2025-12-25 19:15:45,https://web.joongna.com/product/222694143,,V6,text_code,not_requested
다이슨 청소기,223028082,다이슨 청소기 툴,20000,3,판매완료,,2025-12-25 17:09:22,https://web.joongna.com/product/223028082,다이슨 청소기 헤드툴 정품 5종세트 판매합니다. 다이슨 툴 종류는 사진에 보이는 대로 전부 다 있습니다. 웬만한 다이슨 청소기에 다 호환되는 보관 케이스에 넣어 보관해서 깨끗합니다.,제품군 공통,product_group,200
다이슨 청소기,223347548,다이슨 슬림 무선청소기,300000,3,판매완료,구포제2동,2025-12-25 08:56:57,https://web.joongna.com/product/223347548,다이슨 슬림 무선청소기 새제품이에요. 박스 포장 상태 그대로이고 구성품도 모두 들어있어요.,제품군 공통,product_group,200
다이슨 청소기,223007064,다이슨무선청소기 sv11. v7 본체,28000,3,판매완료,동백2동,2025-12-24 20:04:40,https://web.joongna.com/product/223007064,,SV11,text_code,not_requested
다이슨 청소기,222888833,다이슨 시네틱 빅볼 유선청소기 판매합니다,35000,3,판매완료,화곡제8동,2025-12-24 15:53:16,https://web.joongna.com/product/222888833,,BIG_BALL,text_variant,not_requested
다이슨 청소기,222319652,다이슨 V6 무선청소기 부품 세트,35000,3,판매완료,갈현제1동,2025-12-24 13:39:43,https://web.joongna.com/product/222319652,,V6,text_code,not_requested
다이슨 청소기,223297796,다이슨 v8 무선청소기 상태좋음,180000,3,판매완료,신당동,2025-12-23 19:06:44,https://web.joongna.com/product/223297796,,V8,text_code,not_requested
다이슨 청소기,223287203,다이슨 청소기 sv14 v11 메인바디 부품,30000,3,판매완료,갈매동,2025-12-23 14:23:45,https://web.joongna.com/product/223287203,,SV14,text_code,not_requested
다이슨 청소기,223192909,다이슨 청소기 팝니다,200000,3,판매완료,,2025-12-23 12:58:39,https://web.joongna.com/product/223192909,다이슨 v8 슬림 모델입니다 배터리 및 일부 부품이 새제품(미사용)으로 교체되었습니다 청소기는 모두 분해 후 세척 되어있습니다 그냥 쓰셔도 될만큼 깨끗합니다 자체 무상 as 1년 보증드립니다 원하시면 주기적으로 세척 및 정비해드립니다 청소기는 비싼게 좋은게 아니라 주기적으로 세척되있는게 좋은겁니다,V8,detail_text_code,200
다이슨 청소기,222718368,미개봉새상품 ) 다이슨 싸이클론 V10 무선청소기,390000,0,판매중,,2025-12-23 10:19:12,https://web.joongna.com/product/222718368,,V10,text_code,not_requested
다이슨 청소기,223210859,"다이슨 무선청소기용 고성능 모터헤드 (V7,V8,V10,v11용)",25000,3,판매완료,북가좌제1동,2025-12-22 20:58:45,https://web.joongna.com/product/223210859,,V7,text_code,not_requested
다이슨 청소기,223252698,미개봉 신품 다이슨 디지털 슬림 무선 청소기 + 정품 배터리팩 판매,330000,3,판매완료,반월동,2025-12-22 16:00:04,https://web.joongna.com/product/223252698,,DIGITAL_SLIM,text_variant,not_requested
다이슨 청소기,221765896,다이슨 v8 청소기 도킹스테이션 거치대 (택배비포함),12000,3,판매완료,,2025-12-22 12:14:57,https://web.joongna.com/product/221765896,,V8,text_code,not_requested
다이슨 청소기,223232771,다이슨 청소기 SV19 옴니-글라이드 충전기 2.5만,25000,0,판매중,수암동,2025-12-22 00:00:40,https://web.joongna.com/product/223232771,,SV19,text_code,not_requested
다이슨 청소기,223233139,다이슨 청소기 SV19 옴니-글라이드 흡입구 1만,10000,0,판매중,수암동,2025-12-22 00:13:40,https://web.joongna.com/product/223233139,,SV19,text_code,not_requested
다이슨 청소기,223233063,다이슨 청소기 SV19 옴니-글라이드 흡입구 1만,10000,0,판매중,수암동,2025-12-22 00:11:30,https://web.joongna.com/product/223233063,,SV19,text_code,not_requested
다이슨 청소기,223232826,다이슨 청소기 SV19 옴니-글라이드 흡입구 미니헤드 4만,40000,0,판매중,수암동,2025-12-22 00:02:33,https://web.joongna.com/product/223232826,,SV19,text_code,not_requested
다이슨 청소기,223232956,다이슨 청소기 SV19 옴니-글라이드 미니헤드 1.5만,15000,0,판매중,수암동,2025-12-22 00:07:34,https://web.joongna.com/product/223232956,,SV19,text_code,not_requested
다이슨 청소기,223232797,다이슨 청소기 SV19 옴니-글라이드 봉 완드 파이프 2.5만,25000,3,판매완료,수암동,2025-12-22 00:01:30,https://web.joongna.com/product/223232797,,SV19,text_code,not_requested
다이슨 청소기,223233209,다이슨 청소기 SV19 옴니-글라이드 흡입구 5천,20000,3,판매완료,수암동,2025-12-22 00:15:56,https://web.joongna.com/product/223233209,,SV19,text_code,not_requested
다이슨 청소기,224810999,다이슨V7무선청소기,120000,3,판매완료,부주동,2026-02-02 11:03:24,https://web.joongna.com/product/224810999,,V7,text_code,not_requested
다이슨 청소기,219604923,다이슨물걸레청소기 g1,400000,3,판매완료,동탄9동,2026-02-02 07:11:55,https://web.joongna.com/product/219604923,"📢 제목에 ""제조사/ 브랜드 명""과 “상품명(ex. 4단 책장선반)”을 넣어 작성하면, 보다 빠른 판매가 가능합니다! 📢 게시글 작성 시 배송 방법에 “직거래”와 “내 위치” 설정할 경우, 보다 빠른 판매가 가능합니다! 광교갤러리아에서 5월구매하고 5번도사용안했어요 막상잘안써서팝니다 동탄수원직거래해요 🚨회원님의 거래 게시글을 노린 중고나라 운영진 사칭 피싱 사이트를 주의하세요🚨 📢 제목에 ""제조사/ 브랜드 명""과 ""상품명(ex. 3000시리즈 전동 면도기)”을 넣어 작성하면, 보다 빠른 판매가 가능합니다! 📢 게시글 작성 시 배송 방법에 “직거래”와 “내 위치” 설정할 경우, 보다 빠른 판매가 가능합니다! 🚨회원님의 거래 게시글을 노린 중고나라 운영진 사칭 피싱 사이트를 주의하세요🚨",제품군 공통,product_group,200
다이슨 청소기,223973715,다이슨 청소기 소프트롤러 새상품,60000,3,판매완료,,2026-02-01 21:21:11,https://web.joongna.com/product/223973715,청소기 구매시 들오온겁니다 v7~v15까지 사용가능합니다 박스가 없어 저렴하게 팝니다,V7,detail_text_code,200
다이슨 청소기,223886929,"다이슨청소기 V7, V8, V10 정품 (중고) 소프트롤러헤드판매",46000,3,판매완료,,2026-02-01 16:20:07,https://web.joongna.com/product/223886929,,V7,text_code,not_requested
다이슨 청소기,224539630,다이슨 무선청소기 DC39 미사용품 부품(DC23.DC26호환),50000,3,판매완료,월성1동,2026-01-31 01:56:46,https://web.joongna.com/product/224539630,,DC39,text_code,not_requested
다이슨 청소기,224493046,다이슨 v10 11 v8 7 청소기 모터 헤드 소프트 마루 브러쉬 흡입구,30000,3,판매완료,,2026-01-30 18:02:33,https://web.joongna.com/product/224493046,,V10,text_code,not_requested
다이슨 청소기,224454813,정품 다이슨 무선청소기 v8 v7 v6 충전기 어댑터 아답터 한국돼지코,20000,3,판매완료,,2026-01-29 18:51:38,https://web.joongna.com/product/224454813,,V8,text_code,not_requested
다이슨 청소기,224527451,다이슨 v8 무선청소기 손잡이모터 팝니다,28000,3,판매완료,홍천읍,2026-01-29 15:15:26,https://web.joongna.com/product/224527451,,V8,text_code,not_requested
다이슨 청소기,224608147,다이슨 청소기 옴니 배터리셋트 미개봉팝니다,60000,3,판매완료,,2026-01-29 12:25:54,https://web.joongna.com/product/224608147,미개봉입니다 옴니글라이드 배터리입니다,OMNI_GLIDE,detail_text_variant,200
다이슨 청소기,224233063,다이슨 V12 디텍트 슬림 무선청소기,520000,3,판매완료,동탄6동,2026-01-28 16:47:51,https://web.joongna.com/product/224233063,,V12,text_code,not_requested
다이슨 청소기,224615336,"(새제품)다이슨 v8 청소기 배터리 삼성셀 5000mah 배터리 초고용량 (정가 89,300원)",75000,0,판매중,도촌동,2026-01-28 01:16:04,https://web.joongna.com/product/224615336,,V8,text_code,not_requested
다이슨 청소기,224244247,다이슨 물청소기,270000,3,판매완료,정자1동,2026-01-27 12:43:04,https://web.joongna.com/product/224244247,다이슨 무선 물걸레 청소기입니다. 1년전 판교 현백에서 구입 후 10번두 안썼습니다 스팀기가 있어서 안쓰게되서 올립니다. 걸레 새거 하나는 더 있고 박스부터 구성품 다 있습니다. 상태는 거의 새거 수준입니다,제품군 공통,product_group,200
다이슨 청소기,224306606,다이슨 무선청소기 V10 상태최상,180000,3,판매완료,성환읍,2026-01-25 21:22:28,https://web.joongna.com/product/224306606,,V10,text_code,not_requested
다이슨 청소기,224306748,다이슨무선청소기 v11정품 완드봉 미사용품,29000,3,판매완료,동백2동,2026-01-25 21:46:19,https://web.joongna.com/product/224306748,,V11,text_code,not_requested
다이슨 청소기,224341781,다이슨 v10 무선청소기 정품 필터 세척된 배기필터 각오천,20000,3,판매완료,,2026-01-25 20:14:56,https://web.joongna.com/product/224341781,,V10,text_code,not_requested
다이슨 청소기,224515458,다이슨무선청소기 V11 헤파필터,5000,0,판매중,대흥동,2026-01-25 15:00:34,https://web.joongna.com/product/224515458,,V11,text_code,not_requested
다이슨 청소기,224511971,다이슨 V8 청소기 새제품 미사용,280000,3,판매완료,반포2동,2026-01-25 13:23:42,https://web.joongna.com/product/224511971,,V8,text_code,not_requested
다이슨 청소기,224383431,다이슨 청소기 v12 팝니다,230000,3,판매완료,,2026-01-24 21:41:38,https://web.joongna.com/product/224383431,,V12,text_code,not_requested
다이슨 청소기,224485154,다이슨무선청소기 V7. V8. V10 정품 헤드 판매,30000,3,판매완료,송도2동,2026-01-24 17:35:14,https://web.joongna.com/product/224485154,,V7,text_code,not_requested
다이슨 청소기,224187111,다이슨 V8 싸이클론 무선청소기 새상품 최신,390000,3,판매완료,,2026-01-22 16:21:31,https://web.joongna.com/product/224187111,,V8,text_code,not_requested
다이슨 청소기,224352697,다이슨 무선청소기 v8 천안직거래,135000,1,예약중,성환읍,2026-01-22 07:47:58,https://web.joongna.com/product/224352697,,V8,text_code,not_requested
다이슨 청소기,224377927,다이슨 싸이클론 v10 무선청소기,150000,3,판매완료,,2026-01-21 19:25:42,https://web.joongna.com/product/224377927,,V10,text_code,not_requested
다이슨 청소기,224363128,"다이슨 무선청소기 툴 7개 일괄거래 ,택포",34000,1,예약중,,2026-01-21 13:12:54,https://web.joongna.com/product/224363128,"보시듯 깨끗합니다. 1회 사용정도. 비흡연자, 반려동물 없는 환경에서 사용. 카펫브러쉬, 전동 침구툴 모두 정상작동. 택포 가격임. 중고거래 특성상 거래후 반품, 교환, 환불 불가합니다 이점 유념 바랍니다 거래후 권리와 책임은 구매자의 몫입니다 이점 동의하시는분과 거래합니다.",제품군 공통,product_group,200
다이슨 청소기,216254989,다이슨청소기v10.v11메인모터.싸이클론.하우징.먼지통,12000,3,판매완료,동백2동,2026-01-20 20:57:47,https://web.joongna.com/product/216254989,,V10,text_code,not_requested
다이슨 청소기,218299330,다이슨무선청소기 정품 완드봉 v10.v11,10000,3,판매완료,,2026-01-20 20:56:12,https://web.joongna.com/product/218299330,,V10,text_code,not_requested
다이슨 청소기,222376696,다이슨청소기 디지털슬림 sv18 본체,85000,3,판매완료,동백2동,2026-01-20 20:55:46,https://web.joongna.com/product/222376696,,SV18,text_code,not_requested
다이슨 청소기,224332006,다이슨 V11 220 에어와트 CF+ 청소기 팔아요,300000,3,판매완료,내손1동,2026-01-20 16:39:17,https://web.joongna.com/product/224332006,,V11,text_code,not_requested
다이슨 청소기,224017527,다이슨 워시G1 물청소기,220000,3,판매완료,간성읍,2026-01-20 14:47:14,https://web.joongna.com/product/224017527,,WASH_G1,text_variant,not_requested
다이슨 청소기,224315489,[단순개봉] 다이슨 V8 청소기 새상품,220000,0,판매중,쌍봉동,2026-01-20 09:20:36,https://web.joongna.com/product/224315489,,V8,text_code,not_requested
다이슨 청소기,219445547,다이슨물청소기 g1,445000,3,판매완료,동탄9동,2026-01-20 09:45:47,https://web.joongna.com/product/219445547,올해5월 다이슨매장 광교갠러리아구입하고 5번도안써어팔아요 동탄직거래,제품군 공통,product_group,200
다이슨 청소기,223577424,다이슨 V10 무선청소기,190000,3,판매완료,화수2동,2026-01-20 08:47:59,https://web.joongna.com/product/223577424,,V10,text_code,not_requested
다이슨 청소기,223667342,JDL SATUO 다이슨 청소기 물걸레 청소 키트,25000,3,판매완료,한강로동,2026-01-19 22:39:47,https://web.joongna.com/product/223667342,JDL SATUO 다이슨 청소기 물걸레 청소 키트 다이슨 청소기로 물걸레 청소를 할수있게 하는 키트 입니다. 사용중인 걸레 1세트와 새 걸레 3세트 포함입니다. 2-3번 밖에 사용 안했습니다. 다른 구성품 모두 새것입니다. 박스 구성품 모두 있습니다. 신용산역 직거래 혹은 선입금 택배거래 합니다,제품군 공통,product_group,200
다이슨 청소기,223730104,다이슨무선청소기 봉.v8.v10.v12.v15,10000,3,판매완료,화수2동,2026-01-19 00:15:41,https://web.joongna.com/product/223730104,,V8,text_code,not_requested
다이슨 청소기,224155374,다이슨 v8 무선청소기 배터리 20분 정상작동 호환품 배터리팩,20000,3,판매완료,,2026-01-17 22:01:42,https://web.joongna.com/product/224155374,,V8,text_code,not_requested
다이슨 청소기,223159874,다이슨 무선 청소기 v15 오리진 플러피 미개봉 판매합니다,404000,3,판매완료,죽도동,2026-01-17 21:32:31,https://web.joongna.com/product/223159874,,V15,text_code,not_requested
다이슨 청소기,224104000,다이슨 v6 무선 청소기 모터 본체 팝니다,15000,3,판매완료,홍천읍,2026-01-17 17:19:56,https://web.joongna.com/product/224104000,,V6,text_code,not_requested
다이슨 청소기,215624670,다이슨무선청소기 배터리(방전),10000,0,판매중,화수2동,2026-01-17 09:32:13,https://web.joongna.com/product/215624670,──────────────── 방전된 다이슨 무선청소기 배터리 리필용 으로 팝니다 v8 × 2 v6 x 1,V8,detail_text_code,200
다이슨 청소기,223853355,다이슨 sv10 v8앱솔루트 무선청소기,65000,3,판매완료,방화제3동,2026-01-16 23:46:57,https://web.joongna.com/product/223853355,,SV10,text_code,not_requested
다이슨 청소기,224071671,다이슨 펜슬백 플러피콘 무선청소기(새상품),630000,3,판매완료,,2026-01-16 13:14:16,https://web.joongna.com/product/224071671,"새제품 미개봉 상태의 펜슬백 플러피콘이에요! 360도 구석구석 청소 가능한 무선청소기로 깔끔하게 사용하실 수 있어요 우체국택포로드려요. 안심결제만합니다. 사기가많아서 799000원자리입니다. AS가능하고 정품 제품등록하고사용하심되요. 네고문의는 안받아요 ~ 외부채널유도결제차단합니다! 구성품: 다이슨 펜슬백 플러피콘, 플러피콘 클리너 헤드, 콤비 크레비스 툴, 마그네틱 충전 거치대, 충전기",PENCILVAC,text_variant,200
다이슨 청소기,223711629,다이슨 청소기 v12 팝니다,250000,3,판매완료,,2026-01-16 10:19:31,https://web.joongna.com/product/223711629,,V12,text_code,not_requested
다이슨 청소기,224167358,다이슨 슬림 Fluffy 무선 청소기,90000,3,판매완료,통진읍,2026-01-16 09:33:44,https://web.joongna.com/product/224167358,다이슨 슬림 무선청소기 입니다 밧데리 상태 좋구요 청소흡입력 좋습니다 청소 봉이흔들려 테이프 감아 썼어요 본체 롤봉 솔 충전기 포함되어 편리하게 사용 가능합니다 거치대는따로구매했는데 비싸게. 줬습니다 거치대 값도 안되게 다이슨 무선청소기 셋트. 모두 드립니다 공일꽁 7226 1431. 쥬세요,제품군 공통,product_group,200
다이슨 청소기,224160446,정상작동 다이슨 v8 청소기 sv10 모터 메인바디 본체 부품 핸들손잡이,15000,1,예약중,,2026-01-15 23:29:51,https://web.joongna.com/product/224160446,,V8,text_code,not_requested
다이슨 청소기,224136852,다이슨 Big Ball Turbine 유선청소기 CY23,90000,3,판매완료,고덕동,2026-01-15 13:23:33,https://web.joongna.com/product/224136852,,BIG_BALL,text_variant,not_requested
다이슨 청소기,224132060,다이슨 워시G1 무선청소기,250000,3,판매완료,주엽1동,2026-01-15 11:18:23,https://web.joongna.com/product/224132060,,WASH_G1,text_variant,not_requested
다이슨 청소기,223133652,"청소기 다이슨 V6,v7,v8,v10 배터리 내놓습니다",28000,0,판매중,,2026-01-15 08:20:45,https://web.joongna.com/product/223133652,,V6,text_code,not_requested
다이슨 청소기,224084387,다이슨무선청소기 v6본체,18000,3,판매완료,동백2동,2026-01-14 00:51:46,https://web.joongna.com/product/224084387,,V6,text_code,not_requested
다이슨 청소기,223969422,(무배)다이슨 V7 진공청소기 배터리(새상품),35000,3,판매완료,반여제1동,2026-01-12 23:19:00,https://web.joongna.com/product/223969422,,V7,text_code,not_requested
다이슨 청소기,223927814,다이슨무선청소기 v8풀셋.스탠드거치대포함,130000,3,판매완료,동백2동,2026-01-12 22:53:52,https://web.joongna.com/product/223927814,,V8,text_code,not_requested
다이슨 청소기,224041788,다이슨무선청소기 v6.본체.v6먼지통.v6싸이클론.v6메인모터.완드봉.거치대.미니모터헤드,4000,3,판매완료,동백2동,2026-01-12 22:53:17,https://web.joongna.com/product/224041788,,V6,text_code,not_requested
다이슨 청소기,222796558,다이슨청소기 v7 v8 정품 먼지통 팝니다,6000,3,판매완료,,2026-01-12 10:03:06,https://web.joongna.com/product/222796558,,V7,text_code,not_requested
다이슨 청소기,224009094,다이슨 V12 오리진 플러피 청소기,360000,3,판매완료,옥련1동,2026-01-12 08:09:17,https://web.joongna.com/product/224009094,,V12,text_code,not_requested
다이슨 청소기,223661685,다이슨 V6용 무선청소기 방전배터리 SV09,5000,3,판매완료,,2026-01-11 12:35:30,https://web.joongna.com/product/223661685,,V6,text_code,not_requested
다이슨 청소기,223966419,다이슨 v6 무선 청소기,55000,3,판매완료,당진1동,2026-01-11 11:40:33,https://web.joongna.com/product/223966419,,V6,text_code,not_requested
다이슨 청소기,221530243,다이슨무선청소기 V7. V8. V10 정품 헤드 판매,30000,3,판매완료,송도2동,2026-01-11 11:45:16,https://web.joongna.com/product/221530243,,V7,text_code,not_requested
다이슨 청소기,220917627,다이슨무선청소기 v11메인모터,30000,3,판매완료,동백2동,2026-01-11 09:04:29,https://web.joongna.com/product/220917627,,V11,text_code,not_requested
다이슨 청소기,218975622,다이슨무선청소기 v7.v8.v10.v11 헤파필터,5000,3,판매완료,,2026-01-11 09:09:05,https://web.joongna.com/product/218975622,,V7,text_code,not_requested
다이슨 청소기,223761092,다이슨 무선청소기 디지털 슬림 서브마린 새제품,370000,3,판매완료,동탄5동,2026-01-10 15:15:07,https://web.joongna.com/product/223761092,,DIGITAL_SLIM,text_variant,not_requested
다이슨 청소기,223927796,다이슨 DC46 유선 청소기,45000,3,판매완료,상도제2동,2026-01-09 21:48:28,https://web.joongna.com/product/223927796,,DC46,text_code,not_requested
다이슨 청소기,223924338,(무배)다이슨 V8 진공청소기 배터리(새상품),38000,3,판매완료,반여제1동,2026-01-09 20:09:05,https://web.joongna.com/product/223924338,,V8,text_code,not_requested
다이슨 청소기,223805604,정품 다이슨 v8 v7 무선청소기 투명 먼지통 단품 더스트빈 본체 부품,15000,1,예약중,,2026-01-09 19:28:10,https://web.joongna.com/product/223805604,,V8,text_code,not_requested
다이슨 청소기,223911590,다이슨 V11무선청소기 몸통,95000,3,판매완료,,2026-01-09 14:31:13,https://web.joongna.com/product/223911590,,V11,text_code,not_requested
다이슨 청소기,223886324,다이슨 v6 무선청소기 본체 팝니다,15000,3,판매완료,홍천읍,2026-01-09 12:24:55,https://web.joongna.com/product/223886324,,V6,text_code,not_requested
다이슨 청소기,223870412,다이슨 정품 옴니글라이드 청소기 헤드. 배터리. 충전기 세트,60000,3,판매완료,,2026-01-08 12:48:16,https://web.joongna.com/product/223870412,,OMNI_GLIDE,text_variant,not_requested
다이슨 청소기,223395755,다이슨무선청소기 sv12 v10,170000,3,판매완료,동백2동,2026-01-07 20:29:42,https://web.joongna.com/product/223395755,,SV12,text_code,not_requested
다이슨 청소기,223179667,다이슨무선청소기 v10,110000,3,판매완료,동백2동,2026-01-07 20:27:57,https://web.joongna.com/product/223179667,,V10,text_code,not_requested
다이슨 청소기,223850227,다이슨무선청소기 v10 전용거치대,35000,3,판매완료,동백2동,2026-01-07 20:31:24,https://web.joongna.com/product/223850227,,V10,text_code,not_requested
다이슨 청소기,223849480,다이슨 V10무선청소기,140000,3,판매완료,대신동,2026-01-07 20:11:35,https://web.joongna.com/product/223849480,,V10,text_code,not_requested
다이슨 청소기,222982467,다이슨 V7 진공청소기 배터리(새상품),32000,3,판매완료,반여제1동,2026-01-07 11:23:06,https://web.joongna.com/product/222982467,,V7,text_code,not_requested
다이슨 청소기,223819240,다이슨 싸이클론 슬림 플러피 무선 청소기,65000,3,판매완료,성환읍,2026-01-06 23:50:52,https://web.joongna.com/product/223819240,,CYCLONE,text_variant,not_requested
다이슨 청소기,223243404,다이슨 V8 무선청소기(미개봉새제품),300000,0,판매중,,2026-01-06 17:37:16,https://web.joongna.com/product/223243404,,V8,text_code,not_requested
다이슨 청소기,223549572,다이슨 V8 무선청소기,145000,3,판매완료,,2026-01-06 12:34:41,https://web.joongna.com/product/223549572,,V8,text_code,not_requested
다이슨 청소기,220461286,다이슨 UP13 볼애니멀 유선 청소기 팝니다(120v),140000,0,판매중,관문동,2026-01-06 10:37:34,https://web.joongna.com/product/220461286,"다이슨 UP13 볼 애니멀 유선 청소기 판매합니다 미국에서 산거라 변압기 필요합니다(120v) 변압기도 같이 드립니다 필요없이 청소기 단품만하시면 12에 드립니다 작동 잘되며 상태 좋아요 가정용, 업소용 넓은공간 특히 카펫있는곳에서 흡입 좋네요 외국 나가는분들 유용할겁니다 다른 청소기 선물받아서 판매합니다 직거래 대구이고 직거래시 네고 가능하고 쿨거래시 네고 가능합니다",제품군 공통,product_group,200
다이슨 청소기,223355539,다이슨 청소기 DC35 본체,27000,3,판매완료,지동,2026-01-06 09:33:27,https://web.joongna.com/product/223355539,,DC35,text_code,not_requested
다이슨 청소기,223228392,다이슨 V8 무선청소기 미개봉 새제품,265000,3,판매완료,,2026-01-05 21:24:26,https://web.joongna.com/product/223228392,,V8,text_code,not_requested
다이슨 청소기,223774169,다이슨 청소기 v10 앱솔루트 플러스 바디/메인바디/배터리/다이슨부품,50000,3,판매완료,송파1동,2026-01-05 20:39:06,https://web.joongna.com/product/223774169,,V10,text_code,not_requested
다이슨 청소기,223476485,다이슨 v10 무선청소기 정품 배터리 44분 정상작동 순정품 배터리팩,45000,3,판매완료,,2026-01-05 19:39:02,https://web.joongna.com/product/223476485,,V10,text_code,not_requested
다이슨 청소기,223244339,(정품) (DYSON) 다이슨 V6 무선 청소기,180000,3,판매완료,금호2.3가동,2026-01-05 10:08:10,https://web.joongna.com/product/223244339,새상품으로 구매했었던 제품이며 집에서 서브용으로 가끔씩 사용한 제품입니다. 침구용 헤드 / 툴 브러쉬 2종 도 포함 입니다. 침구용 헤드도 작동 테스트 정도만 해본 상태 입니다. 제품 구성품 및 상태는 사진과 같고 파손 / 냄새 / 기름때 / 끈적임 / 심한 얼룩 / 동물털 / 큰 스크래치 없이 상태 깨끗하고 좋습니다. 돼지코 필요 없는 정품 제품이라서 스파크/충전 등등에 안전하게 사용할수 있고 판매 사진처럼 파란불 정상 충전 됩니다. 본체 / 먼지통 / 필터 / 헤드는 모두 청소되어 있어 바로 사용 가능합니다. 거치대는 블랙 색상으로 깔끔하고 좋습니다. 그래도 혹시 모르니 예민한 분은 구매를 피해 주세요. 가격흥정은 하지 않습니다. 중고가전제품 특성상 직접 작동 해보시고 내부 / 외부 확인 후에 꼭 구매 바랍니다. 중고이며 확인후에 구매했으므로 구매 후 기타이유/사용감등등으로 교환이나 환불은 불가입니다.,V6,text_code,200
다이슨 청소기,223744676,다이슨 청소기 V6 소프트 롤러,50000,0,판매중,이도1동,2026-01-05 02:20:02,https://web.joongna.com/product/223744676,,V6,text_code,not_requested
다이슨 청소기,223743456,다이슨 청소기 슬림 거치대 - 미개봉,70000,3,판매완료,,2026-01-05 00:41:03,https://web.joongna.com/product/223743456,다이슨 청소기 슬림 신형 거치대 팝니다 v10 v12 디지털슬림 등 호환됩니다 미개봉입니다 택포입니다,V10,detail_text_code,200
다이슨 청소기,223711551,"다이슨 V8 무선청소기 (미개봉, 새제품)",240000,3,판매완료,개금제3동,2026-01-04 14:04:38,https://web.joongna.com/product/223711551,,V8,text_code,not_requested
다이슨 청소기,223700623,다이슨 V10 청소기 풀셋,150000,3,판매완료,동탄5동,2026-01-04 11:10:31,https://web.joongna.com/product/223700623,,V10,text_code,not_requested
다이슨 청소기,223702892,다이슨 V8용 무선청소기 배터리 팝니다..,10000,3,판매완료,,2026-01-03 23:01:00,https://web.joongna.com/product/223702892,,V8,text_code,not_requested
다이슨 청소기,222974685,"청소기 다이슨 V6,v7,v8,v10 배터리 내놓습니다",28000,0,판매중,,2026-01-03 20:14:36,https://web.joongna.com/product/222974685,,V6,text_code,not_requested
다이슨 청소기,223692070,다이슨 V11 무선청소기,230000,3,판매완료,강일동,2026-01-03 17:58:25,https://web.joongna.com/product/223692070,,V11,text_code,not_requested
다이슨 청소기,223561579,다이슨 청소기 v8 팝니다,50000,3,판매완료,,2026-01-02 10:36:27,https://web.joongna.com/product/223561579,,V8,text_code,not_requested
다이슨 청소기,223087932,다이슨 sv18 디지털슬림 플러피 플러스 무선청소기,55000,3,판매완료,방화제3동,2026-01-01 22:26:40,https://web.joongna.com/product/223087932,,SV18,text_code,not_requested
다이슨 청소기,223048837,다이슨 v8 앱솔루트 무선청소기,50000,3,판매완료,방화제3동,2026-01-01 22:26:13,https://web.joongna.com/product/223048837,,V8,text_code,not_requested
다이슨 청소기,223350624,다이슨 V10 무선청소기 풀세트 (배터리 올해 정품 교체),185000,3,판매완료,북가좌제1동,2026-01-01 11:22:07,https://web.joongna.com/product/223350624,,V10,text_code,not_requested
다이슨 청소기,223476438,다이슨 v10 무선청소기 먼지통 정품 더스트빈 악세사리 부품 키트,15000,3,판매완료,,2025-12-31 21:35:55,https://web.joongna.com/product/223476438,,V10,text_code,not_requested
다이슨 청소기,214682795,다이슨 V7 무선청소기 신배터리 교체 13만원 경기도,130000,0,판매중,,2025-12-31 09:30:04,https://web.joongna.com/product/214682795,,V7,text_code,not_requested
다이슨 청소기,223568281,다이슨 V7 무선청소기,50000,3,판매완료,,2025-12-31 08:42:43,https://web.joongna.com/product/223568281,,V7,text_code,not_requested
다이슨 청소기,223111156,다이슨V6헤드3종틈새툴/4종일괄/다이슨청소기/다이슨V6,49000,0,판매중,,2025-12-31 08:57:59,https://web.joongna.com/product/223111156,,V6,text_code,not_requested
다이슨 청소기,223552854,다이슨 V8 청소기 정품 배터리(미사용)/SV10,60000,3,판매완료,,2025-12-30 19:10:55,https://web.joongna.com/product/223552854,,V8,text_code,not_requested
다이슨 청소기,222751883,다이슨 V8무선 청소기 풀세트,128000,1,예약중,진영읍,2025-12-30 18:04:57,https://web.joongna.com/product/222751883,,V8,text_code,not_requested
다이슨 청소기,223549969,다이슨 V8 무선 핸디스틱청소기,110000,3,판매완료,,2025-12-30 17:58:28,https://web.joongna.com/product/223549969,,V8,text_code,not_requested
다이슨 청소기,222501837,다이슨 micro 청소기/부산직거래/택배가능,2000,3,판매완료,,2025-12-30 11:14:35,https://web.joongna.com/product/222501837,"단순개봉품입니다. 상품 체크를 위한 개봉만 하였습니다. 가격은 260,000원입니다 택배비 5천원입니다. 직거래 주소는 부산광역시 사하구 낙동대로302번길 33 건물 뒤편 주차장입니다. 연락처 010-2322-1333",제품군 공통,product_group,200
다이슨 청소기,223507868,다이슨 청소기 V10 충전 거치대와 어댑터,25000,3,판매완료,중앙동,2025-12-29 16:50:11,https://web.joongna.com/product/223507868,,V10,text_code,not_requested
다이슨 청소기,223470130,다이슨 청소기 충전기 팝니다 v10~v15,18000,3,판매완료,,2025-12-28 17:08:44,https://web.joongna.com/product/223470130,,V10,text_code,not_requested
다이슨 청소기,223463028,25.2v 6.8ah 배터리 다이슨호환 sv 14 sv15 시리즈 청소기 솜털,28000,3,판매완료,,2025-12-28 14:19:13,https://web.joongna.com/product/223463028,,V6,text_code,not_requested
다이슨 청소기,223138151,다이슨 마이크로 무선청소기/부산직거래/택배가능,2000,3,판매완료,,2025-12-28 13:24:03,https://web.joongna.com/product/223138151,"단순개봉 새상품입니다. 가격은 260,000원 입니다. 택배비는 10,000원입니다. 오시는 곳 부산광역시 사하구 낙동대로302번길 33 건물 뒤편 주차장 연락처 010-2322-1333",제품군 공통,product_group,200
다이슨 청소기,222695888,다이슨 V8 무선청소기 방전배터리 (정품),6000,3,판매완료,,2025-12-27 15:21:29,https://web.joongna.com/product/222695888,,V8,text_code,not_requested
다이슨 청소기,223419632,다이슨 v8 무선 청소기,36000,3,판매완료,당진1동,2025-12-27 10:21:28,https://web.joongna.com/product/223419632,,V8,text_code,not_requested
다이슨 청소기,223196966,다이슨무선청소기 sv14 v11 정품배터리,45000,3,판매완료,동백2동,2025-12-27 08:44:42,https://web.joongna.com/product/223196966,,SV14,text_code,not_requested
다이슨 청소기,223417569,다이슨 V8 무선청소기,20000,1,예약중,이촌제1동,2025-12-27 08:58:33,https://web.joongna.com/product/223417569,,V8,text_code,not_requested
다이슨 청소기,223408491,다이슨 V6 및 V10 청소기 거치대,5000,3,판매완료,당진1동,2025-12-26 21:43:22,https://web.joongna.com/product/223408491,,V6,text_code,not_requested
다이슨 청소기,223156919,정품 다이슨 청소기 v10 v11 v12 v15 충전기 아답터 한국돼지코,25000,1,예약중,,2025-12-26 21:17:33,https://web.joongna.com/product/223156919,,V10,text_code,not_requested
다이슨 청소기,223402276,다이슨진공청소기,20000,0,판매중,주안5동,2025-12-26 18:36:39,https://web.joongna.com/product/223402276,다이슨진공청소기강력파워읍입힘이대단합니다흡입해드바닥에들어붙어서못서요흡입해드는교채해서쓰셔야되요 너무힘이쎄서들어붙어서못쓰성도입니다,제품군 공통,product_group,200
다이슨 청소기,223384700,다이슨 청소기 V12 디텍트 슬림 골드 미개봉 새제품,480000,3,판매완료,범안동,2025-12-26 10:52:16,https://web.joongna.com/product/223384700,,V12,text_code,not_requested
다이슨 청소기,222589647,다이슨 V8 무선청소기,110000,3,판매완료,,2025-12-26 01:07:06,https://web.joongna.com/product/222589647,,V8,text_code,not_requested
다이슨 청소기,222694143,다이슨V6본체/배터리방전/다이슨청소기,20000,0,판매중,,2025-12-25 19:15:45,https://web.joongna.com/product/222694143,,V6,text_code,not_requested
다이슨 청소기,223028082,다이슨 청소기 툴,20000,3,판매완료,,2025-12-25 17:09:22,https://web.joongna.com/product/223028082,다이슨 청소기 헤드툴 정품 5종세트 판매합니다. 다이슨 툴 종류는 사진에 보이는 대로 전부 다 있습니다. 웬만한 다이슨 청소기에 다 호환되는 보관 케이스에 넣어 보관해서 깨끗합니다.,제품군 공통,product_group,200
다이슨 청소기,223347548,다이슨 슬림 무선청소기,300000,3,판매완료,구포제2동,2025-12-25 08:56:57,https://web.joongna.com/product/223347548,다이슨 슬림 무선청소기 새제품이에요. 박스 포장 상태 그대로이고 구성품도 모두 들어있어요.,제품군 공통,product_group,200
다이슨 청소기,223007064,다이슨무선청소기 sv11. v7 본체,28000,3,판매완료,동백2동,2025-12-24 20:04:40,https://web.joongna.com/product/223007064,,SV11,text_code,not_requested
다이슨 청소기,222888833,다이슨 시네틱 빅볼 유선청소기 판매합니다,35000,3,판매완료,화곡제8동,2025-12-24 15:53:16,https://web.joongna.com/product/222888833,,BIG_BALL,text_variant,not_requested
다이슨 청소기,222319652,다이슨 V6 무선청소기 부품 세트,35000,3,판매완료,갈현제1동,2025-12-24 13:39:43,https://web.joongna.com/product/222319652,,V6,text_code,not_requested
다이슨 청소기,223297796,다이슨 v8 무선청소기 상태좋음,180000,3,판매완료,신당동,2025-12-23 19:06:44,https://web.joongna.com/product/223297796,,V8,text_code,not_requested
다이슨 청소기,222694949,다이슨V8사이클론/다이슨청소기/,12000,0,판매중,,2025-12-23 15:39:37,https://web.joongna.com/product/222694949,,V8,text_code,not_requested
다이슨 청소기,223287203,다이슨 청소기 sv14 v11 메인바디 부품,30000,3,판매완료,갈매동,2025-12-23 14:23:45,https://web.joongna.com/product/223287203,,SV14,text_code,not_requested
다이슨 청소기,223192909,다이슨 청소기 팝니다,200000,3,판매완료,,2025-12-23 12:58:39,https://web.joongna.com/product/223192909,다이슨 v8 슬림 모델입니다 배터리 및 일부 부품이 새제품(미사용)으로 교체되었습니다 청소기는 모두 분해 후 세척 되어있습니다 그냥 쓰셔도 될만큼 깨끗합니다 자체 무상 as 1년 보증드립니다 원하시면 주기적으로 세척 및 정비해드립니다 청소기는 비싼게 좋은게 아니라 주기적으로 세척되있는게 좋은겁니다,V8,detail_text_code,200
다이슨 청소기,222718368,미개봉새상품 ) 다이슨 싸이클론 V10 무선청소기,390000,0,판매중,,2025-12-23 10:19:12,https://web.joongna.com/product/222718368,,V10,text_code,not_requested
다이슨 청소기,223210859,"다이슨 무선청소기용 고성능 모터헤드 (V7,V8,V10,v11용)",25000,3,판매완료,북가좌제1동,2025-12-22 20:58:45,https://web.joongna.com/product/223210859,,V7,text_code,not_requested
다이슨 청소기,223258479,다이슨 V10 무선청소기 부품 세트,100000,3,판매완료,태평1동,2025-12-22 18:28:21,https://web.joongna.com/product/223258479,,V10,text_code,not_requested
다이슨 청소기,223252698,미개봉 신품 다이슨 디지털 슬림 무선 청소기 + 정품 배터리팩 판매,330000,3,판매완료,반월동,2025-12-22 16:00:04,https://web.joongna.com/product/223252698,,DIGITAL_SLIM,text_variant,not_requested
다이슨 청소기,221765896,다이슨 v8 청소기 도킹스테이션 거치대 (택배비포함),12000,3,판매완료,,2025-12-22 12:14:57,https://web.joongna.com/product/221765896,,V8,text_code,not_requested
다이슨 청소기,223232771,다이슨 청소기 SV19 옴니-글라이드 충전기 2.5만,25000,0,판매중,수암동,2025-12-22 00:00:40,https://web.joongna.com/product/223232771,,SV19,text_code,not_requested
다이슨 청소기,223233139,다이슨 청소기 SV19 옴니-글라이드 흡입구 1만,10000,0,판매중,수암동,2025-12-22 00:13:40,https://web.joongna.com/product/223233139,,SV19,text_code,not_requested
다이슨 청소기,223233063,다이슨 청소기 SV19 옴니-글라이드 흡입구 1만,10000,0,판매중,수암동,2025-12-22 00:11:30,https://web.joongna.com/product/223233063,,SV19,text_code,not_requested
다이슨 청소기,223232826,다이슨 청소기 SV19 옴니-글라이드 흡입구 미니헤드 4만,40000,0,판매중,수암동,2025-12-22 00:02:33,https://web.joongna.com/product/223232826,,SV19,text_code,not_requested
다이슨 청소기,223232956,다이슨 청소기 SV19 옴니-글라이드 미니헤드 1.5만,15000,0,판매중,수암동,2025-12-22 00:07:34,https://web.joongna.com/product/223232956,,SV19,text_code,not_requested
다이슨 청소기,223232797,다이슨 청소기 SV19 옴니-글라이드 봉 완드 파이프 2.5만,25000,3,판매완료,수암동,2025-12-22 00:01:30,https://web.joongna.com/product/223232797,,SV19,text_code,not_requested
다이슨 청소기,223233209,다이슨 청소기 SV19 옴니-글라이드 흡입구 5천,20000,3,판매완료,수암동,2025-12-22 00:15:56,https://web.joongna.com/product/223233209,,SV19,text_code,not_requested
다이슨 청소기,223080595,다이슨 v18 슬림 무선청소기 거치대,25000,3,판매완료,개포4동,2025-12-21 08:19:41,https://web.joongna.com/product/223080595,,V18,text_code,not_requested
다이슨 청소기,222439758,다이슨 청소기 v8,120000,3,판매완료,중앙동,2025-12-21 01:27:38,https://web.joongna.com/product/222439758,,V8,text_code,not_requested
다이슨 청소기,223049397,다이슨 무선청소기 헤드,10000,3,판매완료,방화제3동,2025-12-21 00:33:11,https://web.joongna.com/product/223049397,득템하세요감사합니다,제품군 공통,product_group,200
다이슨 청소기,207458031,다이슨헤드2종/모터헤드/다이슨V7-V11/다이슨청소기,28000,0,판매중,,2025-12-20 20:10:28,https://web.joongna.com/product/207458031,,V7,text_code,not_requested
다이슨 청소기,221479180,다이슨 청소기 부품 팝니다,10000,0,판매중,,2025-12-20 16:02:01,https://web.joongna.com/product/221479180,"1. 배터리 v11 6만원 (삼성 고방전 고용량 배터리 리필, 새상품) 2. 거치대 1만원 3. 미니 브러쉬 3만원 4. 충전기 2만원. 입니다",V11,detail_text_code,200
다이슨 청소기,223176356,다이슨 v7 앱솔루트 청소기(국내판),30000,3,판매완료,운정1동,2025-12-20 14:03:49,https://web.joongna.com/product/223176356,,V7,text_code,not_requested
다이슨 청소기,223174817,다이슨 V11 무선청소기 교체 수리,400000,3,판매완료,,2025-12-20 13:20:32,https://web.joongna.com/product/223174817,,V11,text_code,not_requested
다이슨 청소기,223176153,다이슨 V6 플러피 청소기,20000,3,판매완료,운정1동,2025-12-20 13:58:30,https://web.joongna.com/product/223176153,,V6,text_code,not_requested
다이슨 청소기,223007143,다이슨무선청소기 v7본체판매,30000,3,판매완료,동백2동,2025-12-19 23:06:34,https://web.joongna.com/product/223007143,,V7,text_code,not_requested
다이슨 청소기,223151828,다이슨 360 vis nav 로봇 청소기,450000,0,판매중,구래동,2025-12-19 18:35:41,https://web.joongna.com/product/223151828,,360_VIS_NAV,text_variant,not_requested
다이슨 청소기,223146858,다이슨 무선청소기 MICRO1.5+충전거치대,290000,3,판매완료,신사동,2025-12-19 16:27:31,https://web.joongna.com/product/223146858,,MICRO_1.5KG,text_variant,not_requested
다이슨 청소기,221157809,다이슨 360 vis Nav 로봇청소기,400000,0,판매중,송산2동,2025-12-18 11:36:37,https://web.joongna.com/product/221157809,,360_VIS_NAV,text_variant,not_requested
다이슨 청소기,223083515,다이슨 V12 무선청소기판매합니다~~,20000,3,판매완료,철산3동,2025-12-17 21:52:39,https://web.joongna.com/product/223083515,,V12,text_code,not_requested
다이슨 청소기,222599714,다이슨청소기변환잭미사용,20000,0,판매중,,2025-12-17 19:21:14,https://web.joongna.com/product/222599714,다이슨 청소기 아탑터 v6 v7 v8 사용가능 디월트 마끼다 배터리 이용해서 사용 개당20000원,V6,detail_text_code,200
다이슨 청소기,223064059,"다이슨 V15,V11용 무선청소기 부품 세트",60000,3,판매완료,중앙동,2025-12-17 13:35:53,https://web.joongna.com/product/223064059,,V15,text_code,not_requested
다이슨 청소기,222661108,다이슨무선청소기 sv18 디지털슬림,170000,3,판매완료,동백2동,2025-12-16 06:34:01,https://web.joongna.com/product/222661108,,SV18,text_code,not_requested
다이슨 청소기,222599614,다이슨 V8 fluffy 청소기,45000,3,판매완료,,2025-12-15 20:10:02,https://web.joongna.com/product/222599614,,V8,text_code,not_requested
다이슨 청소기,222995546,다이슨헤드/소프트롤러헤드/V7-V11/다이슨청소기,33000,0,판매중,,2025-12-15 17:37:41,https://web.joongna.com/product/222995546,,V7,text_code,not_requested
다이슨 청소기,222760424,다이슨 청소기(V10.먼지통.정품),15000,3,판매완료,,2025-12-15 14:47:09,https://web.joongna.com/product/222760424,,V10,text_code,not_requested
다이슨 청소기,222980600,다이슨 V10 진공청소기 배터리(신품),38000,3,판매완료,반여제1동,2025-12-15 11:33:27,https://web.joongna.com/product/222980600,,V10,text_code,not_requested
다이슨 청소기,222980404,다이슨 무선청소기 SV10 풀셋트 충젼거치대포함 판매합니다,120000,3,판매완료,가음정동,2025-12-15 11:27:39,https://web.joongna.com/product/222980404,,SV10,text_code,not_requested
다이슨 청소기,222969332,다이슨무선청소기 v8본체,45000,3,판매완료,동백2동,2025-12-14 23:01:41,https://web.joongna.com/product/222969332,,V8,text_code,not_requested
다이슨 청소기,222969188,다이슨무선청소기 sv11 v7,75000,3,판매완료,동백2동,2025-12-14 22:56:43,https://web.joongna.com/product/222969188,,SV11,text_code,not_requested
다이슨 청소기,222969116,다이슨무선청소기 v8,85000,3,판매완료,동백2동,2025-12-14 22:54:47,https://web.joongna.com/product/222969116,,V8,text_code,not_requested
다이슨 청소기,222949918,다이슨 유선청소기 DC46 노즐다수포함,30000,3,판매완료,상계6.7동,2025-12-14 14:28:00,https://web.joongna.com/product/222949918,,DC46,text_code,not_requested
다이슨 청소기,222942268,다이슨 V10 무선청소기 풀세트,140000,3,판매완료,신당동,2025-12-14 10:54:42,https://web.joongna.com/product/222942268,,V10,text_code,not_requested
다이슨 청소기,222584010,다이슨 싸이클론 V8 실버-레드 무선 청소기 판매합니다.,300000,3,판매완료,노량진제2동,2025-12-14 09:36:32,https://web.joongna.com/product/222584010,,V8,text_code,not_requested
다이슨 청소기,222778766,"다이슨 청소기 디지털슬림, v12 슬림 먼지통 팝니다",26000,3,판매완료,,2025-12-14 07:48:08,https://web.joongna.com/product/222778766,,V12,text_code,not_requested
다이슨 청소기,222931162,다이슨 무선청소기 충전기,10000,3,판매완료,방화제3동,2025-12-13 22:09:43,https://web.joongna.com/product/222931162,득템하세요감사합니다,제품군 공통,product_group,200
다이슨 청소기,221746958,다이슨 V8 무선청소기,199000,3,판매완료,삼산동,2025-12-13 17:11:08,https://web.joongna.com/product/221746958,,V8,text_code,not_requested
다이슨 청소기,222913954,다이슨 핸드 무선 청소기,150000,3,판매완료,보라매동,2025-12-13 14:09:14,https://web.joongna.com/product/222913954,"다이슨 V7 Trigger Pro * 사진에 보이는 먼지함에 들어간 먼지만큼 딱 한번 사용한 제품입니다. 차량 청소 및 집안 좁은 공간에 최적화된 핸드 무선 청소기 입니다! 기본 캡 재외 나머지는 전부 사용하지 않은 새 부품 청소기, 부품, 충전기, 박스 채로 판매합니다. 가까우신분은 가능한 직거래",V7,detail_text_code,200
다이슨 청소기,222904286,다이슨 V12 디텍트 슬림 무선청소기,500000,3,판매완료,원신흥동,2025-12-13 09:14:00,https://web.joongna.com/product/222904286,,V12,text_code,not_requested
다이슨 청소기,222163465,다이슨 슬림 무선청소기,300000,3,판매완료,구포제2동,2025-12-12 10:55:23,https://web.joongna.com/product/222163465,다이슨 슬림 무선청소기 새제품이에요. 박스 포장 상태 그대로이고 구성품도 모두 들어있어요. 깔끔한 오렌지 컬러가 정말 예뻐요!,제품군 공통,product_group,200
다이슨 청소기,222324665,"청소기 다이슨 V6,v7,v8,v10 배터리 내놓습니다",28000,3,판매완료,,2025-12-12 10:13:59,https://web.joongna.com/product/222324665,,V6,text_code,not_requested
다이슨 청소기,222727513,다이슨헤드/소프트롤러헤드+브러쉬툴/V7-V11/다이슨청소기V8헤드,35000,3,판매완료,,2025-12-11 22:24:35,https://web.joongna.com/product/222727513,,V7,text_code,not_requested
다이슨 청소기,222849479,"다이슨 청소기 헤드 2, 거치대 일괄",69500,0,판매중,안락제1동,2025-12-11 17:35:29,https://web.joongna.com/product/222849479,"구입한지 몇년된겁니다. 다이슨 청소기 헤드(침개,카펫), 지지대. 일괄 판매합니다. 약간의사용감있으나 상태는 아주 깨끗합니다. 택배는 착불이고 필요하신분이 가져가셨으면 합니다.",제품군 공통,product_group,200
다이슨 청소기,222845649,다이슨 V8 무선청소기,69000,3,판매완료,금호4가동,2025-12-11 16:04:31,https://web.joongna.com/product/222845649,,V8,text_code,not_requested
다이슨 청소기,222809567,무선청소기 다이슨 초경량 무선 청소기 마이크로 충전거치대 포함,330000,3,판매완료,탄현2동,2025-12-10 17:12:29,https://web.joongna.com/product/222809567,무선청소기 미개봉 새제품이에요. 박스 상태도 깨끗하고 완전 새거라서 바로 사용하실 수 있어요!,제품군 공통,product_group,200
다이슨 청소기,222807143,다이슨V8본체/다이슨청소기/다이슨V8/배터리4-5분,33000,3,판매완료,,2025-12-10 16:12:44,https://web.joongna.com/product/222807143,,V8,text_code,not_requested
다이슨 청소기,216756067,다이슨 청소기(Dyson SV12 / V10)카페트롤러,80000,0,판매중,해룡면,2025-12-10 07:08:10,https://web.joongna.com/product/216756067,,SV12,text_code,not_requested
다이슨 청소기,218837580,다이슨무선청소기 v10. v11 정품 먼지통,18000,3,판매완료,동백2동,2025-12-10 06:34:29,https://web.joongna.com/product/218837580,,V10,text_code,not_requested
다이슨 청소기,222210789,다이슨무선청소기 v7 v8본체,28000,3,판매완료,동백2동,2025-12-10 06:33:08,https://web.joongna.com/product/222210789,,V7,text_code,not_requested
다이슨 청소기,222695730,다이슨V8본체/상태조음/다이슨청소기V8,33000,3,판매완료,,2025-12-09 20:24:10,https://web.joongna.com/product/222695730,,V8,text_code,not_requested
다이슨 청소기,222691676,다이슨 청소기(V10.헤드모테.정품),35000,3,판매완료,,2025-12-07 16:15:20,https://web.joongna.com/product/222691676,,V10,text_code,not_requested
다이슨 청소기,222688287,다이슨헤드/소프트롤러헤드+브러쉬툴/V7-V11/다이슨청소기V8헤드,35000,3,판매완료,,2025-12-07 14:46:50,https://web.joongna.com/product/222688287,,V7,text_code,not_requested
다이슨 청소기,222560036,다이슨 v6 무선 청소기 방전 배터리 2개 일괄판매,10000,3,판매완료,,2025-12-07 11:29:54,https://web.joongna.com/product/222560036,,V6,text_code,not_requested
다이슨 청소기,222669713,다이슨 v11 (SV15)무선청소기 호환 배터리,40000,3,판매완료,산내동,2025-12-06 22:20:13,https://web.joongna.com/product/222669713,,V11,text_code,not_requested
다이슨 청소기,222614487,다이슨 물걸래청소기,270000,3,판매완료,자양제3동,2025-12-05 12:30:56,https://web.joongna.com/product/222614487,무선물걸래청소기 판매해요! 물걸레 패드도 포함되어 있고 상태 양호합니다. 실사용 제품이라 사용감은 있지만 깔끔하게 관리했어요.,제품군 공통,product_group,200
다이슨 청소기,220927353,정품 다이슨 청소기 툴+다이슨 가방 택포,40000,0,판매중,,2025-12-04 17:17:59,https://web.joongna.com/product/220927353,다이슨 정품 청소기 툴입니다 사용감이 있는 툴도 있고 한번도 안 쓴 툴도 있습니다 v8과 v10에 포함되어 있던 툴이에요 다이슨 가방에 담아서 보내드려요 택포로 가져가세요,V8,detail_text_code,200
다이슨 청소기,222579517,다이슨무선청소기 정품 소프트롤러헤드,32000,3,판매완료,동백2동,2025-12-04 13:10:52,https://web.joongna.com/product/222579517,다이슨무선청소기 정품 소프트롤러헤드 v7.v8.v10.v11 모두 사용가능합니다 완전분해하여 깔끔하게 세척해놨습니다 바로 사용만 하시면됩니다 조금싸다고 구매해서 상태보면 청소할맛 안날겁니다 먼지하나없이 깔끔하게 준비해놨습니다 개당가격입니다 용인 동백지구 직거래합니다 택배거래시 4천원추가 여기체팅을 잘못봅니다 핸드폰으로 전화나 문자주세요 공일공 5190 9162,V7,detail_text_code,200
다이슨 청소기,222118337,다이슨 무선청소기 v6,5000,3,판매완료,방화제3동,2025-12-03 21:08:51,https://web.joongna.com/product/222118337,,V6,text_code,not_requested
다이슨 청소기,221827530,다이슨 V8 무선청소기,135000,3,판매완료,,2025-12-02 14:14:52,https://web.joongna.com/product/221827530,,V8,text_code,not_requested
다이슨 청소기,222499114,다이슨 V8 무선청소기 배터리 등 팝니다.,20000,0,판매중,길상면,2025-12-02 12:03:01,https://web.joongna.com/product/222499114,,V8,text_code,not_requested
다이슨 청소기,222482701,다이슨 청소기 V6 먼지통 2.5만,25000,0,판매중,수암동,2025-12-01 21:49:47,https://web.joongna.com/product/222482701,,V6,text_code,not_requested
다이슨 청소기,222482510,다이슨 V6 무선청소기 배터리 2.5만,25000,0,판매중,수암동,2025-12-01 21:44:34,https://web.joongna.com/product/222482510,,V6,text_code,not_requested
다이슨 청소기,222482265,다이슨 청소기 V6 사이클론 1.5만,15000,0,판매중,수암동,2025-12-01 21:36:50,https://web.joongna.com/product/222482265,,V6,text_code,not_requested
다이슨 청소기,222038958,다이슨 V10 무선청소기와 거치대,135000,3,판매완료,독산제1동,2025-12-01 20:49:05,https://web.joongna.com/product/222038958,,V10,text_code,not_requested
다이슨 청소기,222470158,다이슨 청소기 V6 SV04 모터 3.5만,35000,0,판매중,수암동,2025-12-01 16:27:44,https://web.joongna.com/product/222470158,,V6,text_code,not_requested
다이슨 청소기,222443664,다이슨 v10 무선청소기 판매합니다.,70000,3,판매완료,은행동,2025-11-30 21:39:30,https://web.joongna.com/product/222443664,,V10,text_code,not_requested
다이슨 청소기,222443115,다이슨 V8 무선청소기 판매합니다.,40000,3,판매완료,은행동,2025-11-30 21:25:42,https://web.joongna.com/product/222443115,,V8,text_code,not_requested
다이슨 청소기,222440464,다이슨 V8 무선청소기 판매합니다.,40000,3,판매완료,은행동,2025-11-30 20:17:00,https://web.joongna.com/product/222440464,,V8,text_code,not_requested
다이슨 청소기,221556231,다이슨V8 엉킴방지 청소기 카펫헤드,20000,3,판매완료,신암1동,2025-11-30 20:44:17,https://web.joongna.com/product/221556231,,V8,text_code,not_requested
다이슨 청소기,222434723,다이슨 v10 무선청소기 거치대,40000,3,판매완료,노학동,2025-11-30 17:41:32,https://web.joongna.com/product/222434723,,V10,text_code,not_requested
다이슨 청소기,222430175,다이슨무선청소기 v6.v7.v8 충전기,10000,3,판매완료,동백2동,2025-11-30 15:43:41,https://web.joongna.com/product/222430175,,V6,text_code,not_requested
다이슨 청소기,222429444,다이슨 청소기 거치대 V15 도킹스테이션 코리아 정품,20000,3,판매완료,,2025-11-30 15:26:16,https://web.joongna.com/product/222429444,,V15,text_code,not_requested
다이슨 청소기,222377594,다이슨 펜슬백 플러피콘 무선청소기 미개봉 새상품,600000,3,판매완료,,2025-11-29 23:10:11,https://web.joongna.com/product/222377594,"10/5일 현대홈쇼핑에서 구매 후 10/10일 받은 다이슨 펜슬백 플러피콘 청소기 판매해요. 수령 후에 보관만 하고 있었고 개봉하지 않았어요, 물론 제품 등록도 안 해서 등록하신 후 다이슨 코리아 정식 AS 도 가능하실 거예요. 급하게 판매 필요해서 시세보다 낮게 내놔보아요~ 주말 중 거래 성사되면 월요일 우체국 택배로 보내드릴게요(배송비 포함) 연락 주세요! 감사합니다.",PENCILVAC,text_variant,200
다이슨 청소기,222406803,다이슨 워시GT 진공청소기,300000,0,판매중,세곡동,2025-11-29 21:19:20,https://web.joongna.com/product/222406803,다이슨 워시GT 진공청소기입니다. 블랙과 블루 컬러로 깔끔하고 세련된 디자인이에요. 10회정도 사용했습니다~ 엄마가 스팀청소기를 너무 좋아하셔서 내놓습니다..ㅠㅠ,제품군 공통,product_group,200
다이슨 청소기,222386162,다이슨 V11 무선청소기 판매,250000,3,판매완료,송도2동,2025-11-29 11:13:50,https://web.joongna.com/product/222386162,,V11,text_code,not_requested
다이슨 청소기,222381088,다이슨 V6 청소기 본체판매,15000,3,판매완료,읍내동,2025-11-29 06:27:31,https://web.joongna.com/product/222381088,,V6,text_code,not_requested
다이슨 청소기,222381082,다이슨 V6 청소기 본체판매,13000,3,판매완료,읍내동,2025-11-29 06:25:58,https://web.joongna.com/product/222381082,,V6,text_code,not_requested
다이슨 청소기,222359614,다이슨 V7 무선청소기,60000,3,판매완료,시흥동,2025-11-28 14:50:07,https://web.joongna.com/product/222359614,,V7,text_code,not_requested
다이슨 청소기,222349633,다이슨 V10 무선청소기,65000,3,판매완료,태화동,2025-11-28 10:04:39,https://web.joongna.com/product/222349633,,V10,text_code,not_requested
다이슨 청소기,161275898,다이슨무선청소기 v10v11 먼지통 러너,6000,3,판매완료,동백2동,2025-11-28 07:05:18,https://web.joongna.com/product/161275898,,V10V,text_code,not_requested
다이슨 청소기,222223392,아이닉 i20 i30 무선청소기 연결봉 완드 튜브 파이프 스틱 다이슨호환,8000,3,판매완료,,2025-11-27 23:04:55,https://web.joongna.com/product/222223392,아이닉 i20 무선청소기 연결봉 팝니다 아이닉i20 i30 가능하고 다이슨 v7.8.10.11 호환가능합니다 외관상태 사진으로확인바랍니다 필요하신분 톡주셔요 택배가능해요 문자 238ㅣ. O254 사진.본문글미확인인한 책임x환불x 중고임감안 신중구매말씀드려요,V7,detail_text_code,200
다이슨 청소기,222334144,다이슨청소기 v7 v8 정품 먼지통 팝니다,5000,3,판매완료,,2025-11-27 19:47:47,https://web.joongna.com/product/222334144,,V7,text_code,not_requested
다이슨 청소기,222328853,다이슨청소기 정품 v7 v8 모터 바디 키트,30000,0,판매중,감곡면,2025-11-27 17:23:37,https://web.joongna.com/product/222328853,,V7,text_code,not_requested
다이슨 청소기,222329079,다이슨청소기 정품 v7 v8 모터 부품,50000,0,판매중,감곡면,2025-11-27 17:29:53,https://web.joongna.com/product/222329079,,V7,text_code,not_requested
다이슨 청소기,222327025,다이슨 V6 무선청소기 먼지통,20000,0,판매중,감곡면,2025-11-27 16:39:04,https://web.joongna.com/product/222327025,,V6,text_code,not_requested
다이슨 청소기,219926654,"다이슨 청소기 v6, v8, v10 ,v11,v12 충전 거치대 팝니다",10000,3,판매완료,,2025-11-26 20:21:11,https://web.joongna.com/product/219926654,,V6,text_code,not_requested
다이슨 청소기,222290415,다이슨 V7 무선청소기,890000,3,판매완료,연일읍,2025-11-26 17:07:22,https://web.joongna.com/product/222290415,"다이슨 V8 무선청소기 판매해요! 충전기도 함께 드리고, 사용감은 있지만 작동 잘 됩니다. 깔끔하게 청소해서 상태 좋아요.",V7,text_code,200
다이슨 청소기,218502124,다이슨 청소기 부품,9000,3,판매완료,수색동,2025-11-26 14:05:28,https://web.joongna.com/product/218502124,"다이슨 V8거치대(도킹스테이션) 9천원. 다이슨 V10 부품 새거 2개 일괄 9천원입니다. 부품은 V8 호환됩니다. 모두 정품입니다. 직거래는 향동이고, 택배거래시 5천원 반값택배시 3천원 추가입니다. 에눌 반품 정중히 사양합니다.",V8,detail_text_code,200
다이슨 청소기,222151751,"다이슨 V8 싸이클론 무선청소기입니다- 플러피 헤드, 미니모터헤드, 벽걸이형 거치대, 충전기가 포함되어 있습니다-",290000,3,판매완료,면목제5동,2025-11-25 18:37:54,https://web.joongna.com/product/222151751,,V8,text_code,not_requested
다이슨 청소기,222223024,다이슨 V10 무선청소기 본체,33000,3,판매완료,신창동,2025-11-24 21:51:04,https://web.joongna.com/product/222223024,,V10,text_code,not_requested
다이슨 청소기,222221402,다이슨 V10 무선청소기 본체,50000,3,판매완료,신창동,2025-11-24 21:09:03,https://web.joongna.com/product/222221402,,V10,text_code,not_requested
다이슨 청소기,222066191,다이슨 v10 무선청소기 정품 필터 세척된 배기필터 각오천,5000,3,판매완료,,2025-11-23 22:08:22,https://web.joongna.com/product/222066191,,V10,text_code,not_requested
다이슨 청소기,221588838,"청소기 다이슨 V6,v7,v8,v10 배터리 내놓습니다",28000,3,판매완료,,2025-11-23 19:39:28,https://web.joongna.com/product/221588838,,V6,text_code,not_requested
다이슨 청소기,221471154,다이슨 무선청소기 카페트 헤드,20000,3,판매완료,방화제3동,2025-11-22 21:47:18,https://web.joongna.com/product/221471154,득템하세요감사합니다,제품군 공통,product_group,200
다이슨 청소기,222136437,다이슨 유선청소기,100000,3,판매완료,평화동,2025-11-22 16:22:05,https://web.joongna.com/product/222136437,다이슨 유선청소기 판매해요.모델명은. CY23입니다. 사용감은 있지만 작동 잘 되고 흡인력이 장난아니예요.. 실용적인 유선청소기로 깔끔하게 관리했습니다.필요하신분 연락주셔요.,제품군 공통,product_group,200
다이슨 청소기,222132149,다이슨 V12 디텍트슬림 무선청소기 세트,330000,3,판매완료,,2025-11-22 14:29:58,https://web.joongna.com/product/222132149,,V12,text_code,not_requested
다이슨 청소기,222046701,다이슨 V8 무선청소기,100000,3,판매완료,고덕제2동,2025-11-21 14:25:06,https://web.joongna.com/product/222046701,,V8,text_code,not_requested
다이슨 청소기,221335577,다이슨청소기 v7 v8 정품 먼지통 팝니다,5000,3,판매완료,,2025-11-21 13:23:50,https://web.joongna.com/product/221335577,,V7,text_code,not_requested
다이슨 청소기,222070501,다이슨 코리아 Dyson 무선 청소기 V8 신형[배터리새거],145000,3,판매완료,청천2동,2025-11-20 19:40:56,https://web.joongna.com/product/222070501,,V8,text_code,not_requested
다이슨 청소기,219825273,다이슨무선청소기 v10 v11 고토크모터헤드 거의새제품,35000,3,판매완료,동백2동,2025-11-20 11:11:24,https://web.joongna.com/product/219825273,,V10,text_code,not_requested
다이슨 청소기,220794836,"청소기 다이슨 V6,v7,v8,v10 배터리 내놓습니다",28000,3,판매완료,,2025-11-20 09:03:58,https://web.joongna.com/product/220794836,,V6,text_code,not_requested
다이슨 청소기,222008190,다이슨 V8/V10 무선청소기 배터리,2000,3,판매완료,,2025-11-19 09:17:00,https://web.joongna.com/product/222008190,,V8,text_code,not_requested
다이슨 청소기,221995139,다이슨 V6 무선청소기,300000,0,판매중,,2025-11-18 20:37:30,https://web.joongna.com/product/221995139,"다이슨 V6 무선청소기 판매해요! 브러시 헤드와 각종 부품들이 모두 포함되어 있고, 사용감은 있지만 작동 잘 됩니다. 깔끔하게 청소해서 보내드릴게요. 많은 문의 주세요! 네고 가능합니다!",V6,text_code,200
다이슨 청소기,221995095,다이슨 V6 무선청소기,300000,0,판매중,,2025-11-18 20:36:21,https://web.joongna.com/product/221995095,"다이슨 V6 무선청소기 판매해요! 브러시 헤드와 각종 부품들이 모두 포함되어 있고, 사용감은 있지만 작동 잘됩니다. 깨끗하게 관리해서 상태 양호해요. 사용한 지는 3달 정도 됐습니다. 네고 가능합니다!",V6,text_code,200
다이슨 청소기,221990617,"다이슨 청소기 소프트롤러 헤드 v10 , 옴니글라이드",40000,3,판매완료,동탄5동,2025-11-18 18:43:52,https://web.joongna.com/product/221990617,,V10,text_code,not_requested
다이슨 청소기,221910210,다이슨 V11 청소기 모터(고장),8000,3,판매완료,구로제5동,2025-11-16 17:45:43,https://web.joongna.com/product/221910210,,V11,text_code,not_requested
다이슨 청소기,221861663,다이슨 V10 청소기(배터리호환용/롤러호환용),20000,3,판매완료,개포3동,2025-11-15 11:04:35,https://web.joongna.com/product/221861663,,V10,text_code,not_requested
다이슨 청소기,221860590,다이슨 V10 무선청소기 헤드고장,75000,3,판매완료,개포3동,2025-11-15 10:31:44,https://web.joongna.com/product/221860590,,V10,text_code,not_requested
다이슨 청소기,221844778,다이슨 V8 무선청소기 직거래,25000,3,판매완료,정발산동,2025-11-14 19:48:44,https://web.joongna.com/product/221844778,,V8,text_code,not_requested
다이슨 청소기,221828390,"청소기 다이슨 V6,v7,v8,v10 배터리 내놓습니다",28000,3,판매완료,,2025-11-14 12:14:23,https://web.joongna.com/product/221828390,,V6,text_code,not_requested
다이슨 청소기,221465174,다이슨 V8 무선청소기,160000,3,판매완료,,2025-11-14 10:45:26,https://web.joongna.com/product/221465174,,V8,text_code,not_requested
다이슨 청소기,219950465,다이슨청소기 젠5,700000,0,판매중,천호제1동,2025-11-13 18:22:17,https://web.joongna.com/product/219950465,"📢 제목에 ""제조사/ 브랜드 명""과 ""상품명(ex. 3000시리즈 전동 면도기)”을 넣어 작성하면, 보다 빠른 판매가 가능합니다! 📢 게시글 작성 시 배송 방법에 “직거래”와 “내 위치” 설정할 경우, 보다 빠른 판매가 가능합니다! 구매후 박스 개봉후 보관만한 미사용제품 박스없음 https://www.dyson.co.kr/products/cord-free/dyson-gen5detect/overview 🚨회원님의 거래 게시글을 노린 중고나라 운영진 사칭 피싱 사이트를 주의하세요🚨",GEN5DETECT,detail_text_variant,200
다이슨 청소기,221556324,다이슨 워시 G1 물걸레 청소기 wash g1 판매,330000,0,판매중,,2025-11-13 13:14:00,https://web.joongna.com/product/221556324,,WASH_G1,text_variant,not_requested
다이슨 청소기,221778569,다이슨 V8 진공청소기 배터리(새상품),37000,3,판매완료,반여제1동,2025-11-12 23:43:59,https://web.joongna.com/product/221778569,,V8,text_code,not_requested
다이슨 청소기,221777314,다이슨 v6 dc62 모터 본체 거치대 침구청소기 팝니다,25000,3,판매완료,홍천읍,2025-11-12 23:02:05,https://web.joongna.com/product/221777314,,V6,text_code,not_requested
다이슨 청소기,221763610,다이슨 V6헤파 무선청소기,24000,3,판매완료,도림동,2025-11-12 16:44:54,https://web.joongna.com/product/221763610,,V6,text_code,not_requested
다이슨 청소기,221715682,(정품) (DYSON) 다이슨 무선 청소기 V6,100000,3,판매완료,금호2.3가동,2025-11-11 12:40:13,https://web.joongna.com/product/221715682,새상품으로 구매했었던 정품 제품이며 서브용 청소기로 가끔씩 사용한 제품 입니다. 사용법 및 기타 사항은 온라인 검색하면 정확한 정보가 많이 있으니 검색해 보시면 됩니다. 제품 구성품 및 상태는 사진과 같고 동물털 / 기름때 / 냄새 / 끈적임 / 심한 얼룩 / 큰 스크래치 없이 상태 좋습니다. 돼지코 필요 없어 안전하고 판매 사진처럼 파란불 정상 충전 됩니다. 본체 / 먼지통 / 필터 / 헤드는 나름대로 모두 청소되어 있어 바로 사용 가능합니다. 그래도 혹시 모르니 예민한 분은 구매를 피해 주세요. 가격흥정은 하지 않습니다. 중고가전제품 특성상 직접 작동 해보시고 외관 확인 후에 꼭 구매 바랍니다. 중고이며 확인후에 구매했으므로 구매 후 기타이유/사용감등등 으로 교환이나 환불은 불가입니다.,V6,text_code,200
다이슨 청소기,221587178,정상작동 다이슨 청소기 v10 11 v8 7 모터헤드 카페트 카펫 브러쉬,25000,3,판매완료,,2025-11-10 20:31:54,https://web.joongna.com/product/221587178,,V10,text_code,not_requested
다이슨 청소기,221692517,"다이슨 V6 무선청소기 배터리 어댑터,애플용 핸드폰 커버,",15000,0,판매중,,2025-11-10 19:17:53,https://web.joongna.com/product/221692517,,V6,text_code,not_requested
다이슨 청소기,220918983,다이슨무선청소기 정품 소프트롤러헤드,35000,3,판매완료,동백2동,2025-11-10 11:16:39,https://web.joongna.com/product/220918983,다이슨무선청소기 정품 소프트롤러헤드 완전분해하여 깔끔하게 세척해놨습니다 사용하던제품 지저분한제품과 비교하지 말아주세요 먼지하나없이 깔끔하게 준비해놨습니다 용인 동백지구 직거래합니다 체팅을 잘못봅니다 전화나 문자주세요 택배거래시 4천원추가 ㅇ10-519ㅇ 9162 개당가격 입니다,제품군 공통,product_group,200
다이슨 청소기,219218007,다이슨 청소기 헤드(헤어 스크류),40000,0,판매중,신월7동,2025-11-09 21:48:07,https://web.joongna.com/product/219218007,다이슨 청소기 헤어 스크류 툴 헤드 판매합니다 직거래는 영등포~양천구입니다.,제품군 공통,product_group,200
다이슨 청소기,207146174,다이슨청소기 젠5,700000,0,판매중,천호제1동,2025-11-09 10:18:17,https://web.joongna.com/product/207146174,"📢 제목에 ""제조사/ 브랜드 명""과 ""상품명(ex. 3000시리즈 전동 면도기)”을 넣어 작성하면, 보다 빠른 판매가 가능합니다! 📢 게시글 작성 시 배송 방법에 “직거래”와 “내 위치” 설정할 경우, 보다 빠른 판매가 가능합니다! 개봉만하고 미사용제품 박스분리해서 거치대 세워둠 https://www.dyson.co.kr/products/cord-free/dyson-gen5detect/overview 무게가 이어 차로 가져가셔야 합니다 🚨회원님의 거래 게시글을 노린 중고나라 운영진 사칭 피싱 사이트를 주의하세요🚨",GEN5DETECT,detail_text_variant,200
다이슨 청소기,220850929,다이슨 V8 무선 청소기 (실버레드),300000,0,판매중,,2025-11-08 20:06:50,https://web.joongna.com/product/220850929,,V8,text_code,not_requested
다이슨 청소기,221606910,다이슨 V15s 디텍트 서브마린 무선청소기 미개봉 새상품,750000,3,판매완료,독산제3동,2025-11-08 12:38:49,https://web.joongna.com/product/221606910,"[다이슨 V15s 디텍트 서브마린] 구성품까지 모두 있는 미개봉 새상품 입니다. 상품으로 받았는데 이미 쓰는 로봇청소기와 일반 청소기가 있어 판매합니다. - 다이슨 공홈 품절상태 입니다. - 정가 1,290,000원 '75만원'에 판매합니다.",V15S,text_code,200
다이슨 청소기,221386226,(정품) (DYSON) 다이슨 무선 청소기,50000,3,판매완료,금호2.3가동,2025-11-07 11:32:18,https://web.joongna.com/product/221386226,새상품으로 구매했었던 다이슨 V6 제품이며 집에서 사용한 제품 입니다. 제품 구성품 및 상태는 사진과 같습니다. 본체 / 먼지통 / 필터 / 헤드는 나름대로 모두 청소되어 있어 바로 사용 가능합니다. 손잡이 부분에 빨간버튼 바로 밑에 부분 파손/필터 꼭지 부분 파손 입니다. 전 청소기 사용할때에 큰 지장 없었고 필터는 본래 소모품으로 교체하는 제품이며 온라인에서 천원정도면 구매 가능합니다. 사용법 및 기타 사항은 온라인 검색하면 정확한 정보가 많이 있으니 검색해 보시면 됩니다. 그래도 혹시 모르니 예민한 분은 구매를 피해 주세요. 부품값 정도 가격이라 가격흥정은 하지 않습니다. 중고가전제품 특성상 직접 작동 해보시고 외관 확인 후에 꼭 구매 바랍니다. 중고이며 확인후에 구매했으므로 기타이유/사용감/파손등등 구매 후 교환이나 환불은 불가입니다.,V6,detail_text_code,200
다이슨 청소기,221568540,다이슨 DC63 터빈헤드 프로 유선 진공청소기,50000,3,판매완료,역촌동,2025-11-07 10:57:43,https://web.joongna.com/product/221568540,,DC63,text_code,not_requested
다이슨 청소기,221541664,미개봉 다이슨워시 G1 물걸레청소기 팝니다,450000,0,판매중,역촌동,2025-11-06 15:35:39,https://web.joongna.com/product/221541664,,WASH_G1,text_variant,not_requested
다이슨 청소기,221532140,다이슨 마이크로 청소기,230000,3,판매완료,중앙동,2025-11-06 14:36:54,https://web.joongna.com/product/221532140,다이슨 마이크로 청소기 판매합니다 구매후 청소통 3번정도 비운듯 합니다. 찍힘 벗겨짐 전혀없이 깨끗합니다 먼지 청소 되어 있어서 구입후 그냥 쓰시면 됩니다 구성품은 사진과같습니다,제품군 공통,product_group,200
다이슨 청소기,221537428,다이슨 V8 무선청소기,70000,3,판매완료,진영읍,2025-11-06 13:41:44,https://web.joongna.com/product/221537428,,V8,text_code,not_requested
다이슨 청소기,221206801,다이슨 유선 청소기 DC63 프로 국내 정발 풀셋트,120000,3,판매완료,복정동,2025-11-06 13:38:57,https://web.joongna.com/product/221206801,,DC63,text_code,not_requested
다이슨 청소기,221512152,에어로다이슨 무선청소기,60000,0,판매중,오산면,2025-11-05 19:16:28,https://web.joongna.com/product/221512152,"LG Kompressor 청소기 K83BGY 모델입니다 - 1100W 소비전력 - 먼지 압축 기술로 먼지통 비움이 용이합니다 - 제조년월: 2016년 10월 년수에 비해 사용감 괜찬습니다. 정상작동. 손잡이부푼에 작동스위치가 있어 사용이 편리합니다 익산시 오산면으로 오셔야해요 *개인간의 중고거래로 환불,반품불가합니다. *예약또는 먼저 오시는분께 양도하겟습니다.",제품군 공통,product_group,200
다이슨 청소기,221505451,다이슨 V10 플러피 무선청소기,190000,3,판매완료,선원면,2025-11-05 16:25:03,https://web.joongna.com/product/221505451,,V10,text_code,not_requested
다이슨 청소기,221369210,다이슨 워시G1 진공청소기,280000,0,판매중,기흥동,2025-11-05 01:35:11,https://web.joongna.com/product/221369210,,WASH_G1,text_variant,not_requested
다이슨 청소기,221481755,다이슨 V6 무선청소기 배터리,25000,0,판매중,,2025-11-04 23:12:10,https://web.joongna.com/product/221481755,,V6,text_code,not_requested
다이슨 청소기,221464966,다이슨 V8 무선청소기,100000,0,판매중,상동,2025-11-04 15:59:39,https://web.joongna.com/product/221464966,,V8,text_code,not_requested
다이슨 청소기,221431245,다이슨 워시 G 1청소기,400000,0,판매중,,2025-11-03 17:50:52,https://web.joongna.com/product/221431245,다이슨 워시G1청소기 판매해요. 두세번 밖에 사용 안했지만.상자는 없습니다 작동 잘 되고 상태 좋습니다. 집안 청소용으로 좋아요!,WASH_G1,detail_text_variant,200
다이슨 청소기,202666771,"다이슨 유선 진공청소기, DC37 - 2012년 구매",140000,3,판매완료,정왕본동,2025-11-01 17:39:49,https://web.joongna.com/product/202666771,,DC37,text_code,not_requested
다이슨 청소기,221348443,다이슨 워시 g1물청소기+롤러헤드 새거,350000,0,판매중,오금동,2025-11-01 13:00:03,https://web.joongna.com/product/221348443,,WASH_G1,text_variant,not_requested
다이슨 청소기,221350182,다이슨 디지털 슬림 무선청소기,230000,3,판매완료,,2025-11-01 13:50:48,https://web.joongna.com/product/221350182,,DIGITAL_SLIM,text_variant,not_requested
다이슨 청소기,221313102,다이슨 V8 무선청소기,140000,3,판매완료,고덕제1동,2025-11-01 08:16:15,https://web.joongna.com/product/221313102,,V8,text_code,not_requested
다이슨 청소기,220407686,(미개봉) 다이슨 G1 WashG1 물청소기 새제품,420000,3,판매완료,장충동,2025-10-30 21:49:42,https://web.joongna.com/product/220407686,,WASH_G1,text_variant,not_requested
다이슨 청소기,221260979,다이슨 V6 무선청소기,100000,3,판매완료,서초4동,2025-10-29 22:28:53,https://web.joongna.com/product/221260979,"다이슨 무선 청소기 V6 모델입니다 -한달전 배터리,필터 모두 교체했습니다 - 다양한 툴을 포함하고 있어 용도에 맞게 사용할 수 있습니다 - 싸이클론 방식으로 강력한 흡입력을 자랑합니다 - 충전기도 함께 드립니다 - 틈새 청소 툴, 메인 툴, 소프트 롤러 헤드 등 다양한 툴로 구성되어 있습니다 - 가볍고 편리하게 청소할 수 있습니다",V6,text_code,200
다이슨 청소기,221249053,다이슨 워시 G1 물걸레 청소기,400000,3,판매완료,복정동,2025-10-29 16:54:25,https://web.joongna.com/product/221249053,,WASH_G1,text_variant,not_requested
다이슨 청소기,221244316,다이슨 V7 진공청소기 배터리(새상품),30000,3,판매완료,반여제1동,2025-10-29 14:55:57,https://web.joongna.com/product/221244316,,V7,text_code,not_requested
다이슨 청소기,221182020,다이슨무선청소기 정품 모터헤드 A급,30000,3,판매완료,동백2동,2025-10-27 20:40:16,https://web.joongna.com/product/221182020,다이슨무선청소기 정품 모터헤드 거의새제품 입니다 먼지하나없이 깔끔하게 닦아놨습니다 v7.v8.v10.v11 까지 사용가능합니다 용인 동백지구 직거래합니다 택배거래시 4천원추가 ㅇ10-519ㅇ-9162,V7,detail_text_code,200
다이슨 청소기,220782555,다이슨무선청소기 v10싸이클론 부품,6000,3,판매완료,동백2동,2025-10-27 20:28:12,https://web.joongna.com/product/220782555,,V10,text_code,not_requested
다이슨 청소기,221181339,다이슨 무선청소기 브러쉬 툴 v7 이상,20000,3,판매완료,,2025-10-27 20:22:42,https://web.joongna.com/product/221181339,,V7,text_code,not_requested
다이슨 청소기,221038942,다이슨 V10 무선청소기 풀세트,170000,3,판매완료,감일동,2025-10-27 17:51:56,https://web.joongna.com/product/221038942,,V10,text_code,not_requested
다이슨 청소기,221167749,다이슨 청소기 정품 충전기 v10.11.12.15용,16000,3,판매완료,,2025-10-27 14:26:56,https://web.joongna.com/product/221167749,,V10,text_code,not_requested
다이슨 청소기,220918925,다이슨무선청소기 정품 고토크모터헤드 A급,35000,3,판매완료,동백2동,2025-10-26 10:31:28,https://web.joongna.com/product/220918925,다이슨무선청소기 고토크모터헤드 깨끗이 닦아놨습니다 일반모터헤드와 모터부터가 다릅니다 바닥에 흡입구를 조절할수있어 청소용도에 맞게 사용가능합니다 v10.v11.v15 등 고급모델에 구성품으로 나오는 제품입니다 거의 새제품 수준입니다 용인 동백지구 직거래합니다 택배거래시 4천원추가 체팅 을 잘못봅니다 문자나전화주세요 ㅇ10-519ㅇ-9162,V10,detail_text_code,200
다이슨 청소기,220890030,다이슨 wash g1 물걸레 청소기(롤러 2세트 포함,280000,3,판매완료,상암동,2025-10-26 10:26:59,https://web.joongna.com/product/220890030,,WASH_G1,text_variant,not_requested
다이슨 청소기,220971399,다이슨v10 무선청소기,85000,3,판매완료,,2025-10-25 17:02:09,https://web.joongna.com/product/220971399,,V10,text_code,not_requested
다이슨 청소기,221055507,새상품 다이슨 청소기 헤드 V15 V11 외,20000,3,판매완료,신월1동,2025-10-24 11:09:51,https://web.joongna.com/product/221055507,,V15,text_code,not_requested
다이슨 청소기,221052894,다이슨 v11 컴플리트 청소기 싸게 팝니다.,220000,1,예약중,길상면,2025-10-24 09:54:38,https://web.joongna.com/product/221052894,,V11,text_code,not_requested
다이슨 청소기,220564177,다이슨 v8 청소기,145000,0,판매중,,2025-10-23 18:46:07,https://web.joongna.com/product/220564177,,V8,text_code,not_requested
다이슨 청소기,220954784,다이슨V8본체+배터리13분사용가/다이슨청소기/다이슨V8,43000,3,판매완료,,2025-10-23 15:37:07,https://web.joongna.com/product/220954784,,V8,text_code,not_requested
다이슨 청소기,221023605,다이슨 청소기SV33(미개봉),380000,0,판매중,둔포면,2025-10-23 13:25:22,https://web.joongna.com/product/221023605,,SV33,text_code,not_requested
다이슨 청소기,220673607,다이슨 청소기 v10 부품 6개 일괄,15000,3,판매완료,,2025-10-23 08:09:57,https://web.joongna.com/product/220673607,,V10,text_code,not_requested
다이슨 청소기,221004713,다이슨 펜슬백청소기,600000,3,판매완료,유천동,2025-10-22 21:47:44,https://web.joongna.com/product/221004713,다이슨 펜슬백청소기 최신형입니다 미개봉 새상품이구요 대구 직거래가능합니다 챗주세요 네고는 사양합니다,PENCILVAC,text_variant,200
다이슨 청소기,220833696,다이슨 디지털 슬림 청소기 sv18 팝니다.,200000,3,판매완료,길상면,2025-10-22 08:32:01,https://web.joongna.com/product/220833696,,SV18,text_code,not_requested
다이슨 청소기,219977556,다이슨 디지털 슬림 청소기,300000,3,판매완료,송천2동,2025-10-21 22:50:04,https://web.joongna.com/product/219977556,,DIGITAL_SLIM,text_variant,not_requested
다이슨 청소기,220007430,다이슨 V10 청소기,30000,3,판매완료,,2025-10-21 20:36:57,https://web.joongna.com/product/220007430,,V10,text_code,not_requested
다이슨 청소기,220943707,다이슨 V8 진공청소기 배터리(새상품),37000,3,판매완료,반여제1동,2025-10-21 11:52:54,https://web.joongna.com/product/220943707,,V8,text_code,not_requested
다이슨 청소기,220922248,다이슨 청소기 V6,50000,3,판매완료,,2025-10-20 19:16:24,https://web.joongna.com/product/220922248,,V6,text_code,not_requested
다이슨 청소기,220918899,다이슨무선청소기 정품 고토크모터헤드,20000,3,판매완료,동백2동,2025-10-20 17:43:50,https://web.joongna.com/product/220918899,다이슨무선청소기 고토크모터헤드 깨끗이 닦아놨습니다 일반모터헤드와 모터부터가 다릅니다 바닥에 흡입구를 조절할수있어 청소용도에 맞게 사용가능합니다 v10.v11.v15 등 고급모델에 구성품으로 나오는 제품입니다 용인 동백지구 직거래합니다 택배거래시 4천원추가 체팅 을 잘못봅니다 문자나전화주세요 ㅇ10-519ㅇ-9162,V10,detail_text_code,200
다이슨 청소기,220888281,다이슨 청소기(V11.정품부품),35000,3,판매완료,,2025-10-19 21:00:11,https://web.joongna.com/product/220888281,,V11,text_code,not_requested
다이슨 청소기,220871145,다이슨 싸이클론 청소기 V8(새상품),280000,3,판매완료,효자3동,2025-10-19 12:56:02,https://web.joongna.com/product/220871145,,V8,text_code,not_requested
다이슨 청소기,220840868,다이슨 청소기 V15 충전 거치대 도킹 스테이션,10000,3,판매완료,,2025-10-18 15:07:00,https://web.joongna.com/product/220840868,,V15,text_code,not_requested
다이슨 청소기,220833626,다이슨 디지털 슬림 sv18 청소기 팝니다.,160000,3,판매완료,길상면,2025-10-18 11:40:50,https://web.joongna.com/product/220833626,,SV18,text_code,not_requested
다이슨 청소기,220810543,"다이슨 무선청소기 헤드,거치대",55000,3,판매완료,,2025-10-17 16:53:29,https://web.joongna.com/product/220810543,"다이슨 무선청소기 헤드,거치대 8종 미사용 새상품 모델명 모름(V8같음)",V8,detail_text_code,200
다이슨 청소기,219301133,다이슨무선청소기 v10 v11 정품배터리,35000,3,판매완료,동백2동,2025-10-17 07:25:53,https://web.joongna.com/product/219301133,,V10,text_code,not_requested
다이슨 청소기,176771769,다이슨청소기 정품 미니모터헤드 v7.v8.v10.v11,9000,3,판매완료,동백2동,2025-10-17 07:12:19,https://web.joongna.com/product/176771769,,V7,text_code,not_requested
다이슨 청소기,220197060,다이슨무선청소기 정품 고토크모터헤드,18000,3,판매완료,동백2동,2025-10-17 07:24:19,https://web.joongna.com/product/220197060,다이슨무선청소기 정품 고토크모터헤드 입니다 외관상태는 사진과같이 깔끔합니다 바닥쪽 고무는 좀낡았지만 사용하시는데 문제는 없습니다 감안해서 저렴하게 판매합니다 용인 동백지구 직거래합니다 공일공 5190 구하나육이,제품군 공통,product_group,200
다이슨 청소기,220742191,"다이슨 v6,v7,v8 무선청소기 정품 충전기",15000,0,판매중,,2025-10-15 20:03:14,https://web.joongna.com/product/220742191,,V6,text_code,not_requested
다이슨 청소기,220729314,다이슨 v8 청소기 팝니다.,110000,3,판매완료,길상면,2025-10-15 14:35:56,https://web.joongna.com/product/220729314,,V8,text_code,not_requested
다이슨 청소기,220278677,다이슨 V7 플러피 청소기 막대 봉,10000,3,판매완료,고아읍,2025-10-14 08:39:04,https://web.joongna.com/product/220278677,,V7,text_code,not_requested
다이슨 청소기,220457545,다이슨 v8 무선청소기,80000,3,판매완료,방화제3동,2025-10-13 21:43:53,https://web.joongna.com/product/220457545,,V8,text_code,not_requested
다이슨 청소기,220655676,다이슨 V10 카본파이버 프로 무선청소기,130000,1,예약중,안양3동,2025-10-13 15:15:12,https://web.joongna.com/product/220655676,,V10,text_code,not_requested
다이슨 청소기,220654451,다이슨 청소기 배터리 v10,30000,3,판매완료,성거읍,2025-10-13 14:43:31,https://web.joongna.com/product/220654451,,V10,text_code,not_requested
다이슨 청소기,220654237,다이슨 청소기 배터리 v8,30000,3,판매완료,성거읍,2025-10-13 14:38:06,https://web.joongna.com/product/220654237,,V8,text_code,not_requested
다이슨 청소기,219669748,다이슨 Wash G1 무선 물청소기,430000,0,판매중,일직동,2025-10-13 12:15:42,https://web.joongna.com/product/219669748,,WASH_G1,text_variant,not_requested
다이슨 청소기,220610461,다이슨v8청소기,41000,3,판매완료,도림동,2025-10-12 12:10:45,https://web.joongna.com/product/220610461,,V8,text_code,not_requested
다이슨 청소기,220609138,다이슨 청소기 v11 메인바디 세트 팝니다,120000,3,판매완료,정관읍,2025-10-12 11:32:46,https://web.joongna.com/product/220609138,,V11,text_code,not_requested
다이슨 청소기,162312068,다이슨무선청소기 v7.v8 먼지통뚜껑 새상품,9000,3,판매완료,동백2동,2025-10-12 10:20:37,https://web.joongna.com/product/162312068,,V7,text_code,not_requested
다이슨 청소기,206216838,다이슨무선청소기 정품 소프트롤러헤드,39000,3,판매완료,동백2동,2025-10-12 10:27:57,https://web.joongna.com/product/206216838,"📢 제목에 ""제조사/ 브랜드 명""과 ""상품명(ex. 3000시리즈 전동 면도기)”을 넣어 작성하면, 보다 빠른 판매가 가능합니다! 📢 게시글 작성 시 배송 방법에 “직거래”와 “내 위치” 설정할 경우, 보다 빠른 판매가 가능합니다! 다이슨무선청소기 정품 소프트롤러헤드 v7.v8.v10.v11 사용가능합니다 사진보다 실물이 더 깔끔합니다 사용하던제품 판매하는거 아닙니다 완전분해세척완료 해놨습니다 용인 동백지구 직거래합니다 택배거래시 4천원추가 01ㅇ-519ㅇ-9162",V7,detail_text_code,200
다이슨 청소기,219418165,미개봉 새상품 / 448804-01 dyson 다이슨 V12s 디텍트 슬림 서브마린 컴플리트 무선청소기 새제품 팔아요.,930000,3,판매완료,관문동,2025-10-11 17:14:34,https://web.joongna.com/product/219418165,"📢 제목에 ""제조사/ 브랜드 명""과 ""상품명(ex. 3000시리즈 전동 면도기)”을 넣어 작성하면, 보다 빠른 판매가 가능합니다! 📢 게시글 작성 시 배송 방법에 “직거래”와 “내 위치” 설정할 경우, 보다 빠른 판매가 가능합니다! 🚨회원님의 거래 게시글을 노린 중고나라 운영진 사칭 피싱 사이트를 주의하세요🚨 * 택배박스도 뜯지않은 미개봉 새상품입니다. 선물로 받았는데 필요없어 팔아요. * 공홈 가격 1,290,000원 이고 950,000원 택포가격으로 팝니다. * 익일배송을 하지만 부득이하게 택배 박스를 구하는 시간으로 1~2일 늦어질 수 있습니다. * 네고 불가입니다. 찔러보기, 네고문자 답하지 않습니다. * 중고거래 특성상 구매 후 환불 불가입니다. * 택배 과정에서 발생한 모든 손상은 환불 불가입니다. * 직거래는 대구이고 안심번호로 문자 주시면 장소 알려드리겠습니다. * 카카오톡 유도 거래, 타사이트 유도거래 차단입니다. * 신중히 판단 후 정말 구매하실 분만 안심번호로 '문자' 바랍니다. * 중고나라 어플 안씁니다. 문의는 안심번호로 '문자' 먼저 주세요.",V12S,text_code,200
다이슨 청소기,220564768,다이슨 무선청소기 sv12,60000,3,판매완료,방화제3동,2025-10-11 00:03:17,https://web.joongna.com/product/220564768,,SV12,text_code,not_requested
다이슨 청소기,219828929,"청소기 다이슨 V6,v7,v8,v10 배터리 내놓습니다",28000,0,판매중,,2025-10-10 19:33:14,https://web.joongna.com/product/219828929,,V6,text_code,not_requested
다이슨 청소기,213091013,다이슨 로봇청소기,770000,0,판매중,가양제1동,2025-10-10 17:54:44,https://web.joongna.com/product/213091013,다른 사이트에서 상품등록 ❌ 안전거래만 ⭕️ 쿨거래시 네고 가능 ⭕️ 박스는 없고 여분 필터 새거 드려요 상태 최상입니다 본집 들어가게 되어서 급처해요,제품군 공통,product_group,200
다이슨 청소기,220089220,다이슨 무선 청소기 브러쉬 툴(정품),25000,0,판매중,화곡제8동,2025-10-09 17:05:22,https://web.joongna.com/product/220089220,"다이슨 무선 청소기 V7, V8, V10, V11 호환 가능한 진공 브러쉬 도구(다이슨 정품)입니다. 11번가에서 판매하는 다이슨 정품 툴보다 휠씬 저렴(13,000~15,000원)합니다. 3가지 전부 구매시 5만원. 가격 제안 가능해요 *판매가 컴비네이션 툴 : 25,000원 소프트 더스팅 브러쉬 : 25,000원 청소기 벽 거치대(V7, V8호환) : 15,000원",V7,detail_text_code,200
다이슨 청소기,219427073,다이슨 무선청소기 V7 V8 V10 소프트 브러쉬 헤드 카펫 브러쉬 헤드 각 3만5천원 경기도 죽전동,35000,3,판매완료,,2025-10-08 17:00:14,https://web.joongna.com/product/219427073,,V7,text_code,not_requested
다이슨 청소기,220479741,다이슨 청소기 v8 소프트 헤드와 틈새솔(택포),25000,3,판매완료,유림동,2025-10-08 15:12:37,https://web.joongna.com/product/220479741,,V8,text_code,not_requested
다이슨 청소기,220474910,(택포)다이슨 V8 진공청소기 배터리(새상품),37000,3,판매완료,반여제1동,2025-10-08 12:39:33,https://web.joongna.com/product/220474910,,V8,text_code,not_requested
다이슨 청소기,220397440,다이슨 v8 청소기 (새재품 미개봉),280000,3,판매완료,,2025-10-05 12:44:52,https://web.joongna.com/product/220397440,,V8,text_code,not_requested
다이슨 청소기,220149737,다이슨 청소기 v12 새상품급 팝니다,398000,3,판매완료,,2025-10-05 11:56:59,https://web.joongna.com/product/220149737,,V12,text_code,not_requested
다이슨 청소기,220153397,다이슨 청소기 v12 디텍트슬림 새제품,500000,3,판매완료,,2025-10-04 14:50:22,https://web.joongna.com/product/220153397,,V12,text_code,not_requested
다이슨 청소기,219973625,다이슨무선청소기 v6완드봉.충전기,6000,3,판매완료,동백2동,2025-10-04 10:48:21,https://web.joongna.com/product/219973625,,V6,text_code,not_requested
다이슨 청소기,220229550,다이슨 청소기 디지털슬림 배터리 세트팝니다,50000,3,판매완료,,2025-10-03 23:29:08,https://web.joongna.com/product/220229550,,DIGITAL_SLIM,text_variant,not_requested
다이슨 청소기,220336486,다이슨 옴니 글라이드 청소기,120000,3,판매완료,,2025-10-03 08:44:15,https://web.joongna.com/product/220336486,,OMNI_GLIDE,text_variant,not_requested
다이슨 청소기,220324971,다이슨 G1 청소기,450000,3,판매완료,군포1동,2025-10-02 19:17:40,https://web.joongna.com/product/220324971,상품명 : 다이슨 G1 청소기 사용횟수 : 0회 청소기는 많은데 선물받은거라 어떤건지 볼라고 결합만 해보고 놔뒀다가 한번도 안써보고 다시 포장한 상태입니다. 직거래 원합니다.,제품군 공통,product_group,200
다이슨 청소기,220268715,다이슨 청소기 v11 팝니다,140000,3,판매완료,정관읍,2025-09-30 23:08:15,https://web.joongna.com/product/220268715,,V11,text_code,not_requested
다이슨 청소기,220230881,다이슨무선청소기 v10 메인모터. 메인바디,55000,3,판매완료,동백2동,2025-09-29 21:47:54,https://web.joongna.com/product/220230881,,V10,text_code,not_requested
다이슨 청소기,220190607,다이슨 펜슬백 청소기,550000,3,판매완료,덕이동,2025-09-28 19:35:10,https://web.joongna.com/product/220190607,,PENCILVAC,text_variant,not_requested
다이슨 청소기,219895285,다이슨 워시 G1 물걸레 청소기 판매해요.,400000,3,판매완료,,2025-09-28 17:09:08,https://web.joongna.com/product/219895285,,WASH_G1,text_variant,not_requested
다이슨 청소기,220149622,새상품 다이슨 청소기 브러쉬 팝니다,60000,3,판매완료,,2025-09-27 16:04:26,https://web.joongna.com/product/220149622,다이슨 소프트 브러쉬입니다 v11 청소기 구매때 순정품 입니다 테스트만 정도만한 새상품입니다,V11,detail_text_code,200
다이슨 청소기,220148623,다이슨 V10 플러피 청소기,100000,3,판매완료,다사읍,2025-09-27 15:36:40,https://web.joongna.com/product/220148623,,V10,text_code,not_requested
다이슨 청소기,220142336,다이슨청소기 v10 풀셋팝니다,130000,3,판매완료,와부읍,2025-09-27 12:37:00,https://web.joongna.com/product/220142336,,V10,text_code,not_requested
다이슨 청소기,220119886,새상품) 다이슨 청소기 플러피 콘,750000,0,판매중,평촌동,2025-09-26 18:13:38,https://web.joongna.com/product/220119886,"다이슨 PencilVac Fluffycones (펜슬백 플러피 콘) 새상품 미개봉으로 신제품과 동일한 컨디션입니다. 다이슨에서 가장 슬림한 무선 청소기로 긴 머리카락 엉킴 없이 360도 구석구석 깔끔하게 청소 가능한 제품 입니다. * 제품명: 다이슨 PencilVac Fluffycones * 정가: 799,000 https://www.dyson.co.kr/fluffycones-black 네고, 반품, 환불 어렵고, 비대면 문고리 거래 가능합니다. 안양 평촌동 벌말초 근처이고, 입금 확인 후 상세주소 전달 드립니다.",PENCILVAC,detail_text_variant,200
다이슨 청소기,220117537,다이슨무선청소기 정품 소프트롤러헤드 S급,55000,3,판매완료,동백2동,2025-09-26 17:06:33,https://web.joongna.com/product/220117537,다이슨무선청소기 정품 소프트롤러헤드 거의새제품 입니다 v7.v8.v10.v11 모두사용가능합니다 먼지만 뭍어있었는데 깨끗이 닦아놨습니다 용인 동백지구 직거래합니다 택배거래시 4천원추가 공일공 5190 9162,V7,detail_text_code,200
다이슨 청소기,217078958,다이슨 v10 청소기 판매,50000,3,판매완료,별내동,2025-09-23 11:49:48,https://web.joongna.com/product/217078958,,V10,text_code,not_requested
다이슨 청소기,218634828,v8 다이슨 청소기,120000,3,판매완료,가정1동,2025-09-22 11:05:29,https://web.joongna.com/product/218634828,,V8,text_code,not_requested
다이슨 청소기,219944652,엘지 LG 코드제로 A9 청소기 버큠 오브제 비스포크 청소 무선청소 강력흡입다이슨 싸이킹 로보락 일렉트로,120000,3,판매완료,청담동,2025-09-22 09:44:28,https://web.joongna.com/product/219944652,"개당가격입니다 문의시 제품명 알려주세요 13만착불 테팔 에어포스 360 TY5516KS 무선 청소기 버큠 핸디 다이슨 비스포크 오브제 제트 샤크 코드제로 A9 흡입력 좋고, 사용하기 편리해요 고밀도 공기청정필터 최고급라인 한국정식수입 360도 롤러로 매우 편히 사용 가볍습니다 전부 가볍게 분해 40만원대 제품 거의 사용안함 새상품급 컨디션 테스팅완료 매우 깨끗합니다 사진 구성 사진 참고 간편하게 사용 가능합니다 13만원착불 쿠쿠 CUCKOO 무선 파워청소기 버큠 무선청소 로봇 다이슨 비스포크 오브제 코드제로 A9 강력흡입 싸이킹 23년말구매 상태좋아요 필터청소완료 분리 청소 매우 쉬어요 흡입력최강 30만원대구매 고급라인 사진구성 디테일 사진참고 21만원착불 삼성 무선청소기 제트 청소기 버큠 싸이클론 로봇킹 비스포크 청소 무선청소 강력흡입 코드제로 A9 배터리2개 짱짱합니다 거치대 필터 먼지통 새상품급 테스팅완료 사진구성 사진확인 많이 쓰지 않아 상태 최고 12만원착불 일렉트로룩스 무선청소기 버큠 싸이킹 로보 로봇 무선 흡입 electrolux 비스포크 다이슨 오브제 코드제로 A9 - 모델명: WQ61-1EDB - 5단계 필터 시스템 - 배터리 용량: 2100mAh 상태는 사진 참고 사진구성확인 클리닝 청소 완료 새상품급 22만원착불 엘지 LG 코드제로 A9 청소기 버큠 오브제 비스포크 청소 무선청소 강력흡입다이슨 싸이킹 로보락 일렉트로 사진구성 신형입니다 필터깨끗 청소완료 배터리 1개 상태 굿 테스팅완료 개인입니다 가까운곳은 2만원추가시 집 문앞에 놓아드려요 (대신 분실 고장 이상등 책임지지 않습니다) 온리 직거래만 고화질 디테일한 사진 확인부탁드립니다 최우선 직거래 희망하며 판매자 미쳐 발견하지 못한 부분등 어떠한경우라도 중고 거래 특성상 환불 절대 불가능하니 신중한 거래 부탁드립니다. 디지털/가전들은 직접오셔서 꼭 테스팅후 가져가세요 사이즈는 직접오셔서 확인바랍니다 그럼에도 구매자의 요청으로 택배거래 가능하나 파손면책 동의 되어야 배송됩니다 강남구 청담동 직거래가능 소중한 시간 매너거래 부탁드려요 010-사구14-17삼구",CYCLONE,detail_text_variant,200
다이슨 청소기,219875399,다이슨 무선청소기 일루미네이션 디텍트,150000,3,판매완료,방학제1동,2025-09-21 06:25:00,https://web.joongna.com/product/219875399,"다이슨 무선청소기 일루미네이션 디텍트 전체적으로 사용감은 사진으로 확인해주세요 배터리는 방 3개 청소하는데 부족함 없는 수준입니다. 먼지 한톨 없이 분해 세척 및 기기 소독 완료된 제품으로 구입하세요. 꼼꼼하게 완전 분해해서 청소 세척해놔서 먼지통에 국밥 말아 먹을 수 있을 정도. ( ᐕ)੭ 새제품처럼 기분좋게 사용하실 수 있습니다. 청소 시작과 동시에 기분 좋은 향이 날거에요~♡ - 헤파 13등급 필터 탑재 - 일루미네이션 라이트 포함 - 콤비네이션 툴, 크래바스 노즐 포함 - 청소기 방향제 처리 - 공간절약 셀프 스탠드 포함 (못 안박아도 되고 혼자서 잘 서 있어요) 2011년 이후 14년 이상 1500개 이상 거래한 신용판매자입니다. 1년마다 한번씩 돌아오는 내무장관님 등짝 스매싱 피하기 위한 집안 클리어런스 세일입니다. 판매자 다른글보기로 다른 필요한 제품 함께 구매하시면 택배비 절약하실 수 있어요. 서울 방학역 가까우시면 직거래 가능합니다. (5만원 이상만) 부피가 크고 무거워서 택배비 5천원 구매자 부담입니다. 나머지 비용은 제가 댑니다. 배송료 입금 없고 별도로 언급 없으시면 착불로 보냅니다. 이 글을 보시고 계시다면 아직 판매되지 않은 상태입니다. 생업 중이다보니 카톡이나 쪽지, 덧글, 톡톡은 빠른 확인이 힘들어요. 대신 전화번호 문자주시면 비교적 빠른 답변 가능합니다. 010-4056-2374 급하지 않은 판매건으로 알아서 한번씩 가격 내립니다. 네고, 교환 문자 제발 주지 마세요. 답장 드리지 않습니다. 중고나라앱 사용 안합니다. 외부 사이트 거래 유도하는 문자나 채팅은 사기로 간주하고 다 차단합니다.",제품군 공통,product_group,200
다이슨 청소기,219838815,다이슨청소기 충전기 어댑터 217160-07 v10 v11용 판매(택포 2),20000,3,판매완료,,2025-09-20 14:32:46,https://web.joongna.com/product/219838815,,V10,text_code,not_requested
다이슨 청소기,219825144,다이슨무선청소기 Submarine 물청소헤드 미사용품,60000,3,판매완료,,2025-09-20 11:00:18,https://web.joongna.com/product/219825144,"📢 제목에 ""제조사/ 브랜드 명""과 ""상품명(ex. 3000시리즈 전동 면도기)”을 넣어 작성하면, 보다 빠른 판매가 가능합니다! 📢 게시글 작성 시 배송 방법에 “직거래”와 “내 위치” 설정할 경우, 보다 빠른 판매가 가능합니다!",제품군 공통,product_group,200
다이슨 청소기,219825116,다이슨무선청소기 sv10 v8 풀세트 배터리 새제품,140000,3,판매완료,,2025-09-20 10:59:58,https://web.joongna.com/product/219825116,,SV10,text_code,not_requested
다이슨 청소기,219817494,다이슨 무선 청소기,100000,3,판매완료,방학제1동,2025-09-20 08:48:42,https://web.joongna.com/product/219817494,"다이슨 무선 청소기입니다 전체적으로 사용감은 사진으로 확인해주세요 배터리는 방 3개 청소하는데 부족함 없습니다. 남이 쓰던 중고 청소기... 머리카락 엉킴에 피부 각질 뭉쳐서 떡진 거에 벌레 사체까지 냄새까지 구역질 나옵니다. 먼지 한톨 없이 분해 세척 및 기기 소독 완료된 제품으로 구입하세요. 꼼꼼하게 완전 분해해서 청소 세척해놔서 먼지통에 국밥 말아 먹을 수 있을 정도. ( ᐕ)੭ 새제품처럼 기분좋게 사용하실 수 있습니다. 청소 시작과 동시에 기분 좋은 향이 날거에요~♡ - 헤파 13등급 필터 탑재 - 다이슨 트리거 락 장착 (레버만 댕겨주면 피로감 제로) - 콤비네이션 노즐 포함 - 청소기 방향제 처리 - 공간절약 셀프 스탠드 포함 (못 안박아도 되고 혼자서 잘 서 있어요) 2011년 이후 14년 이상 1500개 이상 거래한 신용판매자입니다. 1년마다 한번씩 돌아오는 내무장관님 등짝 스매싱 피하기 위한 집안 클리어런스 세일입니다. 판매자 다른글보기로 다른 필요한 제품 함께 구매하시면 택배비 절약하실 수 있어요. 서울 방학역 가까우시면 직거래 가능합니다. (5만원 이상만) 부피가 크고 무거워서 택배비 5천원 구매자 부담입니다. 나머지 비용은 제가 댑니다. 배송료 입금 없고 별도로 언급 없으시면 착불로 보냅니다. 이 글을 보시고 계시다면 아직 판매되지 않은 상태입니다. 생업 중이다보니 카톡이나 쪽지, 덧글, 톡톡은 빠른 확인이 힘들어요. 대신 전화번호 문자주시면 비교적 빠른 답변 가능합니다. 010-4056-2374 급하지 않은 판매건으로 알아서 한번씩 가격 내립니다. 네고, 교환 문자 제발 주지 마세요. 답장 드리지 않습니다. 중고나라앱 사용 안합니다. 외부 사이트 거래 유도하는 문자나 채팅은 사기로 간주하고 다 차단합니다.",제품군 공통,product_group,200
다이슨 청소기,219814450,다이슨 청소기 나선형 브러시,15000,3,판매완료,,2025-09-20 06:45:08,https://web.joongna.com/product/219814450,"다이슨 청소기 엉킴방지 나선형 브러시 미사용 정품입니다. v10슬림, 디지털슬림, v12슬림, sv18, sv20에 적합합니다.",V10,detail_text_code,200
다이슨 청소기,219814325,다이슨 청소기 정품 헤드,15000,3,판매완료,,2025-09-20 06:33:21,https://web.joongna.com/product/219814325,다이슨 청소기 정품 헤드입니다. 상태 양호합니다.,제품군 공통,product_group,200
다이슨 청소기,219799647,다이슨무선청소기 v10 풀세트,180000,3,판매완료,,2025-09-19 20:53:36,https://web.joongna.com/product/219799647,,V10,text_code,not_requested
다이슨 청소기,219798461,다이슨 V8 플러피 무선 청소기,85000,3,판매완료,,2025-09-19 20:33:53,https://web.joongna.com/product/219798461,,V8,text_code,not_requested
다이슨 청소기,219798305,다이슨 V6 플러피 무선 청소기,110000,3,판매완료,,2025-09-19 20:31:07,https://web.joongna.com/product/219798305,다이슨 V6 플러피 무선 청소기입니다 깨끗하고 성능 좋습니다 가볍고 무선이라 사용하기 편리합니다 구성품과 청소를 1개 더 드립니다,V6,text_code,200
다이슨 청소기,219560321,새상품 다이슨 청소기 다이슨 마이크로 니켈,360000,3,판매완료,,2025-09-19 10:40:29,https://web.joongna.com/product/219560321,두달전에 이사하면서 선물받음. 기존 V12쓰는데 손목아파서 마이크로 쓸까말까 두달 고민하다가 팝니다. 화물택배로 보내드려요 새상품 박스아예 뜯지도 않았어요,V12,detail_text_code,200
다이슨 청소기,218787553,다이슨청소기 헤드 LED,15000,0,판매중,서종면,2025-09-18 17:57:59,https://web.joongna.com/product/218787553,"다이슨청소기 헤드 LED 싱글 V7 V8 V10 V11 모델에 호환되는 제품입니다. 몇번 사용 안했는데 밧데리와 타 부품을 또 교체해야하는 상황이라 청소기를 정리하려합니다. 이외에도 물걸레 헤드(30,000원), 머리카락 엉킴방지헤드(30,000원)도 있습니다.",V7,detail_text_code,200
다이슨 청소기,219132149,다이슨V8본체/배터리10분사용/다이슨청소기본체,45000,3,판매완료,,2025-09-17 14:43:45,https://web.joongna.com/product/219132149,,V8,text_code,not_requested
다이슨 청소기,219085370,택포 다이슨 v7 v8 무선청소기 본체 싸이클론 단품,13500,3,판매완료,,2025-09-16 22:17:11,https://web.joongna.com/product/219085370,,V7,text_code,not_requested
다이슨 청소기,219606918,"청소기 다이슨 V6,v7,v8,v10 배터리 내놓습니다",28000,3,판매완료,,2025-09-16 22:39:41,https://web.joongna.com/product/219606918,,V6,text_code,not_requested
다이슨 청소기,219606560,다이슨무선청소기 v10.정품스탠드거치대포함,200000,3,판매완료,,2025-09-16 22:33:29,https://web.joongna.com/product/219606560,,V10,text_code,not_requested
다이슨 청소기,219569365,다이슨 V10(SV12)무선청소기 풀세트,190000,3,판매완료,,2025-09-16 12:39:29,https://web.joongna.com/product/219569365,,V10,text_code,not_requested
다이슨 청소기,218656409,다이슨dc62청소기 (밧데리 교체요망),50000,3,판매완료,목감동,2025-09-16 06:08:30,https://web.joongna.com/product/218656409,,DC62,text_code,not_requested
다이슨 청소기,219511911,다이슨 무선청소기 필터,10000,3,판매완료,,2025-09-15 15:13:46,https://web.joongna.com/product/219511911,다이슨 V11과 V15에 호환되는 필터입니다 미개봉 새상품입니다,V11,detail_text_code,200
다이슨 청소기,219468835,다이슨유선청소기 DC22,30000,3,판매완료,,2025-09-14 21:32:19,https://web.joongna.com/product/219468835,,DC22,text_code,not_requested
다이슨 청소기,219447427,다이슨 무선 청소기 파워트리거 그린라이트 거치대 포함,100000,3,판매완료,방학제1동,2025-09-14 15:31:53,https://web.joongna.com/product/219447427,"다이슨 무선 청소기입니다 전체적으로 사용감은 사진으로 확인해주세요 배터리는 반년전 교체한 상태입니다. 남이 쓰던 중고 청소기... 머리카락 엉킴에 피부 각질 뭉쳐서 떡진 거에 벌레 사체까지 냄새까지 구역질 나옵니다. 먼지 한톨 없이 분해 세척 및 기기 소독 완료된 제품으로 구입하세요. 꼼꼼하게 완전 분해해서 청소 세척해놔서 먼지통에 국밥 말아 먹을 수 있을 정도. ( ᐕ)੭ 새제품처럼 기분좋게 사용하실 수 있습니다. 청소 시작과 동시에 기분 좋은 향이 날거에요~♡ - 다이슨 트리거 락 장착 (레버만 댕겨주면 피로감 제로) - 다용도 청소 노즐 포함 - 그린 라이트 장착 (먼지가 한눈에 청소하는 재미까지) - 셀프 거치대 포함 (벽에 못 안박고도 잘 서있어요) - 청소기 방향제 처리 직거래 / 택배도 가능합니다 한손에 들고 가실 수 있게 포장해놨습니다. 가까우면 댁앞까지 실어다 드려요~๑>ᴗ<๑ 2011년 이후 14년 이상 1500개 이상 거래한 신용판매자입니다. 1년마다 한번씩 돌아오는 내무장관님 등짝 스매싱 피하기 위한 집안 클리어런스 세일입니다. 판매자 다른글보기로 다른 필요한 제품 함께 구매하시면 택배비 절약하실 수 있어요. 서울 방학역 가까우시면 직거래 가능합니다. (5만원 이상만) 부피가 크고 무거워서 택배비 5천원 구매자 부담입니다. 나머지 비용은 제가 댑니다. 배송료 입금 없고 별도로 언급 없으시면 착불로 보냅니다. 이 글을 보시고 계시다면 아직 판매되지 않은 상태입니다. 생업 중이다보니 카톡이나 쪽지, 덧글, 톡톡은 빠른 확인이 힘들어요. 대신 전화번호 문자주시면 비교적 빠른 답변 가능합니다. 010-4056-2374 급하지 않은 판매건으로 알아서 한번씩 가격 내립니다. 네고, 교환 문자 제발 주지 마세요. 답장 드리지 않습니다. 중고나라앱 사용 안합니다. 외부 사이트 거래 유도하는 문자나 채팅은 사기로 간주하고 다 차단합니다.",제품군 공통,product_group,200
다이슨 청소기,219446927,다이슨 V6 무선 청소기 판매,40000,3,판매완료,,2025-09-14 15:23:25,https://web.joongna.com/product/219446927,,V6,text_code,not_requested
다이슨 청소기,219360294,다이슨 V6 무선 청소기 풀셋,40000,3,판매완료,광교1동,2025-09-14 13:45:01,https://web.joongna.com/product/219360294,,V6,text_code,not_requested
다이슨 청소기,219360252,다이슨 v8 무선 청소기 거치대 포함,100000,3,판매완료,광교1동,2025-09-14 13:45:11,https://web.joongna.com/product/219360252,,V8,text_code,not_requested
다이슨 청소기,219425012,다이슨 V11 청소기 220 air watts,300000,3,판매완료,,2025-09-14 09:43:00,https://web.joongna.com/product/219425012,,V11,text_code,not_requested
다이슨 청소기,219417310,다이슨 무선청소기 V12 디텍트 (2회사용),440000,3,판매완료,,2025-09-14 01:53:03,https://web.joongna.com/product/219417310,,V12,text_code,not_requested
다이슨 청소기,219409469,"청소기 다이슨 V6,v7,v8,v10 배터리 내놓습니다",28000,3,판매완료,,2025-09-13 22:18:42,https://web.joongna.com/product/219409469,,V6,text_code,not_requested
다이슨 청소기,219277983,다이슨 v8 무선청소기 팝니다,120000,0,판매중,곡선동,2025-09-13 21:22:41,https://web.joongna.com/product/219277983,,V8,text_code,not_requested
다이슨 청소기,219364262,다이슨 무선 청소기 파워트리거 그린라이트 거치대 포함,100000,3,판매완료,방학제1동,2025-09-13 09:34:37,https://web.joongna.com/product/219364262,"다이슨 무선 청소기입니다 전체적으로 사용감은 사진으로 확인해주세요 배터리는 반년전 교체한 상태입니다. 남이 쓰던 중고 청소기... 머리카락 엉킴에 피부 각질 뭉쳐서 떡진 거에 벌레 사체까지 냄새까지 구역질 나옵니다. 먼지 한톨 없이 분해 세척 및 기기 소독 완료된 제품으로 구입하세요. 꼼꼼하게 완전 분해해서 청소 세척해놔서 먼지통에 국밥 말아 먹을 수 있을 정도. ( ᐕ)੭ 새제품처럼 기분좋게 사용하실 수 있습니다. 청소 시작과 동시에 기분 좋은 향이 날거에요~♡ - 다이슨 트리거 락 장착 (레버만 댕겨주면 피로감 제로) - 다용도 청소 노즐 포함 - 그린 라이트 장착 (먼지가 한눈에 청소하는 재미까지) - 셀프 거치대 포함 (벽에 못 안박고도 잘 서있어요) - 청소기 방향제 처리 직거래 / 택배도 가능합니다 한손에 들고 가실 수 있게 포장해놨습니다. 가까우면 댁앞까지 실어다 드려요~๑>ᴗ<๑ 2011년 이후 14년 이상 1500개 이상 거래한 신용판매자입니다. 1년마다 한번씩 돌아오는 내무장관님 등짝 스매싱 피하기 위한 집안 클리어런스 세일입니다. 판매자 다른글보기로 다른 필요한 제품 함께 구매하시면 택배비 절약하실 수 있어요. 서울 방학역 가까우시면 직거래 가능합니다. (5만원 이상만) 부피가 크고 무거워서 택배비 5천원 구매자 부담입니다. 나머지 비용은 제가 댑니다. 배송료 입금 없고 별도로 언급 없으시면 착불로 보냅니다. 이 글을 보시고 계시다면 아직 판매되지 않은 상태입니다. 생업 중이다보니 카톡이나 쪽지, 덧글, 톡톡은 빠른 확인이 힘들어요. 대신 전화번호 문자주시면 비교적 빠른 답변 가능합니다. 010-4056-2374 급하지 않은 판매건으로 알아서 한번씩 가격 내립니다. 네고, 교환 문자 제발 주지 마세요. 답장 드리지 않습니다. 중고나라앱 사용 안합니다. 외부 사이트 거래 유도하는 문자나 채팅은 사기로 간주하고 다 차단합니다.",제품군 공통,product_group,200
다이슨 청소기,219350367,다이슨무선청소기 sv10 v8 풀세트 배터리 새제품,150000,3,판매완료,,2025-09-12 22:34:46,https://web.joongna.com/product/219350367,,SV10,text_code,not_requested
다이슨 청소기,219330388,다이슨 청소기 파워트리거 + 그린라이트 + 거치대 포함,100000,3,판매완료,방학제1동,2025-09-12 16:33:44,https://web.joongna.com/product/219330388,"다이슨 무선 청소기입니다 전체적으로 사용감은 사진으로 확인해주세요 배터리는 반년전 교체한 상태입니다. 남이 쓰던 중고 청소기... 머리카락 엉킴에 피부 각질 뭉쳐서 떡진 거에 벌레 사체까지 냄새까지 구역질 나옵니다. 먼지 한톨 없이 분해 세척 및 기기 소독 완료된 제품으로 구입하세요. 꼼꼼하게 완전 분해해서 청소 세척해놔서 먼지통에 국밥 말아 먹을 수 있을 정도. ( ᐕ)੭ 새제품처럼 기분좋게 사용하실 수 있습니다. 청소 시작과 동시에 기분 좋은 향이 날거에요~♡ - 다이슨 트리거 락 장착 (레버만 댕겨주면 피로감 제로) - 다용도 청소 노즐 포함 - 그린 라이트 장착 (먼지가 한눈에 청소하는 재미까지) - 충전 거치 스테이션 포함 - 셀프 거치대 포함 (벽에 못 안박고도 잘 서있어요) - 청소기 방향제 처리 직거래 / 택배도 가능합니다 한손에 들고 가실 수 있게 포장해놨습니다. 가까우면 댁앞까지 실어다 드려요~๑>ᴗ<๑ 2011년 이후 14년 이상 1500개 이상 거래한 신용판매자입니다. 1년마다 한번씩 돌아오는 내무장관님 등짝 스매싱 피하기 위한 집안 클리어런스 세일입니다. 판매자 다른글보기로 다른 필요한 제품 함께 구매하시면 택배비 절약하실 수 있어요. 서울 방학역 가까우시면 직거래 가능합니다. (5만원 이상만) 부피가 크고 무거워서 택배비 5천원 구매자 부담입니다. 나머지 비용은 제가 댑니다. 배송료 입금 없고 별도로 언급 없으시면 착불로 보냅니다. 이 글을 보시고 계시다면 아직 판매되지 않은 상태입니다. 생업 중이다보니 카톡이나 쪽지, 덧글, 톡톡은 빠른 확인이 힘들어요. 대신 전화번호 문자주시면 비교적 빠른 답변 가능합니다. 010-4056-2374 급하지 않은 판매건으로 알아서 한번씩 가격 내립니다. 네고, 교환 문자 제발 주지 마세요. 답장 드리지 않습니다. 중고나라앱 사용 안합니다. 외부 사이트 거래 유도하는 문자나 채팅은 사기로 간주하고 다 차단합니다.",제품군 공통,product_group,200
다이슨 청소기,219324934,다이슨 V8 무선청소기 본체,40000,3,판매완료,,2025-09-12 15:04:59,https://web.joongna.com/product/219324934,,V8,text_code,not_requested
다이슨 청소기,219301139,다이슨무선청소기 정품 소프트롤러헤드,35000,3,판매완료,,2025-09-12 09:06:53,https://web.joongna.com/product/219301139,"📢 제목에 ""제조사/ 브랜드 명""과 ""상품명(ex. 3000시리즈 전동 면도기)”을 넣어 작성하면, 보다 빠른 판매가 가능합니다! 📢 게시글 작성 시 배송 방법에 “직거래”와 “내 위치” 설정할 경우, 보다 빠른 판매가 가능합니다!",제품군 공통,product_group,200
다이슨 청소기,219297696,다이슨무선청소기 Submarine 물청소헤드 미사용품 택포,65000,3,판매완료,,2025-09-12 07:45:09,https://web.joongna.com/product/219297696,"📢 제목에 ""제조사/ 브랜드 명""과 ""상품명(ex. 3000시리즈 전동 면도기)”을 넣어 작성하면, 보다 빠른 판매가 가능합니다! 📢 게시글 작성 시 배송 방법에 “직거래”와 “내 위치” 설정할 경우, 보다 빠른 판매가 가능합니다!",제품군 공통,product_group,200
다이슨 청소기,217462189,다이슨 마이크로 무선청소기(니켈),420000,3,판매완료,용암1동,2025-09-12 00:34:26,https://web.joongna.com/product/217462189,다이슨 마이크로 무선청소기(니켈) - 새상품 입니다.,제품군 공통,product_group,200
다이슨 청소기,219290856,"청소기 다이슨 V6,v7,v8,v10 배터리 내놓습니다",28000,3,판매완료,,2025-09-11 23:50:49,https://web.joongna.com/product/219290856,,V6,text_code,not_requested
다이슨 청소기,219289481,다이슨 V8 슬림 플러피 플러스 무선 청소기,150000,3,판매완료,광교1동,2025-09-11 23:22:02,https://web.joongna.com/product/219289481,,V8,text_code,not_requested
다이슨 청소기,219237935,다이슨 청소기V7 팝니다.,60000,3,판매완료,,2025-09-11 09:16:13,https://web.joongna.com/product/219237935,,V7,text_code,not_requested
다이슨 청소기,219197111,다이슨무선청소기 Submarine 물청소헤드 미사용품 택포,65000,3,판매완료,,2025-09-10 15:24:25,https://web.joongna.com/product/219197111,"📢 제목에 ""제조사/ 브랜드 명""과 ""상품명(ex. 3000시리즈 전동 면도기)”을 넣어 작성하면, 보다 빠른 판매가 가능합니다! 📢 게시글 작성 시 배송 방법에 “직거래”와 “내 위치” 설정할 경우, 보다 빠른 판매가 가능합니다!",제품군 공통,product_group,200
다이슨 청소기,219186209,다이슨 청소기V7 팝니다.,60000,3,판매완료,,2025-09-10 12:43:16,https://web.joongna.com/product/219186209,,V7,text_code,not_requested
다이슨 청소기,219180442,다이슨청소기 충전기 어댑터 217160-07 v10 v11용 판매(택포 2.5),25000,3,판매완료,,2025-09-10 11:15:18,https://web.joongna.com/product/219180442,,V10,text_code,not_requested
다이슨 청소기,219164027,.정품 다이슨 V10 무선 청소기 본체와 배터리 판매 합니다,90000,3,판매완료,,2025-09-10 01:22:44,https://web.joongna.com/product/219164027,,V10,text_code,not_requested
다이슨 청소기,219163924,다이슨무선청소기 v10.정품스탠드거치대포함,210000,3,판매완료,,2025-09-10 01:16:15,https://web.joongna.com/product/219163924,,V10,text_code,not_requested
다이슨 청소기,219152325,다이슨 진공청소기 dc63 헤드 호스,20000,3,판매완료,방화제3동,2025-09-09 21:14:07,https://web.joongna.com/product/219152325,,DC63,text_code,not_requested
다이슨 청소기,219141749,배터리새상품)다이슨 정품 앱솔루트 무선청소기,145000,3,판매완료,,2025-09-09 18:14:41,https://web.joongna.com/product/219141749,"📢 제목에 ""제조사/ 브랜드 명""과 ""상품명(ex. 3000시리즈 전동 면도기)”을 넣어 작성하면, 보다 빠른 판매가 가능합니다! 📢 게시글 작성 시 배송 방법에 “직거래”와 “내 위치” 설정할 경우, 보다 빠른 판매가 가능합니다! 다이슨 무선 청소기 앱솔루트입니다. 틈새 브러쉬, 메인 브러쉬, 충전기, 벽거치대까지 빠짐없이 다 드립니다. 흡입력 좋고 사용하기 편리해서 만족하실 거예요. 다이슨중 최고로 안전성 높은 제품이며 배터리는 새것 미사용입니다 별도 문의 없으시면 바로 안전결제 부탁드려요! 기본적인 청소다해놔서 그냥 가져다 바로 쓰시면됩니다 고장없고 편안하게 쓰시면됩니다 중고 제품이니 생활기스및 세월의 흔적은 있을 수 있는 점 양해 부탁드리며.성능에 이상 있는경우가 아니면 교환 환불 어려운점 참고 바랍니다 주의사항 ) max모드시 배터리 수명이 빨리 닳으니 가급적 일반모드로 사용하시고, 가급적 방전시키지 마시기바랍니다 배터리 수명 급격히 떨어집니다. 추운날씨 외부 베란다 에서 보관시 방전 위험이 있습니다 사제거치대 필요하심 추가 만원에 드리겠습니다 🚨회원님의 거래 게시글을 노린 중고나라 운영진 사칭 피싱 사이트를 주의하세요🚨",제품군 공통,product_group,200
다이슨 청소기,219139276,다이슨 Wash G1 무선청소기,300000,3,판매완료,갈매동,2025-09-09 17:32:17,https://web.joongna.com/product/219139276,,WASH_G1,text_variant,not_requested
다이슨 청소기,219123022,케이락 S1 다이슨청소기 거치대,5000,3,판매완료,대야동,2025-09-09 13:15:24,https://web.joongna.com/product/219123022,"케이락 S1 다이슨청소기 거치대입니다 다이슨 V7, V8, V10, V11, V12, V15, 드리미, 디베아 호환 가능합니다 - 색상: 블랙 - 재질: 알루미늄(지지대), 플라스틱(받침대, 상판) - 바닥 고정: 특수 Micro Nano Pad 부착 택비+4000원",V7,detail_text_code,200
다이슨 청소기,218809236,다이슨 무선청소기 MICRO 1.5,230000,3,판매완료,별내동,2025-09-09 08:45:48,https://web.joongna.com/product/218809236,,MICRO_1.5KG,text_variant,not_requested
다이슨 청소기,219078904,다이슨 펜슬백 플러피콘 무선청소기 새상품,690000,3,판매완료,,2025-09-08 18:57:01,https://web.joongna.com/product/219078904,"📢 제목에 ""제조사/ 브랜드 명""과 ""상품명(ex. 3000시리즈 전동 면도기)”을 넣어 작성하면, 보다 빠른 판매가 가능합니다! 📢 게시글 작성 시 배송 방법에 “직거래”와 “내 위치” 설정할 경우, 보다 빠른 판매가 가능합니다! 배송비포함 가격입니다. 직거래 원하시면 인천 . 안산 가능합니다 배송 전 제품이라 직거래는 제가 배송 받고 가능합니다. 🚨회원님의 거래 게시글을 노린 중고나라 운영진 사칭 피싱 사이트를 주의하세요🚨",PENCILVAC,text_variant,200
다이슨 청소기,219067508,다이슨 무선 청소기,100000,3,판매완료,방학제1동,2025-09-08 15:57:54,https://web.joongna.com/product/219067508,"다이슨 무선 청소기 판매합니다. 배터리는 반년 전 교체했습니다. 구성품은 본체, 긴 막대, 여러 종류의 청소 헤드, 필터, 충전기가 있습니다. 먼지 한톨 없이 분해 세척 및 기기 소독 완료된 제품으로 구입하세요. 꼼꼼하게 완전 분해해서 청소 세척해놔서 먼지통에 밥 말아 먹을 수 있을 정도. ( ᐕ)੭ 전체적인 사용감은 사진으로 확인해주세요 배터리는 반년전 교체한 상태입니다 새제품처럼 기분좋게 사용하실 수 있습니다. 청소 시작과 동시에 기분 좋은 향이 날거에요~♡ - 다이슨 파워 트리거 장착 (레버 당겨놓으면 손가락 스트레스 제로) - 핸디형으로 쓸 수 있는 크레바스 툴 포함 - 충전 거치 스테이션 포함 - 청소기 방향제 처리 2011년 이후 15년 이상 1500개 이상 거래한 신용판매자입니다. 1년마다 한번씩 돌아오는 내무장관님 등짝 스매싱 피하기 위한 집안 클리어런스 세일입니다. 판매자 다른글보기로 다른 필요한 제품 함께 구매하시면 택배비 절약하실 수 있어요. 서울 방학역 가까우시면 직거래 가능합니다. (5만원 이상만) 부피가 크고 무거워서 택배비 5천원 구매자 부담입니다. 나머지 비용은 제가 댑니다. 배송료 입금 없고 별도로 언급 없으시면 착불로 보냅니다. 이 글을 보시고 계시다면 아직 판매되지 않은 상태입니다. 생업 중이다보니 카톡이나 쪽지, 덧글, 톡톡은 빠른 확인이 힘들어요. 대신 전화번호 문자주시면 비교적 빠른 답변 가능합니다. 010-4056-2374 급하지 않은 판매건으로 알아서 한번씩 가격 내립니다. 네고, 교환 문자 제발 주지 마세요. 답장 드리지 않습니다. 중고나라앱 사용 안합니다. 외부 사이트 거래 유도하는 문자나 채팅은 사기로 간주하고 다 차단합니다.",제품군 공통,product_group,200
다이슨 청소기,219062049,배터리새상품)다이슨 정품 앱솔루트 무선청소기,145000,3,판매완료,,2025-09-08 14:35:45,https://web.joongna.com/product/219062049,"📢 제목에 ""제조사/ 브랜드 명""과 ""상품명(ex. 3000시리즈 전동 면도기)”을 넣어 작성하면, 보다 빠른 판매가 가능합니다! 📢 게시글 작성 시 배송 방법에 “직거래”와 “내 위치” 설정할 경우, 보다 빠른 판매가 가능합니다! 다이슨 무선 청소기 앱솔루트입니다. 틈새 브러쉬, 메인 브러쉬, 충전기, 벽거치대까지 빠짐없이 다 드립니다. 흡입력 좋고 사용하기 편리해서 만족하실 거예요. 다이슨중 최고로 안전성 높은 제품이며 배터리는 새것 미사용입니다 별도 문의 없으시면 바로 안전결제 부탁드려요! 기본적인 청소다해놔서 그냥 가져다 바로 쓰시면됩니다 고장없고 편안하게 쓰시면됩니다 중고 제품이니 생활기스및 세월의 흔적은 있을 수 있는 점 양해 부탁드리며.성능에 이상 있는경우가 아니면 교환 환불 어려운점 참고 바랍니다 주의사항 ) max모드시 배터리 수명이 빨리 닳으니 가급적 일반모드로 사용하시고, 가급적 방전시키지 마시기바랍니다 배터리 수명 급격히 떨어집니다. 추운날씨 외부 베란다 에서 보관시 방전 위험이 있습니다 사제거치대 필요하심 추가 만원에 드리겠습니다 🚨회원님의 거래 게시글을 노린 중고나라 운영진 사칭 피싱 사이트를 주의하세요🚨",제품군 공통,product_group,200
다이슨 청소기,219062040,A급)초경량 초예쁨 다이슨 옴니 글라이드 무선청소기 풀세트,230000,3,판매완료,,2025-09-08 14:35:31,https://web.joongna.com/product/219062040,,OMNI_GLIDE,text_variant,not_requested
다이슨 청소기,219060857,다이슨무선청소기 v10.정품스탠드거치대포함,210000,3,판매완료,,2025-09-08 14:19:38,https://web.joongna.com/product/219060857,,V10,text_code,not_requested
다이슨 청소기,219049418,(택포)다이슨 V7 진공청소기 배터리(새상품),30000,3,판매완료,반여제1동,2025-09-08 11:31:40,https://web.joongna.com/product/219049418,,V7,text_code,not_requested
다이슨 청소기,219031890,다이슨무선청소기 v10 v11 정품배터리,35000,3,판매완료,,2025-09-08 00:39:59,https://web.joongna.com/product/219031890,,V10,text_code,not_requested
다이슨 청소기,219018193,다이슨 무선청소기 v6 모터헤드+ 정품 연결봉(완드봉),13000,3,판매완료,,2025-09-07 20:16:00,https://web.joongna.com/product/219018193,,V6,text_code,not_requested
다이슨 청소기,219000531,다이슨 V11 청소기팝니다. 모터교체 + 새배터리,250000,3,판매완료,,2025-09-07 15:13:18,https://web.joongna.com/product/219000531,,V11,text_code,not_requested
다이슨 청소기,218990354,배터리새상품)다이슨 정품 앱솔루트 무선청소기,145000,3,판매완료,,2025-09-07 12:35:33,https://web.joongna.com/product/218990354,"📢 제목에 ""제조사/ 브랜드 명""과 ""상품명(ex. 3000시리즈 전동 면도기)”을 넣어 작성하면, 보다 빠른 판매가 가능합니다! 📢 게시글 작성 시 배송 방법에 “직거래”와 “내 위치” 설정할 경우, 보다 빠른 판매가 가능합니다! 다이슨 무선 청소기 앱솔루트입니다. 틈새 브러쉬, 메인 브러쉬, 충전기, 벽거치대까지 빠짐없이 다 드립니다. 흡입력 좋고 사용하기 편리해서 만족하실 거예요. 다이슨중 최고로 안전성 높은 제품이며 배터리는 새것 미사용입니다 별도 문의 없으시면 바로 안전결제 부탁드려요! 기본적인 청소다해놔서 그냥 가져다 바로 쓰시면됩니다 고장없고 편안하게 쓰시면됩니다 중고 제품이니 생활기스및 세월의 흔적은 있을 수 있는 점 양해 부탁드리며.성능에 이상 있는경우가 아니면 교환 환불 어려운점 참고 바랍니다 주의사항 ) max모드시 배터리 수명이 빨리 닳으니 가급적 일반모드로 사용하시고, 가급적 방전시키지 마시기바랍니다 배터리 수명 급격히 떨어집니다. 추운날씨 외부 베란다 에서 보관시 방전 위험이 있습니다 사제거치대 필요하심 추가 만원에 드리겠습니다 🚨회원님의 거래 게시글을 노린 중고나라 운영진 사칭 피싱 사이트를 주의하세요🚨",제품군 공통,product_group,200
다이슨 청소기,218975528,다이슨무선청소기 정품 소프트롤러헤드,35000,3,판매완료,,2025-09-07 07:50:02,https://web.joongna.com/product/218975528,"📢 제목에 ""제조사/ 브랜드 명""과 ""상품명(ex. 3000시리즈 전동 면도기)”을 넣어 작성하면, 보다 빠른 판매가 가능합니다! 📢 게시글 작성 시 배송 방법에 “직거래”와 “내 위치” 설정할 경우, 보다 빠른 판매가 가능합니다!",제품군 공통,product_group,200
다이슨 청소기,218975512,다이슨무선청소기 v11풀세트,250000,3,판매완료,,2025-09-07 07:49:25,https://web.joongna.com/product/218975512,,V11,text_code,not_requested
다이슨 청소기,218975416,다이슨무선청소기 sv10 v8 풀세트 배터리 새제품,140000,3,판매완료,,2025-09-07 07:44:09,https://web.joongna.com/product/218975416,,SV10,text_code,not_requested
다이슨 청소기,218974689,다이슨 옴니 글라이드 청소기 팝니다,180000,3,판매완료,,2025-09-07 07:01:02,https://web.joongna.com/product/218974689,,OMNI_GLIDE,text_variant,not_requested
다이슨 청소기,218970780,.정품 다이슨 V10 무선 청소기 본체와 배터리 판매 합니다,9999,3,판매완료,,2025-09-07 00:35:02,https://web.joongna.com/product/218970780,,V10,text_code,not_requested
다이슨 청소기,218965450,"청소기 다이슨 V6,V7,V8,V10 배터리 내놓습니다",28000,0,판매중,,2025-09-06 22:37:07,https://web.joongna.com/product/218965450,,V6,text_code,not_requested
다이슨 청소기,218962708,다이슨 V6 무선 청소기 판매,40000,3,판매완료,,2025-09-06 21:43:29,https://web.joongna.com/product/218962708,,V6,text_code,not_requested
다이슨 청소기,218955820,다이슨 무선 청소기,100000,3,판매완료,방학제1동,2025-09-06 19:32:06,https://web.joongna.com/product/218955820,"다이슨 무선 청소기 판매합니다. 배터리는 반년 전 교체했습니다. 구성품은 본체, 긴 막대, 여러 종류의 청소 헤드, 필터, 충전기가 있습니다. 먼지 한톨 없이 분해 세척 및 기기 소독 완료된 제품으로 구입하세요. 꼼꼼하게 완전 분해해서 청소 세척해놔서 먼지통에 밥 말아 먹을 수 있을 정도. ( ᐕ)੭ 전체적인 사용감은 사진으로 확인해주세요 배터리는 반년전 교체한 상태입니다 새제품처럼 기분좋게 사용하실 수 있습니다. 청소 시작과 동시에 기분 좋은 향이 날거에요~♡ - 다이슨 파워 트리거 장착 (레버 당겨놓으면 손가락 스트레스 제로) - 핸디형으로 쓸 수 있는 크레바스 툴 포함 - 충전 거치 스테이션 포함 - 청소기 방향제 처리 2011년 이후 15년 이상 1500개 이상 거래한 신용판매자입니다. 1년마다 한번씩 돌아오는 내무장관님 등짝 스매싱 피하기 위한 집안 클리어런스 세일입니다. 판매자 다른글보기로 다른 필요한 제품 함께 구매하시면 택배비 절약하실 수 있어요. 서울 방학역 가까우시면 직거래 가능합니다. (5만원 이상만) 부피가 크고 무거워서 택배비 5천원 구매자 부담입니다. 나머지 비용은 제가 댑니다. 배송료 입금 없고 별도로 언급 없으시면 착불로 보냅니다. 이 글을 보시고 계시다면 아직 판매되지 않은 상태입니다. 생업 중이다보니 카톡이나 쪽지, 덧글, 톡톡은 빠른 확인이 힘들어요. 대신 전화번호 문자주시면 비교적 빠른 답변 가능합니다. 010-4056-2374 급하지 않은 판매건으로 알아서 한번씩 가격 내립니다. 네고, 교환 문자 제발 주지 마세요. 답장 드리지 않습니다. 중고나라앱 사용 안합니다. 외부 사이트 거래 유도하는 문자나 채팅은 사기로 간주하고 다 차단합니다.",제품군 공통,product_group,200
다이슨 청소기,218935150,A급)초경량 초예쁨 다이슨 옴니 글라이드 무선청소기 풀세트,230000,3,판매완료,,2025-09-06 13:25:57,https://web.joongna.com/product/218935150,,OMNI_GLIDE,text_variant,not_requested
다이슨 청소기,218935189,A급)초경량 초예쁨 다이슨 옴니 글라이드 무선청소기 풀세트,230000,3,판매완료,,2025-09-06 13:25:57,https://web.joongna.com/product/218935189,,OMNI_GLIDE,text_variant,not_requested
다이슨 청소기,218886972,다이슨V8본체/배터리10분사용/다이슨청소기본체,48000,3,판매완료,,2025-09-06 09:50:49,https://web.joongna.com/product/218886972,,V8,text_code,not_requested
다이슨 청소기,218911135,배터리새상품)다이슨 정품 앱솔루트 무선청소기,145000,3,판매완료,,2025-09-06 00:19:19,https://web.joongna.com/product/218911135,"📢 제목에 ""제조사/ 브랜드 명""과 ""상품명(ex. 3000시리즈 전동 면도기)”을 넣어 작성하면, 보다 빠른 판매가 가능합니다! 📢 게시글 작성 시 배송 방법에 “직거래”와 “내 위치” 설정할 경우, 보다 빠른 판매가 가능합니다! 다이슨 무선 청소기 앱솔루트입니다. 틈새 브러쉬, 메인 브러쉬, 충전기, 벽거치대까지 빠짐없이 다 드립니다. 흡입력 좋고 사용하기 편리해서 만족하실 거예요. 다이슨중 최고로 안전성 높은 제품이며 배터리는 새것 미사용입니다 별도 문의 없으시면 바로 안전결제 부탁드려요! 기본적인 청소다해놔서 그냥 가져다 바로 쓰시면됩니다 고장없고 편안하게 쓰시면됩니다 중고 제품이니 생활기스및 세월의 흔적은 있을 수 있는 점 양해 부탁드리며.성능에 이상 있는경우가 아니면 교환 환불 어려운점 참고 바랍니다 주의사항 ) max모드시 배터리 수명이 빨리 닳으니 가급적 일반모드로 사용하시고, 가급적 방전시키지 마시기바랍니다 배터리 수명 급격히 떨어집니다. 추운날씨 외부 베란다 에서 보관시 방전 위험이 있습니다 사제거치대 필요하심 추가 만원에 드리겠습니다 🚨회원님의 거래 게시글을 노린 중고나라 운영진 사칭 피싱 사이트를 주의하세요🚨",제품군 공통,product_group,200
다이슨 청소기,217469756,다이슨 청소기 거치대,10000,3,판매완료,상암동,2025-09-05 22:58:42,https://web.joongna.com/product/217469756,다이슨 청소기 거치대입니다. 미사용 제품으로 박스에 보관되어 있습니다.,제품군 공통,product_group,200
다이슨 청소기,218900723,A급)초경량 초예쁨 다이슨 옴니 글라이드 무선청소기 풀세트,230000,3,판매완료,,2025-09-05 20:41:14,https://web.joongna.com/product/218900723,,OMNI_GLIDE,text_variant,not_requested
다이슨 청소기,218857432,다이슨무선청소기 v11풀세트,250000,3,판매완료,,2025-09-05 08:54:09,https://web.joongna.com/product/218857432,,V11,text_code,not_requested
다이슨 청소기,218849966,.정품 다이슨 V10 무선 청소기 본체와 배터리 판매 합니다,9999,3,판매완료,,2025-09-05 00:52:04,https://web.joongna.com/product/218849966,,V10,text_code,not_requested
다이슨 청소기,218837491,다이슨무선청소기 v10정품배터리,20000,3,판매완료,,2025-09-04 20:44:24,https://web.joongna.com/product/218837491,,V10,text_code,not_requested
다이슨 청소기,218831741,A급)초경량 초예쁨 다이슨 옴니 글라이드 무선청소기 풀세트,230000,3,판매완료,,2025-09-04 19:02:15,https://web.joongna.com/product/218831741,,OMNI_GLIDE,text_variant,not_requested
다이슨 청소기,218817482,"청소기 다이슨 V6,V7,V8,V10 배터리 내놓습니다",28000,3,판매완료,,2025-09-04 15:04:10,https://web.joongna.com/product/218817482,,V6,text_code,not_requested
다이슨 청소기,218802425,다이슨 청소기 v12 팝니다,500000,3,판매완료,,2025-09-04 11:21:14,https://web.joongna.com/product/218802425,,V12,text_code,not_requested
다이슨 청소기,218771640,.정품 다이슨 V10 무선 청소기 본체와 배터리 판매 합니다,9999,3,판매완료,,2025-09-03 20:16:47,https://web.joongna.com/product/218771640,,V10,text_code,not_requested
다이슨 청소기,218766841,다이슨 디지털 슬림 플러피 플러스 청소기 판매,200000,3,판매완료,,2025-09-03 18:50:52,https://web.joongna.com/product/218766841,,DIGITAL_SLIM,text_variant,not_requested
다이슨 청소기,218722484,다이슨 펜슬백 플러피 콘 무선청소기,700000,0,판매중,,2025-09-03 04:51:11,https://web.joongna.com/product/218722484,"📢 제목에 ""제조사/ 브랜드 명""과 ""상품명(ex. 3000시리즈 전동 면도기)”을 넣어 작성하면, 보다 빠른 판매가 가능합니다! 📢 게시글 작성 시 배송 방법에 “직거래”와 “내 위치” 설정할 경우, 보다 빠른 판매가 가능합니다! 배송비포함 가격입니다. 직거래 원하시면 인천 . 안산 가능합니다 배송 전 제품이라 직거래는 제가 배송 받고 가능합니다. 🚨회원님의 거래 게시글을 노린 중고나라 운영진 사칭 피싱 사이트를 주의하세요🚨",PENCILVAC,text_variant,200
다이슨 청소기,218656628,다이슨 펜슬백 플러피 콘 무선청소기,700000,3,판매완료,,2025-09-02 06:58:12,https://web.joongna.com/product/218656628,"📢 제목에 ""제조사/ 브랜드 명""과 ""상품명(ex. 3000시리즈 전동 면도기)”을 넣어 작성하면, 보다 빠른 판매가 가능합니다! 📢 게시글 작성 시 배송 방법에 “직거래”와 “내 위치” 설정할 경우, 보다 빠른 판매가 가능합니다! 배송비포함 가격입니다. 직거래 원하시면 인천 . 안산 가능합니다 배송 전 제품이라 직거래는 제가 배송 받고 가능합니다. 🚨회원님의 거래 게시글을 노린 중고나라 운영진 사칭 피싱 사이트를 주의하세요🚨",PENCILVAC,text_variant,200
다이슨 청소기,218638359,A급)초경량 초예쁨 다이슨 옴니 글라이드 무선청소기 풀세트,230000,3,판매완료,,2025-09-01 20:10:46,https://web.joongna.com/product/218638359,,OMNI_GLIDE,text_variant,not_requested
다이슨 청소기,218555098,다이슨 V8 플러피 Pro 무선 청소기,111111,3,판매완료,평동,2025-09-01 16:25:07,https://web.joongna.com/product/218555098,,V8,text_code,not_requested
다이슨 청소기,218594106,"청소기 다이슨 V6,V7,V8,V10 배터리 내놓습니다",28000,3,판매완료,,2025-09-01 08:30:01,https://web.joongna.com/product/218594106,,V6,text_code,not_requested
다이슨 청소기,218579737,다이슨 디지털 슬림 플러피 플러스 무선 청소기,220000,3,판매완료,,2025-08-31 21:58:27,https://web.joongna.com/product/218579737,,DIGITAL_SLIM,text_variant,not_requested
다이슨 청소기,218554424,A급)초경량 초예쁨 다이슨 옴니 글라이드 무선청소기 풀세트,230000,3,판매완료,,2025-08-31 14:46:12,https://web.joongna.com/product/218554424,,OMNI_GLIDE,text_variant,not_requested
다이슨 청소기,218535752,"다이슨 v12 청소기 정품 거치대,툴,충전기",90000,3,판매완료,,2025-08-31 09:51:27,https://web.joongna.com/product/218535752,,V12,text_code,not_requested
다이슨 청소기,218523661,A급)초경량 초예쁨 다이슨 옴니 글라이드 무선청소기 풀세트,230000,3,판매완료,,2025-08-30 23:41:52,https://web.joongna.com/product/218523661,,OMNI_GLIDE,text_variant,not_requested
다이슨 청소기,218485374,다이슨무선청소기 sv10 v8 풀세트.배터리새제품,150000,3,판매완료,,2025-08-30 12:01:35,https://web.joongna.com/product/218485374,,SV10,text_code,not_requested
다이슨 청소기,218483621,다이슨무선청소기 옴니글라이드 판매,170000,3,판매완료,,2025-08-30 11:35:29,https://web.joongna.com/product/218483621,,OMNI_GLIDE,text_variant,not_requested
다이슨 청소기,217994345,다이슨 V6 무선 청소기,100000,0,판매중,,2025-08-29 17:53:18,https://web.joongna.com/product/217994345,다 이선 V6 무선 청소기 집에서 깔끔하게 써서 키스도 없습니다. 잘 돌아가 구요. 배터리도 상태가 좋습니다.,V6,text_code,200
다이슨 청소기,218421415,다이슨 로봇청소기 360 비즈 나브,900000,3,판매완료,불당1동,2025-08-29 10:49:47,https://web.joongna.com/product/218421415,"📢 제목에 ""제조사/ 브랜드 명""과 ""상품명(ex. 3000시리즈 전동 면도기)”을 넣어 작성하면, 보다 빠른 판매가 가능합니다! 📢 게시글 작성 시 배송 방법에 “직거래”와 “내 위치” 설정할 다이슨 로봇청소기 360 비즈 나브 미개봉 새상품",360_VIS_NAV,text_variant,200
다이슨 청소기,218411897,"청소기 다이슨 V6,V7,V8,V10 배터리 내놓습니다",28000,3,판매완료,,2025-08-29 07:52:02,https://web.joongna.com/product/218411897,,V6,text_code,not_requested
다이슨 청소기,218407771,정품 다이슨 v7 무선 청소기 본체/ V10 무선 청소기 본체와 배터리 판매 합니다,99999,3,판매완료,,2025-08-29 01:23:58,https://web.joongna.com/product/218407771,,V7,text_code,not_requested
다이슨 청소기,218395974,다이슨무선청소기 v8본체,40000,3,판매완료,,2025-08-28 20:58:18,https://web.joongna.com/product/218395974,,V8,text_code,not_requested
다이슨 청소기,218378329,다이슨 v10청소기,220000,3,판매완료,,2025-08-28 15:57:59,https://web.joongna.com/product/218378329,,V10,text_code,not_requested
다이슨 청소기,218375619,다이슨무선청소기 정품 소프트롤러헤드,35000,3,판매완료,,2025-08-28 15:13:19,https://web.joongna.com/product/218375619,"📢 제목에 ""제조사/ 브랜드 명""과 ""상품명(ex. 3000시리즈 전동 면도기)”을 넣어 작성하면, 보다 빠른 판매가 가능합니다! 📢 게시글 작성 시 배송 방법에 “직거래”와 “내 위치” 설정할 경우, 보다 빠른 판매가 가능합니다!",제품군 공통,product_group,200
다이슨 청소기,218339862,다이슨 g1 물걸레청소기,480000,3,판매완료,,2025-08-27 23:41:12,https://web.joongna.com/product/218339862,"📢 제목에 ""제조사/ 브랜드 명""과 ""상품명(ex. 3000시리즈 전동 면도기)”을 넣어 작성하면, 보다 빠른 판매가 가능합니다! 📢 게시글 작성 시 배송 방법에 “직거래”와 “내 위치” 설정할 경우, 보다 빠른 판매가 가능합니다! 🚨회원님의 거래 게시글을 노린 중고나라 운영진 사칭 피싱 사이트를 주의하세요🚨 미사용 미개봉 입니다 택포48만원이고 에눌문의 답장안해요",제품군 공통,product_group,200
다이슨 청소기,218314064,다이슨무선청소기 v10 v11 고토크모터헤드 거의새제품,39000,3,판매완료,,2025-08-27 16:09:29,https://web.joongna.com/product/218314064,,V10,text_code,not_requested
다이슨 청소기,218300442,다이슨 레이저빔 나오는 무선 청소기 판매합니다.,200000,3,판매완료,은행동,2025-08-27 12:50:23,https://web.joongna.com/product/218300442,직거래 경기도 시흥 은계지구 다이슨마이크로 제품중 성능이 제일 뛰어난 제품을 판매하고 있습니다. 레이저 빔 나오고 헤어스크툴 실사용3개월 정도 했고요 거치대 필름은 떼지도 않았습니다.기존 트리거 형태로 누르고 있는 상태로 작동 되는 게 아니고 물리적버튼방식으로 버튼누르기만 하면 작동됩니다. 급처하고 있으니 많은 연락 부탁드립니다.,제품군 공통,product_group,200
다이슨 청소기,218187282,[대구] 다이슨 V11 무선 청소기 + 거치대 팝니다.,250000,3,판매완료,유가읍,2025-08-27 10:17:40,https://web.joongna.com/product/218187282,,V11,text_code,not_requested
다이슨 청소기,218280997,다이슨 무선청소기 충전기및 도킹스테이션,20000,3,판매완료,,2025-08-27 07:38:32,https://web.joongna.com/product/218280997,"📢 제목에 ""제조사/ 브랜드 명""과 ""상품명(ex. 3000시리즈 전동 면도기)”을 넣어 작성하면, 보다 빠른 판매가 가능합니다! 📢 게시글 작성 시 배송 방법에 “직거래”와 “내 위치” 설정할 경우, 보다 빠른 판매가 가능합니다! 다이슨 무선청소기 충전기및 도킹스테이션 이상없어요 인천구월동 직거래 택포2.4 안심번호로 문자주세요 🚨회원님의 거래 게시글을 노린 중고나라 운영진 사칭 피싱 사이트를 주의하세요🚨",제품군 공통,product_group,200
